vehicle_name,traffic_control_device,weather_condition,lighting_condition,trafficway_type,roadway_surface_cond,road_defect,crash_hour,crash_day_of_week,crash_month
Skoda Slavia,TRAFFIC SIGNAL,RAIN,DAWN,NOT DIVIDED,WET,SHOULDER DEFECT,18,6,6
Honda City,OTHER,CLOUDY/OVERCAST,DAYLIGHT,DIVIDED - W/MEDIAN BARRIER,DRY,"RUT, HOLES",7,2,12
Toyota Innova,STOP SIGN/FLASHER,RAIN,"DARKNESS, LIGHTED ROAD",NOT DIVIDED,WET,NO DEFECTS,11,7,9
Renault Kiger,NO CONTROLS,RAIN,DAYLIGHT,NOT DIVIDED,WET,WORN SURFACE,17,7,8
Toyota Innova,NO CONTROLS,CLEAR,DAYLIGHT,NOT DIVIDED,DRY,NO DEFECTS,14,7,3
Hyundai Creta,TRAFFIC SIGNAL,CLEAR,DARKNESS,OTHER,DRY,"RUT, HOLES",18,3,3
Hyundai Venue,STOP SIGN/FLASHER,CLEAR,"DARKNESS, LIGHTED ROAD",NOT REPORTED,DRY,NO DEFECTS,22,3,1
Hyundai Verna,STOP SIGN/FLASHER,CLEAR,DUSK,T-INTERSECTION,DRY,"RUT, HOLES",6,4,11
Skoda Slavia,NO CONTROLS,CLOUDY/OVERCAST,DAYLIGHT,DIVIDED - W/MEDIAN BARRIER,DRY,NO DEFECTS,17,2,8
Tata Harrier,YIELD,RAIN,DAYLIGHT,FOUR WAY,WET,NO DEFECTS,8,4,9
Maruti Suzuki Swift,TRAFFIC SIGNAL,CLOUDY/OVERCAST,DAYLIGHT,DIVIDED - W/MEDIAN (NOT RAISED),OTHER,OTHER,12,1,1
Skoda Slavia,NO CONTROLS,CLOUDY/OVERCAST,DUSK,T-INTERSECTION,DRY,"RUT, HOLES",1,7,12
Maruti Suzuki Wagon R,NO CONTROLS,CLEAR,"DARKNESS, LIGHTED ROAD",NOT DIVIDED,"SAND, MUD, DIRT",WORN SURFACE,6,2,10
Mahindra Thar,STOP SIGN/FLASHER,CLEAR,DAYLIGHT,NOT DIVIDED,OTHER,"RUT, HOLES",10,4,4
Tata Nexon,STOP SIGN/FLASHER,CLOUDY/OVERCAST,DAYLIGHT,T-INTERSECTION,DRY,NO DEFECTS,11,7,3
Kia Sonet,NO CONTROLS,RAIN,"DARKNESS, LIGHTED ROAD",NOT DIVIDED,WET,WORN SURFACE,21,6,3
Tata Nexon,TRAFFIC SIGNAL,CLOUDY/OVERCAST,DAYLIGHT,NOT DIVIDED,DRY,NO DEFECTS,18,6,5
Hyundai i20,NO CONTROLS,OTHER,DARKNESS,ONE-WAY,DRY,WORN SURFACE,22,5,7
Nissan Magnite,STOP SIGN/FLASHER,RAIN,DAYLIGHT,FOUR WAY,WET,"RUT, HOLES",16,4,7
Hyundai Venue,NO CONTROLS,CLEAR,DAYLIGHT,ONE-WAY,"SAND, MUD, DIRT",NO DEFECTS,8,4,5
Hyundai i20,NO CONTROLS,CLOUDY/OVERCAST,"DARKNESS, LIGHTED ROAD",NOT DIVIDED,DRY,NO DEFECTS,10,1,8
Tata Punch,STOP SIGN/FLASHER,CLOUDY/OVERCAST,DAYLIGHT,NOT DIVIDED,UNKNOWN,WORN SURFACE,10,1,2
Hyundai Venue,NO CONTROLS,CLEAR,DAYLIGHT,NOT DIVIDED,"SAND, MUD, DIRT","RUT, HOLES",10,7,5
Mahindra Scorpio,NO CONTROLS,CLEAR,DAYLIGHT,NOT DIVIDED,DRY,"RUT, HOLES",17,4,6
Hyundai Venue,STOP SIGN/FLASHER,CLEAR,DAYLIGHT,NOT DIVIDED,DRY,NO DEFECTS,15,1,7
Mahindra XUV700,OTHER REG. SIGN,CLOUDY/OVERCAST,DAYLIGHT,NOT DIVIDED,DRY,WORN SURFACE,12,5,10
Tata Punch,TRAFFIC SIGNAL,CLEAR,DAYLIGHT,NOT DIVIDED,DRY,NO DEFECTS,7,6,3
Renault Kiger,NO CONTROLS,OTHER,"DARKNESS, LIGHTED ROAD",NOT DIVIDED,DRY,"RUT, HOLES",0,2,7
Tata Nexon,NO CONTROLS,CLEAR,DAYLIGHT,NOT DIVIDED,"SAND, MUD, DIRT",NO DEFECTS,8,4,8
Mahindra Scorpio,NO CONTROLS,CLEAR,DARKNESS,FOUR WAY,DRY,NO DEFECTS,5,5,1
Tata Altroz,NO CONTROLS,FOG/SMOKE/HAZE,DAWN,ONE-WAY,DRY,"RUT, HOLES",18,5,8
Mahindra Thar,NO CONTROLS,CLEAR,DAYLIGHT,NOT DIVIDED,"SAND, MUD, DIRT",NO DEFECTS,6,4,3
Hyundai Creta,NO CONTROLS,CLOUDY/OVERCAST,UNKNOWN,ONE-WAY,DRY,DEBRIS ON ROADWAY,18,3,1
Tata Punch,STOP SIGN/FLASHER,FOG/SMOKE/HAZE,DAYLIGHT,NOT DIVIDED,DRY,"RUT, HOLES",8,1,12
Maruti Suzuki Swift,TRAFFIC SIGNAL,UNKNOWN,UNKNOWN,PARKING LOT,DRY,SHOULDER DEFECT,3,1,12
Tata Harrier,STOP SIGN/FLASHER,FOG/SMOKE/HAZE,DUSK,NOT DIVIDED,DRY,NO DEFECTS,18,4,10
Maruti Suzuki Brezza,FLASHING CONTROL SIGNAL,CLOUDY/OVERCAST,"DARKNESS, LIGHTED ROAD",OTHER,"SAND, MUD, DIRT",NO DEFECTS,15,2,5
Kia Sonet,NO CONTROLS,CLEAR,DAYLIGHT,NOT DIVIDED,OTHER,"RUT, HOLES",8,7,2
Mahindra Thar,OTHER WARNING SIGN,RAIN,DARKNESS,"FIVE POINT, OR MORE",WET,NO DEFECTS,20,5,9
Toyota Fortuner,STOP SIGN/FLASHER,RAIN,DARKNESS,DIVIDED - W/MEDIAN BARRIER,WET,"RUT, HOLES",1,5,7
Maruti Suzuki Baleno,NO CONTROLS,CLEAR,DAYLIGHT,NOT DIVIDED,DRY,WORN SURFACE,8,4,2
Tata Nexon,LANE USE MARKING,RAIN,DAYLIGHT,NOT DIVIDED,DRY,WORN SURFACE,18,3,7
Toyota Innova,STOP SIGN/FLASHER,CLEAR,DAYLIGHT,NOT DIVIDED,WET,NO DEFECTS,17,2,1
Tata Altroz,NO CONTROLS,RAIN,DAYLIGHT,NOT DIVIDED,WET,WORN SURFACE,9,1,11
Volkswagen Virtus,NO CONTROLS,CLEAR,DARKNESS,NOT DIVIDED,DRY,"RUT, HOLES",3,5,5
Tata Harrier,NO CONTROLS,RAIN,"DARKNESS, LIGHTED ROAD",NOT DIVIDED,OTHER,"RUT, HOLES",20,6,8
Maruti Suzuki Baleno,FLASHING CONTROL SIGNAL,RAIN,DAYLIGHT,NOT DIVIDED,WET,NO DEFECTS,10,7,6
Hyundai Venue,NO CONTROLS,RAIN,DAYLIGHT,NOT DIVIDED,WET,"RUT, HOLES",8,6,7
Tata Harrier,FLASHING CONTROL SIGNAL,RAIN,DAYLIGHT,FOUR WAY,"SAND, MUD, DIRT",WORN SURFACE,14,7,8
Hyundai Creta,NO CONTROLS,OTHER,DAWN,NOT DIVIDED,DRY,WORN SURFACE,21,7,3
Nissan Magnite,NO CONTROLS,CLEAR,DARKNESS,NOT DIVIDED,WET,NO DEFECTS,1,7,12
Hyundai Verna,NO CONTROLS,CLEAR,UNKNOWN,DIVIDED - W/MEDIAN (NOT RAISED),DRY,WORN SURFACE,18,5,10
Hyundai Venue,NO CONTROLS,FOG/SMOKE/HAZE,DAYLIGHT,NOT DIVIDED,UNKNOWN,NO DEFECTS,10,2,12
Mahindra Scorpio,NO CONTROLS,CLEAR,"DARKNESS, LIGHTED ROAD",NOT DIVIDED,DRY,SHOULDER DEFECT,13,1,11
Tata Nexon,TRAFFIC SIGNAL,RAIN,DAYLIGHT,DIVIDED - W/MEDIAN (NOT RAISED),WET,"RUT, HOLES",18,7,8
Kia Seltos,NO CONTROLS,FOG/SMOKE/HAZE,"DARKNESS, LIGHTED ROAD",NOT DIVIDED,DRY,WORN SURFACE,21,3,12
Honda Amaze,TRAFFIC SIGNAL,CLOUDY/OVERCAST,DAYLIGHT,NOT DIVIDED,"SAND, MUD, DIRT","RUT, HOLES",8,1,1
Maruti Suzuki Wagon R,TRAFFIC SIGNAL,UNKNOWN,DAYLIGHT,OTHER,DRY,NO DEFECTS,7,4,3
Tata Punch,NO CONTROLS,CLEAR,DARKNESS,UNKNOWN INTERSECTION TYPE,DRY,"RUT, HOLES",21,6,1
Toyota Fortuner,TRAFFIC SIGNAL,RAIN,DAYLIGHT,DIVIDED - W/MEDIAN BARRIER,WET,NO DEFECTS,17,7,6
Hyundai Venue,TRAFFIC SIGNAL,FOG/SMOKE/HAZE,DAYLIGHT,NOT DIVIDED,DRY,NO DEFECTS,8,4,6
Volkswagen Virtus,STOP SIGN/FLASHER,CLEAR,DAYLIGHT,NOT DIVIDED,"SAND, MUD, DIRT",NO DEFECTS,15,3,5
Hyundai Venue,NO CONTROLS,CLEAR,DAWN,T-INTERSECTION,DRY,WORN SURFACE,18,6,10
Renault Kiger,STOP SIGN/FLASHER,RAIN,DAYLIGHT,UNKNOWN,DRY,NO DEFECTS,18,4,6
Hyundai Creta,TRAFFIC SIGNAL,RAIN,"DARKNESS, LIGHTED ROAD",NOT DIVIDED,"SAND, MUD, DIRT",DEBRIS ON ROADWAY,21,1,5
Hyundai Venue,NO CONTROLS,CLEAR,DAYLIGHT,ALLEY,OTHER,NO DEFECTS,13,7,8
Kia Seltos,NO CONTROLS,CLEAR,DAYLIGHT,T-INTERSECTION,WET,OTHER,10,5,2
Mahindra XUV700,NO CONTROLS,CLEAR,DAYLIGHT,NOT REPORTED,DRY,UNKNOWN,16,1,10
Hyundai Creta,NO CONTROLS,RAIN,DAYLIGHT,NOT DIVIDED,WET,NO DEFECTS,12,1,1
Kia Sonet,NO CONTROLS,CLOUDY/OVERCAST,"DARKNESS, LIGHTED ROAD",NOT DIVIDED,UNKNOWN,UNKNOWN,16,1,12
Hyundai i20,NO CONTROLS,CLEAR,DAYLIGHT,NOT DIVIDED,"SAND, MUD, DIRT",SHOULDER DEFECT,13,6,10
Kia Sonet,NO CONTROLS,CLOUDY/OVERCAST,DAYLIGHT,FOUR WAY,DRY,NO DEFECTS,7,4,3
Tata Altroz,NO CONTROLS,CLOUDY/OVERCAST,DAYLIGHT,FOUR WAY,OTHER,DEBRIS ON ROADWAY,14,3,1
Tata Punch,NO CONTROLS,CLOUDY/OVERCAST,DAYLIGHT,CENTER TURN LANE,"SAND, MUD, DIRT",NO DEFECTS,17,2,10
Tata Nexon,STOP SIGN/FLASHER,RAIN,DARKNESS,OTHER,OTHER,NO DEFECTS,19,4,9
Nissan Magnite,YIELD,FOG/SMOKE/HAZE,DAYLIGHT,NOT DIVIDED,WET,"RUT, HOLES",9,1,9
Maruti Suzuki Wagon R,NO CONTROLS,CLOUDY/OVERCAST,DAYLIGHT,NOT DIVIDED,"SAND, MUD, DIRT",NO DEFECTS,7,5,10
Renault Kiger,NO CONTROLS,FOG/SMOKE/HAZE,DAYLIGHT,NOT DIVIDED,"SAND, MUD, DIRT",NO DEFECTS,8,3,1
Hyundai Creta,NO CONTROLS,OTHER,DUSK,DRIVEWAY,DRY,OTHER,18,7,6
Hyundai Creta,YIELD,CLOUDY/OVERCAST,DAYLIGHT,NOT DIVIDED,UNKNOWN,UNKNOWN,12,6,2
Tata Nexon,STOP SIGN/FLASHER,FREEZING RAIN/DRIZZLE,DAYLIGHT,T-INTERSECTION,WET,WORN SURFACE,17,1,11
Renault Kiger,NO CONTROLS,CLOUDY/OVERCAST,DARKNESS,NOT DIVIDED,DRY,"RUT, HOLES",14,2,8
Tata Punch,TRAFFIC SIGNAL,CLOUDY/OVERCAST,DAYLIGHT,FOUR WAY,"SAND, MUD, DIRT",DEBRIS ON ROADWAY,8,4,6
Maruti Suzuki Wagon R,NO CONTROLS,RAIN,DARKNESS,NOT DIVIDED,WET,NO DEFECTS,19,5,1
Hyundai i20,NO CONTROLS,RAIN,DARKNESS,FOUR WAY,"SAND, MUD, DIRT",DEBRIS ON ROADWAY,4,6,6
Kia Sonet,NO CONTROLS,SLEET/HAIL,DAYLIGHT,Y-INTERSECTION,WET,NO DEFECTS,15,6,6
Maruti Suzuki Wagon R,NO CONTROLS,OTHER,DAYLIGHT,NOT DIVIDED,DRY,SHOULDER DEFECT,8,1,9
Maruti Suzuki Brezza,STOP SIGN/FLASHER,OTHER,"DARKNESS, LIGHTED ROAD",DIVIDED - W/MEDIAN (NOT RAISED),DRY,"RUT, HOLES",3,1,8
Mahindra Scorpio,STOP SIGN/FLASHER,CLOUDY/OVERCAST,DAWN,NOT REPORTED,DRY,OTHER,14,5,11
Hyundai Creta,TRAFFIC SIGNAL,CLOUDY/OVERCAST,DAYLIGHT,NOT DIVIDED,WET,SHOULDER DEFECT,14,6,7
Maruti Suzuki Brezza,STOP SIGN/FLASHER,CLOUDY/OVERCAST,DAYLIGHT,NOT DIVIDED,DRY,DEBRIS ON ROADWAY,17,6,2
Toyota Fortuner,NO CONTROLS,RAIN,DAWN,NOT DIVIDED,WET,"RUT, HOLES",18,2,9
Hyundai Venue,STOP SIGN/FLASHER,OTHER,DUSK,Y-INTERSECTION,DRY,SHOULDER DEFECT,18,7,9
Honda City,STOP SIGN/FLASHER,RAIN,DAYLIGHT,DIVIDED - W/MEDIAN (NOT RAISED),DRY,WORN SURFACE,12,2,8
Hyundai Verna,NO CONTROLS,CLEAR,DARKNESS,DIVIDED - W/MEDIAN (NOT RAISED),DRY,NO DEFECTS,16,2,10
Toyota Innova,TRAFFIC SIGNAL,CLOUDY/OVERCAST,DAWN,NOT DIVIDED,WET,"RUT, HOLES",15,2,7
Mahindra XUV700,UNKNOWN,RAIN,DAYLIGHT,TRAFFIC ROUTE,WET,NO DEFECTS,13,1,7
Mahindra Scorpio,STOP SIGN/FLASHER,FOG/SMOKE/HAZE,DAYLIGHT,NOT DIVIDED,DRY,SHOULDER DEFECT,11,6,7
Kia Seltos,STOP SIGN/FLASHER,FOG/SMOKE/HAZE,"DARKNESS, LIGHTED ROAD",NOT DIVIDED,"SAND, MUD, DIRT",NO DEFECTS,20,1,1
Tata Nexon,NO CONTROLS,CLEAR,DAYLIGHT,NOT DIVIDED,DRY,UNKNOWN,8,4,2
Hyundai Verna,OTHER,CLEAR,DARKNESS,NOT DIVIDED,DRY,NO DEFECTS,21,1,1
Maruti Suzuki Swift,LANE USE MARKING,RAIN,DARKNESS,NOT DIVIDED,DRY,NO DEFECTS,2,1,8
Honda City,TRAFFIC SIGNAL,RAIN,DAYLIGHT,T-INTERSECTION,WET,DEBRIS ON ROADWAY,10,7,6
Tata Punch,NO CONTROLS,CLOUDY/OVERCAST,DAYLIGHT,Y-INTERSECTION,WET,NO DEFECTS,9,6,7
Skoda Slavia,OTHER,FOG/SMOKE/HAZE,DAYLIGHT,NOT DIVIDED,"SAND, MUD, DIRT","RUT, HOLES",13,4,11
Maruti Suzuki Swift,NO CONTROLS,CLOUDY/OVERCAST,DAYLIGHT,NOT DIVIDED,DRY,WORN SURFACE,6,4,4
Mahindra Scorpio,STOP SIGN/FLASHER,CLEAR,DARKNESS,NOT DIVIDED,DRY,NO DEFECTS,20,7,6
Mahindra XUV700,STOP SIGN/FLASHER,CLOUDY/OVERCAST,DARKNESS,NOT DIVIDED,DRY,"RUT, HOLES",19,6,9
Tata Nexon,TRAFFIC SIGNAL,UNKNOWN,DAYLIGHT,DIVIDED - W/MEDIAN BARRIER,OTHER,WORN SURFACE,17,6,4
Toyota Innova,TRAFFIC SIGNAL,CLEAR,DAYLIGHT,NOT DIVIDED,UNKNOWN,OTHER,13,5,1
Honda Amaze,TRAFFIC SIGNAL,CLEAR,DARKNESS,NOT DIVIDED,DRY,NO DEFECTS,21,5,5
Honda City,YIELD,CLEAR,DARKNESS,NOT DIVIDED,DRY,NO DEFECTS,19,4,3
Volkswagen Virtus,STOP SIGN/FLASHER,FOG/SMOKE/HAZE,DAYLIGHT,NOT DIVIDED,DRY,"RUT, HOLES",9,5,12
Kia Seltos,TRAFFIC SIGNAL,CLEAR,DAYLIGHT,NOT DIVIDED,WET,NO DEFECTS,17,5,10
Nissan Magnite,NO CONTROLS,RAIN,DAYLIGHT,NOT DIVIDED,WET,NO DEFECTS,15,7,8
Hyundai Verna,STOP SIGN/FLASHER,CLEAR,DAYLIGHT,FOUR WAY,"SAND, MUD, DIRT",NO DEFECTS,16,2,11
Volkswagen Virtus,NO CONTROLS,CLEAR,DAYLIGHT,NOT DIVIDED,OTHER,"RUT, HOLES",10,2,10
Mahindra Scorpio,PEDESTRIAN CROSSING SIGN,CLEAR,DAYLIGHT,OTHER,UNKNOWN,DEBRIS ON ROADWAY,13,2,3
Skoda Slavia,UNKNOWN,CLEAR,DARKNESS,NOT DIVIDED,DRY,NO DEFECTS,4,5,11
Maruti Suzuki Swift,NO CONTROLS,RAIN,DAYLIGHT,FOUR WAY,OTHER,NO DEFECTS,11,6,8
Maruti Suzuki Swift,STOP SIGN/FLASHER,CLOUDY/OVERCAST,DAYLIGHT,NOT DIVIDED,WET,WORN SURFACE,17,2,10
Renault Kiger,NO CONTROLS,FOG/SMOKE/HAZE,DARKNESS,NOT DIVIDED,DRY,NO DEFECTS,21,6,11
Toyota Fortuner,NO CONTROLS,CLEAR,"DARKNESS, LIGHTED ROAD",NOT DIVIDED,DRY,WORN SURFACE,22,5,6
Tata Nexon,STOP SIGN/FLASHER,CLEAR,DAYLIGHT,NOT DIVIDED,WET,NO DEFECTS,15,3,2
Tata Harrier,NO CONTROLS,RAIN,DUSK,NOT DIVIDED,OTHER,NO DEFECTS,16,2,4
Volkswagen Virtus,NO CONTROLS,SLEET/HAIL,DAYLIGHT,DIVIDED - W/MEDIAN (NOT RAISED),WET,NO DEFECTS,7,7,7
Tata Altroz,STOP SIGN/FLASHER,RAIN,DAYLIGHT,NOT DIVIDED,WET,NO DEFECTS,17,5,10
Maruti Suzuki Brezza,NO CONTROLS,CLEAR,DARKNESS,T-INTERSECTION,DRY,SHOULDER DEFECT,3,6,11
Kia Seltos,STOP SIGN/FLASHER,RAIN,DAYLIGHT,NOT DIVIDED,UNKNOWN,DEBRIS ON ROADWAY,9,7,1
Hyundai i20,NO CONTROLS,CLEAR,DAYLIGHT,NOT DIVIDED,UNKNOWN,"RUT, HOLES",17,2,7
Kia Seltos,TRAFFIC SIGNAL,RAIN,DAYLIGHT,NOT DIVIDED,WET,"RUT, HOLES",10,3,7
Kia Seltos,STOP SIGN/FLASHER,UNKNOWN,DARKNESS,DIVIDED - W/MEDIAN (NOT RAISED),DRY,NO DEFECTS,2,4,4
Maruti Suzuki Brezza,TRAFFIC SIGNAL,CLEAR,DAWN,PARKING LOT,OTHER,WORN SURFACE,19,2,2
Kia Seltos,NO CONTROLS,FOG/SMOKE/HAZE,DAYLIGHT,NOT DIVIDED,WET,"RUT, HOLES",7,7,6
Volkswagen Virtus,NO CONTROLS,FOG/SMOKE/HAZE,DAWN,NOT DIVIDED,UNKNOWN,NO DEFECTS,5,1,12
Tata Altroz,NO PASSING,RAIN,DARKNESS,NOT DIVIDED,"SAND, MUD, DIRT",NO DEFECTS,4,2,6
Hyundai Creta,STOP SIGN/FLASHER,RAIN,DAWN,ONE-WAY,WET,NO DEFECTS,9,2,7
Maruti Suzuki Baleno,NO CONTROLS,RAIN,DAWN,NOT DIVIDED,DRY,NO DEFECTS,7,7,9
Maruti Suzuki Wagon R,YIELD,RAIN,"DARKNESS, LIGHTED ROAD",T-INTERSECTION,WET,"RUT, HOLES",18,5,6
Hyundai Verna,NO CONTROLS,CLOUDY/OVERCAST,DAYLIGHT,CENTER TURN LANE,"SAND, MUD, DIRT",DEBRIS ON ROADWAY,10,6,12
Mahindra Scorpio,STOP SIGN/FLASHER,FOG/SMOKE/HAZE,"DARKNESS, LIGHTED ROAD",ONE-WAY,DRY,WORN SURFACE,18,1,12
Maruti Suzuki Wagon R,NO CONTROLS,CLEAR,"DARKNESS, LIGHTED ROAD",FOUR WAY,OTHER,"RUT, HOLES",7,2,5
Hyundai Creta,NO CONTROLS,CLEAR,DAYLIGHT,FOUR WAY,UNKNOWN,NO DEFECTS,14,6,7
Nissan Magnite,NO CONTROLS,CLEAR,DAYLIGHT,NOT DIVIDED,DRY,NO DEFECTS,17,5,5
Volkswagen Virtus,NO CONTROLS,CLEAR,DAYLIGHT,NOT DIVIDED,DRY,"RUT, HOLES",17,1,5
Mahindra Scorpio,NO CONTROLS,FOG/SMOKE/HAZE,DAYLIGHT,ONE-WAY,DRY,NO DEFECTS,12,5,1
Hyundai Verna,TRAFFIC SIGNAL,RAIN,"DARKNESS, LIGHTED ROAD",NOT DIVIDED,"SAND, MUD, DIRT",NO DEFECTS,21,4,8
Toyota Innova,UNKNOWN,RAIN,DAYLIGHT,FOUR WAY,"SAND, MUD, DIRT","RUT, HOLES",8,2,7
Mahindra Scorpio,TRAFFIC SIGNAL,FOG/SMOKE/HAZE,DAYLIGHT,NOT DIVIDED,UNKNOWN,NO DEFECTS,9,5,1
Tata Nexon,NO CONTROLS,CLEAR,DARKNESS,NOT DIVIDED,DRY,NO DEFECTS,20,2,5
Skoda Slavia,TRAFFIC SIGNAL,CLOUDY/OVERCAST,DARKNESS,DIVIDED - W/MEDIAN BARRIER,DRY,NO DEFECTS,4,6,11
Renault Kiger,STOP SIGN/FLASHER,RAIN,DARKNESS,NOT DIVIDED,WET,NO DEFECTS,2,5,4
Honda City,NO CONTROLS,CLEAR,DAYLIGHT,Y-INTERSECTION,DRY,"RUT, HOLES",8,7,2
Hyundai Verna,NO CONTROLS,RAIN,DAYLIGHT,UNKNOWN,WET,NO DEFECTS,16,4,7
Toyota Fortuner,TRAFFIC SIGNAL,CLEAR,DAYLIGHT,DIVIDED - W/MEDIAN BARRIER,OTHER,NO DEFECTS,9,4,12
Toyota Innova,STOP SIGN/FLASHER,UNKNOWN,DAYLIGHT,NOT DIVIDED,DRY,NO DEFECTS,8,6,4
Mahindra Thar,UNKNOWN,RAIN,DAYLIGHT,OTHER,"SAND, MUD, DIRT",NO DEFECTS,13,5,9
Maruti Suzuki Brezza,TRAFFIC SIGNAL,CLOUDY/OVERCAST,DAYLIGHT,DIVIDED - W/MEDIAN (NOT RAISED),DRY,DEBRIS ON ROADWAY,16,5,9
Volkswagen Virtus,STOP SIGN/FLASHER,RAIN,DAYLIGHT,NOT DIVIDED,WET,NO DEFECTS,9,5,4
Mahindra Scorpio,TRAFFIC SIGNAL,RAIN,DAYLIGHT,NOT DIVIDED,WET,NO DEFECTS,10,4,9
Honda Amaze,STOP SIGN/FLASHER,RAIN,DAYLIGHT,NOT DIVIDED,WET,"RUT, HOLES",16,6,6
Toyota Innova,NO CONTROLS,CLOUDY/OVERCAST,DARKNESS,NOT DIVIDED,OTHER,NO DEFECTS,22,4,8
Toyota Fortuner,STOP SIGN/FLASHER,CLOUDY/OVERCAST,"DARKNESS, LIGHTED ROAD",NOT DIVIDED,DRY,"RUT, HOLES",17,7,8
Mahindra Scorpio,YIELD,CLEAR,DAYLIGHT,PARKING LOT,DRY,NO DEFECTS,18,6,7
Hyundai Creta,TRAFFIC SIGNAL,RAIN,DAYLIGHT,DIVIDED - W/MEDIAN BARRIER,"SAND, MUD, DIRT",UNKNOWN,11,6,1
Renault Kiger,STOP SIGN/FLASHER,CLOUDY/OVERCAST,"DARKNESS, LIGHTED ROAD",T-INTERSECTION,UNKNOWN,OTHER,9,7,10
Mahindra Thar,NO CONTROLS,RAIN,DUSK,NOT DIVIDED,WET,"RUT, HOLES",13,5,6
Hyundai Venue,NO CONTROLS,CLOUDY/OVERCAST,"DARKNESS, LIGHTED ROAD",NOT DIVIDED,DRY,WORN SURFACE,19,6,3
Mahindra XUV700,NO CONTROLS,CLEAR,DAYLIGHT,NOT DIVIDED,DRY,"RUT, HOLES",13,2,1
Toyota Innova,OTHER WARNING SIGN,OTHER,DARKNESS,T-INTERSECTION,DRY,OTHER,19,1,8
Nissan Magnite,TRAFFIC SIGNAL,UNKNOWN,DUSK,TRAFFIC ROUTE,DRY,"RUT, HOLES",23,6,9
Volkswagen Virtus,TRAFFIC SIGNAL,FOG/SMOKE/HAZE,DAWN,OTHER,OTHER,NO DEFECTS,5,3,1
Mahindra Scorpio,TRAFFIC SIGNAL,CLEAR,DARKNESS,ALLEY,DRY,NO DEFECTS,1,5,7
Hyundai Venue,TRAFFIC SIGNAL,CLEAR,DAYLIGHT,NOT DIVIDED,DRY,NO DEFECTS,7,1,4
Maruti Suzuki Baleno,STOP SIGN/FLASHER,CLOUDY/OVERCAST,DAYLIGHT,NOT DIVIDED,WET,"RUT, HOLES",12,7,8
Maruti Suzuki Swift,STOP SIGN/FLASHER,CLOUDY/OVERCAST,DUSK,NOT DIVIDED,"SAND, MUD, DIRT",NO DEFECTS,6,4,3
Kia Sonet,STOP SIGN/FLASHER,RAIN,DARKNESS,NOT DIVIDED,WET,"RUT, HOLES",20,1,9
Nissan Magnite,YIELD,SLEET/HAIL,"DARKNESS, LIGHTED ROAD",ONE-WAY,WET,NO DEFECTS,0,4,6
Maruti Suzuki Swift,NO CONTROLS,CLOUDY/OVERCAST,DAYLIGHT,ALLEY,DRY,DEBRIS ON ROADWAY,10,6,12
Skoda Slavia,TRAFFIC SIGNAL,CLEAR,DAYLIGHT,NOT DIVIDED,DRY,"RUT, HOLES",7,7,2
Kia Seltos,TRAFFIC SIGNAL,RAIN,DARKNESS,Y-INTERSECTION,WET,"RUT, HOLES",21,4,6
Toyota Innova,TRAFFIC SIGNAL,FOG/SMOKE/HAZE,DAYLIGHT,NOT DIVIDED,DRY,"RUT, HOLES",15,1,2
Tata Harrier,NO CONTROLS,FOG/SMOKE/HAZE,DARKNESS,T-INTERSECTION,DRY,DEBRIS ON ROADWAY,20,7,12
Honda City,NO CONTROLS,CLOUDY/OVERCAST,DARKNESS,DIVIDED - W/MEDIAN (NOT RAISED),DRY,NO DEFECTS,22,7,11
Skoda Slavia,NO CONTROLS,CLEAR,DAYLIGHT,NOT DIVIDED,DRY,NO DEFECTS,14,1,5
Nissan Magnite,TRAFFIC SIGNAL,RAIN,DAYLIGHT,ONE-WAY,UNKNOWN,WORN SURFACE,8,1,8
Mahindra Scorpio,YIELD,CLEAR,DAYLIGHT,NOT DIVIDED,DRY,WORN SURFACE,8,5,10
Hyundai Venue,NO CONTROLS,RAIN,DAYLIGHT,NOT DIVIDED,"SAND, MUD, DIRT","RUT, HOLES",8,5,8
Maruti Suzuki Brezza,NO CONTROLS,RAIN,DAYLIGHT,T-INTERSECTION,WET,NO DEFECTS,17,5,7
Tata Nexon,TRAFFIC SIGNAL,CLEAR,"DARKNESS, LIGHTED ROAD",NOT DIVIDED,"SAND, MUD, DIRT",NO DEFECTS,1,3,4
Mahindra Scorpio,NO CONTROLS,FOG/SMOKE/HAZE,DARKNESS,OTHER,DRY,NO DEFECTS,5,1,1
Skoda Slavia,OTHER REG. SIGN,FOG/SMOKE/HAZE,DAYLIGHT,OTHER,DRY,DEBRIS ON ROADWAY,12,5,11
Hyundai i20,STOP SIGN/FLASHER,CLOUDY/OVERCAST,DAYLIGHT,NOT DIVIDED,"SAND, MUD, DIRT",NO DEFECTS,16,2,11
Maruti Suzuki Swift,LANE USE MARKING,UNKNOWN,DUSK,NOT DIVIDED,"SAND, MUD, DIRT","RUT, HOLES",17,3,8
Honda City,STOP SIGN/FLASHER,CLOUDY/OVERCAST,DAYLIGHT,NOT DIVIDED,UNKNOWN,WORN SURFACE,12,5,6
Mahindra Thar,NO CONTROLS,CLOUDY/OVERCAST,"DARKNESS, LIGHTED ROAD",NOT DIVIDED,"SAND, MUD, DIRT",NO DEFECTS,19,2,6
Honda City,NO CONTROLS,CLOUDY/OVERCAST,DAYLIGHT,DIVIDED - W/MEDIAN (NOT RAISED),DRY,NO DEFECTS,15,5,9
Tata Nexon,OTHER,OTHER,"DARKNESS, LIGHTED ROAD",NOT DIVIDED,DRY,NO DEFECTS,5,6,11
Kia Seltos,NO CONTROLS,FOG/SMOKE/HAZE,"DARKNESS, LIGHTED ROAD",Y-INTERSECTION,DRY,WORN SURFACE,18,1,11
Hyundai Venue,TRAFFIC SIGNAL,CLEAR,"DARKNESS, LIGHTED ROAD",NOT DIVIDED,DRY,NO DEFECTS,22,5,10
Tata Harrier,STOP SIGN/FLASHER,RAIN,DUSK,NOT DIVIDED,DRY,NO DEFECTS,2,4,8
Mahindra XUV700,LANE USE MARKING,RAIN,DAYLIGHT,T-INTERSECTION,WET,NO DEFECTS,12,1,1
Hyundai Venue,NO CONTROLS,CLEAR,DAWN,FOUR WAY,OTHER,NO DEFECTS,14,6,3
Renault Kiger,STOP SIGN/FLASHER,FOG/SMOKE/HAZE,DAWN,NOT REPORTED,DRY,NO DEFECTS,6,3,11
Tata Altroz,NO CONTROLS,RAIN,"DARKNESS, LIGHTED ROAD",T-INTERSECTION,WET,NO DEFECTS,20,2,8
Skoda Slavia,STOP SIGN/FLASHER,RAIN,DAYLIGHT,NOT DIVIDED,WET,NO DEFECTS,9,3,1
Volkswagen Virtus,NO CONTROLS,CLEAR,DAWN,"FIVE POINT, OR MORE",DRY,WORN SURFACE,18,5,2
Toyota Fortuner,NO CONTROLS,CLOUDY/OVERCAST,DAYLIGHT,NOT DIVIDED,"SAND, MUD, DIRT",NO DEFECTS,17,5,9
Mahindra Thar,TRAFFIC SIGNAL,CLOUDY/OVERCAST,DAYLIGHT,DIVIDED - W/MEDIAN BARRIER,UNKNOWN,"RUT, HOLES",16,2,1
Volkswagen Virtus,NO CONTROLS,RAIN,DAYLIGHT,NOT DIVIDED,WET,"RUT, HOLES",8,7,3
Hyundai i20,STOP SIGN/FLASHER,CLEAR,DAYLIGHT,NOT DIVIDED,"SAND, MUD, DIRT",DEBRIS ON ROADWAY,8,3,8
Mahindra XUV700,NO CONTROLS,RAIN,DARKNESS,T-INTERSECTION,WET,NO DEFECTS,2,3,9
Tata Nexon,STOP SIGN/FLASHER,CLEAR,DAYLIGHT,NOT DIVIDED,OTHER,NO DEFECTS,8,2,8
Kia Sonet,NO CONTROLS,CLEAR,DAYLIGHT,NOT DIVIDED,DRY,SHOULDER DEFECT,11,1,4
Mahindra Scorpio,TRAFFIC SIGNAL,RAIN,DARKNESS,T-INTERSECTION,WET,WORN SURFACE,19,7,9
Toyota Fortuner,NO CONTROLS,CLEAR,DAYLIGHT,NOT DIVIDED,DRY,NO DEFECTS,11,6,4
Hyundai Verna,TRAFFIC SIGNAL,RAIN,DAYLIGHT,NOT DIVIDED,WET,NO DEFECTS,18,6,6
Mahindra Thar,NO CONTROLS,RAIN,DAYLIGHT,NOT DIVIDED,WET,SHOULDER DEFECT,13,4,9
Maruti Suzuki Wagon R,STOP SIGN/FLASHER,RAIN,DUSK,DIVIDED - W/MEDIAN BARRIER,WET,NO DEFECTS,18,4,8
Maruti Suzuki Baleno,OTHER,FOG/SMOKE/HAZE,DARKNESS,NOT DIVIDED,WET,SHOULDER DEFECT,22,7,11
Hyundai Venue,NO CONTROLS,CLEAR,DAYLIGHT,DIVIDED - W/MEDIAN (NOT RAISED),DRY,OTHER,8,2,8
Mahindra Scorpio,NO CONTROLS,CLEAR,DARKNESS,NOT DIVIDED,WET,NO DEFECTS,20,3,8
Tata Punch,NO CONTROLS,FOG/SMOKE/HAZE,DAYLIGHT,NOT DIVIDED,WET,SHOULDER DEFECT,13,2,1
Maruti Suzuki Swift,TRAFFIC SIGNAL,RAIN,DARKNESS,NOT DIVIDED,"SAND, MUD, DIRT","RUT, HOLES",19,3,6
Maruti Suzuki Swift,NO CONTROLS,CLEAR,DAYLIGHT,FOUR WAY,DRY,WORN SURFACE,17,5,5
Toyota Fortuner,OTHER REG. SIGN,CLEAR,DAYLIGHT,NOT DIVIDED,DRY,NO DEFECTS,13,3,4
Tata Nexon,NO CONTROLS,FOG/SMOKE/HAZE,DARKNESS,NOT DIVIDED,DRY,NO DEFECTS,6,7,12
Tata Altroz,STOP SIGN/FLASHER,CLOUDY/OVERCAST,"DARKNESS, LIGHTED ROAD",NOT DIVIDED,DRY,WORN SURFACE,3,1,6
Honda Amaze,STOP SIGN/FLASHER,FOG/SMOKE/HAZE,DUSK,OTHER,WET,NO DEFECTS,9,3,11
Mahindra Thar,NO CONTROLS,CLEAR,DARKNESS,DIVIDED - W/MEDIAN BARRIER,DRY,DEBRIS ON ROADWAY,23,7,8
Hyundai Venue,STOP SIGN/FLASHER,CLEAR,DARKNESS,NOT DIVIDED,DRY,NO DEFECTS,18,5,10
Maruti Suzuki Swift,TRAFFIC SIGNAL,RAIN,DAYLIGHT,NOT DIVIDED,WET,NO DEFECTS,10,6,7
Toyota Fortuner,TRAFFIC SIGNAL,RAIN,"DARKNESS, LIGHTED ROAD",FOUR WAY,WET,NO DEFECTS,19,3,8
Maruti Suzuki Baleno,STOP SIGN/FLASHER,UNKNOWN,DUSK,OTHER,UNKNOWN,SHOULDER DEFECT,18,3,7
Kia Seltos,TRAFFIC SIGNAL,CLOUDY/OVERCAST,DAYLIGHT,NOT DIVIDED,UNKNOWN,NO DEFECTS,9,7,3
Maruti Suzuki Wagon R,TRAFFIC SIGNAL,CLOUDY/OVERCAST,DARKNESS,FOUR WAY,DRY,SHOULDER DEFECT,0,6,9
Maruti Suzuki Swift,NO CONTROLS,CLEAR,DAWN,OTHER,DRY,NO DEFECTS,6,3,5
Tata Nexon,NO CONTROLS,FOG/SMOKE/HAZE,DARKNESS,NOT DIVIDED,OTHER,"RUT, HOLES",19,2,1
Skoda Slavia,NO CONTROLS,SLEET/HAIL,DARKNESS,NOT DIVIDED,OTHER,SHOULDER DEFECT,19,1,8
Honda Amaze,NO CONTROLS,CLEAR,DAYLIGHT,NOT DIVIDED,"SAND, MUD, DIRT",NO DEFECTS,10,7,3
Maruti Suzuki Swift,TRAFFIC SIGNAL,CLEAR,"DARKNESS, LIGHTED ROAD",TRAFFIC ROUTE,DRY,NO DEFECTS,9,6,12
Honda Amaze,STOP SIGN/FLASHER,SNOW,DARKNESS,T-INTERSECTION,SNOW OR SLUSH,DEBRIS ON ROADWAY,19,5,12
Tata Harrier,STOP SIGN/FLASHER,FOG/SMOKE/HAZE,"DARKNESS, LIGHTED ROAD",NOT DIVIDED,DRY,"RUT, HOLES",20,6,12
Tata Harrier,TRAFFIC SIGNAL,RAIN,"DARKNESS, LIGHTED ROAD",NOT DIVIDED,"SAND, MUD, DIRT",WORN SURFACE,18,7,6
Tata Harrier,NO CONTROLS,CLEAR,DARKNESS,DIVIDED - W/MEDIAN (NOT RAISED),"SAND, MUD, DIRT",SHOULDER DEFECT,16,6,1
Mahindra XUV700,NO CONTROLS,CLEAR,DUSK,NOT DIVIDED,DRY,"RUT, HOLES",8,4,12
Skoda Slavia,STOP SIGN/FLASHER,CLEAR,DAWN,NOT DIVIDED,DRY,SHOULDER DEFECT,15,2,7
Hyundai Verna,NO CONTROLS,UNKNOWN,DAYLIGHT,DIVIDED - W/MEDIAN (NOT RAISED),WET,"RUT, HOLES",8,6,12
Honda City,TRAFFIC SIGNAL,CLEAR,DARKNESS,NOT DIVIDED,"SAND, MUD, DIRT",WORN SURFACE,19,2,12
Kia Seltos,NO CONTROLS,CLEAR,DAYLIGHT,NOT DIVIDED,WET,NO DEFECTS,12,6,11
Mahindra Thar,TRAFFIC SIGNAL,CLEAR,DARKNESS,T-INTERSECTION,DRY,DEBRIS ON ROADWAY,19,3,5
Skoda Slavia,RAILROAD CROSSING GATE,RAIN,DAYLIGHT,T-INTERSECTION,WET,WORN SURFACE,12,2,6
Toyota Innova,STOP SIGN/FLASHER,CLEAR,"DARKNESS, LIGHTED ROAD",FOUR WAY,DRY,NO DEFECTS,19,2,11
Kia Sonet,NO CONTROLS,RAIN,DAYLIGHT,OTHER,DRY,"RUT, HOLES",11,3,6
Maruti Suzuki Brezza,NO CONTROLS,CLEAR,DUSK,NOT DIVIDED,"SAND, MUD, DIRT",NO DEFECTS,13,3,3
Honda City,NO CONTROLS,RAIN,DAYLIGHT,NOT DIVIDED,WET,"RUT, HOLES",16,2,8
Tata Punch,TRAFFIC SIGNAL,FOG/SMOKE/HAZE,DARKNESS,NOT DIVIDED,DRY,UNKNOWN,5,2,12
Tata Nexon,NO CONTROLS,RAIN,DARKNESS,NOT DIVIDED,WET,NO DEFECTS,22,4,9
Tata Nexon,NO CONTROLS,RAIN,DAYLIGHT,Y-INTERSECTION,WET,OTHER,15,7,8
Skoda Slavia,TRAFFIC SIGNAL,CLEAR,"DARKNESS, LIGHTED ROAD",NOT DIVIDED,DRY,NO DEFECTS,14,1,2
Honda City,NO CONTROLS,RAIN,DARKNESS,NOT DIVIDED,WET,"RUT, HOLES",19,3,8
Maruti Suzuki Wagon R,STOP SIGN/FLASHER,FOG/SMOKE/HAZE,DARKNESS,NOT DIVIDED,"SAND, MUD, DIRT","RUT, HOLES",19,5,12
Maruti Suzuki Wagon R,NO CONTROLS,RAIN,DAYLIGHT,NOT DIVIDED,"SAND, MUD, DIRT",NO DEFECTS,15,7,2
Tata Nexon,NO CONTROLS,RAIN,DARKNESS,NOT DIVIDED,WET,"RUT, HOLES",21,3,7
Maruti Suzuki Brezza,STOP SIGN/FLASHER,CLEAR,DARKNESS,NOT DIVIDED,DRY,SHOULDER DEFECT,3,3,11
Hyundai i20,NO CONTROLS,CLEAR,DUSK,NOT DIVIDED,DRY,NO DEFECTS,6,6,9
Maruti Suzuki Baleno,YIELD,RAIN,DAYLIGHT,NOT DIVIDED,"SAND, MUD, DIRT",NO DEFECTS,16,3,9
Tata Harrier,NO CONTROLS,RAIN,DAYLIGHT,DIVIDED - W/MEDIAN (NOT RAISED),"SAND, MUD, DIRT","RUT, HOLES",11,7,9
Nissan Magnite,NO CONTROLS,RAIN,DUSK,ONE-WAY,WET,WORN SURFACE,13,4,6
Honda City,NO CONTROLS,CLEAR,DAYLIGHT,NOT DIVIDED,DRY,OTHER,10,5,5
Hyundai Creta,NO CONTROLS,CLEAR,DAYLIGHT,DIVIDED - W/MEDIAN BARRIER,DRY,NO DEFECTS,12,5,10
Kia Sonet,TRAFFIC SIGNAL,CLOUDY/OVERCAST,DARKNESS,NOT DIVIDED,DRY,DEBRIS ON ROADWAY,19,1,10
Nissan Magnite,NO CONTROLS,FOG/SMOKE/HAZE,DAYLIGHT,NOT DIVIDED,DRY,"RUT, HOLES",11,3,11
Hyundai Venue,NO CONTROLS,CLEAR,DUSK,FOUR WAY,WET,NO DEFECTS,23,2,11
Maruti Suzuki Swift,NO CONTROLS,RAIN,DUSK,NOT REPORTED,WET,OTHER,18,6,7
Honda Amaze,NO CONTROLS,CLOUDY/OVERCAST,UNKNOWN,NOT DIVIDED,DRY,NO DEFECTS,9,7,7
Kia Seltos,NO CONTROLS,CLEAR,DAYLIGHT,FOUR WAY,"SAND, MUD, DIRT",WORN SURFACE,9,2,10
Honda City,STOP SIGN/FLASHER,RAIN,DAYLIGHT,T-INTERSECTION,WET,WORN SURFACE,11,1,8
Toyota Innova,YIELD,CLEAR,DARKNESS,DIVIDED - W/MEDIAN (NOT RAISED),OTHER,"RUT, HOLES",19,4,9
Honda Amaze,NO CONTROLS,CLOUDY/OVERCAST,DARKNESS,NOT DIVIDED,DRY,WORN SURFACE,1,4,10
Maruti Suzuki Wagon R,NO CONTROLS,FOG/SMOKE/HAZE,DAYLIGHT,FOUR WAY,DRY,"RUT, HOLES",6,1,11
Nissan Magnite,TRAFFIC SIGNAL,RAIN,"DARKNESS, LIGHTED ROAD",NOT DIVIDED,WET,NO DEFECTS,21,7,6
Maruti Suzuki Wagon R,NO CONTROLS,RAIN,DAYLIGHT,NOT DIVIDED,WET,WORN SURFACE,16,7,6
Maruti Suzuki Swift,NO CONTROLS,CLEAR,DAYLIGHT,T-INTERSECTION,DRY,DEBRIS ON ROADWAY,8,7,1
Mahindra XUV700,STOP SIGN/FLASHER,OTHER,DAYLIGHT,T-INTERSECTION,DRY,"RUT, HOLES",8,3,8
Mahindra Scorpio,STOP SIGN/FLASHER,FOG/SMOKE/HAZE,DARKNESS,ALLEY,DRY,UNKNOWN,19,1,1
Toyota Innova,NO CONTROLS,CLEAR,DARKNESS,NOT DIVIDED,"SAND, MUD, DIRT","RUT, HOLES",20,5,7
Hyundai Venue,STOP SIGN/FLASHER,RAIN,DAYLIGHT,NOT DIVIDED,WET,"RUT, HOLES",9,3,8
Nissan Magnite,STOP SIGN/FLASHER,CLEAR,DAYLIGHT,NOT DIVIDED,DRY,WORN SURFACE,13,2,5
Maruti Suzuki Wagon R,STOP SIGN/FLASHER,CLEAR,"DARKNESS, LIGHTED ROAD",NOT DIVIDED,OTHER,NO DEFECTS,19,5,8
Hyundai i20,STOP SIGN/FLASHER,OTHER,DUSK,NOT DIVIDED,"SAND, MUD, DIRT",DEBRIS ON ROADWAY,18,6,1
Hyundai Venue,TRAFFIC SIGNAL,UNKNOWN,DARKNESS,DIVIDED - W/MEDIAN (NOT RAISED),DRY,WORN SURFACE,19,5,1
Maruti Suzuki Baleno,NO CONTROLS,CLEAR,DAYLIGHT,NOT DIVIDED,DRY,SHOULDER DEFECT,14,3,10
Tata Harrier,NO CONTROLS,RAIN,DAWN,T-INTERSECTION,WET,"RUT, HOLES",21,4,6
Tata Punch,NO CONTROLS,RAIN,DAWN,NOT DIVIDED,WET,DEBRIS ON ROADWAY,10,5,2
Tata Punch,TRAFFIC SIGNAL,CLEAR,UNKNOWN,DIVIDED - W/MEDIAN (NOT RAISED),DRY,WORN SURFACE,7,1,7
Hyundai Creta,TRAFFIC SIGNAL,CLEAR,DAYLIGHT,ONE-WAY,DRY,"RUT, HOLES",17,4,10
Volkswagen Virtus,TRAFFIC SIGNAL,FOG/SMOKE/HAZE,DAYLIGHT,NOT DIVIDED,"SAND, MUD, DIRT",DEBRIS ON ROADWAY,9,5,4
Tata Nexon,PEDESTRIAN CROSSING SIGN,CLOUDY/OVERCAST,DARKNESS,NOT DIVIDED,DRY,"RUT, HOLES",20,1,8
Maruti Suzuki Brezza,TRAFFIC SIGNAL,FOG/SMOKE/HAZE,DARKNESS,DIVIDED - W/MEDIAN (NOT RAISED),DRY,"RUT, HOLES",5,4,1
Renault Kiger,TRAFFIC SIGNAL,FOG/SMOKE/HAZE,"DARKNESS, LIGHTED ROAD",ONE-WAY,DRY,NO DEFECTS,19,3,1
Volkswagen Virtus,TRAFFIC SIGNAL,CLOUDY/OVERCAST,DAYLIGHT,NOT DIVIDED,WET,DEBRIS ON ROADWAY,10,7,7
Mahindra Scorpio,NO CONTROLS,SLEET/HAIL,DAYLIGHT,NOT DIVIDED,WET,NO DEFECTS,17,4,8
Renault Kiger,UNKNOWN,RAIN,DARKNESS,PARKING LOT,WET,NO DEFECTS,1,4,8
Volkswagen Virtus,STOP SIGN/FLASHER,CLOUDY/OVERCAST,DAYLIGHT,T-INTERSECTION,DRY,NO DEFECTS,16,2,9
Maruti Suzuki Baleno,NO CONTROLS,CLEAR,DAYLIGHT,T-INTERSECTION,OTHER,"RUT, HOLES",17,7,12
Honda City,NO CONTROLS,RAIN,DAYLIGHT,NOT DIVIDED,WET,NO DEFECTS,11,7,7
Volkswagen Virtus,TRAFFIC SIGNAL,RAIN,UNKNOWN,DIVIDED - W/MEDIAN (NOT RAISED),WET,WORN SURFACE,8,3,6
Maruti Suzuki Brezza,NO CONTROLS,CLEAR,DAYLIGHT,RAMP,OTHER,NO DEFECTS,15,7,10
Mahindra Thar,NO CONTROLS,CLOUDY/OVERCAST,DARKNESS,FOUR WAY,UNKNOWN,WORN SURFACE,19,5,5
Hyundai Creta,STOP SIGN/FLASHER,RAIN,DAYLIGHT,NOT DIVIDED,WET,NO DEFECTS,10,6,7
Mahindra Thar,TRAFFIC SIGNAL,FOG/SMOKE/HAZE,DAYLIGHT,TRAFFIC ROUTE,OTHER,NO DEFECTS,7,1,1
Mahindra XUV700,NO CONTROLS,FOG/SMOKE/HAZE,DAYLIGHT,DIVIDED - W/MEDIAN (NOT RAISED),DRY,WORN SURFACE,7,1,1
Tata Nexon,TRAFFIC SIGNAL,FOG/SMOKE/HAZE,"DARKNESS, LIGHTED ROAD",NOT DIVIDED,DRY,NO DEFECTS,20,4,12
Honda Amaze,TRAFFIC SIGNAL,FOG/SMOKE/HAZE,DAYLIGHT,DIVIDED - W/MEDIAN (NOT RAISED),DRY,NO DEFECTS,7,1,10
Mahindra Scorpio,TRAFFIC SIGNAL,RAIN,DARKNESS,NOT DIVIDED,WET,OTHER,0,7,9
Tata Altroz,STOP SIGN/FLASHER,CLOUDY/OVERCAST,DUSK,DIVIDED - W/MEDIAN (NOT RAISED),DRY,NO DEFECTS,18,6,6
Hyundai i20,TRAFFIC SIGNAL,RAIN,DAYLIGHT,DIVIDED - W/MEDIAN BARRIER,WET,NO DEFECTS,17,6,3
Hyundai Venue,NO CONTROLS,CLOUDY/OVERCAST,DUSK,DIVIDED - W/MEDIAN (NOT RAISED),"SAND, MUD, DIRT",NO DEFECTS,6,1,3
Maruti Suzuki Wagon R,NO CONTROLS,CLOUDY/OVERCAST,DAWN,NOT DIVIDED,DRY,NO DEFECTS,23,4,5
Tata Harrier,STOP SIGN/FLASHER,CLOUDY/OVERCAST,DAYLIGHT,Y-INTERSECTION,DRY,NO DEFECTS,16,1,8
Mahindra Scorpio,NO CONTROLS,CLOUDY/OVERCAST,DARKNESS,UNKNOWN INTERSECTION TYPE,DRY,SHOULDER DEFECT,14,7,9
Tata Harrier,STOP SIGN/FLASHER,RAIN,DAYLIGHT,NOT DIVIDED,UNKNOWN,NO DEFECTS,12,5,8
Hyundai Verna,NO CONTROLS,CLEAR,DARKNESS,DIVIDED - W/MEDIAN (NOT RAISED),"SAND, MUD, DIRT",NO DEFECTS,21,2,5
Nissan Magnite,NO CONTROLS,UNKNOWN,DAYLIGHT,NOT REPORTED,DRY,SHOULDER DEFECT,9,5,12
Honda Amaze,YIELD,RAIN,DAWN,NOT DIVIDED,"SAND, MUD, DIRT","RUT, HOLES",9,1,9
Toyota Innova,TRAFFIC SIGNAL,FOG/SMOKE/HAZE,"DARKNESS, LIGHTED ROAD",NOT DIVIDED,"SAND, MUD, DIRT",NO DEFECTS,5,2,8
Mahindra XUV700,TRAFFIC SIGNAL,RAIN,UNKNOWN,NOT DIVIDED,OTHER,"RUT, HOLES",18,1,8
Volkswagen Virtus,NO CONTROLS,CLOUDY/OVERCAST,DAYLIGHT,NOT DIVIDED,DRY,NO DEFECTS,16,7,7
Toyota Innova,NO CONTROLS,CLEAR,DAYLIGHT,NOT DIVIDED,DRY,"RUT, HOLES",16,5,4
Mahindra Thar,NO CONTROLS,CLEAR,DAYLIGHT,DIVIDED - W/MEDIAN (NOT RAISED),DRY,"RUT, HOLES",8,3,6
Hyundai i20,STOP SIGN/FLASHER,CLEAR,DAYLIGHT,NOT DIVIDED,UNKNOWN,OTHER,17,1,9
Honda Amaze,STOP SIGN/FLASHER,RAIN,DUSK,T-INTERSECTION,UNKNOWN,NO DEFECTS,18,4,1
Mahindra XUV700,NO CONTROLS,CLEAR,DAYLIGHT,NOT DIVIDED,"SAND, MUD, DIRT",WORN SURFACE,11,4,2
Hyundai Creta,NO CONTROLS,CLEAR,"DARKNESS, LIGHTED ROAD",NOT DIVIDED,DRY,NO DEFECTS,19,3,1
Tata Punch,STOP SIGN/FLASHER,CLEAR,DAYLIGHT,ONE-WAY,DRY,"RUT, HOLES",11,4,1
Hyundai Verna,NO CONTROLS,OTHER,DAYLIGHT,DIVIDED - W/MEDIAN (NOT RAISED),DRY,NO DEFECTS,18,1,11
Tata Altroz,TRAFFIC SIGNAL,RAIN,"DARKNESS, LIGHTED ROAD",DIVIDED - W/MEDIAN BARRIER,WET,"RUT, HOLES",1,7,9
Tata Nexon,TRAFFIC SIGNAL,OTHER,DAYLIGHT,NOT DIVIDED,DRY,NO DEFECTS,15,2,7
Hyundai Venue,NO CONTROLS,CLEAR,DARKNESS,NOT DIVIDED,DRY,OTHER,22,7,2
Toyota Innova,STOP SIGN/FLASHER,RAIN,DARKNESS,NOT DIVIDED,UNKNOWN,DEBRIS ON ROADWAY,23,4,7
Maruti Suzuki Swift,OTHER REG. SIGN,OTHER,DAWN,ONE-WAY,DRY,"RUT, HOLES",9,7,7
Maruti Suzuki Wagon R,TRAFFIC SIGNAL,RAIN,DAYLIGHT,NOT DIVIDED,OTHER,NO DEFECTS,13,5,3
Skoda Slavia,NO CONTROLS,RAIN,DAWN,NOT REPORTED,DRY,"RUT, HOLES",3,7,7
Mahindra Thar,NO CONTROLS,RAIN,DARKNESS,DIVIDED - W/MEDIAN BARRIER,WET,WORN SURFACE,20,1,6
Renault Kiger,NO CONTROLS,RAIN,DAYLIGHT,NOT DIVIDED,WET,NO DEFECTS,15,2,8
Toyota Innova,TRAFFIC SIGNAL,CLEAR,DAYLIGHT,Y-INTERSECTION,UNKNOWN,"RUT, HOLES",12,3,8
Hyundai Verna,NO CONTROLS,OTHER,DUSK,NOT DIVIDED,"SAND, MUD, DIRT",NO DEFECTS,6,3,1
Mahindra XUV700,STOP SIGN/FLASHER,RAIN,DARKNESS,NOT DIVIDED,WET,NO DEFECTS,22,7,6
Maruti Suzuki Wagon R,TRAFFIC SIGNAL,RAIN,DAYLIGHT,DIVIDED - W/MEDIAN (NOT RAISED),WET,NO DEFECTS,15,4,8
Volkswagen Virtus,TRAFFIC SIGNAL,RAIN,DAYLIGHT,NOT DIVIDED,WET,OTHER,9,7,7
Maruti Suzuki Swift,NO CONTROLS,SLEET/HAIL,DAYLIGHT,NOT DIVIDED,WET,NO DEFECTS,11,5,11
Mahindra Thar,NO CONTROLS,FOG/SMOKE/HAZE,DAYLIGHT,NOT DIVIDED,DRY,NO DEFECTS,7,6,8
Hyundai Verna,TRAFFIC SIGNAL,CLEAR,DAYLIGHT,FOUR WAY,WET,OTHER,16,4,3
Volkswagen Virtus,NO CONTROLS,FOG/SMOKE/HAZE,DARKNESS,NOT DIVIDED,WET,"RUT, HOLES",20,2,1
Maruti Suzuki Brezza,TRAFFIC SIGNAL,CLEAR,UNKNOWN,DIVIDED - W/MEDIAN (NOT RAISED),DRY,WORN SURFACE,20,1,8
Maruti Suzuki Swift,NO CONTROLS,FOG/SMOKE/HAZE,DAYLIGHT,NOT DIVIDED,OTHER,NO DEFECTS,8,5,1
Hyundai Verna,PEDESTRIAN CROSSING SIGN,CLOUDY/OVERCAST,DARKNESS,FOUR WAY,WET,"RUT, HOLES",19,7,8
Honda City,STOP SIGN/FLASHER,CLOUDY/OVERCAST,DAYLIGHT,NOT DIVIDED,"SAND, MUD, DIRT",NO DEFECTS,13,1,12
Volkswagen Virtus,NO CONTROLS,CLOUDY/OVERCAST,DAYLIGHT,OTHER,DRY,NO DEFECTS,9,6,8
Maruti Suzuki Brezza,STOP SIGN/FLASHER,RAIN,"DARKNESS, LIGHTED ROAD",NOT REPORTED,WET,"RUT, HOLES",23,3,6
Renault Kiger,YIELD,RAIN,DAYLIGHT,CENTER TURN LANE,WET,"RUT, HOLES",10,7,8
Honda Amaze,NO CONTROLS,FOG/SMOKE/HAZE,DAYLIGHT,NOT DIVIDED,DRY,NO DEFECTS,7,7,7
Honda Amaze,NO CONTROLS,RAIN,DARKNESS,NOT DIVIDED,UNKNOWN,WORN SURFACE,23,2,8
Hyundai i20,STOP SIGN/FLASHER,CLEAR,DUSK,NOT DIVIDED,UNKNOWN,"RUT, HOLES",6,6,12
Tata Nexon,TRAFFIC SIGNAL,RAIN,DAYLIGHT,OTHER,DRY,"RUT, HOLES",18,6,6
Toyota Innova,NO CONTROLS,FOG/SMOKE/HAZE,DARKNESS,NOT DIVIDED,DRY,NO DEFECTS,20,6,12
Maruti Suzuki Wagon R,NO CONTROLS,FOG/SMOKE/HAZE,DAYLIGHT,DIVIDED - W/MEDIAN (NOT RAISED),"SAND, MUD, DIRT",SHOULDER DEFECT,9,1,11
Skoda Slavia,NO CONTROLS,CLEAR,"DARKNESS, LIGHTED ROAD",FOUR WAY,DRY,NO DEFECTS,0,6,3
Tata Nexon,NO CONTROLS,UNKNOWN,DAYLIGHT,NOT DIVIDED,DRY,"RUT, HOLES",12,3,1
Maruti Suzuki Brezza,NO CONTROLS,RAIN,DARKNESS,DIVIDED - W/MEDIAN (NOT RAISED),WET,NO DEFECTS,6,5,2
Mahindra XUV700,STOP SIGN/FLASHER,RAIN,DAYLIGHT,NOT DIVIDED,WET,DEBRIS ON ROADWAY,12,1,1
Honda Amaze,TRAFFIC SIGNAL,FOG/SMOKE/HAZE,"DARKNESS, LIGHTED ROAD",NOT DIVIDED,DRY,DEBRIS ON ROADWAY,18,5,1
Tata Punch,TRAFFIC SIGNAL,RAIN,DAYLIGHT,NOT DIVIDED,WET,NO DEFECTS,13,7,9
Mahindra Thar,TRAFFIC SIGNAL,UNKNOWN,DAYLIGHT,NOT DIVIDED,DRY,WORN SURFACE,13,2,1
Honda City,NO CONTROLS,RAIN,DAYLIGHT,NOT DIVIDED,WET,NO DEFECTS,15,7,6
Hyundai Verna,TRAFFIC SIGNAL,CLEAR,DAYLIGHT,FOUR WAY,DRY,NO DEFECTS,16,4,11
Tata Harrier,STOP SIGN/FLASHER,RAIN,"DARKNESS, LIGHTED ROAD",UNKNOWN INTERSECTION TYPE,DRY,SHOULDER DEFECT,20,3,1
Mahindra XUV700,YIELD,CLEAR,DAYLIGHT,T-INTERSECTION,DRY,NO DEFECTS,10,1,10
Honda City,STOP SIGN/FLASHER,CLEAR,DARKNESS,NOT DIVIDED,DRY,NO DEFECTS,19,5,5
Kia Sonet,NO CONTROLS,CLEAR,DAYLIGHT,NOT DIVIDED,"SAND, MUD, DIRT","RUT, HOLES",15,2,2
Maruti Suzuki Baleno,TRAFFIC SIGNAL,RAIN,DAYLIGHT,DIVIDED - W/MEDIAN (NOT RAISED),WET,WORN SURFACE,10,7,9
Toyota Fortuner,NO CONTROLS,RAIN,DAWN,Y-INTERSECTION,WET,NO DEFECTS,10,2,8
Tata Nexon,UNKNOWN,CLEAR,UNKNOWN,NOT DIVIDED,"SAND, MUD, DIRT",NO DEFECTS,11,5,11
Hyundai Venue,TRAFFIC SIGNAL,RAIN,DAYLIGHT,NOT DIVIDED,WET,NO DEFECTS,16,5,9
Hyundai Verna,TRAFFIC SIGNAL,CLEAR,DAYLIGHT,DIVIDED - W/MEDIAN (NOT RAISED),"SAND, MUD, DIRT",NO DEFECTS,8,3,10
Maruti Suzuki Brezza,TRAFFIC SIGNAL,CLOUDY/OVERCAST,DARKNESS,UNKNOWN INTERSECTION TYPE,DRY,NO DEFECTS,21,7,5
Kia Seltos,NO CONTROLS,CLEAR,DAYLIGHT,DIVIDED - W/MEDIAN (NOT RAISED),DRY,DEBRIS ON ROADWAY,15,2,3
Kia Seltos,STOP SIGN/FLASHER,RAIN,DARKNESS,ONE-WAY,WET,NO DEFECTS,21,6,9
Renault Kiger,TRAFFIC SIGNAL,CLEAR,DAWN,NOT DIVIDED,DRY,"RUT, HOLES",1,2,10
Nissan Magnite,NO CONTROLS,FOG/SMOKE/HAZE,DAYLIGHT,NOT DIVIDED,DRY,DEBRIS ON ROADWAY,7,1,12
Maruti Suzuki Swift,TRAFFIC SIGNAL,RAIN,DUSK,FOUR WAY,WET,"RUT, HOLES",0,7,6
Toyota Fortuner,TRAFFIC SIGNAL,RAIN,DAYLIGHT,T-INTERSECTION,WET,NO DEFECTS,9,5,6
Tata Altroz,NO CONTROLS,CLOUDY/OVERCAST,"DARKNESS, LIGHTED ROAD",Y-INTERSECTION,WET,"RUT, HOLES",20,5,10
Kia Seltos,NO CONTROLS,RAIN,"DARKNESS, LIGHTED ROAD",FOUR WAY,"SAND, MUD, DIRT",DEBRIS ON ROADWAY,1,3,6
Hyundai Verna,OTHER,CLEAR,DAYLIGHT,NOT DIVIDED,"SAND, MUD, DIRT",NO DEFECTS,13,2,12
Mahindra Thar,NO CONTROLS,CLEAR,DARKNESS,DIVIDED - W/MEDIAN (NOT RAISED),DRY,NO DEFECTS,6,6,11
Kia Sonet,NO CONTROLS,CLEAR,DAYLIGHT,T-INTERSECTION,WET,NO DEFECTS,12,4,7
Mahindra Thar,NO CONTROLS,RAIN,"DARKNESS, LIGHTED ROAD",ONE-WAY,WET,"RUT, HOLES",19,3,9
Hyundai Venue,TRAFFIC SIGNAL,CLOUDY/OVERCAST,DARKNESS,UNKNOWN INTERSECTION TYPE,WET,NO DEFECTS,16,3,9
Mahindra Thar,DELINEATORS,CLEAR,"DARKNESS, LIGHTED ROAD",NOT DIVIDED,"SAND, MUD, DIRT",WORN SURFACE,18,7,2
Toyota Innova,NO CONTROLS,CLEAR,DAYLIGHT,FOUR WAY,DRY,"RUT, HOLES",11,7,11
Toyota Fortuner,LANE USE MARKING,CLEAR,DARKNESS,NOT DIVIDED,UNKNOWN,NO DEFECTS,22,3,7
Renault Kiger,NO CONTROLS,CLOUDY/OVERCAST,DAYLIGHT,NOT DIVIDED,"SAND, MUD, DIRT",WORN SURFACE,17,6,10
Hyundai Verna,TRAFFIC SIGNAL,CLOUDY/OVERCAST,DUSK,NOT DIVIDED,"SAND, MUD, DIRT",NO DEFECTS,13,2,6
Mahindra Scorpio,NO CONTROLS,FOG/SMOKE/HAZE,DAYLIGHT,ONE-WAY,WET,WORN SURFACE,8,6,11
Hyundai Creta,STOP SIGN/FLASHER,RAIN,DARKNESS,CENTER TURN LANE,DRY,"RUT, HOLES",21,1,6
Renault Kiger,YIELD,SNOW,DAYLIGHT,NOT DIVIDED,UNKNOWN,"RUT, HOLES",15,6,1
Mahindra Thar,NO CONTROLS,FOG/SMOKE/HAZE,DAYLIGHT,DIVIDED - W/MEDIAN BARRIER,"SAND, MUD, DIRT",NO DEFECTS,16,5,11
Kia Sonet,NO CONTROLS,FOG/SMOKE/HAZE,DAYLIGHT,NOT DIVIDED,DRY,"RUT, HOLES",8,1,1
Nissan Magnite,STOP SIGN/FLASHER,RAIN,DAYLIGHT,NOT DIVIDED,WET,"RUT, HOLES",8,5,6
Tata Nexon,STOP SIGN/FLASHER,CLEAR,DAYLIGHT,T-INTERSECTION,DRY,"RUT, HOLES",18,2,12
Skoda Slavia,NO CONTROLS,CLEAR,DAYLIGHT,DIVIDED - W/MEDIAN (NOT RAISED),UNKNOWN,NO DEFECTS,16,2,12
Mahindra Thar,OTHER,RAIN,DARKNESS,NOT DIVIDED,OTHER,NO DEFECTS,14,4,8
Hyundai Verna,STOP SIGN/FLASHER,CLOUDY/OVERCAST,DAYLIGHT,CENTER TURN LANE,DRY,"RUT, HOLES",16,7,8
Kia Seltos,NO CONTROLS,RAIN,DAYLIGHT,FOUR WAY,DRY,NO DEFECTS,8,7,7
Hyundai Verna,NO PASSING,FOG/SMOKE/HAZE,DAWN,UNKNOWN INTERSECTION TYPE,OTHER,"RUT, HOLES",18,6,5
Tata Nexon,NO CONTROLS,CLEAR,"DARKNESS, LIGHTED ROAD",OTHER,DRY,"RUT, HOLES",22,7,6
Kia Sonet,TRAFFIC SIGNAL,OTHER,"DARKNESS, LIGHTED ROAD",Y-INTERSECTION,DRY,NO DEFECTS,20,4,9
Hyundai Creta,NO CONTROLS,RAIN,DAYLIGHT,NOT DIVIDED,WET,NO DEFECTS,10,3,9
Maruti Suzuki Baleno,NO CONTROLS,CLEAR,DUSK,PARKING LOT,"SAND, MUD, DIRT","RUT, HOLES",12,7,10
Toyota Innova,STOP SIGN/FLASHER,CLEAR,DARKNESS,OTHER,DRY,"RUT, HOLES",19,1,10
Honda City,TRAFFIC SIGNAL,CLEAR,DAYLIGHT,NOT DIVIDED,WET,"RUT, HOLES",16,7,1
Mahindra Thar,TRAFFIC SIGNAL,RAIN,DAYLIGHT,ALLEY,WET,DEBRIS ON ROADWAY,15,5,7
Mahindra Thar,NO CONTROLS,CLOUDY/OVERCAST,"DARKNESS, LIGHTED ROAD",T-INTERSECTION,DRY,WORN SURFACE,21,5,1
Renault Kiger,NO CONTROLS,CLOUDY/OVERCAST,DAYLIGHT,T-INTERSECTION,DRY,NO DEFECTS,15,3,8
Tata Punch,TRAFFIC SIGNAL,RAIN,"DARKNESS, LIGHTED ROAD",NOT DIVIDED,WET,"RUT, HOLES",14,2,7
Mahindra Thar,OTHER,CLEAR,"DARKNESS, LIGHTED ROAD",NOT DIVIDED,DRY,NO DEFECTS,1,6,11
Mahindra XUV700,TRAFFIC SIGNAL,RAIN,"DARKNESS, LIGHTED ROAD",T-INTERSECTION,WET,NO DEFECTS,3,3,6
Hyundai Verna,NO CONTROLS,CLEAR,DARKNESS,NOT DIVIDED,WET,OTHER,0,3,2
Maruti Suzuki Wagon R,STOP SIGN/FLASHER,CLOUDY/OVERCAST,DARKNESS,NOT DIVIDED,DRY,"RUT, HOLES",21,2,2
Tata Punch,TRAFFIC SIGNAL,OTHER,DAYLIGHT,NOT DIVIDED,DRY,WORN SURFACE,12,5,9
Kia Sonet,NO CONTROLS,RAIN,DAYLIGHT,OTHER,WET,OTHER,14,5,8
Mahindra Scorpio,STOP SIGN/FLASHER,CLEAR,DARKNESS,NOT DIVIDED,DRY,NO DEFECTS,19,4,2
Mahindra Scorpio,STOP SIGN/FLASHER,CLEAR,DAWN,FOUR WAY,DRY,NO DEFECTS,16,1,1
Kia Seltos,NO CONTROLS,FOG/SMOKE/HAZE,DAWN,ONE-WAY,WET,NO DEFECTS,12,4,9
Renault Kiger,TRAFFIC SIGNAL,CLOUDY/OVERCAST,DAYLIGHT,NOT DIVIDED,DRY,NO DEFECTS,10,3,1
Hyundai i20,TRAFFIC SIGNAL,CLEAR,"DARKNESS, LIGHTED ROAD",NOT DIVIDED,DRY,NO DEFECTS,19,2,10
Volkswagen Virtus,OTHER REG. SIGN,CLEAR,DAYLIGHT,NOT DIVIDED,UNKNOWN,UNKNOWN,7,5,9
Nissan Magnite,STOP SIGN/FLASHER,FOG/SMOKE/HAZE,DARKNESS,TRAFFIC ROUTE,WET,OTHER,5,6,1
Tata Punch,STOP SIGN/FLASHER,CLEAR,DAYLIGHT,NOT DIVIDED,DRY,WORN SURFACE,8,4,1
Mahindra XUV700,NO CONTROLS,UNKNOWN,DAYLIGHT,DIVIDED - W/MEDIAN (NOT RAISED),WET,WORN SURFACE,9,5,12
Maruti Suzuki Brezza,STOP SIGN/FLASHER,CLEAR,DAYLIGHT,ONE-WAY,"SAND, MUD, DIRT",NO DEFECTS,9,5,6
Skoda Slavia,NO CONTROLS,RAIN,DAYLIGHT,NOT DIVIDED,"SAND, MUD, DIRT","RUT, HOLES",17,1,6
Tata Nexon,NO CONTROLS,RAIN,DAYLIGHT,T-INTERSECTION,WET,NO DEFECTS,8,2,10
Mahindra XUV700,NO CONTROLS,FOG/SMOKE/HAZE,UNKNOWN,NOT DIVIDED,DRY,NO DEFECTS,16,1,12
Mahindra XUV700,TRAFFIC SIGNAL,CLEAR,"DARKNESS, LIGHTED ROAD",NOT DIVIDED,WET,NO DEFECTS,5,7,12
Volkswagen Virtus,STOP SIGN/FLASHER,RAIN,DAYLIGHT,NOT DIVIDED,WET,"RUT, HOLES",7,2,9
Mahindra Scorpio,TRAFFIC SIGNAL,RAIN,DAYLIGHT,NOT DIVIDED,OTHER,NO DEFECTS,14,6,6
Tata Punch,STOP SIGN/FLASHER,UNKNOWN,"DARKNESS, LIGHTED ROAD",NOT DIVIDED,DRY,NO DEFECTS,21,6,1
Maruti Suzuki Brezza,STOP SIGN/FLASHER,CLEAR,"DARKNESS, LIGHTED ROAD",NOT DIVIDED,DRY,"RUT, HOLES",20,6,10
Maruti Suzuki Baleno,NO CONTROLS,RAIN,"DARKNESS, LIGHTED ROAD",OTHER,OTHER,"RUT, HOLES",22,4,8
Maruti Suzuki Wagon R,TRAFFIC SIGNAL,RAIN,DAYLIGHT,NOT DIVIDED,WET,NO DEFECTS,17,5,7
Mahindra Scorpio,NO CONTROLS,FOG/SMOKE/HAZE,UNKNOWN,FOUR WAY,DRY,NO DEFECTS,16,2,11
Mahindra XUV700,STOP SIGN/FLASHER,CLEAR,DAYLIGHT,NOT DIVIDED,WET,DEBRIS ON ROADWAY,16,1,2
Mahindra XUV700,NO CONTROLS,RAIN,DAYLIGHT,NOT DIVIDED,WET,NO DEFECTS,16,3,7
Hyundai Verna,TRAFFIC SIGNAL,CLEAR,DAYLIGHT,T-INTERSECTION,"SAND, MUD, DIRT",WORN SURFACE,7,6,1
Maruti Suzuki Wagon R,TRAFFIC SIGNAL,RAIN,DAYLIGHT,FOUR WAY,WET,NO DEFECTS,15,5,7
Hyundai i20,TRAFFIC SIGNAL,FREEZING RAIN/DRIZZLE,DARKNESS,NOT DIVIDED,WET,"RUT, HOLES",12,6,1
Hyundai Venue,NO CONTROLS,RAIN,DAYLIGHT,FOUR WAY,WET,"RUT, HOLES",13,7,2
Tata Nexon,TRAFFIC SIGNAL,CLEAR,DAYLIGHT,NOT DIVIDED,WET,WORN SURFACE,15,5,2
Honda City,TRAFFIC SIGNAL,RAIN,DAYLIGHT,NOT DIVIDED,WET,NO DEFECTS,6,3,8
Skoda Slavia,NO CONTROLS,CLEAR,DAYLIGHT,T-INTERSECTION,DRY,NO DEFECTS,11,7,9
Hyundai Venue,NO CONTROLS,RAIN,DARKNESS,NOT DIVIDED,"SAND, MUD, DIRT",WORN SURFACE,3,2,8
Toyota Innova,NO CONTROLS,FOG/SMOKE/HAZE,"DARKNESS, LIGHTED ROAD",NOT DIVIDED,OTHER,"RUT, HOLES",22,1,12
Nissan Magnite,TRAFFIC SIGNAL,RAIN,DARKNESS,DIVIDED - W/MEDIAN (NOT RAISED),DRY,SHOULDER DEFECT,6,1,6
Kia Sonet,NO CONTROLS,CLOUDY/OVERCAST,DAYLIGHT,NOT DIVIDED,DRY,WORN SURFACE,9,5,5
Tata Punch,NO CONTROLS,FOG/SMOKE/HAZE,DARKNESS,FOUR WAY,DRY,"RUT, HOLES",19,7,11
Toyota Fortuner,NO CONTROLS,CLOUDY/OVERCAST,DAYLIGHT,NOT DIVIDED,WET,UNKNOWN,14,5,4
Mahindra XUV700,STOP SIGN/FLASHER,RAIN,"DARKNESS, LIGHTED ROAD",DIVIDED - W/MEDIAN BARRIER,"SAND, MUD, DIRT","RUT, HOLES",6,4,12
Hyundai Creta,NO CONTROLS,RAIN,DAYLIGHT,NOT DIVIDED,"SAND, MUD, DIRT",WORN SURFACE,12,5,1
Tata Harrier,TRAFFIC SIGNAL,CLEAR,DUSK,NOT DIVIDED,OTHER,"RUT, HOLES",6,6,12
Maruti Suzuki Baleno,NO CONTROLS,CLEAR,DAYLIGHT,T-INTERSECTION,"SAND, MUD, DIRT","RUT, HOLES",8,6,1
Mahindra XUV700,NO CONTROLS,RAIN,DARKNESS,NOT DIVIDED,WET,"RUT, HOLES",2,3,11
Kia Sonet,TRAFFIC SIGNAL,CLOUDY/OVERCAST,DAYLIGHT,CENTER TURN LANE,WET,WORN SURFACE,13,3,7
Tata Harrier,PEDESTRIAN CROSSING SIGN,CLOUDY/OVERCAST,"DARKNESS, LIGHTED ROAD",T-INTERSECTION,"SAND, MUD, DIRT","RUT, HOLES",19,1,12
Mahindra XUV700,OTHER,FOG/SMOKE/HAZE,"DARKNESS, LIGHTED ROAD",NOT DIVIDED,"SAND, MUD, DIRT","RUT, HOLES",11,5,1
Mahindra Scorpio,NO CONTROLS,UNKNOWN,DAYLIGHT,NOT DIVIDED,OTHER,"RUT, HOLES",16,6,8
Renault Kiger,NO CONTROLS,FOG/SMOKE/HAZE,DAYLIGHT,NOT DIVIDED,DRY,NO DEFECTS,6,4,12
Toyota Innova,STOP SIGN/FLASHER,RAIN,DAYLIGHT,ONE-WAY,WET,NO DEFECTS,11,3,7
Skoda Slavia,NO CONTROLS,RAIN,"DARKNESS, LIGHTED ROAD",NOT DIVIDED,WET,NO DEFECTS,19,3,8
Tata Altroz,STOP SIGN/FLASHER,CLOUDY/OVERCAST,DARKNESS,NOT DIVIDED,DRY,"RUT, HOLES",5,5,9
Nissan Magnite,STOP SIGN/FLASHER,FOG/SMOKE/HAZE,"DARKNESS, LIGHTED ROAD",NOT DIVIDED,DRY,SHOULDER DEFECT,19,3,7
Maruti Suzuki Wagon R,STOP SIGN/FLASHER,CLEAR,DAYLIGHT,NOT DIVIDED,UNKNOWN,"RUT, HOLES",14,5,8
Mahindra Thar,PEDESTRIAN CROSSING SIGN,CLOUDY/OVERCAST,DARKNESS,NOT DIVIDED,OTHER,OTHER,19,7,8
Hyundai Verna,NO CONTROLS,CLEAR,DAYLIGHT,Y-INTERSECTION,"SAND, MUD, DIRT",NO DEFECTS,10,3,11
Renault Kiger,TRAFFIC SIGNAL,RAIN,DAYLIGHT,ONE-WAY,WET,WORN SURFACE,11,1,1
Toyota Innova,STOP SIGN/FLASHER,CLEAR,DAWN,ONE-WAY,DRY,NO DEFECTS,18,7,5
Maruti Suzuki Wagon R,STOP SIGN/FLASHER,UNKNOWN,DAYLIGHT,DIVIDED - W/MEDIAN BARRIER,WET,NO DEFECTS,18,3,12
Tata Harrier,TRAFFIC SIGNAL,OTHER,DAYLIGHT,NOT DIVIDED,DRY,WORN SURFACE,8,7,11
Maruti Suzuki Swift,UNKNOWN,RAIN,DARKNESS,NOT REPORTED,WET,NO DEFECTS,22,7,7
Toyota Fortuner,YIELD,RAIN,"DARKNESS, LIGHTED ROAD",NOT DIVIDED,"SAND, MUD, DIRT",NO DEFECTS,4,4,8
Maruti Suzuki Brezza,TRAFFIC SIGNAL,FOG/SMOKE/HAZE,DARKNESS,NOT DIVIDED,DRY,NO DEFECTS,5,5,5
Hyundai Venue,STOP SIGN/FLASHER,CLEAR,DAYLIGHT,NOT DIVIDED,DRY,WORN SURFACE,16,3,3
Renault Kiger,STOP SIGN/FLASHER,RAIN,DAYLIGHT,DIVIDED - W/MEDIAN (NOT RAISED),WET,"RUT, HOLES",17,1,7
Mahindra XUV700,TRAFFIC SIGNAL,CLOUDY/OVERCAST,DARKNESS,NOT DIVIDED,OTHER,NO DEFECTS,22,5,6
Mahindra Thar,NO CONTROLS,CLEAR,DAYLIGHT,T-INTERSECTION,"SAND, MUD, DIRT",NO DEFECTS,12,4,8
Maruti Suzuki Brezza,STOP SIGN/FLASHER,RAIN,DARKNESS,NOT DIVIDED,UNKNOWN,NO DEFECTS,0,7,1
Kia Sonet,STOP SIGN/FLASHER,CLEAR,DAYLIGHT,DIVIDED - W/MEDIAN (NOT RAISED),WET,NO DEFECTS,16,5,12
Renault Kiger,TRAFFIC SIGNAL,CLEAR,DAYLIGHT,T-INTERSECTION,DRY,SHOULDER DEFECT,9,6,12
Hyundai Venue,NO CONTROLS,UNKNOWN,"DARKNESS, LIGHTED ROAD",ALLEY,OTHER,DEBRIS ON ROADWAY,13,2,9
Hyundai Verna,TRAFFIC SIGNAL,RAIN,DAYLIGHT,DIVIDED - W/MEDIAN BARRIER,WET,OTHER,14,6,7
Mahindra Thar,TRAFFIC SIGNAL,RAIN,DARKNESS,DIVIDED - W/MEDIAN (NOT RAISED),WET,SHOULDER DEFECT,3,1,6
Kia Seltos,NO CONTROLS,UNKNOWN,"DARKNESS, LIGHTED ROAD",RAMP,DRY,DEBRIS ON ROADWAY,14,5,10
Skoda Slavia,STOP SIGN/FLASHER,RAIN,DAYLIGHT,DIVIDED - W/MEDIAN (NOT RAISED),"SAND, MUD, DIRT",WORN SURFACE,13,6,9
Kia Sonet,TRAFFIC SIGNAL,CLEAR,DAYLIGHT,DIVIDED - W/MEDIAN (NOT RAISED),OTHER,OTHER,17,4,3
Honda City,OTHER,CLOUDY/OVERCAST,DAYLIGHT,NOT DIVIDED,DRY,SHOULDER DEFECT,16,2,11
Maruti Suzuki Wagon R,NO CONTROLS,CLEAR,DAYLIGHT,NOT DIVIDED,DRY,"RUT, HOLES",7,4,10
Hyundai Venue,NO CONTROLS,CLOUDY/OVERCAST,DAYLIGHT,NOT DIVIDED,"SAND, MUD, DIRT",NO DEFECTS,8,7,12
Tata Harrier,NO CONTROLS,CLEAR,DAYLIGHT,FOUR WAY,DRY,"RUT, HOLES",9,6,9
Hyundai i20,OTHER WARNING SIGN,CLEAR,DAYLIGHT,NOT DIVIDED,"SAND, MUD, DIRT","RUT, HOLES",7,5,8
Hyundai Venue,TRAFFIC SIGNAL,RAIN,DAYLIGHT,NOT DIVIDED,WET,"RUT, HOLES",17,6,7
Tata Harrier,STOP SIGN/FLASHER,CLEAR,DARKNESS,NOT DIVIDED,DRY,WORN SURFACE,23,6,12
Toyota Innova,NO CONTROLS,FOG/SMOKE/HAZE,DAYLIGHT,NOT DIVIDED,DRY,WORN SURFACE,15,2,11
Tata Nexon,NO CONTROLS,UNKNOWN,DAYLIGHT,NOT DIVIDED,DRY,NO DEFECTS,16,7,1
Skoda Slavia,TRAFFIC SIGNAL,CLEAR,DAYLIGHT,FOUR WAY,WET,NO DEFECTS,12,6,1
Maruti Suzuki Baleno,OTHER,RAIN,DAYLIGHT,NOT DIVIDED,OTHER,DEBRIS ON ROADWAY,10,4,6
Maruti Suzuki Swift,NO CONTROLS,CLEAR,DAWN,NOT DIVIDED,DRY,"RUT, HOLES",21,4,10
Hyundai i20,POLICE/FLAGMAN,FOG/SMOKE/HAZE,DARKNESS,NOT DIVIDED,"SAND, MUD, DIRT",NO DEFECTS,21,7,12
Hyundai Verna,NO CONTROLS,CLEAR,DAYLIGHT,NOT DIVIDED,WET,SHOULDER DEFECT,14,6,2
Honda City,NO CONTROLS,RAIN,DAYLIGHT,NOT DIVIDED,WET,NO DEFECTS,9,7,8
Mahindra Thar,YIELD,RAIN,DUSK,NOT DIVIDED,WET,NO DEFECTS,18,5,6
Toyota Innova,TRAFFIC SIGNAL,CLEAR,DARKNESS,NOT DIVIDED,WET,NO DEFECTS,6,1,12
Hyundai Venue,TRAFFIC SIGNAL,CLOUDY/OVERCAST,DAWN,NOT DIVIDED,DRY,SHOULDER DEFECT,18,2,11
Nissan Magnite,OTHER,FOG/SMOKE/HAZE,DUSK,NOT DIVIDED,DRY,WORN SURFACE,18,6,11
Maruti Suzuki Brezza,STOP SIGN/FLASHER,OTHER,DUSK,FOUR WAY,UNKNOWN,"RUT, HOLES",6,5,7
Toyota Fortuner,NO CONTROLS,RAIN,DARKNESS,NOT DIVIDED,WET,DEBRIS ON ROADWAY,23,2,7
Maruti Suzuki Brezza,TRAFFIC SIGNAL,CLOUDY/OVERCAST,DARKNESS,FOUR WAY,DRY,DEBRIS ON ROADWAY,23,1,5
Honda City,STOP SIGN/FLASHER,RAIN,"DARKNESS, LIGHTED ROAD",FOUR WAY,WET,WORN SURFACE,21,3,1
Tata Altroz,TRAFFIC SIGNAL,FOG/SMOKE/HAZE,DAYLIGHT,NOT DIVIDED,DRY,DEBRIS ON ROADWAY,9,2,11
Hyundai Creta,STOP SIGN/FLASHER,CLOUDY/OVERCAST,DAYLIGHT,NOT DIVIDED,DRY,WORN SURFACE,9,7,10
Mahindra Thar,TRAFFIC SIGNAL,FOG/SMOKE/HAZE,DAYLIGHT,FOUR WAY,DRY,"RUT, HOLES",10,7,12
Maruti Suzuki Baleno,OTHER,CLEAR,DAYLIGHT,NOT DIVIDED,DRY,"RUT, HOLES",13,7,12
Volkswagen Virtus,TRAFFIC SIGNAL,CLEAR,DAYLIGHT,NOT DIVIDED,DRY,NO DEFECTS,8,1,8
Mahindra Scorpio,TRAFFIC SIGNAL,CLOUDY/OVERCAST,"DARKNESS, LIGHTED ROAD",FOUR WAY,DRY,NO DEFECTS,13,2,9
Mahindra Thar,STOP SIGN/FLASHER,CLOUDY/OVERCAST,DAYLIGHT,FOUR WAY,DRY,WORN SURFACE,17,2,12
Tata Altroz,STOP SIGN/FLASHER,SLEET/HAIL,DARKNESS,NOT DIVIDED,WET,NO DEFECTS,3,2,11
Mahindra Scorpio,OTHER REG. SIGN,RAIN,DAYLIGHT,Y-INTERSECTION,WET,NO DEFECTS,11,1,4
Toyota Innova,TRAFFIC SIGNAL,CLEAR,"DARKNESS, LIGHTED ROAD",DIVIDED - W/MEDIAN (NOT RAISED),DRY,NO DEFECTS,0,7,7
Tata Altroz,TRAFFIC SIGNAL,CLEAR,DAYLIGHT,NOT DIVIDED,DRY,"RUT, HOLES",18,7,2
Maruti Suzuki Brezza,STOP SIGN/FLASHER,RAIN,DARKNESS,T-INTERSECTION,WET,NO DEFECTS,16,1,12
Hyundai i20,STOP SIGN/FLASHER,RAIN,"DARKNESS, LIGHTED ROAD",TRAFFIC ROUTE,WET,WORN SURFACE,3,2,8
Kia Seltos,TRAFFIC SIGNAL,CLEAR,"DARKNESS, LIGHTED ROAD",T-INTERSECTION,DRY,OTHER,22,3,4
Kia Seltos,TRAFFIC SIGNAL,CLEAR,DARKNESS,CENTER TURN LANE,"SAND, MUD, DIRT",DEBRIS ON ROADWAY,0,6,9
Mahindra Thar,STOP SIGN/FLASHER,RAIN,DAYLIGHT,NOT DIVIDED,WET,"RUT, HOLES",16,6,8
Hyundai i20,NO CONTROLS,RAIN,DUSK,NOT DIVIDED,WET,OTHER,18,5,6
Mahindra Thar,NO CONTROLS,CLOUDY/OVERCAST,DUSK,NOT DIVIDED,DRY,NO DEFECTS,18,7,2
Mahindra XUV700,STOP SIGN/FLASHER,RAIN,DAWN,T-INTERSECTION,UNKNOWN,"RUT, HOLES",1,1,9
Tata Nexon,NO CONTROLS,RAIN,DARKNESS,NOT DIVIDED,UNKNOWN,NO DEFECTS,21,2,7
Toyota Fortuner,NO CONTROLS,CLEAR,DAWN,NOT DIVIDED,DRY,DEBRIS ON ROADWAY,21,2,10
Hyundai Verna,YIELD,RAIN,DAYLIGHT,NOT DIVIDED,WET,NO DEFECTS,15,1,7
Kia Sonet,FLASHING CONTROL SIGNAL,OTHER,UNKNOWN,T-INTERSECTION,DRY,"RUT, HOLES",14,5,11
Maruti Suzuki Baleno,STOP SIGN/FLASHER,RAIN,DARKNESS,OTHER,WET,WORN SURFACE,1,2,8
Toyota Innova,NO CONTROLS,UNKNOWN,DAYLIGHT,NOT DIVIDED,DRY,"RUT, HOLES",15,4,8
Tata Nexon,STOP SIGN/FLASHER,FOG/SMOKE/HAZE,DAYLIGHT,NOT DIVIDED,DRY,NO DEFECTS,8,6,11
Tata Nexon,STOP SIGN/FLASHER,RAIN,DUSK,NOT DIVIDED,WET,"RUT, HOLES",18,5,6
Renault Kiger,NO CONTROLS,CLOUDY/OVERCAST,DAYLIGHT,NOT DIVIDED,DRY,WORN SURFACE,12,3,2
Renault Kiger,NO CONTROLS,FOG/SMOKE/HAZE,DAYLIGHT,DIVIDED - W/MEDIAN (NOT RAISED),DRY,NO DEFECTS,16,4,1
Tata Nexon,NO CONTROLS,CLEAR,DARKNESS,T-INTERSECTION,OTHER,WORN SURFACE,5,3,9
Hyundai Creta,STOP SIGN/FLASHER,SLEET/HAIL,DUSK,ONE-WAY,WET,SHOULDER DEFECT,6,7,8
Hyundai Creta,NO CONTROLS,RAIN,DUSK,NOT DIVIDED,DRY,UNKNOWN,6,4,9
Renault Kiger,NO CONTROLS,CLOUDY/OVERCAST,DARKNESS,NOT DIVIDED,DRY,NO DEFECTS,1,1,4
Skoda Slavia,YIELD,CLEAR,DAYLIGHT,NOT DIVIDED,DRY,NO DEFECTS,15,5,2
Tata Altroz,TRAFFIC SIGNAL,CLEAR,"DARKNESS, LIGHTED ROAD",NOT DIVIDED,"SAND, MUD, DIRT",NO DEFECTS,19,2,1
Tata Altroz,NO CONTROLS,CLOUDY/OVERCAST,DAYLIGHT,NOT DIVIDED,DRY,"RUT, HOLES",16,3,6
Maruti Suzuki Swift,NO CONTROLS,RAIN,DAYLIGHT,NOT DIVIDED,WET,DEBRIS ON ROADWAY,15,3,8
Hyundai i20,STOP SIGN/FLASHER,RAIN,"DARKNESS, LIGHTED ROAD",NOT DIVIDED,WET,DEBRIS ON ROADWAY,17,1,6
Mahindra Scorpio,NO CONTROLS,RAIN,DAYLIGHT,FOUR WAY,WET,DEBRIS ON ROADWAY,11,7,7
Maruti Suzuki Wagon R,TRAFFIC SIGNAL,FOG/SMOKE/HAZE,DAYLIGHT,T-INTERSECTION,DRY,"RUT, HOLES",7,5,11
Honda Amaze,NO CONTROLS,UNKNOWN,DAYLIGHT,NOT DIVIDED,DRY,WORN SURFACE,10,2,6
Hyundai Verna,NO CONTROLS,RAIN,DAYLIGHT,DIVIDED - W/MEDIAN BARRIER,WET,NO DEFECTS,17,5,7
Hyundai Creta,NO CONTROLS,RAIN,DAYLIGHT,NOT DIVIDED,WET,NO DEFECTS,7,4,10
Maruti Suzuki Swift,NO CONTROLS,CLOUDY/OVERCAST,"DARKNESS, LIGHTED ROAD",NOT DIVIDED,DRY,DEBRIS ON ROADWAY,0,3,6
Maruti Suzuki Wagon R,YIELD,RAIN,DAYLIGHT,FOUR WAY,WET,WORN SURFACE,16,4,8
Kia Seltos,TRAFFIC SIGNAL,RAIN,DARKNESS,NOT DIVIDED,DRY,"RUT, HOLES",22,5,11
Mahindra Thar,LANE USE MARKING,CLOUDY/OVERCAST,DAYLIGHT,T-INTERSECTION,DRY,NO DEFECTS,16,2,12
Tata Harrier,TRAFFIC SIGNAL,CLOUDY/OVERCAST,DAYLIGHT,Y-INTERSECTION,WET,NO DEFECTS,18,5,2
Tata Altroz,STOP SIGN/FLASHER,FREEZING RAIN/DRIZZLE,DAYLIGHT,NOT DIVIDED,OTHER,"RUT, HOLES",17,6,12
Hyundai i20,NO CONTROLS,OTHER,DAYLIGHT,DIVIDED - W/MEDIAN (NOT RAISED),DRY,DEBRIS ON ROADWAY,14,2,7
Honda Amaze,TRAFFIC SIGNAL,CLOUDY/OVERCAST,DAYLIGHT,NOT DIVIDED,DRY,NO DEFECTS,17,4,5
Nissan Magnite,OTHER,RAIN,DARKNESS,NOT DIVIDED,WET,NO DEFECTS,19,7,7
Kia Sonet,NO CONTROLS,FOG/SMOKE/HAZE,"DARKNESS, LIGHTED ROAD",NOT DIVIDED,DRY,"RUT, HOLES",6,6,12
Toyota Innova,STOP SIGN/FLASHER,CLOUDY/OVERCAST,DAYLIGHT,FOUR WAY,WET,NO DEFECTS,11,5,7
Maruti Suzuki Wagon R,NO CONTROLS,CLOUDY/OVERCAST,"DARKNESS, LIGHTED ROAD",NOT DIVIDED,DRY,NO DEFECTS,8,6,6
Kia Seltos,TRAFFIC SIGNAL,CLOUDY/OVERCAST,DARKNESS,NOT DIVIDED,DRY,NO DEFECTS,13,5,8
Maruti Suzuki Wagon R,STOP SIGN/FLASHER,CLEAR,DARKNESS,NOT DIVIDED,DRY,"RUT, HOLES",20,7,4
Tata Harrier,OTHER,CLEAR,DAYLIGHT,NOT DIVIDED,WET,"RUT, HOLES",11,2,1
Tata Harrier,NO CONTROLS,CLEAR,DAYLIGHT,NOT DIVIDED,DRY,DEBRIS ON ROADWAY,12,6,2
Maruti Suzuki Brezza,OTHER,CLEAR,"DARKNESS, LIGHTED ROAD",T-INTERSECTION,"SAND, MUD, DIRT","RUT, HOLES",20,1,2
Mahindra Scorpio,NO CONTROLS,CLEAR,DAYLIGHT,TRAFFIC ROUTE,WET,WORN SURFACE,14,1,2
Maruti Suzuki Brezza,NO CONTROLS,CLEAR,DAYLIGHT,NOT DIVIDED,DRY,NO DEFECTS,15,6,2
Hyundai Creta,NO CONTROLS,UNKNOWN,DARKNESS,FOUR WAY,DRY,WORN SURFACE,20,6,8
Renault Kiger,NO CONTROLS,RAIN,DAYLIGHT,DIVIDED - W/MEDIAN BARRIER,WET,"RUT, HOLES",14,1,3
Nissan Magnite,NO CONTROLS,CLEAR,DAYLIGHT,NOT DIVIDED,DRY,NO DEFECTS,17,3,6
Tata Punch,STOP SIGN/FLASHER,CLEAR,"DARKNESS, LIGHTED ROAD",NOT DIVIDED,"SAND, MUD, DIRT","RUT, HOLES",4,1,11
Toyota Innova,TRAFFIC SIGNAL,RAIN,DAYLIGHT,"FIVE POINT, OR MORE",WET,NO DEFECTS,7,7,7
Mahindra Scorpio,OTHER,RAIN,DAYLIGHT,CENTER TURN LANE,WET,"RUT, HOLES",12,4,9
Mahindra Scorpio,STOP SIGN/FLASHER,CLOUDY/OVERCAST,DAYLIGHT,NOT DIVIDED,DRY,"RUT, HOLES",14,4,3
Mahindra Scorpio,NO CONTROLS,CLEAR,DARKNESS,T-INTERSECTION,DRY,WORN SURFACE,22,6,3
Nissan Magnite,NO CONTROLS,FOG/SMOKE/HAZE,DARKNESS,FOUR WAY,DRY,DEBRIS ON ROADWAY,21,6,1
Maruti Suzuki Swift,STOP SIGN/FLASHER,CLEAR,DARKNESS,FOUR WAY,DRY,DEBRIS ON ROADWAY,19,7,3
Hyundai Verna,TRAFFIC SIGNAL,OTHER,DAWN,DIVIDED - W/MEDIAN BARRIER,DRY,WORN SURFACE,10,7,5
Nissan Magnite,TRAFFIC SIGNAL,CLEAR,"DARKNESS, LIGHTED ROAD",FOUR WAY,DRY,SHOULDER DEFECT,22,3,3
Honda City,STOP SIGN/FLASHER,CLEAR,DAYLIGHT,DIVIDED - W/MEDIAN (NOT RAISED),DRY,NO DEFECTS,17,5,1
Hyundai i20,NO CONTROLS,RAIN,DAYLIGHT,OTHER,WET,NO DEFECTS,12,5,2
Hyundai i20,NO CONTROLS,RAIN,DAYLIGHT,NOT DIVIDED,WET,NO DEFECTS,17,5,7
Toyota Fortuner,STOP SIGN/FLASHER,UNKNOWN,"DARKNESS, LIGHTED ROAD",T-INTERSECTION,DRY,NO DEFECTS,0,5,4
Tata Harrier,STOP SIGN/FLASHER,RAIN,DAYLIGHT,T-INTERSECTION,WET,NO DEFECTS,7,1,6
Tata Altroz,NO CONTROLS,RAIN,DARKNESS,Y-INTERSECTION,WET,SHOULDER DEFECT,19,7,7
Skoda Slavia,NO CONTROLS,RAIN,DAYLIGHT,L-INTERSECTION,WET,"RUT, HOLES",16,2,9
Hyundai Verna,UNKNOWN,CLEAR,DAWN,DIVIDED - W/MEDIAN (NOT RAISED),DRY,"RUT, HOLES",11,4,1
Maruti Suzuki Baleno,STOP SIGN/FLASHER,CLOUDY/OVERCAST,DAYLIGHT,NOT DIVIDED,DRY,NO DEFECTS,14,3,10
Maruti Suzuki Wagon R,TRAFFIC SIGNAL,RAIN,DARKNESS,FOUR WAY,WET,"RUT, HOLES",21,5,8
Maruti Suzuki Baleno,NO CONTROLS,CLEAR,DAYLIGHT,FOUR WAY,DRY,WORN SURFACE,16,7,1
Maruti Suzuki Brezza,STOP SIGN/FLASHER,FOG/SMOKE/HAZE,UNKNOWN,T-INTERSECTION,DRY,NO DEFECTS,8,4,11
Hyundai Creta,NO CONTROLS,FOG/SMOKE/HAZE,"DARKNESS, LIGHTED ROAD",NOT DIVIDED,DRY,DEBRIS ON ROADWAY,5,5,12
Honda Amaze,NO CONTROLS,CLEAR,DAYLIGHT,NOT DIVIDED,DRY,NO DEFECTS,10,2,1
Hyundai Venue,NO CONTROLS,SLEET/HAIL,DARKNESS,NOT DIVIDED,DRY,DEBRIS ON ROADWAY,23,4,5
Nissan Magnite,STOP SIGN/FLASHER,CLOUDY/OVERCAST,DAYLIGHT,NOT DIVIDED,DRY,NO DEFECTS,13,7,10
Kia Sonet,NO CONTROLS,UNKNOWN,DAYLIGHT,FOUR WAY,DRY,"RUT, HOLES",14,7,9
Hyundai Verna,NO CONTROLS,CLEAR,DAYLIGHT,Y-INTERSECTION,DRY,UNKNOWN,14,5,3
Honda Amaze,TRAFFIC SIGNAL,CLEAR,DARKNESS,CENTER TURN LANE,DRY,"RUT, HOLES",20,6,4
Renault Kiger,NO CONTROLS,RAIN,DUSK,DIVIDED - W/MEDIAN (NOT RAISED),WET,"RUT, HOLES",16,1,6
Maruti Suzuki Swift,NO CONTROLS,FOG/SMOKE/HAZE,DAYLIGHT,ONE-WAY,DRY,WORN SURFACE,16,5,7
Mahindra Scorpio,TRAFFIC SIGNAL,RAIN,DAYLIGHT,T-INTERSECTION,WET,NO DEFECTS,12,6,8
Maruti Suzuki Brezza,TRAFFIC SIGNAL,CLOUDY/OVERCAST,DARKNESS,NOT DIVIDED,"SAND, MUD, DIRT",NO DEFECTS,1,3,6
Hyundai Verna,OTHER,CLEAR,"DARKNESS, LIGHTED ROAD",NOT DIVIDED,DRY,NO DEFECTS,21,7,7
Maruti Suzuki Brezza,STOP SIGN/FLASHER,RAIN,DARKNESS,T-INTERSECTION,OTHER,NO DEFECTS,22,6,9
Kia Seltos,NO CONTROLS,FOG/SMOKE/HAZE,"DARKNESS, LIGHTED ROAD",NOT DIVIDED,"SAND, MUD, DIRT",DEBRIS ON ROADWAY,20,6,1
Tata Altroz,YIELD,CLEAR,DARKNESS,DIVIDED - W/MEDIAN (NOT RAISED),"SAND, MUD, DIRT",SHOULDER DEFECT,22,1,5
Honda City,NO CONTROLS,RAIN,"DARKNESS, LIGHTED ROAD",DIVIDED - W/MEDIAN (NOT RAISED),"SAND, MUD, DIRT",NO DEFECTS,19,2,9
Maruti Suzuki Baleno,TRAFFIC SIGNAL,FOG/SMOKE/HAZE,DAYLIGHT,DIVIDED - W/MEDIAN BARRIER,DRY,SHOULDER DEFECT,16,6,11
Mahindra XUV700,NO CONTROLS,RAIN,DARKNESS,FOUR WAY,WET,NO DEFECTS,19,5,7
Nissan Magnite,TRAFFIC SIGNAL,RAIN,DAYLIGHT,OTHER,WET,NO DEFECTS,16,5,7
Hyundai Creta,TRAFFIC SIGNAL,CLEAR,DAWN,T-INTERSECTION,DRY,WORN SURFACE,6,1,2
Mahindra XUV700,STOP SIGN/FLASHER,FOG/SMOKE/HAZE,DAWN,L-INTERSECTION,DRY,NO DEFECTS,8,4,7
Maruti Suzuki Wagon R,STOP SIGN/FLASHER,CLEAR,DAYLIGHT,OTHER,"SAND, MUD, DIRT",NO DEFECTS,22,6,7
Hyundai Verna,RAILROAD CROSSING GATE,CLOUDY/OVERCAST,DAYLIGHT,NOT DIVIDED,DRY,WORN SURFACE,11,5,4
Volkswagen Virtus,NO CONTROLS,CLEAR,DARKNESS,TRAFFIC ROUTE,DRY,UNKNOWN,20,5,5
Tata Harrier,NO CONTROLS,RAIN,DARKNESS,NOT DIVIDED,WET,"RUT, HOLES",5,6,6
Hyundai Verna,PEDESTRIAN CROSSING SIGN,FOG/SMOKE/HAZE,UNKNOWN,FOUR WAY,DRY,NO DEFECTS,7,7,1
Hyundai i20,TRAFFIC SIGNAL,RAIN,DAYLIGHT,UNKNOWN INTERSECTION TYPE,WET,NO DEFECTS,11,7,6
Kia Sonet,STOP SIGN/FLASHER,RAIN,"DARKNESS, LIGHTED ROAD",NOT DIVIDED,WET,"RUT, HOLES",2,4,4
Honda Amaze,TRAFFIC SIGNAL,RAIN,DAWN,OTHER,"SAND, MUD, DIRT",WORN SURFACE,6,3,6
Toyota Fortuner,NO CONTROLS,CLEAR,DAYLIGHT,"FIVE POINT, OR MORE",DRY,DEBRIS ON ROADWAY,8,3,2
Skoda Slavia,NO CONTROLS,FOG/SMOKE/HAZE,DARKNESS,OTHER,WET,DEBRIS ON ROADWAY,19,5,11
Toyota Fortuner,NO CONTROLS,RAIN,DARKNESS,DIVIDED - W/MEDIAN BARRIER,WET,SHOULDER DEFECT,3,1,8
Hyundai i20,NO CONTROLS,CLOUDY/OVERCAST,DAYLIGHT,NOT DIVIDED,OTHER,"RUT, HOLES",10,5,9
Tata Punch,STOP SIGN/FLASHER,CLEAR,DARKNESS,NOT DIVIDED,DRY,"RUT, HOLES",0,4,10
Toyota Fortuner,NO CONTROLS,RAIN,DAYLIGHT,ONE-WAY,DRY,WORN SURFACE,17,6,7
Maruti Suzuki Baleno,STOP SIGN/FLASHER,FOG/SMOKE/HAZE,DAYLIGHT,NOT DIVIDED,OTHER,"RUT, HOLES",13,3,1
Nissan Magnite,NO CONTROLS,RAIN,DAYLIGHT,ALLEY,WET,NO DEFECTS,16,1,7
Honda Amaze,NO CONTROLS,RAIN,DAYLIGHT,NOT DIVIDED,WET,"RUT, HOLES",12,7,8
Honda Amaze,NO CONTROLS,RAIN,DAYLIGHT,DIVIDED - W/MEDIAN (NOT RAISED),WET,NO DEFECTS,8,1,9
Skoda Slavia,STOP SIGN/FLASHER,CLOUDY/OVERCAST,DAYLIGHT,NOT DIVIDED,DRY,DEBRIS ON ROADWAY,17,7,7
Tata Nexon,NO CONTROLS,UNKNOWN,DARKNESS,NOT DIVIDED,"SAND, MUD, DIRT",NO DEFECTS,19,4,2
Maruti Suzuki Wagon R,STOP SIGN/FLASHER,CLEAR,DUSK,FOUR WAY,DRY,WORN SURFACE,6,1,5
Mahindra XUV700,NO CONTROLS,RAIN,DAYLIGHT,FOUR WAY,OTHER,NO DEFECTS,14,1,6
Maruti Suzuki Brezza,NO CONTROLS,UNKNOWN,DAYLIGHT,NOT DIVIDED,WET,WORN SURFACE,9,5,8
Mahindra XUV700,YIELD,OTHER,DAYLIGHT,NOT DIVIDED,DRY,NO DEFECTS,7,1,8
Toyota Fortuner,NO CONTROLS,RAIN,"DARKNESS, LIGHTED ROAD",DIVIDED - W/MEDIAN (NOT RAISED),WET,WORN SURFACE,18,7,6
Tata Harrier,UNKNOWN,FOG/SMOKE/HAZE,DAYLIGHT,OTHER,DRY,NO DEFECTS,9,6,12
Tata Nexon,OTHER WARNING SIGN,RAIN,DARKNESS,NOT DIVIDED,WET,"RUT, HOLES",8,4,8
Maruti Suzuki Wagon R,TRAFFIC SIGNAL,CLOUDY/OVERCAST,DAYLIGHT,T-INTERSECTION,DRY,NO DEFECTS,10,7,4
Maruti Suzuki Brezza,STOP SIGN/FLASHER,CLOUDY/OVERCAST,"DARKNESS, LIGHTED ROAD",NOT DIVIDED,DRY,"RUT, HOLES",22,2,2
Volkswagen Virtus,TRAFFIC SIGNAL,CLEAR,DAWN,UNKNOWN INTERSECTION TYPE,OTHER,WORN SURFACE,19,7,2
Honda Amaze,YIELD,CLEAR,DARKNESS,NOT DIVIDED,DRY,WORN SURFACE,20,6,4
Tata Nexon,TRAFFIC SIGNAL,CLEAR,DAYLIGHT,NOT DIVIDED,DRY,NO DEFECTS,13,5,3
Nissan Magnite,NO CONTROLS,CLOUDY/OVERCAST,DAYLIGHT,NOT DIVIDED,DRY,"RUT, HOLES",16,3,3
Hyundai Verna,NO CONTROLS,CLOUDY/OVERCAST,DAYLIGHT,ONE-WAY,WET,SHOULDER DEFECT,12,5,5
Tata Harrier,NO CONTROLS,CLEAR,DARKNESS,CENTER TURN LANE,DRY,"RUT, HOLES",4,7,3
Nissan Magnite,NO CONTROLS,CLEAR,DAYLIGHT,DIVIDED - W/MEDIAN BARRIER,DRY,NO DEFECTS,12,1,11
Maruti Suzuki Brezza,NO CONTROLS,CLOUDY/OVERCAST,DAYLIGHT,T-INTERSECTION,OTHER,NO DEFECTS,16,2,1
Tata Punch,STOP SIGN/FLASHER,CLEAR,DAYLIGHT,NOT DIVIDED,"SAND, MUD, DIRT","RUT, HOLES",9,5,7
Honda Amaze,STOP SIGN/FLASHER,FOG/SMOKE/HAZE,DARKNESS,NOT DIVIDED,WET,NO DEFECTS,19,6,6
Toyota Innova,TRAFFIC SIGNAL,CLEAR,DAYLIGHT,UNKNOWN INTERSECTION TYPE,OTHER,WORN SURFACE,7,2,12
Tata Altroz,NO CONTROLS,CLOUDY/OVERCAST,UNKNOWN,FOUR WAY,DRY,"RUT, HOLES",11,6,2
Hyundai Creta,NO CONTROLS,CLEAR,DUSK,NOT DIVIDED,"SAND, MUD, DIRT",NO DEFECTS,6,7,6
Maruti Suzuki Wagon R,TRAFFIC SIGNAL,RAIN,DAYLIGHT,FOUR WAY,WET,"RUT, HOLES",12,1,12
Mahindra XUV700,STOP SIGN/FLASHER,CLEAR,DARKNESS,NOT DIVIDED,DRY,WORN SURFACE,1,7,11
Kia Sonet,TRAFFIC SIGNAL,CLEAR,DAYLIGHT,ALLEY,UNKNOWN,NO DEFECTS,9,3,10
Volkswagen Virtus,NO CONTROLS,CLOUDY/OVERCAST,DAYLIGHT,FOUR WAY,DRY,NO DEFECTS,12,3,5
Nissan Magnite,TRAFFIC SIGNAL,FOG/SMOKE/HAZE,"DARKNESS, LIGHTED ROAD",NOT DIVIDED,DRY,WORN SURFACE,8,1,3
Honda City,TRAFFIC SIGNAL,RAIN,DAYLIGHT,NOT DIVIDED,WET,NO DEFECTS,15,4,9
Hyundai i20,TRAFFIC SIGNAL,CLEAR,DAYLIGHT,DIVIDED - W/MEDIAN BARRIER,DRY,SHOULDER DEFECT,9,7,12
Volkswagen Virtus,NO CONTROLS,SLEET/HAIL,"DARKNESS, LIGHTED ROAD",NOT DIVIDED,WET,DEBRIS ON ROADWAY,15,2,8
Mahindra Scorpio,TRAFFIC SIGNAL,RAIN,DARKNESS,NOT DIVIDED,WET,OTHER,14,5,8
Kia Seltos,NO CONTROLS,FOG/SMOKE/HAZE,DAYLIGHT,NOT DIVIDED,UNKNOWN,"RUT, HOLES",7,3,5
Kia Sonet,NO CONTROLS,RAIN,DARKNESS,NOT DIVIDED,WET,"RUT, HOLES",19,1,10
Tata Harrier,TRAFFIC SIGNAL,CLEAR,DAYLIGHT,DIVIDED - W/MEDIAN (NOT RAISED),"SAND, MUD, DIRT",SHOULDER DEFECT,15,7,3
Tata Nexon,STOP SIGN/FLASHER,CLEAR,DAYLIGHT,T-INTERSECTION,DRY,NO DEFECTS,11,6,6
Tata Altroz,NO CONTROLS,FOG/SMOKE/HAZE,DARKNESS,UNKNOWN INTERSECTION TYPE,DRY,NO DEFECTS,20,6,7
Maruti Suzuki Wagon R,TRAFFIC SIGNAL,RAIN,DARKNESS,T-INTERSECTION,WET,NO DEFECTS,19,5,7
Hyundai i20,STOP SIGN/FLASHER,UNKNOWN,DARKNESS,FOUR WAY,"SAND, MUD, DIRT",DEBRIS ON ROADWAY,23,2,4
Mahindra Scorpio,TRAFFIC SIGNAL,CLEAR,DAYLIGHT,OTHER,DRY,"RUT, HOLES",17,2,2
Skoda Slavia,TRAFFIC SIGNAL,FOG/SMOKE/HAZE,DAYLIGHT,ALLEY,DRY,"RUT, HOLES",8,3,8
Toyota Fortuner,NO CONTROLS,CLOUDY/OVERCAST,DARKNESS,T-INTERSECTION,DRY,WORN SURFACE,9,7,5
Maruti Suzuki Wagon R,STOP SIGN/FLASHER,RAIN,DAYLIGHT,NOT DIVIDED,OTHER,"RUT, HOLES",17,6,8
Hyundai Venue,NO CONTROLS,CLEAR,DARKNESS,NOT DIVIDED,DRY,NO DEFECTS,23,4,3
Maruti Suzuki Brezza,STOP SIGN/FLASHER,UNKNOWN,DAYLIGHT,NOT DIVIDED,DRY,"RUT, HOLES",16,4,7
Tata Nexon,NO CONTROLS,RAIN,"DARKNESS, LIGHTED ROAD",DRIVEWAY,"SAND, MUD, DIRT","RUT, HOLES",20,7,7
Maruti Suzuki Brezza,STOP SIGN/FLASHER,RAIN,"DARKNESS, LIGHTED ROAD",NOT DIVIDED,WET,"RUT, HOLES",10,2,1
Kia Seltos,TRAFFIC SIGNAL,UNKNOWN,DAYLIGHT,ONE-WAY,OTHER,WORN SURFACE,12,3,6
Renault Kiger,OTHER WARNING SIGN,UNKNOWN,DARKNESS,DIVIDED - W/MEDIAN BARRIER,OTHER,"RUT, HOLES",21,3,2
Tata Punch,NO CONTROLS,CLEAR,UNKNOWN,FOUR WAY,DRY,DEBRIS ON ROADWAY,18,7,1
Maruti Suzuki Wagon R,NO CONTROLS,CLOUDY/OVERCAST,DAWN,NOT DIVIDED,DRY,"RUT, HOLES",23,6,12
Volkswagen Virtus,NO CONTROLS,RAIN,DAYLIGHT,NOT DIVIDED,WET,"RUT, HOLES",18,5,6
Kia Sonet,NO CONTROLS,CLOUDY/OVERCAST,DAYLIGHT,DIVIDED - W/MEDIAN BARRIER,UNKNOWN,WORN SURFACE,13,3,10
Hyundai Verna,NO CONTROLS,CLOUDY/OVERCAST,DAYLIGHT,T-INTERSECTION,DRY,SHOULDER DEFECT,15,2,5
Nissan Magnite,PEDESTRIAN CROSSING SIGN,CLEAR,DARKNESS,DIVIDED - W/MEDIAN (NOT RAISED),"SAND, MUD, DIRT","RUT, HOLES",21,3,9
Volkswagen Virtus,NO CONTROLS,RAIN,UNKNOWN,NOT DIVIDED,WET,NO DEFECTS,15,7,9
Maruti Suzuki Swift,STOP SIGN/FLASHER,RAIN,DAYLIGHT,NOT DIVIDED,WET,NO DEFECTS,9,7,8
Hyundai i20,STOP SIGN/FLASHER,RAIN,DAYLIGHT,NOT DIVIDED,WET,NO DEFECTS,13,4,7
Maruti Suzuki Brezza,NO CONTROLS,CLEAR,DAYLIGHT,FOUR WAY,DRY,NO DEFECTS,14,3,6
Maruti Suzuki Wagon R,NO CONTROLS,RAIN,DARKNESS,DIVIDED - W/MEDIAN (NOT RAISED),WET,"RUT, HOLES",5,7,6
Hyundai i20,PEDESTRIAN CROSSING SIGN,CLEAR,DARKNESS,UNKNOWN INTERSECTION TYPE,DRY,WORN SURFACE,18,4,12
Tata Nexon,NO CONTROLS,CLEAR,DAYLIGHT,TRAFFIC ROUTE,DRY,"RUT, HOLES",6,1,10
Mahindra Scorpio,TRAFFIC SIGNAL,CLEAR,DAYLIGHT,DIVIDED - W/MEDIAN (NOT RAISED),DRY,NO DEFECTS,12,3,12
Honda City,NO CONTROLS,CLOUDY/OVERCAST,DAWN,OTHER,DRY,NO DEFECTS,19,5,2
Mahindra XUV700,TRAFFIC SIGNAL,CLOUDY/OVERCAST,DAYLIGHT,DIVIDED - W/MEDIAN BARRIER,DRY,"RUT, HOLES",14,7,9
Kia Seltos,NO CONTROLS,CLOUDY/OVERCAST,DARKNESS,T-INTERSECTION,DRY,WORN SURFACE,19,4,12
Maruti Suzuki Brezza,NO CONTROLS,CLOUDY/OVERCAST,DAYLIGHT,NOT DIVIDED,DRY,SHOULDER DEFECT,11,2,3
Skoda Slavia,NO CONTROLS,FOG/SMOKE/HAZE,DARKNESS,NOT DIVIDED,"SAND, MUD, DIRT",OTHER,21,3,1
Tata Nexon,NO CONTROLS,RAIN,DAYLIGHT,NOT DIVIDED,WET,DEBRIS ON ROADWAY,8,1,9
Tata Punch,UNKNOWN,UNKNOWN,"DARKNESS, LIGHTED ROAD",UNKNOWN INTERSECTION TYPE,UNKNOWN,"RUT, HOLES",1,7,8
Hyundai Creta,NO CONTROLS,FOG/SMOKE/HAZE,DARKNESS,DIVIDED - W/MEDIAN BARRIER,DRY,WORN SURFACE,19,1,11
Volkswagen Virtus,TRAFFIC SIGNAL,CLOUDY/OVERCAST,DAWN,NOT DIVIDED,"SAND, MUD, DIRT",NO DEFECTS,18,1,2
Nissan Magnite,PEDESTRIAN CROSSING SIGN,CLEAR,DAYLIGHT,NOT DIVIDED,DRY,NO DEFECTS,8,5,10
Hyundai i20,NO CONTROLS,CLEAR,DARKNESS,FOUR WAY,DRY,NO DEFECTS,23,2,3
Hyundai i20,YIELD,CLEAR,DAYLIGHT,NOT DIVIDED,DRY,NO DEFECTS,14,3,3
Mahindra Thar,TRAFFIC SIGNAL,CLEAR,DARKNESS,NOT DIVIDED,DRY,NO DEFECTS,22,4,3
Maruti Suzuki Brezza,STOP SIGN/FLASHER,CLEAR,DAYLIGHT,ONE-WAY,DRY,SHOULDER DEFECT,14,6,10
Maruti Suzuki Wagon R,TRAFFIC SIGNAL,RAIN,DAYLIGHT,NOT DIVIDED,WET,"RUT, HOLES",14,3,9
Maruti Suzuki Brezza,NO CONTROLS,RAIN,DAYLIGHT,NOT DIVIDED,WET,WORN SURFACE,13,7,7
Renault Kiger,NO CONTROLS,RAIN,DAYLIGHT,UNKNOWN INTERSECTION TYPE,WET,DEBRIS ON ROADWAY,11,4,6
Hyundai i20,NO CONTROLS,FOG/SMOKE/HAZE,DAYLIGHT,ONE-WAY,WET,UNKNOWN,9,7,11
Hyundai i20,OTHER,RAIN,DAYLIGHT,NOT DIVIDED,WET,DEBRIS ON ROADWAY,13,4,6
Mahindra Thar,NO CONTROLS,CLEAR,DARKNESS,UNKNOWN INTERSECTION TYPE,DRY,WORN SURFACE,1,4,10
Mahindra Thar,FLASHING CONTROL SIGNAL,RAIN,DAYLIGHT,ALLEY,WET,"RUT, HOLES",9,7,7
Kia Seltos,NO CONTROLS,RAIN,DAYLIGHT,NOT DIVIDED,WET,"RUT, HOLES",8,6,6
Kia Seltos,TRAFFIC SIGNAL,OTHER,DARKNESS,NOT DIVIDED,DRY,WORN SURFACE,20,2,7
Tata Nexon,TRAFFIC SIGNAL,CLEAR,DAYLIGHT,NOT DIVIDED,DRY,DEBRIS ON ROADWAY,16,5,5
Tata Punch,LANE USE MARKING,CLEAR,DUSK,UNKNOWN INTERSECTION TYPE,DRY,OTHER,18,2,9
Maruti Suzuki Swift,NO CONTROLS,CLOUDY/OVERCAST,DARKNESS,OTHER,DRY,WORN SURFACE,22,3,7
Hyundai i20,NO CONTROLS,CLEAR,DAYLIGHT,NOT DIVIDED,DRY,"RUT, HOLES",16,6,4
Hyundai i20,TRAFFIC SIGNAL,FOG/SMOKE/HAZE,DAWN,DIVIDED - W/MEDIAN (NOT RAISED),UNKNOWN,OTHER,22,6,11
Hyundai Creta,FLASHING CONTROL SIGNAL,RAIN,DAYLIGHT,T-INTERSECTION,UNKNOWN,OTHER,10,3,6
Tata Harrier,NO CONTROLS,CLOUDY/OVERCAST,DAYLIGHT,NOT DIVIDED,DRY,"RUT, HOLES",7,1,8
Maruti Suzuki Baleno,TRAFFIC SIGNAL,FOG/SMOKE/HAZE,DAYLIGHT,T-INTERSECTION,DRY,"RUT, HOLES",8,5,11
Volkswagen Virtus,NO CONTROLS,RAIN,DAYLIGHT,NOT DIVIDED,WET,WORN SURFACE,14,2,8
Toyota Fortuner,TRAFFIC SIGNAL,CLEAR,DARKNESS,NOT DIVIDED,DRY,"RUT, HOLES",20,1,2
Hyundai Creta,TRAFFIC SIGNAL,CLEAR,DAYLIGHT,NOT DIVIDED,DRY,WORN SURFACE,15,1,12
Renault Kiger,TRAFFIC SIGNAL,CLEAR,DAYLIGHT,"FIVE POINT, OR MORE",DRY,NO DEFECTS,10,6,8
Toyota Fortuner,STOP SIGN/FLASHER,RAIN,DAWN,ALLEY,WET,"RUT, HOLES",18,4,6
Kia Sonet,NO CONTROLS,OTHER,DAYLIGHT,CENTER TURN LANE,"SAND, MUD, DIRT","RUT, HOLES",14,3,2
Maruti Suzuki Baleno,STOP SIGN/FLASHER,CLEAR,DAWN,CENTER TURN LANE,"SAND, MUD, DIRT",WORN SURFACE,7,7,10
Tata Punch,TRAFFIC SIGNAL,RAIN,DAYLIGHT,NOT DIVIDED,UNKNOWN,NO DEFECTS,15,6,8
Volkswagen Virtus,PEDESTRIAN CROSSING SIGN,RAIN,UNKNOWN,ALLEY,WET,NO DEFECTS,21,4,7
Toyota Innova,STOP SIGN/FLASHER,CLOUDY/OVERCAST,DARKNESS,NOT DIVIDED,"SAND, MUD, DIRT",DEBRIS ON ROADWAY,19,3,11
Maruti Suzuki Baleno,NO CONTROLS,CLEAR,DAYLIGHT,OTHER,DRY,NO DEFECTS,16,4,10
Tata Nexon,NO CONTROLS,CLEAR,"DARKNESS, LIGHTED ROAD",DIVIDED - W/MEDIAN (NOT RAISED),DRY,NO DEFECTS,12,6,2
Toyota Fortuner,TRAFFIC SIGNAL,OTHER,DARKNESS,NOT DIVIDED,"SAND, MUD, DIRT",WORN SURFACE,4,1,6
Tata Altroz,STOP SIGN/FLASHER,CLOUDY/OVERCAST,DAYLIGHT,NOT DIVIDED,OTHER,NO DEFECTS,14,5,4
Maruti Suzuki Swift,TRAFFIC SIGNAL,RAIN,DAYLIGHT,NOT DIVIDED,DRY,SHOULDER DEFECT,18,6,9
Hyundai Venue,NO CONTROLS,CLOUDY/OVERCAST,DAYLIGHT,T-INTERSECTION,DRY,NO DEFECTS,11,6,1
Maruti Suzuki Baleno,NO CONTROLS,CLOUDY/OVERCAST,DARKNESS,FOUR WAY,DRY,WORN SURFACE,8,2,8
Mahindra Scorpio,UNKNOWN,RAIN,DARKNESS,DIVIDED - W/MEDIAN BARRIER,WET,"RUT, HOLES",21,2,9
Renault Kiger,TRAFFIC SIGNAL,FOG/SMOKE/HAZE,DAYLIGHT,NOT DIVIDED,"SAND, MUD, DIRT",DEBRIS ON ROADWAY,18,2,11
Hyundai Creta,NO CONTROLS,CLEAR,DAYLIGHT,T-INTERSECTION,WET,NO DEFECTS,16,7,6
Maruti Suzuki Baleno,STOP SIGN/FLASHER,OTHER,DUSK,ONE-WAY,DRY,NO DEFECTS,6,2,10
Mahindra Scorpio,PEDESTRIAN CROSSING SIGN,CLEAR,DAYLIGHT,NOT DIVIDED,DRY,OTHER,7,6,2
Kia Seltos,NO CONTROLS,FREEZING RAIN/DRIZZLE,"DARKNESS, LIGHTED ROAD",NOT DIVIDED,WET,WORN SURFACE,5,7,11
Mahindra Thar,TRAFFIC SIGNAL,CLEAR,DAYLIGHT,ALLEY,OTHER,WORN SURFACE,16,7,2
Maruti Suzuki Brezza,NO CONTROLS,FOG/SMOKE/HAZE,DARKNESS,T-INTERSECTION,DRY,NO DEFECTS,5,4,6
Maruti Suzuki Wagon R,YIELD,UNKNOWN,DARKNESS,NOT DIVIDED,DRY,"RUT, HOLES",19,6,10
Toyota Fortuner,STOP SIGN/FLASHER,CLEAR,DARKNESS,NOT DIVIDED,"SAND, MUD, DIRT",NO DEFECTS,23,6,2
Mahindra Thar,STOP SIGN/FLASHER,CLEAR,DAYLIGHT,NOT DIVIDED,DRY,NO DEFECTS,11,7,4
Maruti Suzuki Baleno,TRAFFIC SIGNAL,RAIN,DAYLIGHT,NOT DIVIDED,"SAND, MUD, DIRT","RUT, HOLES",13,2,9
Hyundai Venue,NO CONTROLS,RAIN,DUSK,NOT DIVIDED,"SAND, MUD, DIRT",UNKNOWN,17,6,9
Maruti Suzuki Wagon R,NO CONTROLS,FOG/SMOKE/HAZE,DARKNESS,NOT DIVIDED,DRY,NO DEFECTS,20,5,8
Hyundai Venue,NO CONTROLS,RAIN,DARKNESS,NOT DIVIDED,WET,NO DEFECTS,20,5,9
Mahindra XUV700,STOP SIGN/FLASHER,RAIN,"DARKNESS, LIGHTED ROAD",NOT DIVIDED,WET,NO DEFECTS,2,6,8
Renault Kiger,NO CONTROLS,CLEAR,DAYLIGHT,OTHER,DRY,WORN SURFACE,7,3,5
Hyundai Creta,NO CONTROLS,CLOUDY/OVERCAST,DAYLIGHT,NOT DIVIDED,DRY,"RUT, HOLES",18,1,6
Tata Punch,NO CONTROLS,CLEAR,DAYLIGHT,DIVIDED - W/MEDIAN (NOT RAISED),DRY,NO DEFECTS,17,4,3
Hyundai Verna,TRAFFIC SIGNAL,CLEAR,DAYLIGHT,NOT DIVIDED,DRY,SHOULDER DEFECT,6,3,11
Mahindra XUV700,PEDESTRIAN CROSSING SIGN,CLOUDY/OVERCAST,DAYLIGHT,NOT DIVIDED,DRY,NO DEFECTS,14,2,8
Kia Seltos,NO CONTROLS,RAIN,UNKNOWN,NOT DIVIDED,WET,NO DEFECTS,18,7,6
Mahindra XUV700,NO CONTROLS,CLEAR,DAYLIGHT,NOT DIVIDED,DRY,NO DEFECTS,8,2,7
Nissan Magnite,STOP SIGN/FLASHER,FOG/SMOKE/HAZE,DUSK,NOT REPORTED,DRY,NO DEFECTS,19,2,12
Tata Nexon,STOP SIGN/FLASHER,UNKNOWN,DARKNESS,NOT DIVIDED,DRY,NO DEFECTS,2,3,2
Toyota Innova,TRAFFIC SIGNAL,RAIN,DARKNESS,NOT DIVIDED,WET,NO DEFECTS,18,4,8
Renault Kiger,NO CONTROLS,RAIN,DAYLIGHT,NOT DIVIDED,DRY,"RUT, HOLES",16,7,7
Honda Amaze,STOP SIGN/FLASHER,CLEAR,DAYLIGHT,NOT DIVIDED,DRY,NO DEFECTS,10,2,8
Honda City,NO CONTROLS,RAIN,DAYLIGHT,FOUR WAY,OTHER,NO DEFECTS,17,5,1
Kia Seltos,NO CONTROLS,CLOUDY/OVERCAST,"DARKNESS, LIGHTED ROAD",NOT DIVIDED,DRY,NO DEFECTS,18,3,11
Tata Punch,TRAFFIC SIGNAL,CLOUDY/OVERCAST,DARKNESS,NOT DIVIDED,DRY,NO DEFECTS,21,6,12
Mahindra Scorpio,TRAFFIC SIGNAL,RAIN,DAYLIGHT,NOT DIVIDED,DRY,NO DEFECTS,11,5,8
Hyundai Verna,NO CONTROLS,RAIN,DAYLIGHT,DIVIDED - W/MEDIAN (NOT RAISED),WET,NO DEFECTS,17,6,9
Tata Nexon,TRAFFIC SIGNAL,FOG/SMOKE/HAZE,DAYLIGHT,ONE-WAY,DRY,UNKNOWN,12,7,12
Mahindra Thar,NO CONTROLS,CLOUDY/OVERCAST,DAYLIGHT,NOT DIVIDED,DRY,"RUT, HOLES",15,7,9
Maruti Suzuki Brezza,TRAFFIC SIGNAL,CLEAR,DARKNESS,DIVIDED - W/MEDIAN (NOT RAISED),DRY,WORN SURFACE,20,7,2
Maruti Suzuki Wagon R,NO CONTROLS,OTHER,DARKNESS,NOT DIVIDED,DRY,WORN SURFACE,0,5,8
Mahindra Scorpio,NO CONTROLS,OTHER,DAYLIGHT,NOT DIVIDED,DRY,"RUT, HOLES",9,5,8
Hyundai Venue,LANE USE MARKING,UNKNOWN,DARKNESS,UNKNOWN INTERSECTION TYPE,DRY,WORN SURFACE,15,2,7
Hyundai Creta,STOP SIGN/FLASHER,OTHER,DAYLIGHT,NOT DIVIDED,"SAND, MUD, DIRT","RUT, HOLES",7,1,9
Hyundai i20,TRAFFIC SIGNAL,CLEAR,"DARKNESS, LIGHTED ROAD",DIVIDED - W/MEDIAN (NOT RAISED),"SAND, MUD, DIRT","RUT, HOLES",21,4,12
Volkswagen Virtus,TRAFFIC SIGNAL,RAIN,DAYLIGHT,NOT DIVIDED,WET,DEBRIS ON ROADWAY,16,6,12
Hyundai Venue,TRAFFIC SIGNAL,RAIN,DAYLIGHT,NOT DIVIDED,"SAND, MUD, DIRT",NO DEFECTS,14,2,7
Maruti Suzuki Baleno,STOP SIGN/FLASHER,OTHER,"DARKNESS, LIGHTED ROAD",DIVIDED - W/MEDIAN (NOT RAISED),DRY,NO DEFECTS,19,3,2
Volkswagen Virtus,NO CONTROLS,CLEAR,DAYLIGHT,T-INTERSECTION,DRY,NO DEFECTS,13,6,12
Volkswagen Virtus,PEDESTRIAN CROSSING SIGN,CLOUDY/OVERCAST,DAWN,ONE-WAY,WET,SHOULDER DEFECT,15,2,11
Maruti Suzuki Swift,NO CONTROLS,FREEZING RAIN/DRIZZLE,DARKNESS,FOUR WAY,WET,"RUT, HOLES",0,5,2
Volkswagen Virtus,OTHER,CLEAR,DAYLIGHT,DIVIDED - W/MEDIAN (NOT RAISED),DRY,DEBRIS ON ROADWAY,11,5,12
Nissan Magnite,TRAFFIC SIGNAL,RAIN,UNKNOWN,ONE-WAY,WET,NO DEFECTS,6,7,11
Hyundai Verna,STOP SIGN/FLASHER,RAIN,DAYLIGHT,DIVIDED - W/MEDIAN (NOT RAISED),WET,"RUT, HOLES",17,4,7
Toyota Fortuner,NO CONTROLS,CLEAR,DAYLIGHT,UNKNOWN,DRY,"RUT, HOLES",14,2,8
Nissan Magnite,NO CONTROLS,RAIN,DAYLIGHT,DIVIDED - W/MEDIAN (NOT RAISED),DRY,"RUT, HOLES",10,2,6
Volkswagen Virtus,STOP SIGN/FLASHER,FOG/SMOKE/HAZE,DAYLIGHT,NOT DIVIDED,DRY,WORN SURFACE,8,3,1
Skoda Slavia,TRAFFIC SIGNAL,CLOUDY/OVERCAST,DAYLIGHT,NOT DIVIDED,DRY,NO DEFECTS,8,3,6
Maruti Suzuki Brezza,TRAFFIC SIGNAL,CLEAR,DARKNESS,NOT DIVIDED,DRY,"RUT, HOLES",21,6,10
Nissan Magnite,TRAFFIC SIGNAL,CLEAR,"DARKNESS, LIGHTED ROAD",NOT DIVIDED,"SAND, MUD, DIRT",NO DEFECTS,2,5,1
Tata Punch,OTHER WARNING SIGN,CLOUDY/OVERCAST,DARKNESS,NOT DIVIDED,DRY,"RUT, HOLES",20,6,6
Renault Kiger,OTHER REG. SIGN,RAIN,DAYLIGHT,NOT DIVIDED,WET,"RUT, HOLES",14,5,6
Toyota Innova,NO CONTROLS,FOG/SMOKE/HAZE,DAYLIGHT,ALLEY,"SAND, MUD, DIRT",DEBRIS ON ROADWAY,13,4,7
Volkswagen Virtus,NO CONTROLS,FOG/SMOKE/HAZE,DAYLIGHT,NOT DIVIDED,DRY,DEBRIS ON ROADWAY,7,7,12
Maruti Suzuki Baleno,STOP SIGN/FLASHER,RAIN,DARKNESS,NOT DIVIDED,WET,"RUT, HOLES",22,6,6
Maruti Suzuki Swift,TRAFFIC SIGNAL,RAIN,DARKNESS,ONE-WAY,WET,NO DEFECTS,9,2,6
Hyundai i20,STOP SIGN/FLASHER,SLEET/HAIL,DAYLIGHT,NOT DIVIDED,WET,SHOULDER DEFECT,16,4,9
Maruti Suzuki Wagon R,NO CONTROLS,RAIN,DARKNESS,DIVIDED - W/MEDIAN BARRIER,WET,NO DEFECTS,23,3,7
Maruti Suzuki Swift,TRAFFIC SIGNAL,CLEAR,DAWN,T-INTERSECTION,DRY,"RUT, HOLES",20,6,4
Tata Nexon,TRAFFIC SIGNAL,RAIN,DAYLIGHT,DIVIDED - W/MEDIAN (NOT RAISED),WET,NO DEFECTS,15,3,7
Toyota Innova,UNKNOWN,CLEAR,DAWN,NOT DIVIDED,UNKNOWN,NO DEFECTS,23,5,2
Skoda Slavia,STOP SIGN/FLASHER,CLEAR,DAYLIGHT,NOT DIVIDED,DRY,"RUT, HOLES",17,3,3
Maruti Suzuki Brezza,UNKNOWN,RAIN,DAYLIGHT,NOT DIVIDED,WET,NO DEFECTS,8,2,7
Nissan Magnite,NO CONTROLS,CLEAR,DAYLIGHT,ONE-WAY,"SAND, MUD, DIRT",DEBRIS ON ROADWAY,12,1,7
Mahindra Scorpio,YIELD,CLOUDY/OVERCAST,DAYLIGHT,UNKNOWN INTERSECTION TYPE,DRY,"RUT, HOLES",11,7,12
Skoda Slavia,NO CONTROLS,CLEAR,DUSK,T-INTERSECTION,DRY,"RUT, HOLES",11,2,6
Hyundai Verna,TRAFFIC SIGNAL,CLEAR,DUSK,DIVIDED - W/MEDIAN (NOT RAISED),DRY,NO DEFECTS,18,6,8
Nissan Magnite,PEDESTRIAN CROSSING SIGN,CLEAR,DAYLIGHT,"FIVE POINT, OR MORE",DRY,NO DEFECTS,16,6,8
Hyundai i20,TRAFFIC SIGNAL,CLOUDY/OVERCAST,"DARKNESS, LIGHTED ROAD",DIVIDED - W/MEDIAN BARRIER,DRY,WORN SURFACE,1,2,1
Tata Harrier,TRAFFIC SIGNAL,RAIN,DARKNESS,FOUR WAY,WET,WORN SURFACE,20,4,9
Tata Nexon,UNKNOWN,CLEAR,DAYLIGHT,NOT DIVIDED,"SAND, MUD, DIRT","RUT, HOLES",10,6,3
Honda Amaze,NO CONTROLS,FOG/SMOKE/HAZE,DARKNESS,NOT DIVIDED,DRY,NO DEFECTS,23,6,12
Hyundai i20,STOP SIGN/FLASHER,CLOUDY/OVERCAST,DAWN,NOT DIVIDED,DRY,"RUT, HOLES",22,3,2
Tata Punch,OTHER,OTHER,DARKNESS,NOT DIVIDED,DRY,WORN SURFACE,22,7,7
Mahindra Thar,TRAFFIC SIGNAL,CLOUDY/OVERCAST,DARKNESS,NOT DIVIDED,"SAND, MUD, DIRT",WORN SURFACE,19,3,1
Maruti Suzuki Brezza,YIELD,CLEAR,DAYLIGHT,UNKNOWN INTERSECTION TYPE,DRY,"RUT, HOLES",8,2,12
Hyundai i20,STOP SIGN/FLASHER,OTHER,DAYLIGHT,T-INTERSECTION,WET,DEBRIS ON ROADWAY,15,2,7
Maruti Suzuki Wagon R,TRAFFIC SIGNAL,RAIN,DAYLIGHT,T-INTERSECTION,WET,"RUT, HOLES",8,6,8
Toyota Fortuner,NO CONTROLS,FOG/SMOKE/HAZE,DAYLIGHT,NOT DIVIDED,DRY,NO DEFECTS,7,1,1
Maruti Suzuki Brezza,NO CONTROLS,RAIN,DAYLIGHT,NOT DIVIDED,WET,"RUT, HOLES",16,7,9
Mahindra Scorpio,TRAFFIC SIGNAL,CLEAR,DAYLIGHT,NOT DIVIDED,DRY,"RUT, HOLES",1,3,4
Kia Sonet,NO CONTROLS,CLEAR,DARKNESS,NOT DIVIDED,DRY,NO DEFECTS,22,3,11
Maruti Suzuki Wagon R,NO CONTROLS,OTHER,"DARKNESS, LIGHTED ROAD",NOT DIVIDED,DRY,"RUT, HOLES",21,6,4
Maruti Suzuki Brezza,UNKNOWN,CLEAR,DAYLIGHT,NOT DIVIDED,"SAND, MUD, DIRT","RUT, HOLES",12,6,3
Mahindra Thar,STOP SIGN/FLASHER,FOG/SMOKE/HAZE,DAYLIGHT,NOT DIVIDED,WET,WORN SURFACE,9,4,1
Tata Nexon,NO CONTROLS,UNKNOWN,DAYLIGHT,NOT DIVIDED,DRY,DEBRIS ON ROADWAY,13,5,7
Honda Amaze,STOP SIGN/FLASHER,OTHER,"DARKNESS, LIGHTED ROAD",NOT DIVIDED,"SAND, MUD, DIRT",SHOULDER DEFECT,20,6,8
Honda Amaze,STOP SIGN/FLASHER,CLEAR,DAYLIGHT,NOT DIVIDED,WET,NO DEFECTS,17,6,1
Tata Harrier,OTHER WARNING SIGN,CLOUDY/OVERCAST,DAYLIGHT,Y-INTERSECTION,DRY,"RUT, HOLES",9,5,10
Tata Punch,TRAFFIC SIGNAL,OTHER,DAYLIGHT,FOUR WAY,DRY,"RUT, HOLES",13,7,7
Kia Seltos,STOP SIGN/FLASHER,OTHER,DAYLIGHT,FOUR WAY,DRY,NO DEFECTS,13,7,7
Tata Altroz,STOP SIGN/FLASHER,RAIN,DARKNESS,DIVIDED - W/MEDIAN (NOT RAISED),WET,NO DEFECTS,22,7,7
Honda City,PEDESTRIAN CROSSING SIGN,CLOUDY/OVERCAST,DAYLIGHT,T-INTERSECTION,DRY,NO DEFECTS,7,3,6
Honda Amaze,TRAFFIC SIGNAL,RAIN,DARKNESS,T-INTERSECTION,OTHER,NO DEFECTS,5,2,8
Tata Harrier,NO CONTROLS,FOG/SMOKE/HAZE,"DARKNESS, LIGHTED ROAD",UNKNOWN INTERSECTION TYPE,DRY,WORN SURFACE,19,2,3
Maruti Suzuki Swift,STOP SIGN/FLASHER,CLEAR,DARKNESS,NOT DIVIDED,"SAND, MUD, DIRT",NO DEFECTS,20,6,3
Mahindra Scorpio,NO CONTROLS,FOG/SMOKE/HAZE,DARKNESS,ONE-WAY,DRY,NO DEFECTS,19,1,11
Maruti Suzuki Baleno,UNKNOWN,CLOUDY/OVERCAST,DAYLIGHT,RAMP,DRY,NO DEFECTS,14,2,12
Mahindra Thar,TRAFFIC SIGNAL,RAIN,DAYLIGHT,NOT DIVIDED,"SAND, MUD, DIRT",WORN SURFACE,17,7,6
Hyundai Verna,NO CONTROLS,CLEAR,DAYLIGHT,NOT DIVIDED,DRY,NO DEFECTS,15,1,5
Nissan Magnite,NO CONTROLS,CLEAR,"DARKNESS, LIGHTED ROAD",NOT DIVIDED,"SAND, MUD, DIRT",NO DEFECTS,3,1,8
Honda City,NO CONTROLS,RAIN,DAYLIGHT,DIVIDED - W/MEDIAN BARRIER,WET,NO DEFECTS,16,7,6
Hyundai Creta,STOP SIGN/FLASHER,CLOUDY/OVERCAST,"DARKNESS, LIGHTED ROAD",NOT DIVIDED,OTHER,NO DEFECTS,0,3,1
Kia Sonet,STOP SIGN/FLASHER,CLEAR,DAYLIGHT,FOUR WAY,DRY,NO DEFECTS,10,7,3
Renault Kiger,NO CONTROLS,CLOUDY/OVERCAST,DARKNESS,ALLEY,DRY,WORN SURFACE,21,3,9
Kia Sonet,TRAFFIC SIGNAL,RAIN,DAYLIGHT,NOT DIVIDED,WET,NO DEFECTS,10,3,8
Tata Punch,FLASHING CONTROL SIGNAL,CLEAR,DUSK,NOT DIVIDED,"SAND, MUD, DIRT",NO DEFECTS,22,2,1
Tata Altroz,NO CONTROLS,CLEAR,DAYLIGHT,L-INTERSECTION,DRY,NO DEFECTS,9,7,4
Toyota Fortuner,NO CONTROLS,CLEAR,DAYLIGHT,DIVIDED - W/MEDIAN BARRIER,UNKNOWN,DEBRIS ON ROADWAY,10,6,4
Maruti Suzuki Wagon R,TRAFFIC SIGNAL,RAIN,"DARKNESS, LIGHTED ROAD",T-INTERSECTION,WET,NO DEFECTS,16,2,9
Tata Punch,STOP SIGN/FLASHER,FOG/SMOKE/HAZE,DUSK,NOT DIVIDED,DRY,UNKNOWN,18,6,1
Tata Punch,NO CONTROLS,CLEAR,DAYLIGHT,OTHER,DRY,WORN SURFACE,14,1,2
Skoda Slavia,NO CONTROLS,CLEAR,DARKNESS,CENTER TURN LANE,DRY,"RUT, HOLES",20,5,10
Toyota Fortuner,NO CONTROLS,UNKNOWN,DARKNESS,T-INTERSECTION,DRY,WORN SURFACE,1,2,3
Kia Seltos,NO CONTROLS,RAIN,"DARKNESS, LIGHTED ROAD",NOT DIVIDED,WET,"RUT, HOLES",21,7,8
Maruti Suzuki Swift,LANE USE MARKING,CLEAR,DUSK,FOUR WAY,"SAND, MUD, DIRT","RUT, HOLES",8,4,4
Maruti Suzuki Swift,STOP SIGN/FLASHER,CLEAR,"DARKNESS, LIGHTED ROAD",NOT DIVIDED,WET,"RUT, HOLES",20,7,2
Maruti Suzuki Wagon R,NO CONTROLS,CLEAR,DAYLIGHT,NOT DIVIDED,DRY,"RUT, HOLES",12,5,4
Honda Amaze,NO CONTROLS,RAIN,"DARKNESS, LIGHTED ROAD",ONE-WAY,WET,NO DEFECTS,19,4,9
Renault Kiger,NO CONTROLS,OTHER,DAYLIGHT,NOT DIVIDED,OTHER,"RUT, HOLES",17,6,11
Tata Punch,STOP SIGN/FLASHER,CLEAR,DAYLIGHT,NOT DIVIDED,DRY,WORN SURFACE,7,6,10
Nissan Magnite,TRAFFIC SIGNAL,RAIN,DARKNESS,DIVIDED - W/MEDIAN (NOT RAISED),WET,NO DEFECTS,21,1,6
Mahindra Thar,NO CONTROLS,RAIN,DAYLIGHT,NOT DIVIDED,WET,OTHER,9,5,9
Hyundai Creta,UNKNOWN,CLEAR,DUSK,NOT DIVIDED,"SAND, MUD, DIRT",NO DEFECTS,9,6,4
Kia Sonet,TRAFFIC SIGNAL,OTHER,"DARKNESS, LIGHTED ROAD",NOT DIVIDED,UNKNOWN,DEBRIS ON ROADWAY,19,4,5
Tata Nexon,TRAFFIC SIGNAL,CLOUDY/OVERCAST,DARKNESS,DIVIDED - W/MEDIAN (NOT RAISED),UNKNOWN,WORN SURFACE,5,1,11
Mahindra XUV700,NO CONTROLS,FOG/SMOKE/HAZE,DAYLIGHT,NOT DIVIDED,OTHER,"RUT, HOLES",6,1,1
Maruti Suzuki Swift,NO CONTROLS,RAIN,DUSK,NOT DIVIDED,WET,SHOULDER DEFECT,14,6,1
Mahindra Scorpio,STOP SIGN/FLASHER,CLEAR,"DARKNESS, LIGHTED ROAD",NOT DIVIDED,DRY,SHOULDER DEFECT,19,2,4
Hyundai Venue,STOP SIGN/FLASHER,FOG/SMOKE/HAZE,DUSK,NOT DIVIDED,DRY,NO DEFECTS,6,2,1
Hyundai Creta,NO CONTROLS,CLEAR,DAYLIGHT,Y-INTERSECTION,DRY,WORN SURFACE,15,3,3
Nissan Magnite,DELINEATORS,UNKNOWN,DAWN,NOT DIVIDED,DRY,NO DEFECTS,17,1,8
Maruti Suzuki Wagon R,TRAFFIC SIGNAL,RAIN,DAWN,FOUR WAY,WET,"RUT, HOLES",20,1,7
Toyota Innova,NO CONTROLS,CLEAR,"DARKNESS, LIGHTED ROAD",DIVIDED - W/MEDIAN (NOT RAISED),DRY,DEBRIS ON ROADWAY,21,7,11
Toyota Innova,OTHER,CLEAR,DAYLIGHT,NOT DIVIDED,DRY,NO DEFECTS,18,3,10
Toyota Fortuner,STOP SIGN/FLASHER,RAIN,DAYLIGHT,NOT DIVIDED,WET,NO DEFECTS,17,5,6
Renault Kiger,NO CONTROLS,CLEAR,DAYLIGHT,OTHER,DRY,"RUT, HOLES",13,7,5
Hyundai Verna,NO CONTROLS,CLOUDY/OVERCAST,"DARKNESS, LIGHTED ROAD",DIVIDED - W/MEDIAN (NOT RAISED),"SAND, MUD, DIRT",NO DEFECTS,6,7,6
Volkswagen Virtus,NO CONTROLS,CLOUDY/OVERCAST,DAYLIGHT,NOT DIVIDED,WET,NO DEFECTS,17,6,8
Volkswagen Virtus,NO CONTROLS,CLEAR,"DARKNESS, LIGHTED ROAD",ONE-WAY,OTHER,"RUT, HOLES",23,7,5
Hyundai Venue,NO CONTROLS,RAIN,DAWN,NOT DIVIDED,WET,"RUT, HOLES",18,4,8
Tata Altroz,STOP SIGN/FLASHER,CLEAR,"DARKNESS, LIGHTED ROAD",ONE-WAY,DRY,"RUT, HOLES",0,6,6
Maruti Suzuki Swift,NO CONTROLS,CLEAR,DAYLIGHT,NOT DIVIDED,DRY,"RUT, HOLES",14,7,8
Maruti Suzuki Brezza,NO CONTROLS,RAIN,DAYLIGHT,DIVIDED - W/MEDIAN (NOT RAISED),WET,UNKNOWN,16,1,7
Maruti Suzuki Swift,NO CONTROLS,CLOUDY/OVERCAST,DAYLIGHT,T-INTERSECTION,"SAND, MUD, DIRT",OTHER,17,3,5
Maruti Suzuki Brezza,NO CONTROLS,CLEAR,DAYLIGHT,DIVIDED - W/MEDIAN (NOT RAISED),DRY,WORN SURFACE,17,6,12
Hyundai Verna,NO CONTROLS,RAIN,DAYLIGHT,NOT DIVIDED,"SAND, MUD, DIRT",NO DEFECTS,15,3,9
Tata Nexon,NO CONTROLS,CLEAR,UNKNOWN,T-INTERSECTION,DRY,NO DEFECTS,8,1,2
Honda Amaze,STOP SIGN/FLASHER,CLEAR,"DARKNESS, LIGHTED ROAD",ONE-WAY,DRY,DEBRIS ON ROADWAY,22,6,11
Hyundai Verna,NO CONTROLS,UNKNOWN,DAYLIGHT,NOT DIVIDED,WET,"RUT, HOLES",17,2,7
Tata Punch,NO CONTROLS,UNKNOWN,DAYLIGHT,NOT DIVIDED,DRY,OTHER,8,3,11
Maruti Suzuki Swift,OTHER,CLEAR,DAYLIGHT,NOT DIVIDED,DRY,"RUT, HOLES",10,7,10
Maruti Suzuki Swift,STOP SIGN/FLASHER,CLEAR,"DARKNESS, LIGHTED ROAD",FOUR WAY,DRY,SHOULDER DEFECT,21,2,7
Maruti Suzuki Brezza,STOP SIGN/FLASHER,CLEAR,"DARKNESS, LIGHTED ROAD",Y-INTERSECTION,"SAND, MUD, DIRT",NO DEFECTS,20,7,1
Maruti Suzuki Wagon R,NO CONTROLS,CLOUDY/OVERCAST,UNKNOWN,FOUR WAY,DRY,"RUT, HOLES",12,4,5
Mahindra XUV700,STOP SIGN/FLASHER,CLOUDY/OVERCAST,DARKNESS,ONE-WAY,DRY,WORN SURFACE,1,7,8
Hyundai Verna,LANE USE MARKING,RAIN,"DARKNESS, LIGHTED ROAD",OTHER,OTHER,SHOULDER DEFECT,2,7,8
Honda Amaze,NO CONTROLS,CLEAR,DAYLIGHT,NOT DIVIDED,DRY,"RUT, HOLES",9,4,5
Skoda Slavia,NO CONTROLS,CLEAR,DAYLIGHT,NOT DIVIDED,DRY,NO DEFECTS,16,7,2
Maruti Suzuki Baleno,STOP SIGN/FLASHER,UNKNOWN,DAYLIGHT,NOT DIVIDED,DRY,DEBRIS ON ROADWAY,16,5,10
Mahindra Scorpio,NO CONTROLS,FOG/SMOKE/HAZE,"DARKNESS, LIGHTED ROAD",DIVIDED - W/MEDIAN (NOT RAISED),"SAND, MUD, DIRT","RUT, HOLES",14,4,12
Tata Punch,UNKNOWN,RAIN,DAYLIGHT,NOT DIVIDED,WET,NO DEFECTS,17,5,7
Tata Harrier,STOP SIGN/FLASHER,CLEAR,DARKNESS,FOUR WAY,WET,"RUT, HOLES",0,1,3
Mahindra XUV700,NO CONTROLS,CLOUDY/OVERCAST,DARKNESS,NOT DIVIDED,UNKNOWN,WORN SURFACE,5,6,5
Skoda Slavia,NO CONTROLS,OTHER,DAYLIGHT,DIVIDED - W/MEDIAN BARRIER,"SAND, MUD, DIRT","RUT, HOLES",11,3,1
Mahindra XUV700,NO CONTROLS,UNKNOWN,DAWN,TRAFFIC ROUTE,DRY,SHOULDER DEFECT,7,3,12
Nissan Magnite,NO CONTROLS,CLEAR,DARKNESS,NOT DIVIDED,"SAND, MUD, DIRT","RUT, HOLES",4,6,2
Maruti Suzuki Wagon R,TRAFFIC SIGNAL,CLOUDY/OVERCAST,DAYLIGHT,DIVIDED - W/MEDIAN (NOT RAISED),WET,"RUT, HOLES",16,3,8
Honda Amaze,NO CONTROLS,CLEAR,"DARKNESS, LIGHTED ROAD",DIVIDED - W/MEDIAN BARRIER,DRY,NO DEFECTS,19,4,5
Renault Kiger,NO CONTROLS,RAIN,DUSK,NOT DIVIDED,WET,"RUT, HOLES",18,4,8
Tata Nexon,NO CONTROLS,RAIN,"DARKNESS, LIGHTED ROAD",NOT DIVIDED,DRY,NO DEFECTS,19,4,8
Tata Altroz,TRAFFIC SIGNAL,CLEAR,DAYLIGHT,T-INTERSECTION,DRY,NO DEFECTS,17,2,10
Mahindra Thar,NO CONTROLS,CLEAR,DARKNESS,T-INTERSECTION,DRY,NO DEFECTS,18,7,4
Hyundai Creta,NO CONTROLS,CLOUDY/OVERCAST,DAYLIGHT,DIVIDED - W/MEDIAN (NOT RAISED),WET,NO DEFECTS,9,5,1
Mahindra XUV700,NO CONTROLS,CLEAR,DARKNESS,UNKNOWN INTERSECTION TYPE,"SAND, MUD, DIRT",NO DEFECTS,23,2,2
Tata Harrier,NO CONTROLS,CLEAR,DAYLIGHT,"FIVE POINT, OR MORE",DRY,"RUT, HOLES",7,1,11
Renault Kiger,OTHER,FOG/SMOKE/HAZE,DUSK,OTHER,DRY,NO DEFECTS,6,5,11
Mahindra Scorpio,STOP SIGN/FLASHER,CLOUDY/OVERCAST,DAYLIGHT,NOT DIVIDED,DRY,NO DEFECTS,9,4,8
Maruti Suzuki Swift,NO CONTROLS,RAIN,DARKNESS,NOT DIVIDED,WET,OTHER,23,7,8
Toyota Innova,FLASHING CONTROL SIGNAL,CLEAR,DARKNESS,DIVIDED - W/MEDIAN BARRIER,UNKNOWN,"RUT, HOLES",23,2,9
Hyundai i20,NO CONTROLS,CLEAR,DARKNESS,FOUR WAY,WET,NO DEFECTS,19,7,3
Maruti Suzuki Baleno,TRAFFIC SIGNAL,CLOUDY/OVERCAST,DAYLIGHT,NOT DIVIDED,WET,NO DEFECTS,16,6,12
Maruti Suzuki Brezza,TRAFFIC SIGNAL,CLEAR,DAYLIGHT,NOT DIVIDED,UNKNOWN,"RUT, HOLES",14,4,7
Volkswagen Virtus,STOP SIGN/FLASHER,RAIN,DARKNESS,OTHER,WET,"RUT, HOLES",22,7,6
Kia Sonet,NO CONTROLS,CLEAR,DAYLIGHT,NOT DIVIDED,DRY,NO DEFECTS,17,7,7
Nissan Magnite,YIELD,FOG/SMOKE/HAZE,"DARKNESS, LIGHTED ROAD",UNKNOWN INTERSECTION TYPE,DRY,NO DEFECTS,20,6,1
Maruti Suzuki Wagon R,STOP SIGN/FLASHER,FOG/SMOKE/HAZE,DAYLIGHT,FOUR WAY,DRY,WORN SURFACE,7,1,3
Hyundai Creta,NO CONTROLS,RAIN,DAYLIGHT,ONE-WAY,WET,DEBRIS ON ROADWAY,11,2,9
Hyundai Venue,NO CONTROLS,FOG/SMOKE/HAZE,"DARKNESS, LIGHTED ROAD",NOT DIVIDED,DRY,SHOULDER DEFECT,19,5,1
Tata Harrier,NO CONTROLS,CLEAR,DAYLIGHT,FOUR WAY,WET,NO DEFECTS,7,2,8
Maruti Suzuki Swift,NO CONTROLS,CLOUDY/OVERCAST,"DARKNESS, LIGHTED ROAD",T-INTERSECTION,"SAND, MUD, DIRT","RUT, HOLES",22,5,4
Volkswagen Virtus,NO CONTROLS,RAIN,DAYLIGHT,NOT DIVIDED,WET,NO DEFECTS,14,5,6
Maruti Suzuki Brezza,NO CONTROLS,CLEAR,DARKNESS,NOT DIVIDED,DRY,"RUT, HOLES",21,5,5
Tata Punch,STOP SIGN/FLASHER,RAIN,DAYLIGHT,FOUR WAY,WET,"RUT, HOLES",11,5,6
Hyundai Creta,STOP SIGN/FLASHER,CLOUDY/OVERCAST,DAYLIGHT,NOT DIVIDED,WET,"RUT, HOLES",17,3,9
Nissan Magnite,NO CONTROLS,CLEAR,DAYLIGHT,OTHER,DRY,"RUT, HOLES",14,2,5
Skoda Slavia,NO CONTROLS,RAIN,DAYLIGHT,Y-INTERSECTION,OTHER,WORN SURFACE,16,4,8
Hyundai Venue,NO CONTROLS,FOG/SMOKE/HAZE,DAYLIGHT,NOT DIVIDED,DRY,WORN SURFACE,9,4,7
Tata Altroz,NO CONTROLS,RAIN,"DARKNESS, LIGHTED ROAD",Y-INTERSECTION,WET,NO DEFECTS,22,3,9
Tata Punch,STOP SIGN/FLASHER,CLEAR,DAYLIGHT,T-INTERSECTION,DRY,WORN SURFACE,17,1,12
Hyundai Venue,NO CONTROLS,RAIN,DAYLIGHT,NOT DIVIDED,WET,WORN SURFACE,9,2,9
Tata Nexon,TRAFFIC SIGNAL,FOG/SMOKE/HAZE,DARKNESS,NOT DIVIDED,"SAND, MUD, DIRT",NO DEFECTS,20,5,4
Maruti Suzuki Baleno,NO CONTROLS,FOG/SMOKE/HAZE,DAYLIGHT,NOT DIVIDED,OTHER,NO DEFECTS,7,5,1
Hyundai i20,NO CONTROLS,CLOUDY/OVERCAST,DAYLIGHT,DIVIDED - W/MEDIAN (NOT RAISED),DRY,WORN SURFACE,11,2,5
Tata Altroz,RAILROAD CROSSING GATE,RAIN,DARKNESS,NOT DIVIDED,"SAND, MUD, DIRT","RUT, HOLES",5,5,8
Maruti Suzuki Baleno,STOP SIGN/FLASHER,FOG/SMOKE/HAZE,"DARKNESS, LIGHTED ROAD",NOT DIVIDED,DRY,WORN SURFACE,19,4,1
Tata Punch,NO CONTROLS,RAIN,DAYLIGHT,NOT DIVIDED,WET,"RUT, HOLES",9,5,7
Hyundai i20,OTHER,RAIN,DAYLIGHT,T-INTERSECTION,"SAND, MUD, DIRT",OTHER,9,7,8
Honda Amaze,NO CONTROLS,CLOUDY/OVERCAST,"DARKNESS, LIGHTED ROAD",FOUR WAY,DRY,DEBRIS ON ROADWAY,21,3,6
Honda City,PEDESTRIAN CROSSING SIGN,CLEAR,UNKNOWN,RAMP,DRY,NO DEFECTS,19,3,10
Mahindra XUV700,NO CONTROLS,FOG/SMOKE/HAZE,DAYLIGHT,NOT DIVIDED,DRY,NO DEFECTS,6,6,2
Volkswagen Virtus,TRAFFIC SIGNAL,CLEAR,DAYLIGHT,NOT DIVIDED,DRY,"RUT, HOLES",18,7,1
Mahindra XUV700,NO CONTROLS,CLEAR,DARKNESS,DIVIDED - W/MEDIAN (NOT RAISED),DRY,NO DEFECTS,21,4,9
Hyundai i20,LANE USE MARKING,OTHER,DARKNESS,NOT DIVIDED,"SAND, MUD, DIRT",NO DEFECTS,4,2,7
Toyota Fortuner,STOP SIGN/FLASHER,UNKNOWN,DARKNESS,FOUR WAY,DRY,WORN SURFACE,19,7,9
Volkswagen Virtus,NO CONTROLS,RAIN,DAYLIGHT,NOT DIVIDED,WET,SHOULDER DEFECT,15,4,7
Volkswagen Virtus,TRAFFIC SIGNAL,CLEAR,DAYLIGHT,NOT DIVIDED,DRY,DEBRIS ON ROADWAY,17,4,4
Mahindra XUV700,NO CONTROLS,CLEAR,DAWN,FOUR WAY,DRY,NO DEFECTS,14,5,10
Tata Nexon,TRAFFIC SIGNAL,CLEAR,DAYLIGHT,NOT DIVIDED,"SAND, MUD, DIRT",WORN SURFACE,17,2,10
Mahindra Scorpio,TRAFFIC SIGNAL,CLEAR,UNKNOWN,NOT DIVIDED,OTHER,"RUT, HOLES",1,6,9
Hyundai Creta,TRAFFIC SIGNAL,RAIN,DARKNESS,ONE-WAY,UNKNOWN,NO DEFECTS,18,5,5
Kia Sonet,NO CONTROLS,RAIN,DAYLIGHT,OTHER,WET,"RUT, HOLES",1,7,8
Tata Altroz,LANE USE MARKING,CLOUDY/OVERCAST,DARKNESS,NOT DIVIDED,UNKNOWN,SHOULDER DEFECT,13,2,6
Maruti Suzuki Brezza,STOP SIGN/FLASHER,FOG/SMOKE/HAZE,DARKNESS,DIVIDED - W/MEDIAN BARRIER,DRY,"RUT, HOLES",6,5,1
Maruti Suzuki Swift,NO CONTROLS,FOG/SMOKE/HAZE,DARKNESS,NOT DIVIDED,DRY,UNKNOWN,18,4,12
Volkswagen Virtus,NO CONTROLS,OTHER,DAYLIGHT,NOT DIVIDED,"SAND, MUD, DIRT","RUT, HOLES",10,7,2
Hyundai Venue,TRAFFIC SIGNAL,FOG/SMOKE/HAZE,DAYLIGHT,NOT DIVIDED,DRY,"RUT, HOLES",8,1,12
Mahindra Scorpio,TRAFFIC SIGNAL,RAIN,DARKNESS,FOUR WAY,WET,NO DEFECTS,13,6,7
Mahindra XUV700,TRAFFIC SIGNAL,OTHER,DUSK,NOT DIVIDED,OTHER,NO DEFECTS,18,5,3
Honda City,NO CONTROLS,SLEET/HAIL,DAYLIGHT,FOUR WAY,DRY,"RUT, HOLES",14,5,8
Honda City,NO CONTROLS,FOG/SMOKE/HAZE,DARKNESS,PARKING LOT,DRY,"RUT, HOLES",18,7,11
Maruti Suzuki Brezza,STOP SIGN/FLASHER,CLEAR,DARKNESS,T-INTERSECTION,"SAND, MUD, DIRT","RUT, HOLES",3,5,9
Tata Altroz,NO CONTROLS,CLEAR,DAYLIGHT,ALLEY,"SAND, MUD, DIRT","RUT, HOLES",8,6,10
Kia Seltos,NO CONTROLS,UNKNOWN,DAYLIGHT,NOT DIVIDED,OTHER,SHOULDER DEFECT,15,5,8
Hyundai i20,TRAFFIC SIGNAL,CLEAR,"DARKNESS, LIGHTED ROAD",NOT DIVIDED,DRY,NO DEFECTS,22,1,9
Hyundai Venue,NO CONTROLS,CLOUDY/OVERCAST,DARKNESS,NOT DIVIDED,WET,"RUT, HOLES",4,1,11
Maruti Suzuki Baleno,NO CONTROLS,OTHER,DUSK,NOT DIVIDED,"SAND, MUD, DIRT",WORN SURFACE,1,3,4
Skoda Slavia,NO CONTROLS,FOG/SMOKE/HAZE,DAYLIGHT,DIVIDED - W/MEDIAN (NOT RAISED),WET,NO DEFECTS,6,6,7
Renault Kiger,STOP SIGN/FLASHER,CLEAR,DAYLIGHT,FOUR WAY,WET,DEBRIS ON ROADWAY,16,1,4
Tata Altroz,TRAFFIC SIGNAL,RAIN,DAYLIGHT,NOT DIVIDED,WET,WORN SURFACE,12,6,12
Maruti Suzuki Brezza,TRAFFIC SIGNAL,CLEAR,DARKNESS,DIVIDED - W/MEDIAN (NOT RAISED),DRY,NO DEFECTS,19,2,12
Hyundai Creta,TRAFFIC SIGNAL,CLEAR,DARKNESS,NOT DIVIDED,UNKNOWN,SHOULDER DEFECT,3,5,1
Toyota Fortuner,NO CONTROLS,CLEAR,DAYLIGHT,NOT DIVIDED,DRY,DEBRIS ON ROADWAY,8,2,9
Hyundai i20,OTHER,FOG/SMOKE/HAZE,DAYLIGHT,NOT DIVIDED,DRY,WORN SURFACE,7,2,12
Skoda Slavia,STOP SIGN/FLASHER,CLEAR,DAYLIGHT,DIVIDED - W/MEDIAN (NOT RAISED),"SAND, MUD, DIRT","RUT, HOLES",16,3,3
Mahindra Scorpio,PEDESTRIAN CROSSING SIGN,RAIN,DAYLIGHT,NOT REPORTED,WET,UNKNOWN,17,7,8
Hyundai Verna,UNKNOWN,FOG/SMOKE/HAZE,DARKNESS,NOT DIVIDED,DRY,NO DEFECTS,5,2,12
Maruti Suzuki Baleno,STOP SIGN/FLASHER,FOG/SMOKE/HAZE,"DARKNESS, LIGHTED ROAD",T-INTERSECTION,DRY,"RUT, HOLES",20,1,1
Toyota Innova,PEDESTRIAN CROSSING SIGN,RAIN,DAYLIGHT,DIVIDED - W/MEDIAN BARRIER,WET,NO DEFECTS,11,7,9
Tata Punch,NO CONTROLS,CLEAR,DAYLIGHT,NOT DIVIDED,OTHER,"RUT, HOLES",17,4,5
Tata Altroz,NO CONTROLS,CLEAR,DAYLIGHT,UNKNOWN INTERSECTION TYPE,WET,DEBRIS ON ROADWAY,15,5,12
Mahindra Scorpio,NO CONTROLS,CLOUDY/OVERCAST,DAWN,NOT DIVIDED,DRY,WORN SURFACE,8,7,12
Skoda Slavia,STOP SIGN/FLASHER,CLEAR,"DARKNESS, LIGHTED ROAD",UNKNOWN,UNKNOWN,WORN SURFACE,19,6,12
Hyundai i20,TRAFFIC SIGNAL,RAIN,DUSK,NOT DIVIDED,WET,NO DEFECTS,19,6,7
Volkswagen Virtus,OTHER REG. SIGN,FOG/SMOKE/HAZE,DAYLIGHT,FOUR WAY,DRY,DEBRIS ON ROADWAY,8,4,11
Maruti Suzuki Brezza,STOP SIGN/FLASHER,FOG/SMOKE/HAZE,DAYLIGHT,ONE-WAY,DRY,NO DEFECTS,11,6,11
Hyundai i20,TRAFFIC SIGNAL,RAIN,DAYLIGHT,NOT DIVIDED,UNKNOWN,NO DEFECTS,9,7,6
Renault Kiger,OTHER,CLEAR,DAWN,NOT DIVIDED,DRY,"RUT, HOLES",17,7,10
Hyundai Creta,STOP SIGN/FLASHER,CLOUDY/OVERCAST,DAYLIGHT,NOT DIVIDED,WET,NO DEFECTS,10,5,1
Kia Sonet,NO CONTROLS,RAIN,DAWN,NOT DIVIDED,WET,NO DEFECTS,19,1,8
Honda Amaze,TRAFFIC SIGNAL,CLOUDY/OVERCAST,DAYLIGHT,DIVIDED - W/MEDIAN (NOT RAISED),DRY,DEBRIS ON ROADWAY,8,7,4
Maruti Suzuki Brezza,STOP SIGN/FLASHER,CLEAR,"DARKNESS, LIGHTED ROAD",OTHER,OTHER,"RUT, HOLES",0,2,2
Tata Altroz,TRAFFIC SIGNAL,FOG/SMOKE/HAZE,DAYLIGHT,NOT DIVIDED,DRY,DEBRIS ON ROADWAY,7,3,1
Hyundai i20,TRAFFIC SIGNAL,RAIN,DAYLIGHT,NOT DIVIDED,DRY,"RUT, HOLES",8,2,9
Toyota Fortuner,NO CONTROLS,RAIN,DAYLIGHT,NOT DIVIDED,WET,NO DEFECTS,14,2,6
Volkswagen Virtus,NO CONTROLS,UNKNOWN,DAYLIGHT,NOT DIVIDED,"SAND, MUD, DIRT",NO DEFECTS,8,6,9
Toyota Fortuner,NO CONTROLS,CLOUDY/OVERCAST,DARKNESS,CENTER TURN LANE,"SAND, MUD, DIRT",DEBRIS ON ROADWAY,18,1,1
Hyundai Venue,NO CONTROLS,FOG/SMOKE/HAZE,DAWN,NOT DIVIDED,DRY,NO DEFECTS,6,2,6
Honda City,TRAFFIC SIGNAL,RAIN,DAYLIGHT,NOT DIVIDED,WET,"RUT, HOLES",17,2,8
Kia Seltos,STOP SIGN/FLASHER,OTHER,DAYLIGHT,NOT DIVIDED,UNKNOWN,NO DEFECTS,15,3,10
Kia Seltos,NO CONTROLS,RAIN,UNKNOWN,NOT DIVIDED,"SAND, MUD, DIRT",WORN SURFACE,23,6,6
Renault Kiger,NO CONTROLS,RAIN,"DARKNESS, LIGHTED ROAD",NOT DIVIDED,WET,NO DEFECTS,23,5,8
Hyundai Venue,STOP SIGN/FLASHER,CLEAR,DARKNESS,NOT DIVIDED,WET,NO DEFECTS,20,6,11
Maruti Suzuki Brezza,NO CONTROLS,RAIN,DARKNESS,NOT DIVIDED,DRY,WORN SURFACE,18,6,8
Hyundai Verna,NO CONTROLS,CLEAR,DAYLIGHT,ONE-WAY,DRY,NO DEFECTS,12,1,4
Tata Punch,NO CONTROLS,CLOUDY/OVERCAST,DAYLIGHT,NOT DIVIDED,DRY,"RUT, HOLES",18,6,1
Maruti Suzuki Brezza,STOP SIGN/FLASHER,UNKNOWN,DARKNESS,DIVIDED - W/MEDIAN (NOT RAISED),UNKNOWN,WORN SURFACE,22,6,11
Maruti Suzuki Wagon R,OTHER,UNKNOWN,DARKNESS,NOT DIVIDED,OTHER,WORN SURFACE,0,1,1
Tata Punch,OTHER,CLEAR,DAYLIGHT,NOT DIVIDED,"SAND, MUD, DIRT",NO DEFECTS,15,4,11
Honda Amaze,STOP SIGN/FLASHER,CLEAR,DAYLIGHT,NOT DIVIDED,DRY,WORN SURFACE,8,1,7
Maruti Suzuki Brezza,STOP SIGN/FLASHER,CLEAR,DARKNESS,NOT DIVIDED,UNKNOWN,DEBRIS ON ROADWAY,15,2,12
Skoda Slavia,TRAFFIC SIGNAL,CLEAR,DAYLIGHT,NOT DIVIDED,DRY,"RUT, HOLES",14,4,10
Maruti Suzuki Brezza,NO CONTROLS,FOG/SMOKE/HAZE,DAYLIGHT,OTHER,DRY,WORN SURFACE,10,1,12
Toyota Innova,NO CONTROLS,RAIN,UNKNOWN,NOT DIVIDED,WET,SHOULDER DEFECT,15,1,6
Maruti Suzuki Wagon R,NO CONTROLS,CLOUDY/OVERCAST,DARKNESS,NOT DIVIDED,"SAND, MUD, DIRT",SHOULDER DEFECT,22,1,9
Maruti Suzuki Brezza,NO CONTROLS,OTHER,DAYLIGHT,DIVIDED - W/MEDIAN (NOT RAISED),DRY,NO DEFECTS,15,1,6
Maruti Suzuki Wagon R,NO CONTROLS,CLEAR,DARKNESS,DIVIDED - W/MEDIAN (NOT RAISED),OTHER,UNKNOWN,19,1,7
Volkswagen Virtus,TRAFFIC SIGNAL,RAIN,DAYLIGHT,FOUR WAY,OTHER,NO DEFECTS,10,5,8
Tata Altroz,NO CONTROLS,OTHER,DAYLIGHT,NOT DIVIDED,DRY,UNKNOWN,13,2,11
Toyota Innova,NO CONTROLS,CLEAR,"DARKNESS, LIGHTED ROAD",DIVIDED - W/MEDIAN (NOT RAISED),OTHER,NO DEFECTS,14,7,12
Toyota Fortuner,STOP SIGN/FLASHER,CLEAR,DAYLIGHT,ONE-WAY,OTHER,"RUT, HOLES",9,7,9
Mahindra Thar,TRAFFIC SIGNAL,RAIN,DAYLIGHT,NOT DIVIDED,WET,DEBRIS ON ROADWAY,12,6,7
Honda City,NO CONTROLS,RAIN,DARKNESS,UNKNOWN,WET,NO DEFECTS,16,1,7
Mahindra Scorpio,TRAFFIC SIGNAL,RAIN,UNKNOWN,FOUR WAY,WET,NO DEFECTS,15,7,9
Toyota Fortuner,STOP SIGN/FLASHER,OTHER,DAYLIGHT,FOUR WAY,DRY,"RUT, HOLES",16,4,4
Kia Seltos,NO CONTROLS,CLEAR,DAYLIGHT,NOT DIVIDED,WET,WORN SURFACE,11,2,2
Tata Harrier,FLASHING CONTROL SIGNAL,RAIN,DAYLIGHT,OTHER,WET,NO DEFECTS,10,6,6
Renault Kiger,NO CONTROLS,CLOUDY/OVERCAST,DAYLIGHT,NOT DIVIDED,OTHER,"RUT, HOLES",16,3,5
Hyundai i20,STOP SIGN/FLASHER,CLOUDY/OVERCAST,DUSK,UNKNOWN INTERSECTION TYPE,UNKNOWN,"RUT, HOLES",6,4,5
Tata Harrier,NO CONTROLS,CLEAR,DAYLIGHT,NOT DIVIDED,DRY,NO DEFECTS,9,6,4
Honda Amaze,NO CONTROLS,FOG/SMOKE/HAZE,DARKNESS,Y-INTERSECTION,DRY,"RUT, HOLES",5,1,1
Volkswagen Virtus,NO CONTROLS,CLEAR,DARKNESS,FOUR WAY,DRY,NO DEFECTS,3,2,1
Maruti Suzuki Brezza,TRAFFIC SIGNAL,FOG/SMOKE/HAZE,DAYLIGHT,ONE-WAY,DRY,NO DEFECTS,7,7,12
Tata Harrier,NO CONTROLS,RAIN,DARKNESS,NOT DIVIDED,WET,WORN SURFACE,0,6,7
Volkswagen Virtus,OTHER WARNING SIGN,RAIN,DAYLIGHT,NOT DIVIDED,WET,SHOULDER DEFECT,9,2,6
Tata Harrier,TRAFFIC SIGNAL,CLOUDY/OVERCAST,"DARKNESS, LIGHTED ROAD",OTHER,DRY,"RUT, HOLES",17,5,9
Honda City,PEDESTRIAN CROSSING SIGN,CLOUDY/OVERCAST,"DARKNESS, LIGHTED ROAD",NOT DIVIDED,DRY,NO DEFECTS,3,2,4
Honda Amaze,NO CONTROLS,CLEAR,DAYLIGHT,T-INTERSECTION,OTHER,WORN SURFACE,13,7,12
Kia Sonet,NO CONTROLS,CLEAR,DAWN,RAMP,DRY,DEBRIS ON ROADWAY,21,4,10
Tata Altroz,NO CONTROLS,CLEAR,DARKNESS,NOT DIVIDED,DRY,"RUT, HOLES",19,6,1
Volkswagen Virtus,TRAFFIC SIGNAL,CLEAR,DAYLIGHT,NOT DIVIDED,WET,"RUT, HOLES",10,7,7
Hyundai Creta,NO CONTROLS,FOG/SMOKE/HAZE,DARKNESS,NOT DIVIDED,DRY,UNKNOWN,20,7,11
Mahindra Thar,LANE USE MARKING,FOG/SMOKE/HAZE,DAYLIGHT,NOT DIVIDED,DRY,"RUT, HOLES",7,2,12
Honda City,NO CONTROLS,RAIN,"DARKNESS, LIGHTED ROAD",FOUR WAY,WET,WORN SURFACE,3,7,7
Maruti Suzuki Swift,OTHER,RAIN,UNKNOWN,NOT DIVIDED,WET,"RUT, HOLES",23,3,8
Hyundai Verna,STOP SIGN/FLASHER,RAIN,DARKNESS,NOT DIVIDED,WET,NO DEFECTS,20,3,3
Mahindra XUV700,STOP SIGN/FLASHER,OTHER,DAYLIGHT,NOT REPORTED,DRY,NO DEFECTS,13,1,12
Kia Sonet,DELINEATORS,CLEAR,DAYLIGHT,NOT DIVIDED,DRY,"RUT, HOLES",17,5,4
Maruti Suzuki Swift,YIELD,CLOUDY/OVERCAST,DAYLIGHT,Y-INTERSECTION,DRY,"RUT, HOLES",17,5,12
Renault Kiger,OTHER,CLEAR,DAYLIGHT,NOT DIVIDED,WET,NO DEFECTS,8,6,8
Toyota Innova,STOP SIGN/FLASHER,RAIN,DAYLIGHT,NOT DIVIDED,WET,NO DEFECTS,8,7,8
Mahindra Scorpio,UNKNOWN,UNKNOWN,DAYLIGHT,NOT DIVIDED,DRY,DEBRIS ON ROADWAY,14,4,7
Tata Harrier,TRAFFIC SIGNAL,CLEAR,"DARKNESS, LIGHTED ROAD",NOT DIVIDED,"SAND, MUD, DIRT",DEBRIS ON ROADWAY,21,4,4
Maruti Suzuki Baleno,TRAFFIC SIGNAL,CLEAR,DARKNESS,T-INTERSECTION,OTHER,"RUT, HOLES",0,5,3
Toyota Innova,TRAFFIC SIGNAL,CLEAR,UNKNOWN,DIVIDED - W/MEDIAN (NOT RAISED),"SAND, MUD, DIRT",WORN SURFACE,18,5,4
Tata Altroz,TRAFFIC SIGNAL,CLOUDY/OVERCAST,DARKNESS,FOUR WAY,DRY,NO DEFECTS,2,4,3
Maruti Suzuki Swift,TRAFFIC SIGNAL,OTHER,DAYLIGHT,NOT DIVIDED,DRY,"RUT, HOLES",14,7,10
Hyundai i20,TRAFFIC SIGNAL,CLOUDY/OVERCAST,DAYLIGHT,FOUR WAY,DRY,"RUT, HOLES",16,1,6
Toyota Innova,STOP SIGN/FLASHER,RAIN,DAYLIGHT,NOT DIVIDED,"SAND, MUD, DIRT","RUT, HOLES",17,6,1
Maruti Suzuki Brezza,TRAFFIC SIGNAL,FOG/SMOKE/HAZE,"DARKNESS, LIGHTED ROAD",FOUR WAY,"SAND, MUD, DIRT","RUT, HOLES",5,2,12
Honda Amaze,NO CONTROLS,CLOUDY/OVERCAST,DAYLIGHT,NOT DIVIDED,DRY,"RUT, HOLES",12,4,11
Tata Harrier,TRAFFIC SIGNAL,CLEAR,DAWN,NOT DIVIDED,DRY,NO DEFECTS,16,7,12
Mahindra Scorpio,STOP SIGN/FLASHER,FOG/SMOKE/HAZE,DARKNESS,FOUR WAY,DRY,NO DEFECTS,5,3,12
Kia Sonet,OTHER,CLOUDY/OVERCAST,"DARKNESS, LIGHTED ROAD",OTHER,DRY,DEBRIS ON ROADWAY,6,7,3
Tata Altroz,TRAFFIC SIGNAL,RAIN,UNKNOWN,DIVIDED - W/MEDIAN BARRIER,OTHER,NO DEFECTS,17,4,6
Maruti Suzuki Wagon R,STOP SIGN/FLASHER,RAIN,DAYLIGHT,DIVIDED - W/MEDIAN (NOT RAISED),WET,NO DEFECTS,15,6,9
Nissan Magnite,NO CONTROLS,RAIN,DAYLIGHT,Y-INTERSECTION,WET,"RUT, HOLES",7,6,9
Mahindra Thar,YIELD,CLEAR,DAYLIGHT,DIVIDED - W/MEDIAN (NOT RAISED),"SAND, MUD, DIRT",NO DEFECTS,15,3,3
Toyota Innova,NO CONTROLS,OTHER,DARKNESS,DIVIDED - W/MEDIAN (NOT RAISED),DRY,"RUT, HOLES",21,7,10
Mahindra XUV700,OTHER,CLEAR,"DARKNESS, LIGHTED ROAD",T-INTERSECTION,DRY,"RUT, HOLES",0,1,4
Volkswagen Virtus,TRAFFIC SIGNAL,CLEAR,DAYLIGHT,Y-INTERSECTION,DRY,NO DEFECTS,16,5,4
Hyundai i20,NO CONTROLS,RAIN,"DARKNESS, LIGHTED ROAD",FOUR WAY,WET,NO DEFECTS,3,7,7
Hyundai Venue,OTHER,RAIN,DARKNESS,UNKNOWN INTERSECTION TYPE,WET,NO DEFECTS,0,1,8
Hyundai i20,NO CONTROLS,CLOUDY/OVERCAST,DAYLIGHT,NOT DIVIDED,DRY,"RUT, HOLES",7,5,8
Mahindra XUV700,NO CONTROLS,FOG/SMOKE/HAZE,DAYLIGHT,CENTER TURN LANE,DRY,SHOULDER DEFECT,8,2,1
Tata Nexon,NO CONTROLS,FOG/SMOKE/HAZE,DARKNESS,NOT DIVIDED,DRY,NO DEFECTS,18,2,11
Mahindra Scorpio,UNKNOWN,CLEAR,DAYLIGHT,DIVIDED - W/MEDIAN (NOT RAISED),DRY,WORN SURFACE,9,2,5
Toyota Fortuner,TRAFFIC SIGNAL,CLEAR,DAYLIGHT,ONE-WAY,"SAND, MUD, DIRT",WORN SURFACE,16,7,2
Mahindra Thar,PEDESTRIAN CROSSING SIGN,FOG/SMOKE/HAZE,"DARKNESS, LIGHTED ROAD",ONE-WAY,DRY,NO DEFECTS,8,4,11
Toyota Fortuner,NO CONTROLS,BLOWING SNOW,DAYLIGHT,NOT DIVIDED,SNOW OR SLUSH,"RUT, HOLES",8,2,12
Toyota Innova,NO CONTROLS,FOG/SMOKE/HAZE,UNKNOWN,PARKING LOT,DRY,WORN SURFACE,9,7,11
Hyundai i20,STOP SIGN/FLASHER,RAIN,DARKNESS,NOT DIVIDED,WET,WORN SURFACE,19,3,10
Tata Nexon,STOP SIGN/FLASHER,RAIN,"DARKNESS, LIGHTED ROAD",NOT DIVIDED,WET,DEBRIS ON ROADWAY,19,6,8
Kia Sonet,TRAFFIC SIGNAL,RAIN,"DARKNESS, LIGHTED ROAD",OTHER,DRY,NO DEFECTS,19,5,8
Toyota Fortuner,STOP SIGN/FLASHER,CLEAR,DAYLIGHT,DIVIDED - W/MEDIAN BARRIER,DRY,NO DEFECTS,11,6,1
Skoda Slavia,NO CONTROLS,CLOUDY/OVERCAST,DARKNESS,T-INTERSECTION,WET,"RUT, HOLES",19,2,6
Skoda Slavia,NO CONTROLS,RAIN,DAYLIGHT,OTHER,WET,NO DEFECTS,8,6,6
Maruti Suzuki Swift,STOP SIGN/FLASHER,CLEAR,"DARKNESS, LIGHTED ROAD",NOT DIVIDED,"SAND, MUD, DIRT",NO DEFECTS,18,7,5
Kia Sonet,NO CONTROLS,RAIN,DARKNESS,NOT DIVIDED,UNKNOWN,DEBRIS ON ROADWAY,22,1,9
Volkswagen Virtus,PEDESTRIAN CROSSING SIGN,RAIN,UNKNOWN,UNKNOWN,WET,"RUT, HOLES",0,3,7
Maruti Suzuki Wagon R,PEDESTRIAN CROSSING SIGN,CLEAR,DAYLIGHT,FOUR WAY,DRY,"RUT, HOLES",13,7,1
Maruti Suzuki Baleno,TRAFFIC SIGNAL,CLEAR,UNKNOWN,CENTER TURN LANE,DRY,NO DEFECTS,16,2,4
Kia Sonet,NO CONTROLS,RAIN,DAYLIGHT,CENTER TURN LANE,"SAND, MUD, DIRT",NO DEFECTS,17,1,9
Mahindra Thar,NO CONTROLS,FOG/SMOKE/HAZE,DARKNESS,FOUR WAY,DRY,NO DEFECTS,6,1,1
Mahindra Scorpio,STOP SIGN/FLASHER,CLEAR,DARKNESS,FOUR WAY,WET,WORN SURFACE,22,3,11
Renault Kiger,TRAFFIC SIGNAL,CLEAR,DAWN,NOT DIVIDED,WET,UNKNOWN,16,4,7
Skoda Slavia,OTHER,RAIN,DAYLIGHT,NOT DIVIDED,WET,"RUT, HOLES",7,3,7
Hyundai i20,OTHER,CLEAR,"DARKNESS, LIGHTED ROAD",T-INTERSECTION,DRY,NO DEFECTS,0,3,8
Kia Sonet,NO CONTROLS,CLOUDY/OVERCAST,DAYLIGHT,DIVIDED - W/MEDIAN BARRIER,DRY,WORN SURFACE,18,6,10
Nissan Magnite,RAILROAD CROSSING GATE,RAIN,"DARKNESS, LIGHTED ROAD",DIVIDED - W/MEDIAN (NOT RAISED),"SAND, MUD, DIRT",SHOULDER DEFECT,4,6,6
Kia Seltos,NO CONTROLS,RAIN,"DARKNESS, LIGHTED ROAD",NOT DIVIDED,WET,DEBRIS ON ROADWAY,6,3,9
Kia Sonet,TRAFFIC SIGNAL,RAIN,DAYLIGHT,NOT DIVIDED,WET,"RUT, HOLES",15,3,8
Mahindra XUV700,STOP SIGN/FLASHER,FOG/SMOKE/HAZE,DAYLIGHT,NOT DIVIDED,DRY,"RUT, HOLES",12,7,5
Mahindra XUV700,TRAFFIC SIGNAL,FOG/SMOKE/HAZE,DAYLIGHT,FOUR WAY,DRY,"RUT, HOLES",16,7,11
Mahindra XUV700,STOP SIGN/FLASHER,FOG/SMOKE/HAZE,DARKNESS,DIVIDED - W/MEDIAN (NOT RAISED),DRY,NO DEFECTS,8,7,10
Maruti Suzuki Brezza,YIELD,CLEAR,UNKNOWN,NOT DIVIDED,"SAND, MUD, DIRT","RUT, HOLES",18,7,8
Kia Sonet,TRAFFIC SIGNAL,CLOUDY/OVERCAST,DARKNESS,DIVIDED - W/MEDIAN (NOT RAISED),DRY,WORN SURFACE,23,5,11
Nissan Magnite,TRAFFIC SIGNAL,FOG/SMOKE/HAZE,DAYLIGHT,NOT DIVIDED,"SAND, MUD, DIRT",WORN SURFACE,7,3,11
Volkswagen Virtus,NO CONTROLS,RAIN,DAYLIGHT,ONE-WAY,WET,"RUT, HOLES",17,7,9
Mahindra XUV700,YIELD,CLEAR,DARKNESS,NOT DIVIDED,WET,WORN SURFACE,21,6,11
Hyundai Verna,OTHER WARNING SIGN,RAIN,DAYLIGHT,FOUR WAY,WET,"RUT, HOLES",17,6,9
Tata Harrier,TRAFFIC SIGNAL,CLOUDY/OVERCAST,DAYLIGHT,NOT DIVIDED,OTHER,NO DEFECTS,17,6,9
Tata Altroz,OTHER REG. SIGN,RAIN,DAYLIGHT,NOT DIVIDED,WET,DEBRIS ON ROADWAY,8,5,8
Honda Amaze,NO CONTROLS,RAIN,DAYLIGHT,NOT DIVIDED,WET,"RUT, HOLES",15,5,9
Hyundai Creta,TRAFFIC SIGNAL,CLEAR,DAYLIGHT,TRAFFIC ROUTE,DRY,WORN SURFACE,15,3,3
Nissan Magnite,NO CONTROLS,CLOUDY/OVERCAST,DAYLIGHT,NOT DIVIDED,DRY,NO DEFECTS,17,2,11
Skoda Slavia,STOP SIGN/FLASHER,UNKNOWN,"DARKNESS, LIGHTED ROAD",NOT DIVIDED,DRY,DEBRIS ON ROADWAY,23,4,11
Volkswagen Virtus,TRAFFIC SIGNAL,RAIN,DARKNESS,NOT DIVIDED,WET,"RUT, HOLES",1,4,1
Maruti Suzuki Baleno,TRAFFIC SIGNAL,CLOUDY/OVERCAST,DARKNESS,Y-INTERSECTION,WET,WORN SURFACE,3,7,10
Tata Nexon,TRAFFIC SIGNAL,CLEAR,"DARKNESS, LIGHTED ROAD",NOT DIVIDED,DRY,OTHER,4,4,2
Hyundai Venue,NO CONTROLS,CLOUDY/OVERCAST,"DARKNESS, LIGHTED ROAD",NOT DIVIDED,DRY,DEBRIS ON ROADWAY,18,7,6
Maruti Suzuki Swift,OTHER REG. SIGN,RAIN,DUSK,NOT DIVIDED,OTHER,"RUT, HOLES",6,3,9
Mahindra XUV700,NO CONTROLS,CLEAR,DAYLIGHT,PARKING LOT,DRY,NO DEFECTS,16,7,3
Hyundai i20,TRAFFIC SIGNAL,FOG/SMOKE/HAZE,DAYLIGHT,L-INTERSECTION,DRY,OTHER,7,1,10
Nissan Magnite,YIELD,OTHER,DAYLIGHT,NOT DIVIDED,"SAND, MUD, DIRT",UNKNOWN,13,5,10
Maruti Suzuki Wagon R,OTHER,CLOUDY/OVERCAST,DAYLIGHT,ONE-WAY,DRY,NO DEFECTS,8,3,7
Maruti Suzuki Swift,TRAFFIC SIGNAL,CLEAR,DARKNESS,NOT DIVIDED,DRY,"RUT, HOLES",20,3,1
Volkswagen Virtus,STOP SIGN/FLASHER,FOG/SMOKE/HAZE,DAYLIGHT,NOT DIVIDED,DRY,"RUT, HOLES",11,1,5
Toyota Innova,STOP SIGN/FLASHER,RAIN,DARKNESS,T-INTERSECTION,WET,NO DEFECTS,22,6,8
Renault Kiger,STOP SIGN/FLASHER,FOG/SMOKE/HAZE,UNKNOWN,NOT DIVIDED,DRY,NO DEFECTS,10,4,12
Hyundai i20,STOP SIGN/FLASHER,CLEAR,DAWN,NOT DIVIDED,DRY,"RUT, HOLES",6,7,8
Maruti Suzuki Baleno,TRAFFIC SIGNAL,CLEAR,DAYLIGHT,CENTER TURN LANE,DRY,OTHER,7,6,5
Mahindra XUV700,TRAFFIC SIGNAL,CLEAR,DARKNESS,NOT DIVIDED,DRY,NO DEFECTS,23,4,8
Toyota Innova,STOP SIGN/FLASHER,RAIN,DAYLIGHT,NOT DIVIDED,UNKNOWN,DEBRIS ON ROADWAY,18,5,8
Maruti Suzuki Swift,TRAFFIC SIGNAL,RAIN,DARKNESS,T-INTERSECTION,WET,DEBRIS ON ROADWAY,2,1,10
Mahindra XUV700,STOP SIGN/FLASHER,OTHER,DAYLIGHT,NOT DIVIDED,"SAND, MUD, DIRT",SHOULDER DEFECT,17,5,2
Hyundai i20,NO CONTROLS,CLOUDY/OVERCAST,DAYLIGHT,NOT DIVIDED,DRY,NO DEFECTS,12,5,9
Tata Harrier,TRAFFIC SIGNAL,OTHER,DAYLIGHT,NOT DIVIDED,WET,"RUT, HOLES",10,1,8
Tata Altroz,YIELD,CLEAR,DAYLIGHT,NOT DIVIDED,DRY,NO DEFECTS,7,6,12
Kia Sonet,NO CONTROLS,RAIN,"DARKNESS, LIGHTED ROAD",NOT DIVIDED,WET,DEBRIS ON ROADWAY,19,4,6
Maruti Suzuki Brezza,TRAFFIC SIGNAL,RAIN,DARKNESS,NOT DIVIDED,WET,"RUT, HOLES",3,4,8
Renault Kiger,STOP SIGN/FLASHER,CLOUDY/OVERCAST,DAYLIGHT,DIVIDED - W/MEDIAN (NOT RAISED),"SAND, MUD, DIRT",NO DEFECTS,9,6,12
Maruti Suzuki Wagon R,NO CONTROLS,CLEAR,DAYLIGHT,UNKNOWN,DRY,NO DEFECTS,10,4,2
Renault Kiger,NO CONTROLS,RAIN,DAYLIGHT,NOT DIVIDED,WET,"RUT, HOLES",7,2,12
Mahindra Scorpio,NO CONTROLS,CLEAR,DAYLIGHT,FOUR WAY,DRY,OTHER,14,3,9
Maruti Suzuki Wagon R,TRAFFIC SIGNAL,FOG/SMOKE/HAZE,UNKNOWN,NOT DIVIDED,DRY,"RUT, HOLES",1,6,1
Maruti Suzuki Swift,NO CONTROLS,CLEAR,DAYLIGHT,ALLEY,WET,WORN SURFACE,10,1,5
Mahindra Scorpio,NO CONTROLS,CLOUDY/OVERCAST,DARKNESS,ONE-WAY,WET,NO DEFECTS,21,7,9
Toyota Innova,NO CONTROLS,FOG/SMOKE/HAZE,DAYLIGHT,DIVIDED - W/MEDIAN (NOT RAISED),DRY,SHOULDER DEFECT,7,5,1
Tata Nexon,NO CONTROLS,RAIN,DAYLIGHT,NOT DIVIDED,WET,"RUT, HOLES",11,6,8
Kia Sonet,TRAFFIC SIGNAL,OTHER,DAYLIGHT,NOT DIVIDED,DRY,DEBRIS ON ROADWAY,14,3,6
Skoda Slavia,TRAFFIC SIGNAL,RAIN,DAYLIGHT,NOT DIVIDED,UNKNOWN,"RUT, HOLES",15,2,8
Mahindra Scorpio,NO CONTROLS,CLOUDY/OVERCAST,"DARKNESS, LIGHTED ROAD",RAMP,DRY,WORN SURFACE,19,6,1
Skoda Slavia,TRAFFIC SIGNAL,CLEAR,DAYLIGHT,NOT DIVIDED,DRY,"RUT, HOLES",8,1,11
Honda City,NO CONTROLS,FOG/SMOKE/HAZE,"DARKNESS, LIGHTED ROAD",NOT DIVIDED,DRY,NO DEFECTS,19,2,12
Maruti Suzuki Baleno,STOP SIGN/FLASHER,CLEAR,"DARKNESS, LIGHTED ROAD",NOT DIVIDED,DRY,NO DEFECTS,18,3,12
Toyota Fortuner,NO CONTROLS,CLEAR,DAYLIGHT,NOT DIVIDED,"SAND, MUD, DIRT",NO DEFECTS,17,3,9
Maruti Suzuki Wagon R,TRAFFIC SIGNAL,CLOUDY/OVERCAST,"DARKNESS, LIGHTED ROAD",T-INTERSECTION,DRY,"RUT, HOLES",4,2,2
Maruti Suzuki Brezza,NO CONTROLS,CLEAR,"DARKNESS, LIGHTED ROAD",DIVIDED - W/MEDIAN (NOT RAISED),WET,"RUT, HOLES",0,7,9
Renault Kiger,TRAFFIC SIGNAL,CLEAR,DAYLIGHT,NOT DIVIDED,DRY,NO DEFECTS,16,1,1
Tata Nexon,STOP SIGN/FLASHER,BLOWING SNOW,UNKNOWN,NOT DIVIDED,ICE,"RUT, HOLES",20,6,1
Hyundai Creta,NO CONTROLS,UNKNOWN,"DARKNESS, LIGHTED ROAD",NOT DIVIDED,DRY,"RUT, HOLES",16,4,6
Maruti Suzuki Baleno,TRAFFIC SIGNAL,RAIN,DAYLIGHT,NOT DIVIDED,"SAND, MUD, DIRT","RUT, HOLES",8,6,7
Maruti Suzuki Baleno,STOP SIGN/FLASHER,CLEAR,"DARKNESS, LIGHTED ROAD",NOT REPORTED,DRY,NO DEFECTS,5,6,10
Tata Nexon,STOP SIGN/FLASHER,CLOUDY/OVERCAST,DAYLIGHT,T-INTERSECTION,WET,"RUT, HOLES",17,1,9
Hyundai Creta,NO CONTROLS,RAIN,DAYLIGHT,UNKNOWN INTERSECTION TYPE,DRY,NO DEFECTS,17,5,7
Hyundai i20,TRAFFIC SIGNAL,SLEET/HAIL,DAYLIGHT,NOT DIVIDED,WET,NO DEFECTS,7,3,5
Kia Seltos,NO CONTROLS,CLEAR,DARKNESS,Y-INTERSECTION,DRY,"RUT, HOLES",1,6,12
Nissan Magnite,STOP SIGN/FLASHER,RAIN,DAYLIGHT,NOT DIVIDED,UNKNOWN,NO DEFECTS,12,7,7
Mahindra Scorpio,NO CONTROLS,RAIN,DAYLIGHT,DIVIDED - W/MEDIAN (NOT RAISED),WET,DEBRIS ON ROADWAY,16,2,7
Maruti Suzuki Baleno,TRAFFIC SIGNAL,CLEAR,DAYLIGHT,NOT DIVIDED,OTHER,DEBRIS ON ROADWAY,17,4,3
Tata Harrier,NO CONTROLS,CLOUDY/OVERCAST,DARKNESS,ONE-WAY,DRY,"RUT, HOLES",19,5,10
Honda Amaze,OTHER,CLOUDY/OVERCAST,DAYLIGHT,DIVIDED - W/MEDIAN (NOT RAISED),DRY,NO DEFECTS,16,5,9
Tata Nexon,YIELD,RAIN,DUSK,DIVIDED - W/MEDIAN (NOT RAISED),WET,"RUT, HOLES",6,2,4
Tata Altroz,OTHER REG. SIGN,FOG/SMOKE/HAZE,DAYLIGHT,OTHER,DRY,"RUT, HOLES",16,3,1
Kia Sonet,OTHER,RAIN,DARKNESS,T-INTERSECTION,WET,NO DEFECTS,23,7,9
Kia Seltos,OTHER REG. SIGN,RAIN,DARKNESS,UNKNOWN,WET,NO DEFECTS,21,1,8
Honda Amaze,OTHER,CLEAR,DARKNESS,NOT DIVIDED,UNKNOWN,NO DEFECTS,20,3,5
Tata Punch,NO CONTROLS,FOG/SMOKE/HAZE,DAYLIGHT,NOT DIVIDED,"SAND, MUD, DIRT",NO DEFECTS,7,2,12
Volkswagen Virtus,STOP SIGN/FLASHER,RAIN,DUSK,FOUR WAY,WET,"RUT, HOLES",18,3,2
Hyundai Verna,NO CONTROLS,CLOUDY/OVERCAST,DUSK,NOT DIVIDED,DRY,DEBRIS ON ROADWAY,19,6,7
Renault Kiger,STOP SIGN/FLASHER,FOG/SMOKE/HAZE,DAYLIGHT,NOT DIVIDED,WET,NO DEFECTS,16,5,12
Tata Nexon,STOP SIGN/FLASHER,CLEAR,DAYLIGHT,NOT DIVIDED,DRY,NO DEFECTS,9,5,7
Mahindra XUV700,PEDESTRIAN CROSSING SIGN,CLEAR,DARKNESS,DIVIDED - W/MEDIAN BARRIER,"SAND, MUD, DIRT",NO DEFECTS,22,6,8
Kia Sonet,OTHER REG. SIGN,FOG/SMOKE/HAZE,DAYLIGHT,DIVIDED - W/MEDIAN (NOT RAISED),DRY,NO DEFECTS,8,6,6
Maruti Suzuki Wagon R,NO CONTROLS,CLEAR,DUSK,FOUR WAY,WET,NO DEFECTS,6,2,5
Skoda Slavia,STOP SIGN/FLASHER,CLEAR,"DARKNESS, LIGHTED ROAD",NOT DIVIDED,DRY,NO DEFECTS,6,1,12
Mahindra Scorpio,STOP SIGN/FLASHER,RAIN,DAYLIGHT,NOT DIVIDED,WET,NO DEFECTS,16,3,6
Renault Kiger,STOP SIGN/FLASHER,CLEAR,DAYLIGHT,NOT DIVIDED,DRY,"RUT, HOLES",13,6,11
Nissan Magnite,STOP SIGN/FLASHER,CLEAR,"DARKNESS, LIGHTED ROAD",NOT DIVIDED,DRY,"RUT, HOLES",5,5,4
Volkswagen Virtus,PEDESTRIAN CROSSING SIGN,CLEAR,DAYLIGHT,NOT DIVIDED,DRY,DEBRIS ON ROADWAY,18,2,4
Hyundai Venue,OTHER,FOG/SMOKE/HAZE,"DARKNESS, LIGHTED ROAD",ALLEY,DRY,WORN SURFACE,18,2,1
Renault Kiger,NO CONTROLS,UNKNOWN,DUSK,ALLEY,DRY,NO DEFECTS,18,7,8
Mahindra Scorpio,NO CONTROLS,OTHER,DAYLIGHT,FOUR WAY,"SAND, MUD, DIRT",WORN SURFACE,8,3,6
Tata Altroz,TRAFFIC SIGNAL,CLOUDY/OVERCAST,DAYLIGHT,NOT DIVIDED,DRY,NO DEFECTS,17,2,11
Toyota Fortuner,TRAFFIC SIGNAL,RAIN,DARKNESS,NOT DIVIDED,WET,"RUT, HOLES",0,6,7
Hyundai Verna,TRAFFIC SIGNAL,CLOUDY/OVERCAST,DAYLIGHT,T-INTERSECTION,DRY,NO DEFECTS,10,7,12
Mahindra XUV700,RAILROAD CROSSING GATE,CLEAR,DAYLIGHT,NOT DIVIDED,DRY,NO DEFECTS,12,4,3
Mahindra Thar,NO CONTROLS,FOG/SMOKE/HAZE,DARKNESS,FOUR WAY,"SAND, MUD, DIRT","RUT, HOLES",19,6,11
Tata Altroz,STOP SIGN/FLASHER,CLOUDY/OVERCAST,DAYLIGHT,CENTER TURN LANE,"SAND, MUD, DIRT",NO DEFECTS,12,4,10
Toyota Fortuner,FLASHING CONTROL SIGNAL,OTHER,DARKNESS,NOT DIVIDED,OTHER,NO DEFECTS,0,6,10
Toyota Fortuner,TRAFFIC SIGNAL,FOG/SMOKE/HAZE,UNKNOWN,FOUR WAY,UNKNOWN,NO DEFECTS,7,5,11
Toyota Innova,TRAFFIC SIGNAL,RAIN,DAYLIGHT,UNKNOWN INTERSECTION TYPE,DRY,WORN SURFACE,14,7,9
Kia Seltos,NO CONTROLS,RAIN,"DARKNESS, LIGHTED ROAD",NOT DIVIDED,WET,NO DEFECTS,22,3,8
Hyundai Venue,NO CONTROLS,CLEAR,"DARKNESS, LIGHTED ROAD",ONE-WAY,DRY,"RUT, HOLES",22,6,2
Tata Punch,NO CONTROLS,SNOW,DAYLIGHT,T-INTERSECTION,SNOW OR SLUSH,WORN SURFACE,7,6,1
Hyundai Creta,STOP SIGN/FLASHER,FOG/SMOKE/HAZE,DAYLIGHT,UNKNOWN INTERSECTION TYPE,UNKNOWN,NO DEFECTS,6,6,12
Kia Seltos,STOP SIGN/FLASHER,RAIN,DAYLIGHT,OTHER,WET,WORN SURFACE,7,5,8
Hyundai i20,OTHER,CLEAR,DAYLIGHT,T-INTERSECTION,DRY,SHOULDER DEFECT,18,4,10
Maruti Suzuki Brezza,NO CONTROLS,CLOUDY/OVERCAST,DARKNESS,FOUR WAY,OTHER,UNKNOWN,0,1,7
Volkswagen Virtus,NO CONTROLS,CLEAR,DAWN,NOT DIVIDED,DRY,"RUT, HOLES",6,6,2
Mahindra Scorpio,NO CONTROLS,CLOUDY/OVERCAST,DAYLIGHT,FOUR WAY,WET,NO DEFECTS,15,7,2
Nissan Magnite,TRAFFIC SIGNAL,CLOUDY/OVERCAST,DAYLIGHT,NOT DIVIDED,"SAND, MUD, DIRT",WORN SURFACE,9,4,9
Kia Sonet,OTHER REG. SIGN,CLEAR,DARKNESS,NOT DIVIDED,"SAND, MUD, DIRT",NO DEFECTS,5,2,7
Maruti Suzuki Wagon R,OTHER,UNKNOWN,DUSK,T-INTERSECTION,"SAND, MUD, DIRT",NO DEFECTS,11,5,3
Maruti Suzuki Baleno,TRAFFIC SIGNAL,RAIN,DAYLIGHT,FOUR WAY,"SAND, MUD, DIRT",NO DEFECTS,9,1,7
Mahindra XUV700,NO CONTROLS,CLOUDY/OVERCAST,DAYLIGHT,NOT DIVIDED,WET,WORN SURFACE,14,1,1
Mahindra Scorpio,NO CONTROLS,RAIN,DARKNESS,NOT DIVIDED,WET,NO DEFECTS,23,3,8
Volkswagen Virtus,YIELD,CLOUDY/OVERCAST,DAYLIGHT,NOT DIVIDED,WET,"RUT, HOLES",6,6,5
Toyota Fortuner,TRAFFIC SIGNAL,CLOUDY/OVERCAST,DAYLIGHT,NOT DIVIDED,"SAND, MUD, DIRT",NO DEFECTS,12,6,10
Honda City,NO CONTROLS,OTHER,"DARKNESS, LIGHTED ROAD",NOT DIVIDED,DRY,"RUT, HOLES",21,2,6
Maruti Suzuki Wagon R,STOP SIGN/FLASHER,RAIN,"DARKNESS, LIGHTED ROAD",NOT DIVIDED,WET,"RUT, HOLES",20,7,7
Hyundai Creta,NO CONTROLS,CLEAR,DAYLIGHT,T-INTERSECTION,DRY,NO DEFECTS,12,5,1
Kia Seltos,STOP SIGN/FLASHER,CLOUDY/OVERCAST,"DARKNESS, LIGHTED ROAD",NOT DIVIDED,DRY,NO DEFECTS,17,7,1
Nissan Magnite,OTHER,UNKNOWN,DARKNESS,NOT DIVIDED,DRY,NO DEFECTS,5,2,6
Mahindra XUV700,NO CONTROLS,RAIN,DAYLIGHT,ALLEY,DRY,NO DEFECTS,17,4,7
Hyundai i20,STOP SIGN/FLASHER,UNKNOWN,DARKNESS,T-INTERSECTION,DRY,"RUT, HOLES",22,4,8
Maruti Suzuki Wagon R,NO CONTROLS,CLEAR,DAYLIGHT,NOT DIVIDED,DRY,OTHER,15,4,5
Honda Amaze,OTHER WARNING SIGN,RAIN,DAYLIGHT,NOT DIVIDED,WET,"RUT, HOLES",14,7,9
Maruti Suzuki Wagon R,NO CONTROLS,CLOUDY/OVERCAST,DAYLIGHT,DIVIDED - W/MEDIAN BARRIER,DRY,SHOULDER DEFECT,7,7,11
Hyundai Venue,STOP SIGN/FLASHER,CLEAR,DAYLIGHT,NOT DIVIDED,DRY,UNKNOWN,16,6,10
Skoda Slavia,NO CONTROLS,CLOUDY/OVERCAST,DAYLIGHT,FOUR WAY,DRY,"RUT, HOLES",16,3,1
Toyota Fortuner,OTHER,RAIN,DAYLIGHT,NOT DIVIDED,OTHER,NO DEFECTS,17,3,7
Maruti Suzuki Swift,NO CONTROLS,CLOUDY/OVERCAST,UNKNOWN,NOT DIVIDED,"SAND, MUD, DIRT",DEBRIS ON ROADWAY,0,2,2
Hyundai Verna,STOP SIGN/FLASHER,CLOUDY/OVERCAST,DAYLIGHT,UNKNOWN INTERSECTION TYPE,"SAND, MUD, DIRT",WORN SURFACE,15,6,4
Maruti Suzuki Baleno,NO CONTROLS,RAIN,DAYLIGHT,DIVIDED - W/MEDIAN (NOT RAISED),WET,OTHER,16,4,12
Tata Punch,TRAFFIC SIGNAL,CLOUDY/OVERCAST,DUSK,NOT DIVIDED,"SAND, MUD, DIRT","RUT, HOLES",8,7,2
Mahindra XUV700,NO CONTROLS,RAIN,UNKNOWN,ONE-WAY,DRY,WORN SURFACE,8,3,7
Maruti Suzuki Brezza,NO CONTROLS,CLEAR,DAYLIGHT,NOT REPORTED,OTHER,DEBRIS ON ROADWAY,9,2,8
Maruti Suzuki Wagon R,TRAFFIC SIGNAL,OTHER,DAYLIGHT,NOT DIVIDED,DRY,WORN SURFACE,17,7,9
Toyota Innova,TRAFFIC SIGNAL,RAIN,DAYLIGHT,NOT DIVIDED,WET,"RUT, HOLES",16,6,8
Toyota Innova,STOP SIGN/FLASHER,OTHER,"DARKNESS, LIGHTED ROAD",OTHER,DRY,"RUT, HOLES",19,5,1
Volkswagen Virtus,NO CONTROLS,FOG/SMOKE/HAZE,DAYLIGHT,DIVIDED - W/MEDIAN (NOT RAISED),OTHER,WORN SURFACE,7,7,6
Hyundai Venue,TRAFFIC SIGNAL,CLOUDY/OVERCAST,"DARKNESS, LIGHTED ROAD",Y-INTERSECTION,DRY,WORN SURFACE,21,7,7
Skoda Slavia,TRAFFIC SIGNAL,CLEAR,DAYLIGHT,T-INTERSECTION,DRY,NO DEFECTS,18,7,1
Hyundai i20,TRAFFIC SIGNAL,CLOUDY/OVERCAST,DAYLIGHT,NOT DIVIDED,DRY,"RUT, HOLES",12,7,6
Tata Punch,NO CONTROLS,FOG/SMOKE/HAZE,DARKNESS,NOT DIVIDED,"SAND, MUD, DIRT","RUT, HOLES",5,3,1
Toyota Fortuner,LANE USE MARKING,FOG/SMOKE/HAZE,DAYLIGHT,NOT DIVIDED,OTHER,NO DEFECTS,7,4,1
Toyota Innova,NO CONTROLS,CLEAR,DARKNESS,ONE-WAY,WET,NO DEFECTS,22,6,6
Tata Nexon,NO CONTROLS,FOG/SMOKE/HAZE,DUSK,NOT DIVIDED,WET,NO DEFECTS,7,5,2
Volkswagen Virtus,NO CONTROLS,RAIN,"DARKNESS, LIGHTED ROAD",T-INTERSECTION,WET,DEBRIS ON ROADWAY,10,5,8
Hyundai Creta,LANE USE MARKING,RAIN,DAYLIGHT,NOT DIVIDED,WET,NO DEFECTS,8,7,9
Maruti Suzuki Swift,TRAFFIC SIGNAL,RAIN,DARKNESS,NOT DIVIDED,"SAND, MUD, DIRT","RUT, HOLES",19,3,10
Volkswagen Virtus,TRAFFIC SIGNAL,RAIN,DAYLIGHT,NOT DIVIDED,DRY,SHOULDER DEFECT,9,5,3
Mahindra Thar,NO CONTROLS,OTHER,DAYLIGHT,NOT DIVIDED,WET,NO DEFECTS,10,5,3
Tata Harrier,TRAFFIC SIGNAL,UNKNOWN,DAYLIGHT,FOUR WAY,DRY,NO DEFECTS,12,3,2
Volkswagen Virtus,NO CONTROLS,FOG/SMOKE/HAZE,DAYLIGHT,DIVIDED - W/MEDIAN (NOT RAISED),DRY,DEBRIS ON ROADWAY,8,3,8
Mahindra XUV700,UNKNOWN,FOG/SMOKE/HAZE,DAYLIGHT,NOT DIVIDED,DRY,WORN SURFACE,8,6,9
Hyundai Verna,STOP SIGN/FLASHER,CLOUDY/OVERCAST,DAYLIGHT,NOT DIVIDED,DRY,NO DEFECTS,14,7,1
Toyota Innova,STOP SIGN/FLASHER,CLOUDY/OVERCAST,DAYLIGHT,NOT DIVIDED,DRY,WORN SURFACE,19,5,12
Tata Harrier,NO CONTROLS,FOG/SMOKE/HAZE,DAWN,ONE-WAY,OTHER,WORN SURFACE,18,4,1
Maruti Suzuki Swift,STOP SIGN/FLASHER,UNKNOWN,"DARKNESS, LIGHTED ROAD",ONE-WAY,WET,SHOULDER DEFECT,19,6,8
Maruti Suzuki Wagon R,TRAFFIC SIGNAL,FOG/SMOKE/HAZE,DARKNESS,NOT DIVIDED,DRY,NO DEFECTS,5,7,9
Mahindra Scorpio,STOP SIGN/FLASHER,FOG/SMOKE/HAZE,DUSK,NOT DIVIDED,DRY,"RUT, HOLES",18,1,11
Maruti Suzuki Wagon R,TRAFFIC SIGNAL,RAIN,DUSK,FOUR WAY,"SAND, MUD, DIRT",WORN SURFACE,6,5,9
Maruti Suzuki Brezza,STOP SIGN/FLASHER,CLEAR,DUSK,DIVIDED - W/MEDIAN (NOT RAISED),DRY,NO DEFECTS,6,5,10
Honda City,TRAFFIC SIGNAL,CLEAR,"DARKNESS, LIGHTED ROAD",FOUR WAY,WET,NO DEFECTS,22,5,6
Hyundai Venue,OTHER,CLEAR,DARKNESS,NOT DIVIDED,DRY,NO DEFECTS,19,1,10
Tata Nexon,NO CONTROLS,CLOUDY/OVERCAST,DAYLIGHT,ONE-WAY,DRY,"RUT, HOLES",15,7,1
Tata Punch,NO CONTROLS,FOG/SMOKE/HAZE,DUSK,NOT DIVIDED,DRY,NO DEFECTS,19,1,11
Mahindra Thar,TRAFFIC SIGNAL,RAIN,DARKNESS,NOT DIVIDED,WET,NO DEFECTS,23,3,8
Mahindra Scorpio,NO CONTROLS,CLEAR,DAYLIGHT,NOT DIVIDED,DRY,WORN SURFACE,16,3,10
Skoda Slavia,NO CONTROLS,SLEET/HAIL,DARKNESS,OTHER,WET,NO DEFECTS,16,6,7
Hyundai Venue,NO CONTROLS,RAIN,DARKNESS,FOUR WAY,WET,NO DEFECTS,18,6,8
Toyota Fortuner,STOP SIGN/FLASHER,CLOUDY/OVERCAST,DAYLIGHT,NOT DIVIDED,UNKNOWN,WORN SURFACE,8,1,7
Honda Amaze,NO CONTROLS,RAIN,DAYLIGHT,OTHER,"SAND, MUD, DIRT","RUT, HOLES",7,2,9
Hyundai Venue,STOP SIGN/FLASHER,CLEAR,DAYLIGHT,T-INTERSECTION,DRY,WORN SURFACE,18,3,1
Maruti Suzuki Wagon R,UNKNOWN,CLOUDY/OVERCAST,DAYLIGHT,NOT DIVIDED,DRY,NO DEFECTS,11,6,1
Honda Amaze,TRAFFIC SIGNAL,RAIN,DAYLIGHT,PARKING LOT,WET,NO DEFECTS,6,7,4
Toyota Fortuner,TRAFFIC SIGNAL,CLEAR,DAYLIGHT,NOT DIVIDED,DRY,"RUT, HOLES",10,3,3
Toyota Fortuner,NO CONTROLS,CLEAR,DAYLIGHT,NOT DIVIDED,UNKNOWN,UNKNOWN,11,5,11
Maruti Suzuki Baleno,NO CONTROLS,CLEAR,DARKNESS,T-INTERSECTION,DRY,NO DEFECTS,22,3,4
Toyota Innova,NO CONTROLS,FOG/SMOKE/HAZE,DUSK,ONE-WAY,OTHER,WORN SURFACE,16,5,12
Maruti Suzuki Brezza,UNKNOWN,RAIN,DAYLIGHT,NOT DIVIDED,UNKNOWN,NO DEFECTS,15,5,6
Kia Sonet,TRAFFIC SIGNAL,CLEAR,DARKNESS,DIVIDED - W/MEDIAN BARRIER,DRY,NO DEFECTS,22,4,3
Tata Nexon,NO CONTROLS,CLOUDY/OVERCAST,DARKNESS,ONE-WAY,DRY,NO DEFECTS,21,3,10
Mahindra Scorpio,STOP SIGN/FLASHER,RAIN,DAYLIGHT,UNKNOWN INTERSECTION TYPE,WET,DEBRIS ON ROADWAY,14,7,8
Maruti Suzuki Swift,NO CONTROLS,OTHER,DARKNESS,NOT DIVIDED,DRY,NO DEFECTS,21,6,7
Tata Punch,STOP SIGN/FLASHER,CLEAR,DAYLIGHT,FOUR WAY,"SAND, MUD, DIRT",NO DEFECTS,12,7,8
Volkswagen Virtus,NO CONTROLS,RAIN,DAYLIGHT,NOT DIVIDED,WET,WORN SURFACE,8,4,9
Toyota Innova,NO CONTROLS,CLEAR,DAYLIGHT,NOT DIVIDED,DRY,NO DEFECTS,8,1,4
Maruti Suzuki Wagon R,NO CONTROLS,FOG/SMOKE/HAZE,DAYLIGHT,NOT DIVIDED,OTHER,NO DEFECTS,15,5,12
Tata Nexon,NO CONTROLS,FOG/SMOKE/HAZE,DAYLIGHT,NOT DIVIDED,UNKNOWN,NO DEFECTS,9,6,12
Honda City,TRAFFIC SIGNAL,CLEAR,DAYLIGHT,NOT DIVIDED,DRY,OTHER,17,7,8
Skoda Slavia,STOP SIGN/FLASHER,CLEAR,DAYLIGHT,NOT DIVIDED,"SAND, MUD, DIRT",NO DEFECTS,17,1,3
Maruti Suzuki Brezza,NO CONTROLS,CLOUDY/OVERCAST,DARKNESS,NOT DIVIDED,DRY,UNKNOWN,0,7,9
Maruti Suzuki Swift,STOP SIGN/FLASHER,FOG/SMOKE/HAZE,DAWN,NOT DIVIDED,"SAND, MUD, DIRT",NO DEFECTS,5,4,1
Mahindra XUV700,NO CONTROLS,CLEAR,DAYLIGHT,NOT DIVIDED,DRY,NO DEFECTS,15,3,1
Tata Punch,TRAFFIC SIGNAL,CLEAR,DAWN,FOUR WAY,OTHER,DEBRIS ON ROADWAY,8,2,5
Maruti Suzuki Brezza,NO CONTROLS,RAIN,DAYLIGHT,NOT DIVIDED,WET,"RUT, HOLES",16,6,7
Mahindra Thar,NO CONTROLS,CLEAR,DAYLIGHT,NOT DIVIDED,DRY,NO DEFECTS,15,3,11
Honda Amaze,NO CONTROLS,RAIN,DAYLIGHT,NOT DIVIDED,WET,"RUT, HOLES",16,5,9
Honda Amaze,STOP SIGN/FLASHER,OTHER,DAYLIGHT,T-INTERSECTION,DRY,NO DEFECTS,10,4,9
Tata Nexon,UNKNOWN,CLEAR,DAYLIGHT,FOUR WAY,WET,"RUT, HOLES",16,3,7
Hyundai Venue,NO CONTROLS,RAIN,DARKNESS,NOT DIVIDED,"SAND, MUD, DIRT","RUT, HOLES",19,6,6
Tata Altroz,NO CONTROLS,CLOUDY/OVERCAST,DARKNESS,PARKING LOT,WET,NO DEFECTS,23,3,6
Hyundai Venue,NO CONTROLS,FOG/SMOKE/HAZE,DARKNESS,FOUR WAY,"SAND, MUD, DIRT",DEBRIS ON ROADWAY,19,6,12
Hyundai Verna,NO CONTROLS,FOG/SMOKE/HAZE,DAYLIGHT,NOT DIVIDED,"SAND, MUD, DIRT","RUT, HOLES",9,4,1
Toyota Innova,NO CONTROLS,FOG/SMOKE/HAZE,DARKNESS,OTHER,UNKNOWN,NO DEFECTS,6,1,11
Hyundai i20,NO CONTROLS,RAIN,"DARKNESS, LIGHTED ROAD",Y-INTERSECTION,DRY,NO DEFECTS,17,6,8
Nissan Magnite,TRAFFIC SIGNAL,RAIN,"DARKNESS, LIGHTED ROAD",DIVIDED - W/MEDIAN (NOT RAISED),WET,SHOULDER DEFECT,21,7,7
Mahindra XUV700,NO CONTROLS,RAIN,DAYLIGHT,ALLEY,DRY,NO DEFECTS,8,1,9
Tata Nexon,TRAFFIC SIGNAL,RAIN,DAYLIGHT,NOT DIVIDED,WET,"RUT, HOLES",9,5,7
Hyundai i20,NO CONTROLS,FREEZING RAIN/DRIZZLE,DUSK,UNKNOWN INTERSECTION TYPE,UNKNOWN,DEBRIS ON ROADWAY,7,1,11
Hyundai i20,NO CONTROLS,CLEAR,DUSK,NOT DIVIDED,DRY,"RUT, HOLES",18,6,11
Tata Punch,TRAFFIC SIGNAL,CLOUDY/OVERCAST,DAYLIGHT,FOUR WAY,DRY,WORN SURFACE,12,7,7
Mahindra XUV700,TRAFFIC SIGNAL,CLOUDY/OVERCAST,"DARKNESS, LIGHTED ROAD",NOT DIVIDED,DRY,NO DEFECTS,3,4,5
Mahindra XUV700,NO CONTROLS,FOG/SMOKE/HAZE,DARKNESS,NOT DIVIDED,WET,"RUT, HOLES",19,3,8
Maruti Suzuki Swift,NO CONTROLS,RAIN,DAWN,UNKNOWN INTERSECTION TYPE,WET,NO DEFECTS,15,7,11
Tata Punch,NO CONTROLS,CLEAR,DAYLIGHT,NOT DIVIDED,OTHER,DEBRIS ON ROADWAY,11,5,4
Maruti Suzuki Wagon R,NO CONTROLS,RAIN,DAYLIGHT,OTHER,WET,NO DEFECTS,11,4,8
Hyundai i20,LANE USE MARKING,RAIN,DAYLIGHT,NOT DIVIDED,WET,NO DEFECTS,9,2,8
Skoda Slavia,STOP SIGN/FLASHER,CLOUDY/OVERCAST,DAYLIGHT,T-INTERSECTION,DRY,NO DEFECTS,13,5,9
Tata Punch,UNKNOWN,CLEAR,"DARKNESS, LIGHTED ROAD",NOT DIVIDED,DRY,NO DEFECTS,11,5,2
Tata Altroz,NO CONTROLS,OTHER,UNKNOWN,FOUR WAY,DRY,NO DEFECTS,15,3,9
Tata Nexon,STOP SIGN/FLASHER,RAIN,DAWN,ONE-WAY,WET,SHOULDER DEFECT,18,2,11
Hyundai Verna,NO CONTROLS,CLOUDY/OVERCAST,DAYLIGHT,DIVIDED - W/MEDIAN (NOT RAISED),DRY,DEBRIS ON ROADWAY,17,4,3
Honda Amaze,TRAFFIC SIGNAL,CLEAR,DAYLIGHT,NOT DIVIDED,DRY,"RUT, HOLES",10,4,4
Toyota Innova,NO CONTROLS,CLEAR,DAYLIGHT,NOT DIVIDED,DRY,NO DEFECTS,15,1,12
Kia Seltos,TRAFFIC SIGNAL,CLEAR,"DARKNESS, LIGHTED ROAD",NOT DIVIDED,"SAND, MUD, DIRT",NO DEFECTS,19,3,3
Tata Punch,NO CONTROLS,CLOUDY/OVERCAST,DARKNESS,OTHER,DRY,OTHER,3,2,11
Nissan Magnite,STOP SIGN/FLASHER,CLEAR,DARKNESS,FOUR WAY,DRY,NO DEFECTS,4,7,7
Honda Amaze,STOP SIGN/FLASHER,CLOUDY/OVERCAST,DAYLIGHT,DIVIDED - W/MEDIAN (NOT RAISED),DRY,"RUT, HOLES",15,1,4
Tata Punch,TRAFFIC SIGNAL,FOG/SMOKE/HAZE,DAYLIGHT,NOT DIVIDED,DRY,NO DEFECTS,14,7,11
Mahindra Scorpio,NO CONTROLS,OTHER,DUSK,NOT DIVIDED,DRY,UNKNOWN,8,5,7
Renault Kiger,STOP SIGN/FLASHER,RAIN,DAYLIGHT,FOUR WAY,WET,NO DEFECTS,18,5,7
Mahindra Scorpio,STOP SIGN/FLASHER,CLEAR,DAYLIGHT,NOT DIVIDED,UNKNOWN,NO DEFECTS,16,7,6
Mahindra XUV700,NO CONTROLS,RAIN,"DARKNESS, LIGHTED ROAD",NOT DIVIDED,WET,WORN SURFACE,21,3,8
Kia Sonet,STOP SIGN/FLASHER,CLEAR,DAYLIGHT,NOT DIVIDED,DRY,NO DEFECTS,7,6,3
Maruti Suzuki Swift,UNKNOWN,RAIN,DARKNESS,FOUR WAY,WET,"RUT, HOLES",18,6,6
Toyota Innova,LANE USE MARKING,CLOUDY/OVERCAST,"DARKNESS, LIGHTED ROAD",FOUR WAY,DRY,NO DEFECTS,4,7,12
Honda Amaze,NO CONTROLS,RAIN,DAYLIGHT,NOT DIVIDED,WET,"RUT, HOLES",15,1,5
Toyota Innova,OTHER,RAIN,DAYLIGHT,NOT DIVIDED,WET,NO DEFECTS,15,4,8
Volkswagen Virtus,YIELD,RAIN,UNKNOWN,NOT DIVIDED,OTHER,"RUT, HOLES",12,7,6
Volkswagen Virtus,NO CONTROLS,CLEAR,UNKNOWN,NOT DIVIDED,DRY,SHOULDER DEFECT,19,3,10
Maruti Suzuki Wagon R,STOP SIGN/FLASHER,CLEAR,"DARKNESS, LIGHTED ROAD",DIVIDED - W/MEDIAN (NOT RAISED),DRY,OTHER,0,7,2
Kia Seltos,YIELD,FOG/SMOKE/HAZE,DAYLIGHT,NOT DIVIDED,"SAND, MUD, DIRT",WORN SURFACE,9,6,12
Hyundai Verna,STOP SIGN/FLASHER,FOG/SMOKE/HAZE,"DARKNESS, LIGHTED ROAD",NOT DIVIDED,DRY,WORN SURFACE,6,3,7
Renault Kiger,NO CONTROLS,RAIN,DUSK,FOUR WAY,WET,"RUT, HOLES",18,1,4
Skoda Slavia,TRAFFIC SIGNAL,RAIN,DARKNESS,Y-INTERSECTION,WET,NO DEFECTS,1,3,1
Hyundai Venue,NO CONTROLS,CLOUDY/OVERCAST,"DARKNESS, LIGHTED ROAD",NOT DIVIDED,DRY,"RUT, HOLES",19,1,3
Mahindra Thar,NO CONTROLS,OTHER,UNKNOWN,NOT DIVIDED,"SAND, MUD, DIRT",NO DEFECTS,19,4,7
Tata Altroz,TRAFFIC SIGNAL,RAIN,"DARKNESS, LIGHTED ROAD",NOT DIVIDED,WET,NO DEFECTS,19,7,6
Mahindra Thar,NO CONTROLS,CLEAR,DAYLIGHT,NOT DIVIDED,DRY,WORN SURFACE,7,4,10
Tata Altroz,TRAFFIC SIGNAL,RAIN,DAYLIGHT,FOUR WAY,DRY,"RUT, HOLES",16,4,7
Hyundai Verna,NO CONTROLS,CLEAR,DARKNESS,FOUR WAY,DRY,NO DEFECTS,0,2,4
Maruti Suzuki Swift,STOP SIGN/FLASHER,RAIN,DARKNESS,NOT DIVIDED,WET,WORN SURFACE,19,5,8
Toyota Innova,STOP SIGN/FLASHER,RAIN,UNKNOWN,NOT DIVIDED,WET,DEBRIS ON ROADWAY,18,4,9
Mahindra Thar,TRAFFIC SIGNAL,RAIN,DAYLIGHT,NOT DIVIDED,"SAND, MUD, DIRT","RUT, HOLES",15,6,3
Hyundai Verna,OTHER,CLOUDY/OVERCAST,DAYLIGHT,NOT DIVIDED,WET,WORN SURFACE,18,4,3
Tata Altroz,TRAFFIC SIGNAL,FOG/SMOKE/HAZE,DAWN,DIVIDED - W/MEDIAN BARRIER,DRY,NO DEFECTS,5,7,1
Mahindra XUV700,STOP SIGN/FLASHER,CLOUDY/OVERCAST,DAYLIGHT,NOT DIVIDED,WET,OTHER,15,6,9
Tata Harrier,NO CONTROLS,FOG/SMOKE/HAZE,DAYLIGHT,T-INTERSECTION,WET,NO DEFECTS,7,2,9
Kia Seltos,STOP SIGN/FLASHER,UNKNOWN,DARKNESS,NOT DIVIDED,UNKNOWN,DEBRIS ON ROADWAY,22,2,7
Honda Amaze,NO CONTROLS,CLOUDY/OVERCAST,DARKNESS,DIVIDED - W/MEDIAN BARRIER,DRY,DEBRIS ON ROADWAY,20,1,11
Tata Nexon,NO CONTROLS,CLEAR,DAWN,FOUR WAY,"SAND, MUD, DIRT",WORN SURFACE,18,3,10
Hyundai Verna,NO CONTROLS,CLOUDY/OVERCAST,UNKNOWN,NOT DIVIDED,DRY,WORN SURFACE,21,1,8
Kia Seltos,NO CONTROLS,FOG/SMOKE/HAZE,DAYLIGHT,NOT DIVIDED,"SAND, MUD, DIRT","RUT, HOLES",7,4,11
Volkswagen Virtus,NO CONTROLS,CLOUDY/OVERCAST,"DARKNESS, LIGHTED ROAD",FOUR WAY,DRY,DEBRIS ON ROADWAY,21,2,4
Tata Harrier,NO CONTROLS,CLEAR,DAYLIGHT,NOT DIVIDED,DRY,WORN SURFACE,10,4,2
Hyundai Creta,STOP SIGN/FLASHER,CLEAR,DUSK,ALLEY,"SAND, MUD, DIRT",NO DEFECTS,18,2,5
Mahindra Thar,NO CONTROLS,UNKNOWN,DUSK,NOT DIVIDED,"SAND, MUD, DIRT",NO DEFECTS,18,5,1
Hyundai Venue,NO CONTROLS,CLEAR,DUSK,ONE-WAY,DRY,"RUT, HOLES",0,7,7
Kia Sonet,STOP SIGN/FLASHER,FOG/SMOKE/HAZE,DAYLIGHT,DIVIDED - W/MEDIAN (NOT RAISED),DRY,SHOULDER DEFECT,7,5,12
Hyundai Verna,NO CONTROLS,CLOUDY/OVERCAST,DARKNESS,NOT DIVIDED,DRY,SHOULDER DEFECT,0,5,1
Maruti Suzuki Wagon R,NO CONTROLS,CLEAR,"DARKNESS, LIGHTED ROAD",NOT DIVIDED,DRY,SHOULDER DEFECT,23,6,2
Maruti Suzuki Swift,STOP SIGN/FLASHER,RAIN,DAYLIGHT,NOT DIVIDED,WET,NO DEFECTS,6,1,7
Kia Sonet,STOP SIGN/FLASHER,CLEAR,DAYLIGHT,T-INTERSECTION,DRY,"RUT, HOLES",15,3,12
Maruti Suzuki Swift,PEDESTRIAN CROSSING SIGN,RAIN,DARKNESS,OTHER,WET,"RUT, HOLES",19,7,6
Tata Harrier,NO CONTROLS,RAIN,DAYLIGHT,OTHER,WET,"RUT, HOLES",8,6,7
Mahindra Scorpio,STOP SIGN/FLASHER,FOG/SMOKE/HAZE,DAYLIGHT,NOT DIVIDED,DRY,NO DEFECTS,8,1,1
Nissan Magnite,NO CONTROLS,CLEAR,DUSK,ONE-WAY,OTHER,WORN SURFACE,16,3,2
Renault Kiger,NO CONTROLS,CLEAR,DAYLIGHT,NOT DIVIDED,DRY,"RUT, HOLES",7,4,12
Renault Kiger,NO CONTROLS,OTHER,DAYLIGHT,NOT DIVIDED,WET,"RUT, HOLES",18,7,12
Honda Amaze,STOP SIGN/FLASHER,FOG/SMOKE/HAZE,DAYLIGHT,NOT DIVIDED,"SAND, MUD, DIRT","RUT, HOLES",7,5,1
Tata Harrier,NO CONTROLS,UNKNOWN,DAYLIGHT,NOT DIVIDED,DRY,"RUT, HOLES",8,1,12
Maruti Suzuki Wagon R,TRAFFIC SIGNAL,CLOUDY/OVERCAST,DARKNESS,DIVIDED - W/MEDIAN BARRIER,DRY,NO DEFECTS,15,4,8
Maruti Suzuki Baleno,TRAFFIC SIGNAL,CLEAR,DAYLIGHT,T-INTERSECTION,DRY,SHOULDER DEFECT,12,3,11
Tata Punch,NO CONTROLS,CLEAR,DARKNESS,NOT DIVIDED,DRY,NO DEFECTS,21,3,7
Honda Amaze,NO CONTROLS,RAIN,DARKNESS,NOT DIVIDED,WET,WORN SURFACE,20,1,7
Renault Kiger,STOP SIGN/FLASHER,RAIN,DAYLIGHT,NOT DIVIDED,WET,NO DEFECTS,14,4,7
Toyota Innova,NO CONTROLS,RAIN,DAYLIGHT,FOUR WAY,OTHER,"RUT, HOLES",11,5,9
Volkswagen Virtus,TRAFFIC SIGNAL,CLEAR,DAYLIGHT,DIVIDED - W/MEDIAN (NOT RAISED),DRY,DEBRIS ON ROADWAY,10,6,2
Mahindra XUV700,NO PASSING,RAIN,DAYLIGHT,T-INTERSECTION,DRY,NO DEFECTS,9,6,1
Maruti Suzuki Baleno,NO CONTROLS,UNKNOWN,DAYLIGHT,CENTER TURN LANE,DRY,OTHER,15,5,6
Tata Harrier,TRAFFIC SIGNAL,RAIN,DARKNESS,NOT DIVIDED,WET,NO DEFECTS,19,7,9
Toyota Innova,STOP SIGN/FLASHER,CLEAR,DAYLIGHT,FOUR WAY,DRY,NO DEFECTS,10,3,3
Hyundai i20,TRAFFIC SIGNAL,CLEAR,DAYLIGHT,CENTER TURN LANE,DRY,SHOULDER DEFECT,8,2,9
Maruti Suzuki Baleno,NO CONTROLS,FOG/SMOKE/HAZE,DAYLIGHT,DIVIDED - W/MEDIAN (NOT RAISED),"SAND, MUD, DIRT",WORN SURFACE,8,1,12
Hyundai Venue,NO CONTROLS,CLEAR,DARKNESS,NOT DIVIDED,DRY,NO DEFECTS,3,2,1
Kia Sonet,STOP SIGN/FLASHER,CLEAR,DAYLIGHT,NOT DIVIDED,DRY,DEBRIS ON ROADWAY,17,2,9
Tata Altroz,STOP SIGN/FLASHER,RAIN,DAYLIGHT,T-INTERSECTION,WET,WORN SURFACE,14,7,7
Mahindra Scorpio,UNKNOWN,RAIN,DAYLIGHT,T-INTERSECTION,WET,NO DEFECTS,14,2,11
Maruti Suzuki Baleno,TRAFFIC SIGNAL,CLEAR,DAYLIGHT,T-INTERSECTION,"SAND, MUD, DIRT",SHOULDER DEFECT,10,1,3
Kia Sonet,STOP SIGN/FLASHER,CLOUDY/OVERCAST,DARKNESS,T-INTERSECTION,"SAND, MUD, DIRT","RUT, HOLES",21,4,9
Hyundai Creta,RAILROAD CROSSING GATE,CLEAR,DUSK,CENTER TURN LANE,"SAND, MUD, DIRT",NO DEFECTS,5,2,11
Tata Nexon,NO CONTROLS,CLEAR,DARKNESS,ONE-WAY,DRY,WORN SURFACE,20,2,12
Hyundai Creta,NO CONTROLS,OTHER,DAYLIGHT,OTHER,DRY,WORN SURFACE,12,3,9
Tata Altroz,STOP SIGN/FLASHER,RAIN,DARKNESS,DIVIDED - W/MEDIAN (NOT RAISED),WET,"RUT, HOLES",20,7,7
Toyota Innova,NO CONTROLS,UNKNOWN,"DARKNESS, LIGHTED ROAD",FOUR WAY,WET,DEBRIS ON ROADWAY,18,1,8
Mahindra Scorpio,PEDESTRIAN CROSSING SIGN,FOG/SMOKE/HAZE,"DARKNESS, LIGHTED ROAD",UNKNOWN,DRY,SHOULDER DEFECT,5,2,11
Kia Seltos,STOP SIGN/FLASHER,RAIN,DARKNESS,Y-INTERSECTION,UNKNOWN,NO DEFECTS,19,6,8
Nissan Magnite,NO CONTROLS,FOG/SMOKE/HAZE,DAYLIGHT,ONE-WAY,UNKNOWN,SHOULDER DEFECT,16,2,1
Kia Sonet,NO CONTROLS,CLEAR,DUSK,T-INTERSECTION,OTHER,NO DEFECTS,1,4,12
Hyundai Venue,TRAFFIC SIGNAL,RAIN,DAYLIGHT,NOT DIVIDED,WET,"RUT, HOLES",6,1,9
Maruti Suzuki Baleno,NO CONTROLS,OTHER,DAYLIGHT,DIVIDED - W/MEDIAN (NOT RAISED),DRY,OTHER,16,6,9
Maruti Suzuki Baleno,NO CONTROLS,CLEAR,DAYLIGHT,NOT DIVIDED,"SAND, MUD, DIRT",WORN SURFACE,17,6,4
Honda Amaze,STOP SIGN/FLASHER,CLEAR,DUSK,NOT DIVIDED,WET,NO DEFECTS,18,1,8
Tata Altroz,NO CONTROLS,SLEET/HAIL,DAYLIGHT,NOT DIVIDED,DRY,"RUT, HOLES",17,7,6
Honda Amaze,NO CONTROLS,CLOUDY/OVERCAST,DAYLIGHT,T-INTERSECTION,DRY,"RUT, HOLES",17,5,8
Skoda Slavia,TRAFFIC SIGNAL,CLEAR,"DARKNESS, LIGHTED ROAD",ALLEY,"SAND, MUD, DIRT",NO DEFECTS,18,6,2
Toyota Innova,NO CONTROLS,UNKNOWN,DAYLIGHT,NOT DIVIDED,DRY,DEBRIS ON ROADWAY,15,6,8
Hyundai i20,OTHER,CLOUDY/OVERCAST,DAYLIGHT,NOT DIVIDED,DRY,WORN SURFACE,9,4,12
Maruti Suzuki Swift,NO CONTROLS,CLEAR,DARKNESS,OTHER,"SAND, MUD, DIRT",WORN SURFACE,21,6,1
Volkswagen Virtus,STOP SIGN/FLASHER,FOG/SMOKE/HAZE,DAWN,FOUR WAY,DRY,"RUT, HOLES",2,2,12
Volkswagen Virtus,NO CONTROLS,CLEAR,DAWN,FOUR WAY,WET,NO DEFECTS,11,1,6
Tata Punch,NO CONTROLS,CLEAR,DUSK,DIVIDED - W/MEDIAN (NOT RAISED),DRY,DEBRIS ON ROADWAY,18,3,11
Tata Harrier,TRAFFIC SIGNAL,CLEAR,DAYLIGHT,NOT DIVIDED,DRY,NO DEFECTS,13,2,10
Hyundai i20,STOP SIGN/FLASHER,CLEAR,"DARKNESS, LIGHTED ROAD",NOT DIVIDED,DRY,NO DEFECTS,0,7,8
Honda City,NO CONTROLS,CLOUDY/OVERCAST,"DARKNESS, LIGHTED ROAD","FIVE POINT, OR MORE",DRY,UNKNOWN,3,7,9
Tata Harrier,NO CONTROLS,FOG/SMOKE/HAZE,DAYLIGHT,T-INTERSECTION,DRY,SHOULDER DEFECT,14,2,11
Kia Seltos,NO CONTROLS,RAIN,"DARKNESS, LIGHTED ROAD",NOT DIVIDED,WET,"RUT, HOLES",22,3,6
Kia Sonet,STOP SIGN/FLASHER,UNKNOWN,DAYLIGHT,NOT DIVIDED,"SAND, MUD, DIRT",NO DEFECTS,15,4,6
Skoda Slavia,TRAFFIC SIGNAL,RAIN,DAYLIGHT,FOUR WAY,WET,NO DEFECTS,14,4,9
Toyota Innova,NO CONTROLS,CLOUDY/OVERCAST,DAYLIGHT,NOT DIVIDED,"SAND, MUD, DIRT","RUT, HOLES",10,6,10
Volkswagen Virtus,NO CONTROLS,RAIN,DAYLIGHT,NOT DIVIDED,WET,"RUT, HOLES",9,4,9
Tata Altroz,TRAFFIC SIGNAL,CLEAR,DARKNESS,NOT DIVIDED,WET,WORN SURFACE,0,5,10
Maruti Suzuki Baleno,TRAFFIC SIGNAL,RAIN,"DARKNESS, LIGHTED ROAD",NOT DIVIDED,WET,WORN SURFACE,9,6,7
Maruti Suzuki Swift,NO CONTROLS,CLOUDY/OVERCAST,DAYLIGHT,FOUR WAY,DRY,"RUT, HOLES",13,1,10
Mahindra XUV700,NO CONTROLS,CLEAR,DARKNESS,CENTER TURN LANE,"SAND, MUD, DIRT","RUT, HOLES",8,1,2
Maruti Suzuki Wagon R,YIELD,CLOUDY/OVERCAST,"DARKNESS, LIGHTED ROAD",NOT DIVIDED,DRY,WORN SURFACE,4,2,8
Toyota Fortuner,TRAFFIC SIGNAL,CLEAR,DAYLIGHT,NOT DIVIDED,UNKNOWN,WORN SURFACE,17,6,1
Maruti Suzuki Baleno,NO CONTROLS,RAIN,"DARKNESS, LIGHTED ROAD",NOT DIVIDED,WET,OTHER,20,2,6
Maruti Suzuki Wagon R,NO CONTROLS,RAIN,DARKNESS,UNKNOWN INTERSECTION TYPE,OTHER,SHOULDER DEFECT,21,7,6
Tata Nexon,OTHER REG. SIGN,OTHER,DAYLIGHT,DIVIDED - W/MEDIAN (NOT RAISED),DRY,NO DEFECTS,16,1,6
Mahindra Scorpio,STOP SIGN/FLASHER,RAIN,DARKNESS,NOT DIVIDED,WET,DEBRIS ON ROADWAY,2,5,9
Mahindra XUV700,TRAFFIC SIGNAL,CLOUDY/OVERCAST,UNKNOWN,ALLEY,DRY,NO DEFECTS,18,1,6
Honda City,NO CONTROLS,RAIN,DUSK,DIVIDED - W/MEDIAN (NOT RAISED),WET,UNKNOWN,6,7,7
Hyundai i20,TRAFFIC SIGNAL,CLEAR,DAYLIGHT,NOT DIVIDED,DRY,WORN SURFACE,17,2,4
Maruti Suzuki Wagon R,STOP SIGN/FLASHER,RAIN,DAWN,UNKNOWN INTERSECTION TYPE,WET,"RUT, HOLES",18,5,6
Maruti Suzuki Brezza,NO CONTROLS,CLEAR,DUSK,NOT DIVIDED,DRY,NO DEFECTS,18,7,4
Kia Sonet,NO CONTROLS,RAIN,DARKNESS,NOT DIVIDED,DRY,NO DEFECTS,22,1,1
Kia Seltos,NO CONTROLS,RAIN,DAYLIGHT,FOUR WAY,"SAND, MUD, DIRT",NO DEFECTS,18,4,8
Volkswagen Virtus,TRAFFIC SIGNAL,CLEAR,DAYLIGHT,NOT REPORTED,DRY,SHOULDER DEFECT,17,5,9
Volkswagen Virtus,TRAFFIC SIGNAL,RAIN,DAYLIGHT,TRAFFIC ROUTE,WET,"RUT, HOLES",9,3,8
Hyundai Verna,STOP SIGN/FLASHER,FOG/SMOKE/HAZE,DARKNESS,ONE-WAY,DRY,"RUT, HOLES",20,5,7
Maruti Suzuki Brezza,STOP SIGN/FLASHER,RAIN,DAYLIGHT,DIVIDED - W/MEDIAN (NOT RAISED),"SAND, MUD, DIRT",DEBRIS ON ROADWAY,7,5,6
Mahindra XUV700,STOP SIGN/FLASHER,CLOUDY/OVERCAST,DARKNESS,Y-INTERSECTION,DRY,NO DEFECTS,21,2,11
Hyundai Verna,NO CONTROLS,RAIN,DAYLIGHT,NOT DIVIDED,WET,WORN SURFACE,10,6,7
Hyundai i20,NO CONTROLS,RAIN,"DARKNESS, LIGHTED ROAD",FOUR WAY,WET,"RUT, HOLES",6,4,7
Mahindra Thar,NO CONTROLS,FOG/SMOKE/HAZE,DARKNESS,NOT DIVIDED,DRY,NO DEFECTS,19,4,1
Skoda Slavia,NO CONTROLS,RAIN,DARKNESS,FOUR WAY,WET,SHOULDER DEFECT,0,7,6
Skoda Slavia,UNKNOWN,CLEAR,UNKNOWN,NOT DIVIDED,DRY,WORN SURFACE,19,5,6
Volkswagen Virtus,NO CONTROLS,OTHER,DAYLIGHT,ONE-WAY,DRY,NO DEFECTS,9,6,6
Honda Amaze,STOP SIGN/FLASHER,CLOUDY/OVERCAST,DARKNESS,NOT DIVIDED,WET,"RUT, HOLES",20,7,8
Skoda Slavia,OTHER,RAIN,DAYLIGHT,NOT DIVIDED,WET,SHOULDER DEFECT,17,5,7
Maruti Suzuki Baleno,NO CONTROLS,RAIN,DUSK,T-INTERSECTION,WET,NO DEFECTS,17,6,8
Honda Amaze,STOP SIGN/FLASHER,RAIN,DAYLIGHT,NOT DIVIDED,WET,NO DEFECTS,11,3,9
Hyundai Venue,NO CONTROLS,UNKNOWN,DARKNESS,T-INTERSECTION,DRY,WORN SURFACE,2,2,10
Hyundai Creta,NO CONTROLS,UNKNOWN,DARKNESS,OTHER,DRY,SHOULDER DEFECT,19,6,9
Maruti Suzuki Wagon R,STOP SIGN/FLASHER,UNKNOWN,DAYLIGHT,NOT DIVIDED,WET,WORN SURFACE,7,7,12
Volkswagen Virtus,NO CONTROLS,CLEAR,DAYLIGHT,NOT DIVIDED,WET,NO DEFECTS,12,1,1
Volkswagen Virtus,NO CONTROLS,CLEAR,DAYLIGHT,UNKNOWN INTERSECTION TYPE,DRY,"RUT, HOLES",16,6,3
Maruti Suzuki Baleno,NO CONTROLS,CLOUDY/OVERCAST,DAYLIGHT,DIVIDED - W/MEDIAN BARRIER,WET,WORN SURFACE,14,1,1
Honda City,TRAFFIC SIGNAL,RAIN,DAYLIGHT,UNKNOWN,WET,NO DEFECTS,8,4,8
Hyundai i20,NO CONTROLS,FOG/SMOKE/HAZE,DAYLIGHT,OTHER,DRY,"RUT, HOLES",6,6,11
Nissan Magnite,NO CONTROLS,CLEAR,DUSK,NOT DIVIDED,DRY,WORN SURFACE,6,4,4
Kia Sonet,NO CONTROLS,CLOUDY/OVERCAST,DARKNESS,NOT DIVIDED,DRY,SHOULDER DEFECT,20,3,12
Tata Harrier,TRAFFIC SIGNAL,FOG/SMOKE/HAZE,"DARKNESS, LIGHTED ROAD",NOT DIVIDED,OTHER,NO DEFECTS,3,2,1
Mahindra Scorpio,TRAFFIC SIGNAL,CLEAR,DARKNESS,NOT DIVIDED,WET,NO DEFECTS,23,7,12
Skoda Slavia,NO CONTROLS,CLEAR,DAYLIGHT,NOT DIVIDED,DRY,"RUT, HOLES",8,5,6
Kia Seltos,OTHER,CLOUDY/OVERCAST,DAYLIGHT,CENTER TURN LANE,DRY,WORN SURFACE,6,1,2
Volkswagen Virtus,TRAFFIC SIGNAL,RAIN,DAYLIGHT,DIVIDED - W/MEDIAN (NOT RAISED),"SAND, MUD, DIRT",WORN SURFACE,15,1,7
Renault Kiger,STOP SIGN/FLASHER,OTHER,"DARKNESS, LIGHTED ROAD",NOT DIVIDED,"SAND, MUD, DIRT",NO DEFECTS,4,2,5
Maruti Suzuki Baleno,NO CONTROLS,UNKNOWN,DUSK,ONE-WAY,DRY,NO DEFECTS,16,5,5
Kia Seltos,NO CONTROLS,CLEAR,DARKNESS,NOT DIVIDED,DRY,WORN SURFACE,19,6,5
Honda City,LANE USE MARKING,CLEAR,DARKNESS,NOT DIVIDED,WET,DEBRIS ON ROADWAY,2,7,10
Honda Amaze,PEDESTRIAN CROSSING SIGN,RAIN,DARKNESS,NOT DIVIDED,DRY,WORN SURFACE,19,6,8
Kia Seltos,TRAFFIC SIGNAL,RAIN,DAYLIGHT,FOUR WAY,WET,"RUT, HOLES",12,5,6
Maruti Suzuki Brezza,STOP SIGN/FLASHER,RAIN,DAYLIGHT,ONE-WAY,WET,OTHER,7,5,8
Tata Nexon,NO CONTROLS,CLEAR,DAYLIGHT,NOT DIVIDED,DRY,"RUT, HOLES",7,5,9
Toyota Innova,UNKNOWN,CLOUDY/OVERCAST,DAWN,DIVIDED - W/MEDIAN (NOT RAISED),DRY,"RUT, HOLES",21,4,5
Tata Altroz,TRAFFIC SIGNAL,RAIN,"DARKNESS, LIGHTED ROAD",NOT DIVIDED,WET,NO DEFECTS,6,6,7
Maruti Suzuki Baleno,NO CONTROLS,CLEAR,DARKNESS,NOT DIVIDED,DRY,DEBRIS ON ROADWAY,20,2,2
Skoda Slavia,TRAFFIC SIGNAL,CLOUDY/OVERCAST,DAYLIGHT,NOT DIVIDED,"SAND, MUD, DIRT","RUT, HOLES",15,3,3
Toyota Fortuner,NO CONTROLS,CLEAR,"DARKNESS, LIGHTED ROAD",NOT DIVIDED,DRY,NO DEFECTS,1,7,9
Tata Altroz,NO CONTROLS,FOG/SMOKE/HAZE,DAYLIGHT,NOT DIVIDED,DRY,NO DEFECTS,8,5,3
Toyota Fortuner,TRAFFIC SIGNAL,RAIN,DARKNESS,FOUR WAY,"SAND, MUD, DIRT",NO DEFECTS,19,4,7
Honda City,STOP SIGN/FLASHER,UNKNOWN,DUSK,NOT DIVIDED,DRY,NO DEFECTS,18,7,9
Renault Kiger,STOP SIGN/FLASHER,CLOUDY/OVERCAST,DAYLIGHT,NOT DIVIDED,"SAND, MUD, DIRT",NO DEFECTS,14,6,2
Nissan Magnite,STOP SIGN/FLASHER,RAIN,"DARKNESS, LIGHTED ROAD",UNKNOWN INTERSECTION TYPE,DRY,OTHER,20,3,8
Hyundai Venue,NO CONTROLS,CLEAR,UNKNOWN,NOT DIVIDED,DRY,NO DEFECTS,6,5,5
Volkswagen Virtus,NO CONTROLS,FOG/SMOKE/HAZE,DARKNESS,ONE-WAY,DRY,"RUT, HOLES",20,2,12
Toyota Fortuner,STOP SIGN/FLASHER,OTHER,DARKNESS,T-INTERSECTION,"SAND, MUD, DIRT",NO DEFECTS,19,1,7
Maruti Suzuki Swift,NO CONTROLS,CLEAR,DAYLIGHT,NOT DIVIDED,DRY,WORN SURFACE,17,7,10
Hyundai Verna,STOP SIGN/FLASHER,CLEAR,"DARKNESS, LIGHTED ROAD",NOT DIVIDED,DRY,"RUT, HOLES",19,6,8
Nissan Magnite,STOP SIGN/FLASHER,FOG/SMOKE/HAZE,DUSK,NOT DIVIDED,"SAND, MUD, DIRT",NO DEFECTS,9,7,1
Tata Altroz,LANE USE MARKING,UNKNOWN,DAYLIGHT,DIVIDED - W/MEDIAN (NOT RAISED),DRY,SHOULDER DEFECT,17,6,8
Tata Altroz,NO CONTROLS,FOG/SMOKE/HAZE,DAWN,NOT DIVIDED,DRY,WORN SURFACE,10,4,12
Honda City,STOP SIGN/FLASHER,RAIN,DAYLIGHT,NOT DIVIDED,WET,OTHER,11,7,8
Maruti Suzuki Baleno,FLASHING CONTROL SIGNAL,CLOUDY/OVERCAST,DAYLIGHT,DIVIDED - W/MEDIAN BARRIER,WET,NO DEFECTS,15,6,10
Mahindra Scorpio,NO CONTROLS,FOG/SMOKE/HAZE,DAYLIGHT,DIVIDED - W/MEDIAN (NOT RAISED),DRY,"RUT, HOLES",7,2,11
Honda City,TRAFFIC SIGNAL,CLEAR,DAYLIGHT,DRIVEWAY,DRY,UNKNOWN,13,5,4
Renault Kiger,NO CONTROLS,CLEAR,DAYLIGHT,FOUR WAY,DRY,WORN SURFACE,9,3,4
Mahindra Scorpio,TRAFFIC SIGNAL,CLEAR,DAWN,NOT DIVIDED,WET,SHOULDER DEFECT,6,2,8
Hyundai Verna,STOP SIGN/FLASHER,RAIN,DAYLIGHT,DIVIDED - W/MEDIAN (NOT RAISED),"SAND, MUD, DIRT","RUT, HOLES",10,1,6
Mahindra XUV700,OTHER REG. SIGN,FOG/SMOKE/HAZE,DARKNESS,DIVIDED - W/MEDIAN BARRIER,DRY,WORN SURFACE,19,5,11
Tata Altroz,NO CONTROLS,CLOUDY/OVERCAST,DAYLIGHT,NOT DIVIDED,WET,WORN SURFACE,12,4,11
Toyota Fortuner,TRAFFIC SIGNAL,RAIN,DUSK,T-INTERSECTION,WET,NO DEFECTS,18,1,6
Hyundai Verna,TRAFFIC SIGNAL,CLEAR,DAYLIGHT,NOT DIVIDED,"SAND, MUD, DIRT",WORN SURFACE,7,6,4
Tata Punch,TRAFFIC SIGNAL,CLEAR,DAYLIGHT,UNKNOWN INTERSECTION TYPE,DRY,WORN SURFACE,13,6,10
Hyundai i20,NO CONTROLS,CLEAR,DARKNESS,FOUR WAY,WET,NO DEFECTS,6,2,5
Kia Sonet,NO CONTROLS,RAIN,"DARKNESS, LIGHTED ROAD",NOT DIVIDED,OTHER,NO DEFECTS,6,7,10
Maruti Suzuki Swift,NO CONTROLS,RAIN,DAYLIGHT,Y-INTERSECTION,"SAND, MUD, DIRT",NO DEFECTS,16,6,7
Volkswagen Virtus,NO CONTROLS,RAIN,DAYLIGHT,NOT DIVIDED,WET,SHOULDER DEFECT,16,6,9
Honda City,TRAFFIC SIGNAL,FOG/SMOKE/HAZE,DAWN,NOT DIVIDED,WET,WORN SURFACE,6,1,1
Maruti Suzuki Wagon R,NO CONTROLS,SLEET/HAIL,"DARKNESS, LIGHTED ROAD",T-INTERSECTION,OTHER,"RUT, HOLES",14,7,8
Tata Altroz,TRAFFIC SIGNAL,RAIN,DARKNESS,UNKNOWN INTERSECTION TYPE,"SAND, MUD, DIRT",WORN SURFACE,20,7,7
Kia Seltos,STOP SIGN/FLASHER,CLOUDY/OVERCAST,DUSK,NOT DIVIDED,DRY,"RUT, HOLES",7,4,8
Nissan Magnite,NO CONTROLS,CLEAR,DARKNESS,DIVIDED - W/MEDIAN BARRIER,WET,SHOULDER DEFECT,0,7,3
Skoda Slavia,NO CONTROLS,CLOUDY/OVERCAST,"DARKNESS, LIGHTED ROAD",NOT DIVIDED,DRY,NO DEFECTS,17,5,9
Maruti Suzuki Swift,NO CONTROLS,CLEAR,DARKNESS,NOT DIVIDED,DRY,WORN SURFACE,2,2,11
Volkswagen Virtus,STOP SIGN/FLASHER,CLEAR,UNKNOWN,NOT DIVIDED,DRY,NO DEFECTS,23,6,4
Mahindra Scorpio,STOP SIGN/FLASHER,FOG/SMOKE/HAZE,DAYLIGHT,FOUR WAY,DRY,NO DEFECTS,12,5,1
Skoda Slavia,STOP SIGN/FLASHER,OTHER,"DARKNESS, LIGHTED ROAD",NOT DIVIDED,WET,NO DEFECTS,14,3,1
Hyundai Venue,UNKNOWN,RAIN,DAYLIGHT,NOT DIVIDED,WET,"RUT, HOLES",13,2,8
Skoda Slavia,NO CONTROLS,CLOUDY/OVERCAST,DAYLIGHT,NOT REPORTED,DRY,SHOULDER DEFECT,15,4,8
Tata Altroz,TRAFFIC SIGNAL,RAIN,"DARKNESS, LIGHTED ROAD",NOT DIVIDED,WET,"RUT, HOLES",5,6,8
Maruti Suzuki Baleno,TRAFFIC SIGNAL,CLEAR,"DARKNESS, LIGHTED ROAD",NOT DIVIDED,DRY,NO DEFECTS,21,7,4
Toyota Innova,NO CONTROLS,CLOUDY/OVERCAST,DAYLIGHT,FOUR WAY,DRY,UNKNOWN,16,5,6
Mahindra Scorpio,LANE USE MARKING,RAIN,DAYLIGHT,NOT DIVIDED,OTHER,NO DEFECTS,7,4,8
Maruti Suzuki Baleno,LANE USE MARKING,UNKNOWN,DAYLIGHT,NOT DIVIDED,WET,UNKNOWN,15,5,7
Tata Punch,NO CONTROLS,OTHER,"DARKNESS, LIGHTED ROAD",FOUR WAY,DRY,DEBRIS ON ROADWAY,6,4,12
Volkswagen Virtus,NO CONTROLS,CLEAR,DARKNESS,FOUR WAY,DRY,"RUT, HOLES",0,5,2
Renault Kiger,TRAFFIC SIGNAL,CLEAR,DAYLIGHT,OTHER,DRY,NO DEFECTS,16,5,9
Maruti Suzuki Wagon R,STOP SIGN/FLASHER,UNKNOWN,DUSK,NOT DIVIDED,WET,WORN SURFACE,16,7,6
Mahindra Thar,TRAFFIC SIGNAL,RAIN,DAYLIGHT,ALLEY,WET,SHOULDER DEFECT,16,5,7
Mahindra XUV700,NO CONTROLS,RAIN,DAYLIGHT,T-INTERSECTION,WET,"RUT, HOLES",7,6,9
Volkswagen Virtus,NO CONTROLS,RAIN,DAWN,DIVIDED - W/MEDIAN (NOT RAISED),WET,NO DEFECTS,16,7,9
Kia Sonet,NO CONTROLS,FOG/SMOKE/HAZE,"DARKNESS, LIGHTED ROAD",NOT DIVIDED,DRY,WORN SURFACE,5,7,12
Tata Punch,STOP SIGN/FLASHER,UNKNOWN,DAYLIGHT,DIVIDED - W/MEDIAN (NOT RAISED),DRY,"RUT, HOLES",16,2,2
Tata Harrier,TRAFFIC SIGNAL,RAIN,"DARKNESS, LIGHTED ROAD",FOUR WAY,DRY,NO DEFECTS,15,4,2
Hyundai Verna,STOP SIGN/FLASHER,RAIN,DUSK,ONE-WAY,"SAND, MUD, DIRT",DEBRIS ON ROADWAY,17,7,9
Mahindra Thar,STOP SIGN/FLASHER,RAIN,"DARKNESS, LIGHTED ROAD",T-INTERSECTION,WET,DEBRIS ON ROADWAY,20,7,8
Kia Seltos,NO CONTROLS,CLEAR,DARKNESS,DIVIDED - W/MEDIAN (NOT RAISED),"SAND, MUD, DIRT",NO DEFECTS,19,2,5
Maruti Suzuki Wagon R,NO CONTROLS,CLEAR,DARKNESS,FOUR WAY,UNKNOWN,NO DEFECTS,23,4,1
Hyundai i20,TRAFFIC SIGNAL,FOG/SMOKE/HAZE,DARKNESS,ONE-WAY,WET,"RUT, HOLES",22,3,1
Hyundai Verna,STOP SIGN/FLASHER,OTHER,DARKNESS,NOT DIVIDED,WET,NO DEFECTS,18,6,11
Mahindra Thar,LANE USE MARKING,CLOUDY/OVERCAST,DARKNESS,NOT DIVIDED,OTHER,NO DEFECTS,22,7,3
Honda Amaze,STOP SIGN/FLASHER,CLOUDY/OVERCAST,DARKNESS,Y-INTERSECTION,DRY,DEBRIS ON ROADWAY,20,4,6
Honda City,NO CONTROLS,CLEAR,DUSK,TRAFFIC ROUTE,DRY,UNKNOWN,18,6,4
Skoda Slavia,OTHER REG. SIGN,RAIN,"DARKNESS, LIGHTED ROAD",NOT DIVIDED,UNKNOWN,NO DEFECTS,4,7,6
Honda City,NO CONTROLS,CLEAR,"DARKNESS, LIGHTED ROAD",RAMP,DRY,WORN SURFACE,2,6,1
Renault Kiger,NO CONTROLS,RAIN,DAWN,NOT DIVIDED,DRY,NO DEFECTS,19,2,7
Tata Altroz,STOP SIGN/FLASHER,FOG/SMOKE/HAZE,DAYLIGHT,NOT DIVIDED,"SAND, MUD, DIRT",NO DEFECTS,8,6,1
Skoda Slavia,STOP SIGN/FLASHER,SLEET/HAIL,DARKNESS,DIVIDED - W/MEDIAN (NOT RAISED),WET,NO DEFECTS,19,2,10
Tata Harrier,STOP SIGN/FLASHER,CLEAR,DAYLIGHT,Y-INTERSECTION,DRY,NO DEFECTS,10,5,4
Hyundai Verna,NO CONTROLS,OTHER,DAYLIGHT,FOUR WAY,DRY,"RUT, HOLES",12,3,8
Tata Punch,PEDESTRIAN CROSSING SIGN,FOG/SMOKE/HAZE,DAYLIGHT,NOT DIVIDED,DRY,WORN SURFACE,16,1,11
Kia Sonet,TRAFFIC SIGNAL,CLOUDY/OVERCAST,DARKNESS,NOT DIVIDED,DRY,"RUT, HOLES",21,2,8
Volkswagen Virtus,NO CONTROLS,RAIN,DARKNESS,T-INTERSECTION,WET,"RUT, HOLES",4,4,7
Kia Seltos,NO CONTROLS,RAIN,DARKNESS,OTHER,WET,NO DEFECTS,20,7,6
Tata Altroz,OTHER,RAIN,DARKNESS,NOT DIVIDED,WET,WORN SURFACE,19,2,6
Tata Harrier,NO CONTROLS,RAIN,DAYLIGHT,NOT DIVIDED,WET,NO DEFECTS,10,7,9
Hyundai Venue,STOP SIGN/FLASHER,FOG/SMOKE/HAZE,DAYLIGHT,TRAFFIC ROUTE,WET,NO DEFECTS,7,3,12
Hyundai Venue,NO CONTROLS,CLOUDY/OVERCAST,DARKNESS,NOT DIVIDED,"SAND, MUD, DIRT",NO DEFECTS,1,7,8
Tata Nexon,NO CONTROLS,RAIN,DARKNESS,NOT DIVIDED,WET,NO DEFECTS,0,7,8
Maruti Suzuki Wagon R,NO CONTROLS,OTHER,DAYLIGHT,CENTER TURN LANE,DRY,"RUT, HOLES",14,2,9
Honda Amaze,TRAFFIC SIGNAL,CLEAR,"DARKNESS, LIGHTED ROAD",NOT DIVIDED,UNKNOWN,NO DEFECTS,5,6,7
Volkswagen Virtus,NO CONTROLS,FOG/SMOKE/HAZE,UNKNOWN,NOT DIVIDED,DRY,WORN SURFACE,6,4,1
Maruti Suzuki Brezza,UNKNOWN,CLOUDY/OVERCAST,DARKNESS,NOT DIVIDED,DRY,DEBRIS ON ROADWAY,19,6,8
Hyundai Verna,NO CONTROLS,CLOUDY/OVERCAST,DAYLIGHT,NOT DIVIDED,DRY,NO DEFECTS,15,6,12
Toyota Fortuner,TRAFFIC SIGNAL,CLEAR,DAWN,ONE-WAY,DRY,"RUT, HOLES",16,1,3
Kia Seltos,NO CONTROLS,RAIN,DAYLIGHT,T-INTERSECTION,WET,"RUT, HOLES",7,6,9
Maruti Suzuki Baleno,TRAFFIC SIGNAL,CLEAR,DARKNESS,NOT DIVIDED,DRY,UNKNOWN,19,3,3
Mahindra Scorpio,PEDESTRIAN CROSSING SIGN,RAIN,DARKNESS,T-INTERSECTION,WET,NO DEFECTS,20,6,7
Hyundai Venue,NO CONTROLS,RAIN,DAYLIGHT,NOT DIVIDED,WET,"RUT, HOLES",15,5,2
Hyundai Venue,STOP SIGN/FLASHER,CLEAR,"DARKNESS, LIGHTED ROAD",T-INTERSECTION,DRY,NO DEFECTS,21,6,7
Honda Amaze,NO CONTROLS,RAIN,DARKNESS,NOT DIVIDED,WET,"RUT, HOLES",19,5,9
Hyundai Creta,TRAFFIC SIGNAL,RAIN,"DARKNESS, LIGHTED ROAD",NOT DIVIDED,WET,NO DEFECTS,18,6,6
Toyota Innova,TRAFFIC SIGNAL,RAIN,DAYLIGHT,Y-INTERSECTION,WET,NO DEFECTS,18,7,9
Honda Amaze,NO CONTROLS,CLEAR,DUSK,NOT DIVIDED,"SAND, MUD, DIRT",NO DEFECTS,5,4,10
Volkswagen Virtus,NO CONTROLS,CLEAR,DARKNESS,NOT DIVIDED,DRY,NO DEFECTS,9,4,12
Hyundai i20,NO CONTROLS,CLOUDY/OVERCAST,UNKNOWN,NOT DIVIDED,DRY,NO DEFECTS,3,2,4
Kia Sonet,NO CONTROLS,RAIN,"DARKNESS, LIGHTED ROAD",NOT DIVIDED,WET,WORN SURFACE,0,6,6
Toyota Innova,NO CONTROLS,CLEAR,DAYLIGHT,NOT DIVIDED,"SAND, MUD, DIRT","RUT, HOLES",7,7,2
Mahindra Thar,NO CONTROLS,FOG/SMOKE/HAZE,"DARKNESS, LIGHTED ROAD",NOT DIVIDED,WET,"RUT, HOLES",19,2,12
Hyundai Verna,NO CONTROLS,FOG/SMOKE/HAZE,DAYLIGHT,CENTER TURN LANE,DRY,NO DEFECTS,6,4,12
Tata Nexon,OTHER,CLEAR,DUSK,ONE-WAY,DRY,NO DEFECTS,22,6,8
Hyundai Creta,NO CONTROLS,FOG/SMOKE/HAZE,DAYLIGHT,NOT DIVIDED,DRY,SHOULDER DEFECT,11,5,11
Tata Harrier,NO CONTROLS,RAIN,DAYLIGHT,NOT DIVIDED,WET,NO DEFECTS,8,6,7
Tata Altroz,NO CONTROLS,RAIN,DAWN,NOT DIVIDED,"SAND, MUD, DIRT",DEBRIS ON ROADWAY,14,1,8
Tata Harrier,UNKNOWN,FOG/SMOKE/HAZE,DAYLIGHT,NOT DIVIDED,DRY,SHOULDER DEFECT,6,7,1
Honda City,TRAFFIC SIGNAL,RAIN,DARKNESS,NOT DIVIDED,WET,NO DEFECTS,23,1,9
Hyundai Creta,NO CONTROLS,OTHER,DARKNESS,CENTER TURN LANE,DRY,DEBRIS ON ROADWAY,19,4,2
Mahindra XUV700,TRAFFIC SIGNAL,CLEAR,"DARKNESS, LIGHTED ROAD",NOT DIVIDED,DRY,"RUT, HOLES",0,3,10
Maruti Suzuki Wagon R,TRAFFIC SIGNAL,OTHER,"DARKNESS, LIGHTED ROAD",NOT DIVIDED,WET,"RUT, HOLES",22,7,10
Renault Kiger,UNKNOWN,CLOUDY/OVERCAST,DAYLIGHT,NOT DIVIDED,DRY,SHOULDER DEFECT,17,3,9
Honda Amaze,OTHER,RAIN,DAYLIGHT,T-INTERSECTION,WET,NO DEFECTS,4,3,1
Hyundai Creta,NO CONTROLS,CLEAR,DAYLIGHT,ONE-WAY,WET,WORN SURFACE,17,7,5
Tata Altroz,STOP SIGN/FLASHER,CLEAR,DAYLIGHT,TRAFFIC ROUTE,DRY,"RUT, HOLES",16,5,5
Maruti Suzuki Brezza,TRAFFIC SIGNAL,OTHER,DAYLIGHT,NOT DIVIDED,WET,WORN SURFACE,8,7,6
Hyundai Verna,OTHER REG. SIGN,FOG/SMOKE/HAZE,DAWN,NOT DIVIDED,DRY,"RUT, HOLES",18,5,1
Tata Harrier,NO CONTROLS,CLEAR,DARKNESS,NOT DIVIDED,DRY,NO DEFECTS,4,1,12
Hyundai Creta,NO CONTROLS,OTHER,DAYLIGHT,NOT DIVIDED,"SAND, MUD, DIRT",NO DEFECTS,14,4,8
Nissan Magnite,STOP SIGN/FLASHER,UNKNOWN,DARKNESS,DIVIDED - W/MEDIAN BARRIER,WET,DEBRIS ON ROADWAY,0,2,5
Nissan Magnite,NO CONTROLS,RAIN,DARKNESS,NOT DIVIDED,WET,NO DEFECTS,22,1,6
Volkswagen Virtus,STOP SIGN/FLASHER,RAIN,DUSK,ONE-WAY,"SAND, MUD, DIRT","RUT, HOLES",18,3,7
Mahindra XUV700,NO CONTROLS,RAIN,DAYLIGHT,NOT DIVIDED,DRY,NO DEFECTS,7,7,8
Tata Punch,OTHER REG. SIGN,CLOUDY/OVERCAST,DAYLIGHT,T-INTERSECTION,"SAND, MUD, DIRT",NO DEFECTS,11,1,7
Mahindra Thar,TRAFFIC SIGNAL,FOG/SMOKE/HAZE,DAYLIGHT,ONE-WAY,WET,NO DEFECTS,6,1,12
Nissan Magnite,TRAFFIC SIGNAL,CLOUDY/OVERCAST,DARKNESS,OTHER,DRY,NO DEFECTS,18,7,7
Honda City,NO CONTROLS,FOG/SMOKE/HAZE,"DARKNESS, LIGHTED ROAD",DIVIDED - W/MEDIAN (NOT RAISED),DRY,"RUT, HOLES",5,5,12
Mahindra Scorpio,OTHER,CLEAR,DARKNESS,NOT DIVIDED,WET,SHOULDER DEFECT,19,5,11
Skoda Slavia,NO CONTROLS,SLEET/HAIL,DARKNESS,ONE-WAY,WET,"RUT, HOLES",22,7,4
Honda Amaze,NO CONTROLS,CLEAR,"DARKNESS, LIGHTED ROAD",NOT DIVIDED,"SAND, MUD, DIRT","RUT, HOLES",17,6,12
Tata Punch,UNKNOWN,CLOUDY/OVERCAST,DAYLIGHT,NOT DIVIDED,DRY,"RUT, HOLES",8,6,2
Kia Sonet,STOP SIGN/FLASHER,CLEAR,UNKNOWN,DIVIDED - W/MEDIAN BARRIER,WET,SHOULDER DEFECT,11,6,10
Kia Sonet,NO CONTROLS,CLOUDY/OVERCAST,DAYLIGHT,NOT DIVIDED,DRY,"RUT, HOLES",14,5,6
Maruti Suzuki Swift,UNKNOWN,CLEAR,DUSK,DIVIDED - W/MEDIAN (NOT RAISED),DRY,NO DEFECTS,16,6,11
Maruti Suzuki Wagon R,OTHER REG. SIGN,CLEAR,DAYLIGHT,CENTER TURN LANE,WET,"RUT, HOLES",17,5,11
Honda City,OTHER,CLEAR,DAYLIGHT,NOT DIVIDED,WET,WORN SURFACE,15,3,10
Honda City,NO CONTROLS,CLEAR,"DARKNESS, LIGHTED ROAD",DIVIDED - W/MEDIAN (NOT RAISED),DRY,WORN SURFACE,11,3,10
Maruti Suzuki Brezza,NO CONTROLS,CLEAR,UNKNOWN,DIVIDED - W/MEDIAN (NOT RAISED),DRY,DEBRIS ON ROADWAY,20,2,5
Tata Harrier,NO CONTROLS,CLEAR,DARKNESS,OTHER,"SAND, MUD, DIRT",NO DEFECTS,4,3,1
Maruti Suzuki Brezza,STOP SIGN/FLASHER,RAIN,"DARKNESS, LIGHTED ROAD",NOT DIVIDED,"SAND, MUD, DIRT",OTHER,14,5,6
Toyota Fortuner,OTHER WARNING SIGN,CLEAR,DAYLIGHT,NOT DIVIDED,DRY,NO DEFECTS,18,5,3
Maruti Suzuki Baleno,UNKNOWN,CLOUDY/OVERCAST,"DARKNESS, LIGHTED ROAD",DIVIDED - W/MEDIAN (NOT RAISED),DRY,NO DEFECTS,3,6,9
Honda City,PEDESTRIAN CROSSING SIGN,RAIN,DAYLIGHT,NOT DIVIDED,WET,"RUT, HOLES",17,7,6
Toyota Innova,NO CONTROLS,FOG/SMOKE/HAZE,DAYLIGHT,NOT DIVIDED,OTHER,NO DEFECTS,18,5,12
Kia Sonet,TRAFFIC SIGNAL,CLEAR,DAYLIGHT,NOT DIVIDED,DRY,WORN SURFACE,17,2,8
Honda Amaze,YIELD,CLEAR,DARKNESS,NOT DIVIDED,DRY,DEBRIS ON ROADWAY,0,1,10
Toyota Fortuner,NO CONTROLS,CLOUDY/OVERCAST,DAYLIGHT,DIVIDED - W/MEDIAN BARRIER,DRY,DEBRIS ON ROADWAY,7,2,2
Nissan Magnite,NO CONTROLS,CLEAR,DAYLIGHT,NOT DIVIDED,WET,"RUT, HOLES",11,7,11
Maruti Suzuki Swift,TRAFFIC SIGNAL,CLOUDY/OVERCAST,DAYLIGHT,NOT DIVIDED,"SAND, MUD, DIRT","RUT, HOLES",8,5,12
Toyota Innova,NO CONTROLS,RAIN,"DARKNESS, LIGHTED ROAD",NOT DIVIDED,WET,UNKNOWN,22,7,7
Hyundai i20,LANE USE MARKING,CLEAR,DAYLIGHT,NOT DIVIDED,DRY,"RUT, HOLES",17,2,8
Maruti Suzuki Brezza,NO CONTROLS,RAIN,DAYLIGHT,TRAFFIC ROUTE,WET,DEBRIS ON ROADWAY,10,6,9
Tata Nexon,STOP SIGN/FLASHER,CLOUDY/OVERCAST,DARKNESS,DRIVEWAY,DRY,DEBRIS ON ROADWAY,21,6,3
Tata Nexon,FLASHING CONTROL SIGNAL,RAIN,DUSK,ALLEY,WET,NO DEFECTS,18,6,7
Nissan Magnite,OTHER WARNING SIGN,CLEAR,DAYLIGHT,NOT DIVIDED,"SAND, MUD, DIRT",NO DEFECTS,9,5,6
Hyundai Verna,TRAFFIC SIGNAL,CLEAR,DAYLIGHT,DIVIDED - W/MEDIAN BARRIER,"SAND, MUD, DIRT","RUT, HOLES",12,6,2
Tata Nexon,TRAFFIC SIGNAL,RAIN,DAYLIGHT,DIVIDED - W/MEDIAN BARRIER,UNKNOWN,SHOULDER DEFECT,8,7,6
Maruti Suzuki Swift,UNKNOWN,FOG/SMOKE/HAZE,DARKNESS,NOT DIVIDED,DRY,SHOULDER DEFECT,21,7,1
Mahindra Thar,PEDESTRIAN CROSSING SIGN,CLEAR,DAYLIGHT,FOUR WAY,DRY,"RUT, HOLES",14,1,1
Skoda Slavia,TRAFFIC SIGNAL,CLEAR,DAYLIGHT,TRAFFIC ROUTE,"SAND, MUD, DIRT",NO DEFECTS,20,5,2
Maruti Suzuki Brezza,TRAFFIC SIGNAL,FOG/SMOKE/HAZE,DAYLIGHT,NOT DIVIDED,DRY,NO DEFECTS,7,1,12
Hyundai Verna,STOP SIGN/FLASHER,CLEAR,"DARKNESS, LIGHTED ROAD",FOUR WAY,DRY,OTHER,20,7,8
Maruti Suzuki Baleno,STOP SIGN/FLASHER,FOG/SMOKE/HAZE,DARKNESS,FOUR WAY,DRY,"RUT, HOLES",5,7,12
Toyota Innova,OTHER,CLOUDY/OVERCAST,DARKNESS,NOT DIVIDED,OTHER,"RUT, HOLES",23,4,7
Renault Kiger,TRAFFIC SIGNAL,CLOUDY/OVERCAST,DARKNESS,NOT DIVIDED,WET,DEBRIS ON ROADWAY,21,7,6
Kia Sonet,YIELD,RAIN,DAYLIGHT,NOT DIVIDED,WET,SHOULDER DEFECT,11,6,7
Tata Nexon,NO CONTROLS,RAIN,DUSK,DIVIDED - W/MEDIAN (NOT RAISED),WET,"RUT, HOLES",18,6,7
Maruti Suzuki Wagon R,STOP SIGN/FLASHER,CLEAR,UNKNOWN,NOT DIVIDED,"SAND, MUD, DIRT","RUT, HOLES",18,5,2
Hyundai Venue,NO CONTROLS,CLOUDY/OVERCAST,DARKNESS,ONE-WAY,"SAND, MUD, DIRT",WORN SURFACE,21,4,8
Hyundai Venue,STOP SIGN/FLASHER,CLOUDY/OVERCAST,DAYLIGHT,FOUR WAY,WET,NO DEFECTS,10,7,4
Kia Seltos,STOP SIGN/FLASHER,RAIN,DAYLIGHT,UNKNOWN,WET,"RUT, HOLES",13,2,8
Tata Harrier,TRAFFIC SIGNAL,CLOUDY/OVERCAST,DARKNESS,NOT DIVIDED,DRY,NO DEFECTS,20,6,8
Mahindra Thar,NO CONTROLS,CLEAR,DUSK,NOT DIVIDED,DRY,WORN SURFACE,18,3,2
Toyota Fortuner,NO CONTROLS,CLEAR,DAWN,NOT DIVIDED,OTHER,UNKNOWN,12,6,1
Maruti Suzuki Wagon R,PEDESTRIAN CROSSING SIGN,CLOUDY/OVERCAST,DARKNESS,DIVIDED - W/MEDIAN (NOT RAISED),DRY,OTHER,19,2,10
Maruti Suzuki Baleno,UNKNOWN,RAIN,"DARKNESS, LIGHTED ROAD",NOT DIVIDED,WET,NO DEFECTS,1,3,7
Mahindra XUV700,NO CONTROLS,RAIN,DUSK,NOT DIVIDED,WET,"RUT, HOLES",18,7,1
Maruti Suzuki Wagon R,NO CONTROLS,UNKNOWN,DAYLIGHT,FOUR WAY,DRY,NO DEFECTS,8,5,12
Kia Sonet,NO CONTROLS,FOG/SMOKE/HAZE,DAYLIGHT,NOT DIVIDED,DRY,NO DEFECTS,7,4,1
Kia Seltos,TRAFFIC SIGNAL,RAIN,DAYLIGHT,ONE-WAY,"SAND, MUD, DIRT","RUT, HOLES",14,6,9
Honda City,TRAFFIC SIGNAL,CLEAR,DAYLIGHT,UNKNOWN INTERSECTION TYPE,DRY,WORN SURFACE,13,4,12
Mahindra Thar,STOP SIGN/FLASHER,CLEAR,DAYLIGHT,NOT DIVIDED,DRY,NO DEFECTS,15,4,4
Mahindra Thar,TRAFFIC SIGNAL,CLEAR,DAYLIGHT,ONE-WAY,DRY,NO DEFECTS,15,5,2
Nissan Magnite,STOP SIGN/FLASHER,CLOUDY/OVERCAST,DAYLIGHT,NOT DIVIDED,"SAND, MUD, DIRT","RUT, HOLES",11,7,2
Mahindra Thar,NO CONTROLS,CLOUDY/OVERCAST,DAYLIGHT,FOUR WAY,WET,NO DEFECTS,7,6,5
Tata Nexon,TRAFFIC SIGNAL,CLEAR,DARKNESS,T-INTERSECTION,DRY,NO DEFECTS,18,1,2
Honda City,TRAFFIC SIGNAL,RAIN,DAYLIGHT,NOT DIVIDED,WET,"RUT, HOLES",12,6,9
Hyundai Venue,TRAFFIC SIGNAL,CLEAR,DUSK,ONE-WAY,DRY,"RUT, HOLES",14,4,1
Renault Kiger,UNKNOWN,RAIN,DAYLIGHT,NOT DIVIDED,WET,"RUT, HOLES",16,2,7
Renault Kiger,TRAFFIC SIGNAL,FOG/SMOKE/HAZE,DARKNESS,PARKING LOT,DRY,NO DEFECTS,20,7,12
Hyundai i20,NO CONTROLS,CLEAR,UNKNOWN,NOT DIVIDED,"SAND, MUD, DIRT",NO DEFECTS,17,3,10
Kia Seltos,NO CONTROLS,RAIN,DARKNESS,NOT DIVIDED,WET,NO DEFECTS,1,3,8
Mahindra XUV700,TRAFFIC SIGNAL,UNKNOWN,DARKNESS,NOT DIVIDED,UNKNOWN,NO DEFECTS,19,1,5
Toyota Innova,NO CONTROLS,CLEAR,DARKNESS,DIVIDED - W/MEDIAN BARRIER,DRY,NO DEFECTS,23,7,8
Hyundai i20,NO CONTROLS,CLEAR,DAYLIGHT,FOUR WAY,DRY,WORN SURFACE,14,6,7
Hyundai Venue,NO CONTROLS,RAIN,DAWN,"FIVE POINT, OR MORE",WET,NO DEFECTS,22,2,7
Renault Kiger,UNKNOWN,CLEAR,DAYLIGHT,FOUR WAY,DRY,NO DEFECTS,15,4,2
Toyota Fortuner,NO CONTROLS,CLOUDY/OVERCAST,DAYLIGHT,NOT DIVIDED,DRY,NO DEFECTS,13,3,11
Toyota Fortuner,NO CONTROLS,UNKNOWN,"DARKNESS, LIGHTED ROAD",OTHER,WET,"RUT, HOLES",11,1,7
Toyota Innova,UNKNOWN,RAIN,DAYLIGHT,NOT DIVIDED,WET,NO DEFECTS,17,7,3
Mahindra XUV700,STOP SIGN/FLASHER,RAIN,DAYLIGHT,NOT DIVIDED,WET,NO DEFECTS,8,6,6
Kia Sonet,NO CONTROLS,FOG/SMOKE/HAZE,"DARKNESS, LIGHTED ROAD",NOT DIVIDED,"SAND, MUD, DIRT",NO DEFECTS,5,7,7
Maruti Suzuki Baleno,TRAFFIC SIGNAL,CLOUDY/OVERCAST,DARKNESS,NOT DIVIDED,OTHER,DEBRIS ON ROADWAY,1,2,10
Mahindra XUV700,NO CONTROLS,CLEAR,DAYLIGHT,NOT DIVIDED,DRY,DEBRIS ON ROADWAY,10,6,9
Maruti Suzuki Baleno,TRAFFIC SIGNAL,CLOUDY/OVERCAST,DAYLIGHT,NOT DIVIDED,"SAND, MUD, DIRT",WORN SURFACE,12,1,10
Honda Amaze,STOP SIGN/FLASHER,CLOUDY/OVERCAST,DARKNESS,NOT DIVIDED,DRY,NO DEFECTS,15,4,1
Toyota Fortuner,NO CONTROLS,CLEAR,DAYLIGHT,DIVIDED - W/MEDIAN (NOT RAISED),DRY,NO DEFECTS,10,7,7
Mahindra Thar,TRAFFIC SIGNAL,RAIN,"DARKNESS, LIGHTED ROAD",NOT DIVIDED,WET,"RUT, HOLES",23,1,7
Skoda Slavia,STOP SIGN/FLASHER,UNKNOWN,DAYLIGHT,FOUR WAY,UNKNOWN,NO DEFECTS,10,4,1
Tata Punch,TRAFFIC SIGNAL,CLEAR,DAYLIGHT,NOT DIVIDED,DRY,"RUT, HOLES",13,4,5
Volkswagen Virtus,YIELD,RAIN,"DARKNESS, LIGHTED ROAD",UNKNOWN INTERSECTION TYPE,WET,"RUT, HOLES",5,6,9
Mahindra Thar,NO CONTROLS,CLEAR,"DARKNESS, LIGHTED ROAD",NOT DIVIDED,DRY,"RUT, HOLES",9,2,2
Renault Kiger,NO CONTROLS,RAIN,DARKNESS,CENTER TURN LANE,WET,NO DEFECTS,2,2,7
Honda Amaze,DELINEATORS,FOG/SMOKE/HAZE,DAYLIGHT,DIVIDED - W/MEDIAN (NOT RAISED),DRY,NO DEFECTS,10,5,4
Hyundai Venue,STOP SIGN/FLASHER,FOG/SMOKE/HAZE,DAYLIGHT,T-INTERSECTION,DRY,WORN SURFACE,17,5,1
Mahindra XUV700,STOP SIGN/FLASHER,CLEAR,DAYLIGHT,NOT DIVIDED,DRY,WORN SURFACE,8,6,4
Maruti Suzuki Wagon R,NO CONTROLS,FOG/SMOKE/HAZE,DAYLIGHT,NOT DIVIDED,DRY,WORN SURFACE,7,2,12
Hyundai i20,NO CONTROLS,CLEAR,DARKNESS,"FIVE POINT, OR MORE",DRY,NO DEFECTS,0,1,10
Honda Amaze,STOP SIGN/FLASHER,RAIN,"DARKNESS, LIGHTED ROAD",NOT DIVIDED,WET,WORN SURFACE,19,7,12
Honda Amaze,NO CONTROLS,CLEAR,DUSK,NOT DIVIDED,WET,OTHER,18,2,7
Maruti Suzuki Swift,NO CONTROLS,CLOUDY/OVERCAST,DARKNESS,PARKING LOT,DRY,WORN SURFACE,3,4,2
Renault Kiger,STOP SIGN/FLASHER,RAIN,DUSK,NOT DIVIDED,DRY,NO DEFECTS,11,4,8
Hyundai Creta,NO CONTROLS,CLEAR,DAWN,NOT DIVIDED,DRY,WORN SURFACE,22,2,7
Mahindra Thar,STOP SIGN/FLASHER,CLOUDY/OVERCAST,DARKNESS,FOUR WAY,DRY,"RUT, HOLES",12,5,11
Maruti Suzuki Baleno,TRAFFIC SIGNAL,CLEAR,DAYLIGHT,DIVIDED - W/MEDIAN (NOT RAISED),"SAND, MUD, DIRT",SHOULDER DEFECT,15,7,2
Hyundai Verna,NO CONTROLS,RAIN,DAWN,ONE-WAY,WET,WORN SURFACE,11,3,7
Tata Altroz,TRAFFIC SIGNAL,RAIN,DAYLIGHT,"FIVE POINT, OR MORE",WET,WORN SURFACE,16,5,2
Nissan Magnite,NO CONTROLS,CLEAR,DARKNESS,NOT DIVIDED,OTHER,"RUT, HOLES",23,3,6
Renault Kiger,OTHER WARNING SIGN,RAIN,"DARKNESS, LIGHTED ROAD",T-INTERSECTION,WET,NO DEFECTS,23,7,9
Tata Altroz,FLASHING CONTROL SIGNAL,RAIN,DAYLIGHT,NOT DIVIDED,WET,"RUT, HOLES",18,2,7
Hyundai Creta,TRAFFIC SIGNAL,RAIN,DAYLIGHT,ONE-WAY,OTHER,NO DEFECTS,12,1,6
Tata Nexon,NO CONTROLS,RAIN,DAYLIGHT,NOT DIVIDED,WET,"RUT, HOLES",14,2,6
Mahindra Scorpio,LANE USE MARKING,RAIN,DAYLIGHT,DIVIDED - W/MEDIAN (NOT RAISED),WET,WORN SURFACE,11,3,7
Hyundai Creta,OTHER RAILROAD CROSSING,CLOUDY/OVERCAST,DARKNESS,NOT DIVIDED,DRY,"RUT, HOLES",23,5,10
Toyota Innova,STOP SIGN/FLASHER,UNKNOWN,DAYLIGHT,DIVIDED - W/MEDIAN (NOT RAISED),DRY,NO DEFECTS,17,5,11
Tata Nexon,STOP SIGN/FLASHER,FOG/SMOKE/HAZE,DAYLIGHT,NOT DIVIDED,DRY,NO DEFECTS,8,5,12
Volkswagen Virtus,NO CONTROLS,FOG/SMOKE/HAZE,DAWN,TRAFFIC ROUTE,DRY,NO DEFECTS,1,7,10
Maruti Suzuki Baleno,NO CONTROLS,CLEAR,DAYLIGHT,DIVIDED - W/MEDIAN (NOT RAISED),"SAND, MUD, DIRT",WORN SURFACE,15,3,6
Nissan Magnite,STOP SIGN/FLASHER,RAIN,DARKNESS,DIVIDED - W/MEDIAN (NOT RAISED),OTHER,WORN SURFACE,23,6,9
Maruti Suzuki Wagon R,STOP SIGN/FLASHER,RAIN,DAYLIGHT,UNKNOWN,WET,WORN SURFACE,15,3,7
Mahindra Thar,NO CONTROLS,RAIN,DAYLIGHT,DIVIDED - W/MEDIAN (NOT RAISED),"SAND, MUD, DIRT",NO DEFECTS,7,6,5
Toyota Fortuner,NO CONTROLS,CLEAR,DARKNESS,T-INTERSECTION,DRY,NO DEFECTS,0,7,11
Mahindra Thar,TRAFFIC SIGNAL,CLEAR,DAYLIGHT,NOT DIVIDED,DRY,DEBRIS ON ROADWAY,11,7,1
Honda City,NO CONTROLS,FOG/SMOKE/HAZE,DARKNESS,T-INTERSECTION,OTHER,NO DEFECTS,20,6,11
Tata Harrier,TRAFFIC SIGNAL,CLEAR,"DARKNESS, LIGHTED ROAD",NOT DIVIDED,DRY,WORN SURFACE,23,7,7
Kia Sonet,TRAFFIC SIGNAL,RAIN,DARKNESS,ONE-WAY,WET,WORN SURFACE,22,6,8
Volkswagen Virtus,STOP SIGN/FLASHER,UNKNOWN,DUSK,Y-INTERSECTION,DRY,"RUT, HOLES",18,7,8
Honda Amaze,NO CONTROLS,CLEAR,"DARKNESS, LIGHTED ROAD",NOT DIVIDED,DRY,"RUT, HOLES",15,7,11
Mahindra XUV700,STOP SIGN/FLASHER,SLEET/HAIL,DAYLIGHT,Y-INTERSECTION,WET,NO DEFECTS,16,1,8
Hyundai Verna,NO CONTROLS,RAIN,DAYLIGHT,NOT DIVIDED,WET,DEBRIS ON ROADWAY,15,4,8
Kia Sonet,TRAFFIC SIGNAL,CLEAR,UNKNOWN,DIVIDED - W/MEDIAN (NOT RAISED),"SAND, MUD, DIRT",NO DEFECTS,17,3,1
Volkswagen Virtus,NO CONTROLS,RAIN,DAYLIGHT,NOT DIVIDED,WET,NO DEFECTS,12,1,7
Mahindra Thar,NO CONTROLS,CLEAR,DAYLIGHT,NOT DIVIDED,DRY,"RUT, HOLES",17,4,2
Hyundai Creta,STOP SIGN/FLASHER,RAIN,DUSK,CENTER TURN LANE,WET,NO DEFECTS,6,2,9
Tata Nexon,TRAFFIC SIGNAL,CLEAR,DAYLIGHT,"FIVE POINT, OR MORE",DRY,WORN SURFACE,9,1,7
Maruti Suzuki Baleno,TRAFFIC SIGNAL,CLOUDY/OVERCAST,DARKNESS,NOT DIVIDED,OTHER,"RUT, HOLES",19,4,9
Mahindra Thar,NO CONTROLS,FOG/SMOKE/HAZE,DARKNESS,DIVIDED - W/MEDIAN (NOT RAISED),OTHER,NO DEFECTS,20,2,1
Maruti Suzuki Brezza,STOP SIGN/FLASHER,FOG/SMOKE/HAZE,DUSK,NOT DIVIDED,WET,NO DEFECTS,9,7,1
Mahindra Scorpio,NO CONTROLS,CLOUDY/OVERCAST,"DARKNESS, LIGHTED ROAD",NOT DIVIDED,WET,NO DEFECTS,1,6,9
Hyundai i20,TRAFFIC SIGNAL,CLEAR,DARKNESS,DIVIDED - W/MEDIAN (NOT RAISED),"SAND, MUD, DIRT",NO DEFECTS,21,7,1
Hyundai i20,NO CONTROLS,CLEAR,DAYLIGHT,NOT DIVIDED,DRY,NO DEFECTS,17,7,1
Maruti Suzuki Swift,TRAFFIC SIGNAL,RAIN,DUSK,DIVIDED - W/MEDIAN (NOT RAISED),WET,SHOULDER DEFECT,12,6,1
Volkswagen Virtus,LANE USE MARKING,FOG/SMOKE/HAZE,DAYLIGHT,T-INTERSECTION,DRY,NO DEFECTS,11,5,12
Hyundai Verna,OTHER WARNING SIGN,CLEAR,DAYLIGHT,FOUR WAY,"SAND, MUD, DIRT",NO DEFECTS,13,1,9
Maruti Suzuki Brezza,TRAFFIC SIGNAL,RAIN,DAYLIGHT,NOT DIVIDED,WET,NO DEFECTS,13,3,6
Hyundai Creta,NO CONTROLS,CLEAR,DARKNESS,ONE-WAY,DRY,"RUT, HOLES",20,6,5
Mahindra XUV700,NO CONTROLS,CLEAR,DAYLIGHT,NOT DIVIDED,DRY,WORN SURFACE,7,4,6
Honda Amaze,NO CONTROLS,CLOUDY/OVERCAST,"DARKNESS, LIGHTED ROAD",NOT DIVIDED,WET,DEBRIS ON ROADWAY,5,3,10
Mahindra XUV700,NO CONTROLS,CLEAR,DARKNESS,NOT DIVIDED,"SAND, MUD, DIRT",NO DEFECTS,0,1,8
Toyota Fortuner,NO CONTROLS,CLEAR,DAWN,FOUR WAY,DRY,NO DEFECTS,10,1,3
Hyundai Verna,TRAFFIC SIGNAL,UNKNOWN,DAYLIGHT,NOT DIVIDED,DRY,NO DEFECTS,7,2,3
Kia Sonet,STOP SIGN/FLASHER,CLOUDY/OVERCAST,DAYLIGHT,NOT DIVIDED,DRY,NO DEFECTS,8,6,2
Tata Altroz,PEDESTRIAN CROSSING SIGN,CLOUDY/OVERCAST,DARKNESS,NOT DIVIDED,"SAND, MUD, DIRT",WORN SURFACE,0,5,8
Hyundai Creta,STOP SIGN/FLASHER,OTHER,DAYLIGHT,NOT DIVIDED,DRY,WORN SURFACE,8,3,9
Skoda Slavia,TRAFFIC SIGNAL,CLEAR,DAYLIGHT,CENTER TURN LANE,DRY,NO DEFECTS,11,1,5
Toyota Fortuner,NO CONTROLS,FOG/SMOKE/HAZE,DARKNESS,DIVIDED - W/MEDIAN (NOT RAISED),DRY,SHOULDER DEFECT,3,2,1
Tata Punch,TRAFFIC SIGNAL,FREEZING RAIN/DRIZZLE,DAYLIGHT,FOUR WAY,WET,SHOULDER DEFECT,16,4,1
Tata Harrier,PEDESTRIAN CROSSING SIGN,UNKNOWN,DAYLIGHT,UNKNOWN INTERSECTION TYPE,"SAND, MUD, DIRT",DEBRIS ON ROADWAY,15,2,12
Nissan Magnite,STOP SIGN/FLASHER,FOG/SMOKE/HAZE,"DARKNESS, LIGHTED ROAD",NOT DIVIDED,OTHER,NO DEFECTS,5,6,5
Hyundai Venue,NO CONTROLS,CLEAR,"DARKNESS, LIGHTED ROAD",UNKNOWN INTERSECTION TYPE,DRY,NO DEFECTS,16,6,9
Honda City,NO CONTROLS,RAIN,DARKNESS,DIVIDED - W/MEDIAN (NOT RAISED),WET,NO DEFECTS,23,2,8
Toyota Fortuner,TRAFFIC SIGNAL,RAIN,DARKNESS,OTHER,WET,NO DEFECTS,22,6,6
Toyota Innova,NO CONTROLS,CLEAR,DARKNESS,NOT DIVIDED,DRY,"RUT, HOLES",0,4,4
Mahindra XUV700,TRAFFIC SIGNAL,CLEAR,"DARKNESS, LIGHTED ROAD",NOT DIVIDED,DRY,SHOULDER DEFECT,19,7,2
Mahindra XUV700,TRAFFIC SIGNAL,RAIN,DAYLIGHT,NOT DIVIDED,WET,NO DEFECTS,11,6,8
Kia Seltos,TRAFFIC SIGNAL,CLOUDY/OVERCAST,"DARKNESS, LIGHTED ROAD",FOUR WAY,"SAND, MUD, DIRT","RUT, HOLES",3,5,10
Maruti Suzuki Swift,TRAFFIC SIGNAL,RAIN,DAYLIGHT,NOT DIVIDED,DRY,WORN SURFACE,10,5,8
Maruti Suzuki Wagon R,TRAFFIC SIGNAL,UNKNOWN,DAYLIGHT,ONE-WAY,"SAND, MUD, DIRT",NO DEFECTS,10,2,7
Kia Seltos,TRAFFIC SIGNAL,FOG/SMOKE/HAZE,DAYLIGHT,NOT DIVIDED,DRY,NO DEFECTS,9,7,1
Toyota Fortuner,NO CONTROLS,CLOUDY/OVERCAST,DAYLIGHT,NOT DIVIDED,WET,"RUT, HOLES",17,5,12
Mahindra XUV700,STOP SIGN/FLASHER,FOG/SMOKE/HAZE,DAYLIGHT,NOT DIVIDED,DRY,WORN SURFACE,17,5,10
Tata Altroz,STOP SIGN/FLASHER,CLEAR,DAYLIGHT,T-INTERSECTION,DRY,OTHER,9,5,5
Honda City,UNKNOWN,FOG/SMOKE/HAZE,DAYLIGHT,CENTER TURN LANE,"SAND, MUD, DIRT",SHOULDER DEFECT,7,3,12
Renault Kiger,TRAFFIC SIGNAL,RAIN,DAYLIGHT,CENTER TURN LANE,UNKNOWN,WORN SURFACE,10,6,8
Toyota Fortuner,STOP SIGN/FLASHER,CLOUDY/OVERCAST,DAYLIGHT,NOT DIVIDED,"SAND, MUD, DIRT",WORN SURFACE,11,7,8
Kia Seltos,STOP SIGN/FLASHER,RAIN,"DARKNESS, LIGHTED ROAD",NOT DIVIDED,DRY,NO DEFECTS,23,3,9
Hyundai i20,NO CONTROLS,CLEAR,DUSK,FOUR WAY,WET,WORN SURFACE,18,4,10
Volkswagen Virtus,STOP SIGN/FLASHER,RAIN,"DARKNESS, LIGHTED ROAD",FOUR WAY,WET,DEBRIS ON ROADWAY,23,2,8
Toyota Fortuner,NO CONTROLS,CLEAR,DAYLIGHT,NOT DIVIDED,"SAND, MUD, DIRT",NO DEFECTS,17,2,2
Maruti Suzuki Brezza,NO CONTROLS,FOG/SMOKE/HAZE,DUSK,OTHER,DRY,NO DEFECTS,8,3,6
Kia Seltos,NO CONTROLS,FOG/SMOKE/HAZE,DAYLIGHT,NOT DIVIDED,DRY,"RUT, HOLES",8,7,12
Skoda Slavia,TRAFFIC SIGNAL,CLEAR,DAYLIGHT,FOUR WAY,"SAND, MUD, DIRT",OTHER,14,5,4
Tata Nexon,YIELD,OTHER,DAYLIGHT,NOT DIVIDED,OTHER,NO DEFECTS,12,5,6
Maruti Suzuki Wagon R,TRAFFIC SIGNAL,RAIN,"DARKNESS, LIGHTED ROAD",DIVIDED - W/MEDIAN (NOT RAISED),WET,WORN SURFACE,19,7,7
Honda City,NO CONTROLS,RAIN,DAWN,NOT DIVIDED,DRY,WORN SURFACE,13,6,7
Tata Harrier,NO CONTROLS,RAIN,DAYLIGHT,NOT REPORTED,WET,WORN SURFACE,10,1,8
Hyundai i20,NO CONTROLS,FOG/SMOKE/HAZE,DUSK,NOT DIVIDED,OTHER,"RUT, HOLES",18,1,12
Nissan Magnite,NO CONTROLS,CLEAR,DARKNESS,NOT REPORTED,WET,DEBRIS ON ROADWAY,20,2,4
Tata Altroz,NO CONTROLS,CLEAR,DAYLIGHT,NOT DIVIDED,DRY,NO DEFECTS,13,3,2
Kia Seltos,STOP SIGN/FLASHER,CLOUDY/OVERCAST,DAYLIGHT,ONE-WAY,"SAND, MUD, DIRT",NO DEFECTS,17,6,3
Tata Harrier,NO CONTROLS,FOG/SMOKE/HAZE,DARKNESS,T-INTERSECTION,"SAND, MUD, DIRT",NO DEFECTS,5,6,11
Honda Amaze,NO CONTROLS,RAIN,DAYLIGHT,OTHER,"SAND, MUD, DIRT",NO DEFECTS,15,2,8
Hyundai i20,STOP SIGN/FLASHER,FOG/SMOKE/HAZE,DUSK,T-INTERSECTION,OTHER,NO DEFECTS,5,5,5
Renault Kiger,STOP SIGN/FLASHER,CLEAR,UNKNOWN,T-INTERSECTION,DRY,NO DEFECTS,1,1,10
Hyundai Verna,TRAFFIC SIGNAL,RAIN,DAYLIGHT,FOUR WAY,WET,WORN SURFACE,16,2,11
Volkswagen Virtus,NO CONTROLS,CLOUDY/OVERCAST,DAYLIGHT,NOT REPORTED,"SAND, MUD, DIRT",NO DEFECTS,10,2,11
Hyundai Creta,NO CONTROLS,FREEZING RAIN/DRIZZLE,"DARKNESS, LIGHTED ROAD",NOT DIVIDED,OTHER,WORN SURFACE,18,7,12
Tata Punch,NO CONTROLS,CLEAR,DARKNESS,NOT DIVIDED,DRY,NO DEFECTS,20,3,5
Renault Kiger,NO CONTROLS,RAIN,DUSK,T-INTERSECTION,WET,NO DEFECTS,6,7,9
Maruti Suzuki Wagon R,NO CONTROLS,RAIN,"DARKNESS, LIGHTED ROAD",NOT DIVIDED,WET,NO DEFECTS,18,6,7
Tata Punch,NO CONTROLS,CLOUDY/OVERCAST,DAYLIGHT,T-INTERSECTION,DRY,NO DEFECTS,14,6,11
Kia Sonet,NO CONTROLS,UNKNOWN,"DARKNESS, LIGHTED ROAD",NOT DIVIDED,"SAND, MUD, DIRT",NO DEFECTS,6,6,9
Honda Amaze,TRAFFIC SIGNAL,RAIN,DAYLIGHT,NOT DIVIDED,WET,NO DEFECTS,17,1,10
Renault Kiger,NO CONTROLS,CLOUDY/OVERCAST,DAYLIGHT,ONE-WAY,DRY,"RUT, HOLES",16,6,8
Mahindra Thar,NO CONTROLS,CLOUDY/OVERCAST,DAYLIGHT,NOT DIVIDED,"SAND, MUD, DIRT",NO DEFECTS,14,2,3
Maruti Suzuki Swift,STOP SIGN/FLASHER,OTHER,DARKNESS,NOT DIVIDED,DRY,NO DEFECTS,21,7,8
Kia Seltos,TRAFFIC SIGNAL,CLEAR,DAYLIGHT,NOT DIVIDED,WET,NO DEFECTS,15,7,12
Honda City,NO CONTROLS,CLOUDY/OVERCAST,DARKNESS,NOT DIVIDED,DRY,DEBRIS ON ROADWAY,23,7,12
Toyota Innova,NO CONTROLS,BLOWING SNOW,DAYLIGHT,CENTER TURN LANE,ICE,NO DEFECTS,14,7,1
Mahindra Scorpio,STOP SIGN/FLASHER,OTHER,DUSK,FOUR WAY,DRY,NO DEFECTS,6,3,3
Renault Kiger,NO CONTROLS,CLEAR,DAYLIGHT,Y-INTERSECTION,DRY,NO DEFECTS,14,7,2
Tata Altroz,TRAFFIC SIGNAL,CLOUDY/OVERCAST,DAYLIGHT,T-INTERSECTION,DRY,WORN SURFACE,7,3,9
Honda City,TRAFFIC SIGNAL,CLEAR,DAYLIGHT,RAMP,"SAND, MUD, DIRT","RUT, HOLES",16,5,10
Volkswagen Virtus,TRAFFIC SIGNAL,CLEAR,DAYLIGHT,DIVIDED - W/MEDIAN (NOT RAISED),DRY,NO DEFECTS,17,6,4
Hyundai i20,NO CONTROLS,RAIN,DAYLIGHT,NOT DIVIDED,WET,WORN SURFACE,14,3,7
Maruti Suzuki Baleno,TRAFFIC SIGNAL,CLOUDY/OVERCAST,DARKNESS,NOT DIVIDED,"SAND, MUD, DIRT","RUT, HOLES",5,2,11
Tata Harrier,LANE USE MARKING,OTHER,DAYLIGHT,FOUR WAY,DRY,NO DEFECTS,14,7,9
Maruti Suzuki Brezza,NO CONTROLS,RAIN,DAWN,NOT DIVIDED,OTHER,NO DEFECTS,4,1,8
Toyota Fortuner,NO CONTROLS,OTHER,DAYLIGHT,NOT DIVIDED,DRY,OTHER,17,3,8
Mahindra XUV700,TRAFFIC SIGNAL,RAIN,DAYLIGHT,NOT DIVIDED,WET,"RUT, HOLES",18,5,7
Hyundai Verna,TRAFFIC SIGNAL,CLOUDY/OVERCAST,"DARKNESS, LIGHTED ROAD",NOT DIVIDED,DRY,"RUT, HOLES",22,6,5
Volkswagen Virtus,STOP SIGN/FLASHER,RAIN,DAYLIGHT,DIVIDED - W/MEDIAN (NOT RAISED),WET,NO DEFECTS,7,7,8
Hyundai i20,PEDESTRIAN CROSSING SIGN,OTHER,DAYLIGHT,UNKNOWN INTERSECTION TYPE,DRY,SHOULDER DEFECT,15,4,9
Maruti Suzuki Wagon R,NO CONTROLS,CLOUDY/OVERCAST,DAYLIGHT,NOT DIVIDED,DRY,NO DEFECTS,15,5,11
Skoda Slavia,STOP SIGN/FLASHER,CLOUDY/OVERCAST,DARKNESS,NOT DIVIDED,DRY,NO DEFECTS,21,7,8
Mahindra Scorpio,NO CONTROLS,OTHER,"DARKNESS, LIGHTED ROAD",DIVIDED - W/MEDIAN (NOT RAISED),"SAND, MUD, DIRT","RUT, HOLES",16,4,9
Nissan Magnite,NO CONTROLS,CLEAR,DAWN,NOT DIVIDED,"SAND, MUD, DIRT","RUT, HOLES",7,5,3
Tata Altroz,NO CONTROLS,UNKNOWN,DAYLIGHT,T-INTERSECTION,WET,UNKNOWN,13,1,7
Maruti Suzuki Baleno,STOP SIGN/FLASHER,OTHER,DAYLIGHT,DIVIDED - W/MEDIAN (NOT RAISED),DRY,NO DEFECTS,17,7,1
Hyundai Venue,STOP SIGN/FLASHER,CLEAR,DAYLIGHT,NOT DIVIDED,WET,"RUT, HOLES",17,5,4
Tata Punch,NO CONTROLS,RAIN,DARKNESS,FOUR WAY,WET,NO DEFECTS,20,6,9
Toyota Innova,TRAFFIC SIGNAL,FOG/SMOKE/HAZE,DUSK,NOT DIVIDED,OTHER,WORN SURFACE,6,2,12
Hyundai Verna,STOP SIGN/FLASHER,CLEAR,DARKNESS,NOT DIVIDED,DRY,NO DEFECTS,22,5,2
Kia Seltos,NO CONTROLS,RAIN,DARKNESS,NOT DIVIDED,WET,"RUT, HOLES",2,4,6
Toyota Fortuner,NO CONTROLS,CLEAR,DARKNESS,DIVIDED - W/MEDIAN (NOT RAISED),DRY,NO DEFECTS,23,1,10
Tata Punch,NO CONTROLS,CLOUDY/OVERCAST,DAWN,NOT DIVIDED,WET,"RUT, HOLES",20,6,4
Tata Altroz,STOP SIGN/FLASHER,RAIN,DARKNESS,NOT DIVIDED,"SAND, MUD, DIRT","RUT, HOLES",17,6,8
Mahindra Scorpio,TRAFFIC SIGNAL,CLOUDY/OVERCAST,DAWN,NOT DIVIDED,DRY,NO DEFECTS,18,1,9
Hyundai Venue,TRAFFIC SIGNAL,CLEAR,"DARKNESS, LIGHTED ROAD",NOT DIVIDED,WET,"RUT, HOLES",3,4,8
Tata Harrier,NO CONTROLS,CLEAR,DARKNESS,NOT DIVIDED,DRY,NO DEFECTS,1,3,3
Maruti Suzuki Baleno,PEDESTRIAN CROSSING SIGN,RAIN,DARKNESS,NOT DIVIDED,WET,WORN SURFACE,5,4,6
Tata Punch,NO CONTROLS,CLOUDY/OVERCAST,DUSK,NOT DIVIDED,DRY,"RUT, HOLES",4,4,10
Tata Altroz,TRAFFIC SIGNAL,CLOUDY/OVERCAST,DAYLIGHT,NOT DIVIDED,"SAND, MUD, DIRT",DEBRIS ON ROADWAY,15,5,8
Hyundai i20,NO CONTROLS,CLOUDY/OVERCAST,DAYLIGHT,DIVIDED - W/MEDIAN BARRIER,DRY,NO DEFECTS,8,2,1
Toyota Innova,STOP SIGN/FLASHER,CLEAR,DARKNESS,NOT DIVIDED,DRY,NO DEFECTS,20,2,9
Mahindra Scorpio,STOP SIGN/FLASHER,RAIN,DARKNESS,FOUR WAY,WET,NO DEFECTS,13,6,1
Skoda Slavia,TRAFFIC SIGNAL,RAIN,DAYLIGHT,NOT DIVIDED,WET,NO DEFECTS,17,7,9
Maruti Suzuki Wagon R,TRAFFIC SIGNAL,CLEAR,DAYLIGHT,NOT DIVIDED,"SAND, MUD, DIRT",NO DEFECTS,17,7,4
Volkswagen Virtus,NO CONTROLS,OTHER,DARKNESS,FOUR WAY,DRY,NO DEFECTS,10,6,12
Hyundai Verna,NO CONTROLS,CLEAR,DAYLIGHT,NOT DIVIDED,DRY,SHOULDER DEFECT,8,1,6
Nissan Magnite,OTHER REG. SIGN,CLOUDY/OVERCAST,DAYLIGHT,NOT DIVIDED,DRY,"RUT, HOLES",11,2,6
Hyundai i20,NO CONTROLS,CLEAR,DARKNESS,DIVIDED - W/MEDIAN BARRIER,DRY,"RUT, HOLES",19,6,2
Mahindra Scorpio,NO CONTROLS,CLEAR,DAWN,OTHER,OTHER,WORN SURFACE,16,3,5
Maruti Suzuki Baleno,NO CONTROLS,FOG/SMOKE/HAZE,DAYLIGHT,DIVIDED - W/MEDIAN (NOT RAISED),DRY,NO DEFECTS,7,4,11
Maruti Suzuki Baleno,NO CONTROLS,CLEAR,DARKNESS,ALLEY,DRY,SHOULDER DEFECT,19,7,12
Honda City,NO CONTROLS,UNKNOWN,DARKNESS,T-INTERSECTION,WET,"RUT, HOLES",2,1,6
Toyota Innova,TRAFFIC SIGNAL,RAIN,DAYLIGHT,NOT DIVIDED,WET,NO DEFECTS,17,7,7
Skoda Slavia,STOP SIGN/FLASHER,RAIN,DAYLIGHT,DIVIDED - W/MEDIAN (NOT RAISED),DRY,WORN SURFACE,13,1,9
Renault Kiger,NO CONTROLS,CLOUDY/OVERCAST,DAYLIGHT,T-INTERSECTION,"SAND, MUD, DIRT","RUT, HOLES",18,3,11
Kia Sonet,OTHER WARNING SIGN,RAIN,DARKNESS,DIVIDED - W/MEDIAN (NOT RAISED),WET,"RUT, HOLES",21,5,8
Mahindra XUV700,TRAFFIC SIGNAL,RAIN,DAYLIGHT,DIVIDED - W/MEDIAN BARRIER,WET,DEBRIS ON ROADWAY,18,3,6
Skoda Slavia,TRAFFIC SIGNAL,UNKNOWN,"DARKNESS, LIGHTED ROAD",NOT DIVIDED,DRY,DEBRIS ON ROADWAY,13,7,6
Nissan Magnite,STOP SIGN/FLASHER,RAIN,DAYLIGHT,NOT DIVIDED,WET,DEBRIS ON ROADWAY,7,4,9
Mahindra XUV700,STOP SIGN/FLASHER,FOG/SMOKE/HAZE,DUSK,FOUR WAY,DRY,NO DEFECTS,18,6,1
Toyota Fortuner,NO CONTROLS,CLEAR,DAYLIGHT,T-INTERSECTION,"SAND, MUD, DIRT",WORN SURFACE,13,6,8
Toyota Fortuner,TRAFFIC SIGNAL,RAIN,"DARKNESS, LIGHTED ROAD",ONE-WAY,DRY,NO DEFECTS,4,6,6
Maruti Suzuki Baleno,PEDESTRIAN CROSSING SIGN,CLEAR,DAYLIGHT,NOT DIVIDED,DRY,SHOULDER DEFECT,17,7,10
Maruti Suzuki Brezza,NO CONTROLS,CLEAR,DAYLIGHT,FOUR WAY,"SAND, MUD, DIRT",NO DEFECTS,10,4,1
Honda City,TRAFFIC SIGNAL,RAIN,"DARKNESS, LIGHTED ROAD",NOT DIVIDED,WET,"RUT, HOLES",2,7,8
Nissan Magnite,STOP SIGN/FLASHER,RAIN,DAWN,ONE-WAY,WET,DEBRIS ON ROADWAY,21,5,7
Toyota Innova,NO CONTROLS,CLOUDY/OVERCAST,DAYLIGHT,T-INTERSECTION,DRY,WORN SURFACE,14,6,8
Toyota Fortuner,PEDESTRIAN CROSSING SIGN,FOG/SMOKE/HAZE,DAYLIGHT,DIVIDED - W/MEDIAN (NOT RAISED),DRY,OTHER,7,2,1
Hyundai i20,NO CONTROLS,CLOUDY/OVERCAST,DAYLIGHT,DIVIDED - W/MEDIAN (NOT RAISED),WET,NO DEFECTS,17,2,8
Maruti Suzuki Swift,NO CONTROLS,RAIN,"DARKNESS, LIGHTED ROAD",T-INTERSECTION,WET,NO DEFECTS,20,6,8
Renault Kiger,OTHER,FOG/SMOKE/HAZE,DARKNESS,NOT DIVIDED,DRY,DEBRIS ON ROADWAY,0,3,8
Honda City,STOP SIGN/FLASHER,RAIN,DAYLIGHT,DIVIDED - W/MEDIAN BARRIER,WET,"RUT, HOLES",17,4,8
Hyundai i20,STOP SIGN/FLASHER,RAIN,UNKNOWN,NOT DIVIDED,WET,DEBRIS ON ROADWAY,18,4,9
Maruti Suzuki Baleno,TRAFFIC SIGNAL,CLEAR,DAYLIGHT,NOT DIVIDED,WET,WORN SURFACE,8,2,10
Tata Altroz,NO CONTROLS,CLOUDY/OVERCAST,DAYLIGHT,NOT DIVIDED,"SAND, MUD, DIRT",SHOULDER DEFECT,14,5,5
Renault Kiger,NO CONTROLS,RAIN,"DARKNESS, LIGHTED ROAD",ONE-WAY,WET,"RUT, HOLES",5,5,10
Skoda Slavia,OTHER RAILROAD CROSSING,RAIN,DAWN,NOT DIVIDED,WET,WORN SURFACE,18,1,7
Honda Amaze,NO CONTROLS,FOG/SMOKE/HAZE,"DARKNESS, LIGHTED ROAD",NOT DIVIDED,DRY,NO DEFECTS,19,3,1
Maruti Suzuki Brezza,STOP SIGN/FLASHER,CLEAR,DUSK,FOUR WAY,DRY,OTHER,6,3,1
Tata Harrier,NO CONTROLS,RAIN,UNKNOWN,NOT DIVIDED,WET,NO DEFECTS,19,5,6
Mahindra Scorpio,TRAFFIC SIGNAL,CLEAR,DUSK,NOT DIVIDED,WET,NO DEFECTS,18,6,10
Mahindra Thar,UNKNOWN,UNKNOWN,DAYLIGHT,FOUR WAY,UNKNOWN,"RUT, HOLES",11,1,9
Hyundai i20,NO CONTROLS,CLEAR,DAYLIGHT,NOT DIVIDED,DRY,WORN SURFACE,17,2,10
Mahindra Scorpio,STOP SIGN/FLASHER,RAIN,DARKNESS,ONE-WAY,WET,WORN SURFACE,0,3,7
Tata Altroz,TRAFFIC SIGNAL,RAIN,DARKNESS,DIVIDED - W/MEDIAN (NOT RAISED),WET,NO DEFECTS,21,6,7
Hyundai Verna,TRAFFIC SIGNAL,UNKNOWN,DAYLIGHT,NOT DIVIDED,DRY,WORN SURFACE,15,4,2
Kia Seltos,STOP SIGN/FLASHER,RAIN,DAYLIGHT,NOT DIVIDED,WET,SHOULDER DEFECT,16,4,6
Kia Sonet,NO CONTROLS,CLOUDY/OVERCAST,DAYLIGHT,NOT DIVIDED,WET,"RUT, HOLES",17,4,7
Tata Punch,NO CONTROLS,CLEAR,DAYLIGHT,FOUR WAY,WET,NO DEFECTS,15,4,1
Maruti Suzuki Wagon R,TRAFFIC SIGNAL,CLEAR,DARKNESS,FOUR WAY,DRY,"RUT, HOLES",20,7,4
Tata Altroz,RAILROAD CROSSING GATE,RAIN,DAYLIGHT,NOT DIVIDED,WET,SHOULDER DEFECT,16,7,8
Mahindra Scorpio,STOP SIGN/FLASHER,CLOUDY/OVERCAST,"DARKNESS, LIGHTED ROAD",NOT DIVIDED,DRY,DEBRIS ON ROADWAY,21,6,9
Honda City,NO CONTROLS,CLEAR,DAYLIGHT,OTHER,"SAND, MUD, DIRT",NO DEFECTS,16,3,12
Tata Nexon,NO CONTROLS,CLEAR,DAYLIGHT,DIVIDED - W/MEDIAN (NOT RAISED),"SAND, MUD, DIRT",NO DEFECTS,7,4,12
Hyundai i20,LANE USE MARKING,RAIN,DARKNESS,FOUR WAY,DRY,NO DEFECTS,21,6,8
Hyundai i20,STOP SIGN/FLASHER,RAIN,DUSK,NOT DIVIDED,WET,"RUT, HOLES",17,4,7
Tata Harrier,TRAFFIC SIGNAL,CLEAR,DAYLIGHT,T-INTERSECTION,DRY,"RUT, HOLES",17,5,8
Toyota Fortuner,TRAFFIC SIGNAL,CLEAR,DARKNESS,NOT DIVIDED,DRY,"RUT, HOLES",23,2,10
Mahindra Scorpio,OTHER,CLEAR,"DARKNESS, LIGHTED ROAD",NOT DIVIDED,DRY,WORN SURFACE,4,1,2
Honda City,NO CONTROLS,RAIN,DAYLIGHT,UNKNOWN INTERSECTION TYPE,"SAND, MUD, DIRT",NO DEFECTS,13,2,6
Mahindra Thar,STOP SIGN/FLASHER,FOG/SMOKE/HAZE,DARKNESS,NOT DIVIDED,DRY,NO DEFECTS,6,6,11
Kia Sonet,PEDESTRIAN CROSSING SIGN,OTHER,DAYLIGHT,NOT DIVIDED,"SAND, MUD, DIRT",NO DEFECTS,16,2,6
Mahindra Thar,STOP SIGN/FLASHER,RAIN,"DARKNESS, LIGHTED ROAD",NOT DIVIDED,"SAND, MUD, DIRT",NO DEFECTS,19,7,8
Skoda Slavia,NO CONTROLS,CLEAR,DARKNESS,NOT DIVIDED,"SAND, MUD, DIRT",WORN SURFACE,22,3,8
Kia Sonet,NO CONTROLS,CLOUDY/OVERCAST,DAYLIGHT,DIVIDED - W/MEDIAN (NOT RAISED),WET,NO DEFECTS,13,2,3
Maruti Suzuki Brezza,NO CONTROLS,RAIN,"DARKNESS, LIGHTED ROAD",NOT DIVIDED,WET,"RUT, HOLES",18,6,6
Mahindra Scorpio,RAILROAD CROSSING GATE,CLOUDY/OVERCAST,DUSK,ONE-WAY,DRY,NO DEFECTS,21,4,6
Maruti Suzuki Wagon R,NO CONTROLS,FOG/SMOKE/HAZE,DAYLIGHT,ONE-WAY,DRY,"RUT, HOLES",16,3,1
Mahindra XUV700,YIELD,FOG/SMOKE/HAZE,DUSK,ONE-WAY,DRY,"RUT, HOLES",7,3,1
Toyota Fortuner,NO CONTROLS,CLEAR,DAYLIGHT,NOT DIVIDED,DRY,NO DEFECTS,16,3,10
Kia Sonet,NO CONTROLS,CLEAR,DARKNESS,NOT DIVIDED,DRY,"RUT, HOLES",22,5,5
Mahindra XUV700,YIELD,RAIN,DARKNESS,T-INTERSECTION,OTHER,NO DEFECTS,23,5,7
Tata Nexon,OTHER,CLEAR,DAYLIGHT,NOT DIVIDED,DRY,"RUT, HOLES",16,4,5
Hyundai Creta,NO CONTROLS,FOG/SMOKE/HAZE,DARKNESS,OTHER,WET,WORN SURFACE,19,4,12
Kia Seltos,NO CONTROLS,CLEAR,DAYLIGHT,DIVIDED - W/MEDIAN (NOT RAISED),DRY,"RUT, HOLES",8,2,5
Renault Kiger,STOP SIGN/FLASHER,RAIN,DAYLIGHT,OTHER,UNKNOWN,WORN SURFACE,9,6,7
Hyundai i20,NO CONTROLS,CLEAR,"DARKNESS, LIGHTED ROAD",ONE-WAY,DRY,NO DEFECTS,22,7,11
Renault Kiger,LANE USE MARKING,CLOUDY/OVERCAST,"DARKNESS, LIGHTED ROAD",NOT DIVIDED,DRY,NO DEFECTS,6,6,11
Kia Seltos,NO CONTROLS,CLEAR,DAYLIGHT,NOT DIVIDED,DRY,NO DEFECTS,8,4,3
Skoda Slavia,STOP SIGN/FLASHER,CLOUDY/OVERCAST,DAYLIGHT,CENTER TURN LANE,"SAND, MUD, DIRT",NO DEFECTS,13,7,10
Kia Sonet,NO CONTROLS,RAIN,UNKNOWN,NOT DIVIDED,WET,NO DEFECTS,16,5,7
Maruti Suzuki Wagon R,NO CONTROLS,RAIN,DAYLIGHT,NOT DIVIDED,"SAND, MUD, DIRT","RUT, HOLES",16,6,7
Renault Kiger,STOP SIGN/FLASHER,CLOUDY/OVERCAST,DAYLIGHT,CENTER TURN LANE,WET,WORN SURFACE,10,6,2
Toyota Innova,NO CONTROLS,FOG/SMOKE/HAZE,"DARKNESS, LIGHTED ROAD",CENTER TURN LANE,DRY,SHOULDER DEFECT,20,6,1
Maruti Suzuki Baleno,TRAFFIC SIGNAL,RAIN,UNKNOWN,NOT DIVIDED,WET,WORN SURFACE,21,5,9
Maruti Suzuki Swift,TRAFFIC SIGNAL,RAIN,DAYLIGHT,NOT DIVIDED,DRY,"RUT, HOLES",12,2,7
Honda City,NO CONTROLS,CLOUDY/OVERCAST,DAYLIGHT,NOT DIVIDED,DRY,NO DEFECTS,13,3,7
Volkswagen Virtus,STOP SIGN/FLASHER,CLEAR,DAYLIGHT,NOT DIVIDED,"SAND, MUD, DIRT","RUT, HOLES",17,7,9
Tata Harrier,TRAFFIC SIGNAL,CLOUDY/OVERCAST,DAYLIGHT,DIVIDED - W/MEDIAN (NOT RAISED),DRY,NO DEFECTS,17,2,9
Hyundai i20,STOP SIGN/FLASHER,CLEAR,DAYLIGHT,NOT DIVIDED,DRY,"RUT, HOLES",12,2,3
Hyundai i20,UNKNOWN,CLOUDY/OVERCAST,DAYLIGHT,NOT DIVIDED,WET,WORN SURFACE,12,3,8
Tata Nexon,NO CONTROLS,CLEAR,DAYLIGHT,NOT DIVIDED,WET,"RUT, HOLES",11,3,2
Mahindra XUV700,NO CONTROLS,RAIN,DAYLIGHT,NOT DIVIDED,WET,NO DEFECTS,8,5,9
Toyota Fortuner,NO CONTROLS,RAIN,DAYLIGHT,OTHER,"SAND, MUD, DIRT",DEBRIS ON ROADWAY,13,5,8
Toyota Innova,NO PASSING,FOG/SMOKE/HAZE,DAYLIGHT,FOUR WAY,"SAND, MUD, DIRT",NO DEFECTS,16,6,12
Kia Sonet,NO CONTROLS,CLOUDY/OVERCAST,DARKNESS,DIVIDED - W/MEDIAN BARRIER,DRY,DEBRIS ON ROADWAY,18,1,1
Mahindra XUV700,NO CONTROLS,FOG/SMOKE/HAZE,DAYLIGHT,OTHER,DRY,WORN SURFACE,18,2,1
Renault Kiger,TRAFFIC SIGNAL,CLOUDY/OVERCAST,DAYLIGHT,NOT DIVIDED,DRY,NO DEFECTS,12,4,5
Mahindra Thar,LANE USE MARKING,RAIN,DAYLIGHT,NOT DIVIDED,OTHER,NO DEFECTS,18,2,5
Renault Kiger,LANE USE MARKING,CLEAR,DARKNESS,NOT REPORTED,"SAND, MUD, DIRT",DEBRIS ON ROADWAY,0,7,4
Skoda Slavia,STOP SIGN/FLASHER,OTHER,DAYLIGHT,DIVIDED - W/MEDIAN BARRIER,DRY,"RUT, HOLES",14,5,11
Kia Sonet,TRAFFIC SIGNAL,CLEAR,"DARKNESS, LIGHTED ROAD",ONE-WAY,DRY,NO DEFECTS,19,4,4
Maruti Suzuki Swift,NO CONTROLS,CLEAR,DAWN,FOUR WAY,UNKNOWN,"RUT, HOLES",16,1,5
Mahindra XUV700,STOP SIGN/FLASHER,RAIN,DAYLIGHT,NOT DIVIDED,WET,"RUT, HOLES",14,7,9
Maruti Suzuki Wagon R,NO CONTROLS,CLEAR,DAYLIGHT,ALLEY,OTHER,NO DEFECTS,16,4,7
Tata Nexon,TRAFFIC SIGNAL,CLEAR,"DARKNESS, LIGHTED ROAD",ONE-WAY,WET,NO DEFECTS,21,5,10
Nissan Magnite,NO CONTROLS,CLOUDY/OVERCAST,"DARKNESS, LIGHTED ROAD",DIVIDED - W/MEDIAN (NOT RAISED),DRY,NO DEFECTS,15,6,1
Hyundai i20,OTHER,RAIN,DAWN,NOT DIVIDED,WET,NO DEFECTS,19,7,7
Nissan Magnite,NO CONTROLS,FOG/SMOKE/HAZE,DARKNESS,NOT DIVIDED,DRY,NO DEFECTS,22,2,1
Mahindra Thar,STOP SIGN/FLASHER,FOG/SMOKE/HAZE,DAYLIGHT,DIVIDED - W/MEDIAN (NOT RAISED),"SAND, MUD, DIRT",NO DEFECTS,16,1,1
Nissan Magnite,STOP SIGN/FLASHER,CLEAR,DAYLIGHT,NOT DIVIDED,DRY,NO DEFECTS,15,1,11
Tata Nexon,NO CONTROLS,CLEAR,"DARKNESS, LIGHTED ROAD",NOT DIVIDED,DRY,NO DEFECTS,1,6,2
Hyundai Creta,NO CONTROLS,RAIN,DAYLIGHT,NOT DIVIDED,OTHER,DEBRIS ON ROADWAY,12,1,7
Honda City,NO CONTROLS,CLOUDY/OVERCAST,DAYLIGHT,NOT DIVIDED,DRY,"RUT, HOLES",15,4,6
Hyundai Verna,UNKNOWN,RAIN,"DARKNESS, LIGHTED ROAD",ONE-WAY,WET,"RUT, HOLES",19,6,6
Kia Seltos,LANE USE MARKING,FOG/SMOKE/HAZE,DAYLIGHT,NOT DIVIDED,DRY,"RUT, HOLES",8,6,11
Maruti Suzuki Swift,NO CONTROLS,FOG/SMOKE/HAZE,UNKNOWN,ALLEY,DRY,NO DEFECTS,21,4,1
Hyundai Verna,NO CONTROLS,OTHER,DAYLIGHT,NOT DIVIDED,DRY,DEBRIS ON ROADWAY,9,6,9
Tata Punch,STOP SIGN/FLASHER,FOG/SMOKE/HAZE,DAYLIGHT,ONE-WAY,DRY,"RUT, HOLES",17,7,12
Mahindra XUV700,STOP SIGN/FLASHER,OTHER,DAYLIGHT,DIVIDED - W/MEDIAN BARRIER,DRY,"RUT, HOLES",13,1,8
Mahindra Scorpio,NO CONTROLS,CLOUDY/OVERCAST,DAYLIGHT,ONE-WAY,DRY,DEBRIS ON ROADWAY,14,6,12
Kia Seltos,PEDESTRIAN CROSSING SIGN,CLEAR,"DARKNESS, LIGHTED ROAD",Y-INTERSECTION,DRY,WORN SURFACE,19,5,1
Skoda Slavia,OTHER,RAIN,DAYLIGHT,NOT DIVIDED,WET,NO DEFECTS,10,2,7
Hyundai Creta,NO CONTROLS,CLOUDY/OVERCAST,"DARKNESS, LIGHTED ROAD",PARKING LOT,DRY,DEBRIS ON ROADWAY,5,3,5
Tata Nexon,TRAFFIC SIGNAL,RAIN,DAYLIGHT,NOT DIVIDED,WET,SHOULDER DEFECT,14,6,9
Honda Amaze,NO CONTROLS,FOG/SMOKE/HAZE,DAYLIGHT,UNKNOWN INTERSECTION TYPE,DRY,OTHER,9,5,12
Volkswagen Virtus,STOP SIGN/FLASHER,CLEAR,"DARKNESS, LIGHTED ROAD",NOT DIVIDED,DRY,NO DEFECTS,19,1,5
Maruti Suzuki Swift,YIELD,RAIN,DAWN,NOT DIVIDED,WET,OTHER,22,7,8
Toyota Fortuner,TRAFFIC SIGNAL,RAIN,DARKNESS,ONE-WAY,OTHER,"RUT, HOLES",2,5,3
Honda City,STOP SIGN/FLASHER,CLOUDY/OVERCAST,"DARKNESS, LIGHTED ROAD",ONE-WAY,DRY,WORN SURFACE,16,4,8
Kia Seltos,UNKNOWN,RAIN,DAYLIGHT,NOT DIVIDED,WET,NO DEFECTS,17,6,7
Maruti Suzuki Wagon R,TRAFFIC SIGNAL,CLOUDY/OVERCAST,DARKNESS,DIVIDED - W/MEDIAN BARRIER,WET,NO DEFECTS,23,2,12
Tata Punch,NO CONTROLS,CLEAR,"DARKNESS, LIGHTED ROAD",NOT DIVIDED,WET,NO DEFECTS,22,3,8
Maruti Suzuki Brezza,NO CONTROLS,CLOUDY/OVERCAST,DAYLIGHT,NOT DIVIDED,UNKNOWN,"RUT, HOLES",17,2,6
Maruti Suzuki Brezza,TRAFFIC SIGNAL,CLOUDY/OVERCAST,DAYLIGHT,DIVIDED - W/MEDIAN BARRIER,DRY,NO DEFECTS,15,4,2
Volkswagen Virtus,NO CONTROLS,RAIN,DAYLIGHT,NOT DIVIDED,WET,NO DEFECTS,7,7,2
Tata Punch,NO CONTROLS,CLEAR,DAYLIGHT,NOT DIVIDED,DRY,OTHER,12,3,4
Mahindra Thar,YIELD,CLEAR,DAYLIGHT,TRAFFIC ROUTE,DRY,WORN SURFACE,16,3,5
Hyundai Creta,NO CONTROLS,CLEAR,DAYLIGHT,DIVIDED - W/MEDIAN (NOT RAISED),DRY,"RUT, HOLES",18,6,11
Hyundai Venue,TRAFFIC SIGNAL,RAIN,DAYLIGHT,NOT DIVIDED,"SAND, MUD, DIRT",WORN SURFACE,16,7,8
Tata Nexon,NO CONTROLS,RAIN,DAYLIGHT,DIVIDED - W/MEDIAN (NOT RAISED),WET,"RUT, HOLES",17,2,7
Maruti Suzuki Brezza,TRAFFIC SIGNAL,UNKNOWN,DAYLIGHT,FOUR WAY,DRY,NO DEFECTS,13,6,2
Mahindra XUV700,TRAFFIC SIGNAL,CLEAR,"DARKNESS, LIGHTED ROAD",OTHER,DRY,"RUT, HOLES",18,3,11
Mahindra Scorpio,UNKNOWN,CLEAR,DAYLIGHT,FOUR WAY,OTHER,WORN SURFACE,7,2,9
Honda City,NO CONTROLS,FOG/SMOKE/HAZE,DARKNESS,T-INTERSECTION,DRY,NO DEFECTS,6,4,1
Tata Punch,STOP SIGN/FLASHER,RAIN,DAWN,NOT DIVIDED,OTHER,NO DEFECTS,7,1,9
Kia Seltos,STOP SIGN/FLASHER,CLEAR,"DARKNESS, LIGHTED ROAD",NOT DIVIDED,WET,NO DEFECTS,20,7,8
Nissan Magnite,PEDESTRIAN CROSSING SIGN,CLEAR,DARKNESS,FOUR WAY,UNKNOWN,"RUT, HOLES",4,7,1
Mahindra Scorpio,NO CONTROLS,RAIN,"DARKNESS, LIGHTED ROAD",FOUR WAY,"SAND, MUD, DIRT",NO DEFECTS,19,6,7
Tata Altroz,NO CONTROLS,CLOUDY/OVERCAST,DAYLIGHT,NOT DIVIDED,DRY,WORN SURFACE,8,3,7
Toyota Innova,NO CONTROLS,CLOUDY/OVERCAST,DAYLIGHT,UNKNOWN,WET,NO DEFECTS,14,2,3
Honda Amaze,STOP SIGN/FLASHER,FREEZING RAIN/DRIZZLE,DARKNESS,NOT DIVIDED,WET,WORN SURFACE,21,6,12
Honda Amaze,TRAFFIC SIGNAL,FOG/SMOKE/HAZE,DAYLIGHT,NOT DIVIDED,DRY,DEBRIS ON ROADWAY,11,1,11
Honda City,TRAFFIC SIGNAL,OTHER,DAYLIGHT,NOT DIVIDED,DRY,SHOULDER DEFECT,8,4,9
Honda Amaze,NO CONTROLS,OTHER,DAYLIGHT,T-INTERSECTION,DRY,WORN SURFACE,9,1,7
Tata Harrier,TRAFFIC SIGNAL,RAIN,"DARKNESS, LIGHTED ROAD",NOT DIVIDED,WET,NO DEFECTS,21,4,6
Toyota Fortuner,TRAFFIC SIGNAL,RAIN,DUSK,PARKING LOT,WET,WORN SURFACE,13,2,8
Mahindra Scorpio,NO CONTROLS,CLEAR,DAYLIGHT,PARKING LOT,DRY,"RUT, HOLES",16,1,8
Honda City,STOP SIGN/FLASHER,FOG/SMOKE/HAZE,DAYLIGHT,NOT DIVIDED,OTHER,WORN SURFACE,8,4,1
Nissan Magnite,TRAFFIC SIGNAL,RAIN,DAYLIGHT,NOT DIVIDED,WET,SHOULDER DEFECT,12,5,7
Hyundai Verna,NO CONTROLS,RAIN,DAYLIGHT,NOT DIVIDED,WET,NO DEFECTS,8,4,10
Tata Harrier,LANE USE MARKING,RAIN,DAYLIGHT,NOT DIVIDED,WET,"RUT, HOLES",17,2,7
Maruti Suzuki Baleno,NO CONTROLS,FOG/SMOKE/HAZE,DAYLIGHT,DIVIDED - W/MEDIAN (NOT RAISED),DRY,NO DEFECTS,17,1,1
Tata Harrier,OTHER,CLEAR,DAYLIGHT,DIVIDED - W/MEDIAN BARRIER,WET,NO DEFECTS,9,1,10
Mahindra Scorpio,TRAFFIC SIGNAL,CLEAR,DARKNESS,NOT DIVIDED,"SAND, MUD, DIRT","RUT, HOLES",18,6,3
Kia Sonet,TRAFFIC SIGNAL,CLOUDY/OVERCAST,DARKNESS,PARKING LOT,DRY,"RUT, HOLES",20,1,5
Tata Harrier,NO CONTROLS,CLEAR,DARKNESS,UNKNOWN INTERSECTION TYPE,DRY,"RUT, HOLES",21,7,3
Skoda Slavia,PEDESTRIAN CROSSING SIGN,FOG/SMOKE/HAZE,DAWN,DIVIDED - W/MEDIAN (NOT RAISED),WET,WORN SURFACE,6,7,6
Renault Kiger,NO CONTROLS,RAIN,DAYLIGHT,NOT DIVIDED,WET,"RUT, HOLES",10,7,9
Maruti Suzuki Wagon R,TRAFFIC SIGNAL,RAIN,DARKNESS,DIVIDED - W/MEDIAN (NOT RAISED),WET,OTHER,20,7,7
Tata Punch,OTHER,CLEAR,DAYLIGHT,NOT DIVIDED,WET,WORN SURFACE,8,5,4
Nissan Magnite,NO CONTROLS,FOG/SMOKE/HAZE,DAWN,T-INTERSECTION,WET,UNKNOWN,0,7,11
Hyundai i20,PEDESTRIAN CROSSING SIGN,FOG/SMOKE/HAZE,DARKNESS,NOT DIVIDED,DRY,WORN SURFACE,19,6,11
Kia Seltos,STOP SIGN/FLASHER,RAIN,DAYLIGHT,NOT DIVIDED,WET,"RUT, HOLES",10,3,11
Maruti Suzuki Swift,TRAFFIC SIGNAL,CLEAR,DAYLIGHT,NOT DIVIDED,WET,NO DEFECTS,12,6,4
Tata Altroz,PEDESTRIAN CROSSING SIGN,RAIN,DAWN,NOT DIVIDED,WET,WORN SURFACE,13,5,7
Toyota Innova,STOP SIGN/FLASHER,UNKNOWN,DARKNESS,T-INTERSECTION,"SAND, MUD, DIRT",WORN SURFACE,19,1,12
Mahindra XUV700,STOP SIGN/FLASHER,CLEAR,DAYLIGHT,FOUR WAY,DRY,"RUT, HOLES",11,6,10
Mahindra Thar,TRAFFIC SIGNAL,FOG/SMOKE/HAZE,"DARKNESS, LIGHTED ROAD",NOT DIVIDED,DRY,WORN SURFACE,19,7,1
Nissan Magnite,STOP SIGN/FLASHER,CLEAR,UNKNOWN,NOT DIVIDED,DRY,SHOULDER DEFECT,16,4,1
Volkswagen Virtus,NO CONTROLS,CLOUDY/OVERCAST,DAYLIGHT,Y-INTERSECTION,OTHER,NO DEFECTS,15,4,7
Mahindra XUV700,NO CONTROLS,CLEAR,DAYLIGHT,T-INTERSECTION,"SAND, MUD, DIRT","RUT, HOLES",10,4,11
Mahindra Thar,NO CONTROLS,CLOUDY/OVERCAST,DAYLIGHT,T-INTERSECTION,"SAND, MUD, DIRT","RUT, HOLES",9,6,8
Maruti Suzuki Brezza,NO CONTROLS,RAIN,DAYLIGHT,FOUR WAY,WET,NO DEFECTS,16,2,7
Kia Sonet,TRAFFIC SIGNAL,CLEAR,DAYLIGHT,NOT DIVIDED,"SAND, MUD, DIRT",UNKNOWN,13,6,2
Renault Kiger,NO CONTROLS,RAIN,"DARKNESS, LIGHTED ROAD",NOT DIVIDED,"SAND, MUD, DIRT",WORN SURFACE,21,3,8
Hyundai Verna,NO CONTROLS,CLEAR,DAYLIGHT,NOT DIVIDED,DRY,NO DEFECTS,14,3,10
Toyota Fortuner,STOP SIGN/FLASHER,RAIN,DAYLIGHT,UNKNOWN INTERSECTION TYPE,UNKNOWN,NO DEFECTS,14,6,6
Nissan Magnite,LANE USE MARKING,CLEAR,DAYLIGHT,DIVIDED - W/MEDIAN (NOT RAISED),"SAND, MUD, DIRT",WORN SURFACE,12,2,10
Kia Seltos,NO CONTROLS,CLEAR,"DARKNESS, LIGHTED ROAD",Y-INTERSECTION,UNKNOWN,NO DEFECTS,18,7,12
Kia Sonet,TRAFFIC SIGNAL,CLOUDY/OVERCAST,DARKNESS,NOT DIVIDED,"SAND, MUD, DIRT","RUT, HOLES",13,7,4
Maruti Suzuki Swift,NO CONTROLS,CLOUDY/OVERCAST,DAYLIGHT,T-INTERSECTION,"SAND, MUD, DIRT",NO DEFECTS,9,3,7
Maruti Suzuki Wagon R,NO CONTROLS,CLEAR,"DARKNESS, LIGHTED ROAD",NOT DIVIDED,OTHER,SHOULDER DEFECT,20,7,5
Toyota Fortuner,NO CONTROLS,CLEAR,DAYLIGHT,DIVIDED - W/MEDIAN (NOT RAISED),DRY,WORN SURFACE,16,5,10
Nissan Magnite,STOP SIGN/FLASHER,RAIN,DAYLIGHT,NOT DIVIDED,DRY,NO DEFECTS,16,2,8
Hyundai i20,NO CONTROLS,FOG/SMOKE/HAZE,DAYLIGHT,T-INTERSECTION,DRY,SHOULDER DEFECT,12,4,8
Tata Nexon,STOP SIGN/FLASHER,FOG/SMOKE/HAZE,DAYLIGHT,NOT DIVIDED,WET,DEBRIS ON ROADWAY,17,6,10
Tata Harrier,STOP SIGN/FLASHER,RAIN,DAYLIGHT,NOT DIVIDED,DRY,"RUT, HOLES",10,5,6
Tata Altroz,TRAFFIC SIGNAL,CLEAR,DARKNESS,NOT DIVIDED,WET,NO DEFECTS,1,4,12
Mahindra XUV700,NO CONTROLS,SLEET/HAIL,"DARKNESS, LIGHTED ROAD",NOT DIVIDED,"SAND, MUD, DIRT",WORN SURFACE,19,2,7
Tata Punch,STOP SIGN/FLASHER,CLEAR,DUSK,NOT DIVIDED,DRY,NO DEFECTS,6,6,3
Honda Amaze,NO CONTROLS,RAIN,DAYLIGHT,DIVIDED - W/MEDIAN (NOT RAISED),WET,"RUT, HOLES",17,3,9
Tata Harrier,TRAFFIC SIGNAL,CLEAR,DARKNESS,NOT DIVIDED,DRY,NO DEFECTS,4,3,10
Renault Kiger,NO CONTROLS,CLEAR,DAYLIGHT,NOT DIVIDED,DRY,"RUT, HOLES",12,6,6
Maruti Suzuki Brezza,STOP SIGN/FLASHER,FOG/SMOKE/HAZE,DARKNESS,DIVIDED - W/MEDIAN (NOT RAISED),WET,NO DEFECTS,5,5,11
Kia Sonet,OTHER,CLEAR,UNKNOWN,NOT DIVIDED,DRY,WORN SURFACE,15,2,11
Renault Kiger,STOP SIGN/FLASHER,CLOUDY/OVERCAST,DAYLIGHT,FOUR WAY,DRY,NO DEFECTS,17,6,5
Hyundai i20,NO CONTROLS,CLEAR,DAYLIGHT,NOT DIVIDED,DRY,"RUT, HOLES",7,2,12
Toyota Innova,OTHER,FOG/SMOKE/HAZE,DAYLIGHT,UNKNOWN,DRY,WORN SURFACE,7,6,2
Maruti Suzuki Baleno,NO CONTROLS,CLEAR,"DARKNESS, LIGHTED ROAD",T-INTERSECTION,WET,NO DEFECTS,21,4,4
Maruti Suzuki Brezza,TRAFFIC SIGNAL,CLEAR,DAYLIGHT,DIVIDED - W/MEDIAN (NOT RAISED),DRY,WORN SURFACE,13,5,3
Mahindra Thar,NO CONTROLS,CLOUDY/OVERCAST,DARKNESS,CENTER TURN LANE,DRY,NO DEFECTS,19,5,11
Toyota Fortuner,NO CONTROLS,RAIN,DAWN,Y-INTERSECTION,DRY,WORN SURFACE,21,2,8
Hyundai i20,TRAFFIC SIGNAL,CLOUDY/OVERCAST,"DARKNESS, LIGHTED ROAD",NOT DIVIDED,DRY,"RUT, HOLES",23,5,2
Volkswagen Virtus,NO CONTROLS,RAIN,DARKNESS,NOT DIVIDED,WET,"RUT, HOLES",20,7,7
Volkswagen Virtus,YIELD,OTHER,DAYLIGHT,NOT DIVIDED,DRY,NO DEFECTS,10,7,8
Hyundai Venue,NO CONTROLS,CLOUDY/OVERCAST,DARKNESS,NOT DIVIDED,UNKNOWN,NO DEFECTS,22,6,1
Mahindra Scorpio,NO CONTROLS,FOG/SMOKE/HAZE,DUSK,T-INTERSECTION,DRY,NO DEFECTS,18,7,11
Hyundai Venue,NO CONTROLS,CLEAR,"DARKNESS, LIGHTED ROAD",DIVIDED - W/MEDIAN (NOT RAISED),WET,SHOULDER DEFECT,19,5,10
Tata Harrier,TRAFFIC SIGNAL,OTHER,DARKNESS,OTHER,DRY,"RUT, HOLES",0,2,7
Nissan Magnite,YIELD,FOG/SMOKE/HAZE,DARKNESS,NOT DIVIDED,DRY,UNKNOWN,21,5,12
Maruti Suzuki Baleno,STOP SIGN/FLASHER,RAIN,DUSK,ONE-WAY,WET,SHOULDER DEFECT,18,7,7
Mahindra Scorpio,NO CONTROLS,UNKNOWN,DUSK,NOT DIVIDED,DRY,SHOULDER DEFECT,18,3,12
Hyundai i20,STOP SIGN/FLASHER,CLEAR,"DARKNESS, LIGHTED ROAD",FOUR WAY,"SAND, MUD, DIRT","RUT, HOLES",4,3,9
Volkswagen Virtus,TRAFFIC SIGNAL,CLOUDY/OVERCAST,DAYLIGHT,FOUR WAY,DRY,NO DEFECTS,8,7,8
Hyundai Creta,NO CONTROLS,CLOUDY/OVERCAST,DARKNESS,ONE-WAY,WET,DEBRIS ON ROADWAY,22,6,3
Maruti Suzuki Brezza,NO CONTROLS,CLEAR,DAYLIGHT,ONE-WAY,WET,NO DEFECTS,14,1,11
Mahindra Thar,STOP SIGN/FLASHER,OTHER,DAYLIGHT,NOT DIVIDED,DRY,"RUT, HOLES",12,5,7
Maruti Suzuki Wagon R,OTHER,UNKNOWN,DARKNESS,NOT DIVIDED,DRY,SHOULDER DEFECT,19,2,3
Volkswagen Virtus,STOP SIGN/FLASHER,RAIN,DARKNESS,NOT DIVIDED,OTHER,"RUT, HOLES",4,3,1
Mahindra Thar,NO CONTROLS,RAIN,DAYLIGHT,T-INTERSECTION,WET,NO DEFECTS,12,1,8
Kia Sonet,NO CONTROLS,RAIN,DAYLIGHT,NOT DIVIDED,WET,NO DEFECTS,12,2,7
Toyota Innova,NO CONTROLS,RAIN,DAYLIGHT,NOT DIVIDED,WET,UNKNOWN,11,4,9
Kia Seltos,UNKNOWN,FOG/SMOKE/HAZE,DAYLIGHT,ONE-WAY,DRY,UNKNOWN,7,1,11
Maruti Suzuki Wagon R,TRAFFIC SIGNAL,CLEAR,DAYLIGHT,NOT DIVIDED,DRY,WORN SURFACE,8,7,1
Volkswagen Virtus,TRAFFIC SIGNAL,RAIN,DAYLIGHT,NOT DIVIDED,WET,DEBRIS ON ROADWAY,7,6,9
Maruti Suzuki Wagon R,STOP SIGN/FLASHER,OTHER,"DARKNESS, LIGHTED ROAD",FOUR WAY,UNKNOWN,NO DEFECTS,16,3,3
Hyundai Verna,TRAFFIC SIGNAL,CLEAR,DARKNESS,NOT REPORTED,DRY,NO DEFECTS,21,2,11
Hyundai i20,NO CONTROLS,CLEAR,DAYLIGHT,NOT DIVIDED,UNKNOWN,NO DEFECTS,14,7,10
Kia Seltos,TRAFFIC SIGNAL,OTHER,DAYLIGHT,DIVIDED - W/MEDIAN BARRIER,DRY,NO DEFECTS,10,5,8
Hyundai Verna,TRAFFIC SIGNAL,RAIN,DAYLIGHT,NOT DIVIDED,WET,NO DEFECTS,7,4,9
Maruti Suzuki Baleno,NO CONTROLS,RAIN,"DARKNESS, LIGHTED ROAD",NOT DIVIDED,OTHER,NO DEFECTS,19,2,6
Tata Nexon,NO CONTROLS,CLOUDY/OVERCAST,"DARKNESS, LIGHTED ROAD",NOT DIVIDED,DRY,"RUT, HOLES",22,2,7
Hyundai Verna,NO CONTROLS,CLEAR,DAYLIGHT,T-INTERSECTION,DRY,NO DEFECTS,11,6,10
Tata Altroz,NO CONTROLS,CLOUDY/OVERCAST,UNKNOWN,UNKNOWN INTERSECTION TYPE,DRY,NO DEFECTS,10,4,7
Tata Harrier,TRAFFIC SIGNAL,RAIN,DAYLIGHT,NOT DIVIDED,OTHER,SHOULDER DEFECT,16,7,6
Hyundai i20,NO CONTROLS,RAIN,DAYLIGHT,T-INTERSECTION,WET,NO DEFECTS,18,7,7
Maruti Suzuki Wagon R,TRAFFIC SIGNAL,UNKNOWN,DAYLIGHT,NOT DIVIDED,"SAND, MUD, DIRT",NO DEFECTS,13,2,10
Honda Amaze,TRAFFIC SIGNAL,UNKNOWN,DAYLIGHT,ALLEY,DRY,NO DEFECTS,16,7,6
Kia Sonet,TRAFFIC SIGNAL,CLEAR,DAYLIGHT,NOT DIVIDED,DRY,WORN SURFACE,17,7,3
Kia Seltos,YIELD,RAIN,"DARKNESS, LIGHTED ROAD",T-INTERSECTION,WET,"RUT, HOLES",22,6,9
Renault Kiger,STOP SIGN/FLASHER,CLEAR,"DARKNESS, LIGHTED ROAD",NOT DIVIDED,OTHER,"RUT, HOLES",7,4,10
Mahindra Scorpio,NO CONTROLS,CLOUDY/OVERCAST,DARKNESS,TRAFFIC ROUTE,WET,NO DEFECTS,23,2,2
Tata Nexon,NO CONTROLS,CLEAR,"DARKNESS, LIGHTED ROAD",NOT DIVIDED,WET,"RUT, HOLES",12,1,4
Mahindra Thar,STOP SIGN/FLASHER,CLEAR,DUSK,NOT DIVIDED,DRY,NO DEFECTS,18,1,2
Hyundai i20,NO CONTROLS,CLOUDY/OVERCAST,DAYLIGHT,FOUR WAY,DRY,NO DEFECTS,15,6,6
Maruti Suzuki Wagon R,PEDESTRIAN CROSSING SIGN,CLEAR,DAYLIGHT,OTHER,WET,"RUT, HOLES",14,7,7
Mahindra Scorpio,STOP SIGN/FLASHER,RAIN,DAYLIGHT,RAMP,WET,SHOULDER DEFECT,17,6,9
Kia Sonet,YIELD,UNKNOWN,DAYLIGHT,NOT DIVIDED,WET,NO DEFECTS,12,6,8
Renault Kiger,TRAFFIC SIGNAL,CLEAR,DAWN,NOT DIVIDED,DRY,WORN SURFACE,6,4,8
Honda Amaze,TRAFFIC SIGNAL,RAIN,DAYLIGHT,ALLEY,UNKNOWN,NO DEFECTS,14,5,6
Mahindra Thar,OTHER,RAIN,DAYLIGHT,NOT DIVIDED,WET,NO DEFECTS,15,6,11
Maruti Suzuki Brezza,NO CONTROLS,CLOUDY/OVERCAST,"DARKNESS, LIGHTED ROAD",T-INTERSECTION,DRY,NO DEFECTS,8,2,7
Toyota Innova,TRAFFIC SIGNAL,FOG/SMOKE/HAZE,DARKNESS,NOT DIVIDED,OTHER,DEBRIS ON ROADWAY,20,6,12
Hyundai Venue,NO CONTROLS,CLOUDY/OVERCAST,DAYLIGHT,T-INTERSECTION,WET,NO DEFECTS,8,2,8
Kia Sonet,OTHER WARNING SIGN,FOG/SMOKE/HAZE,DAYLIGHT,DIVIDED - W/MEDIAN (NOT RAISED),DRY,"RUT, HOLES",8,3,2
Kia Sonet,TRAFFIC SIGNAL,CLOUDY/OVERCAST,DAYLIGHT,FOUR WAY,"SAND, MUD, DIRT",NO DEFECTS,7,5,9
Nissan Magnite,NO CONTROLS,OTHER,DAYLIGHT,FOUR WAY,DRY,"RUT, HOLES",15,5,6
Maruti Suzuki Brezza,PEDESTRIAN CROSSING SIGN,RAIN,DAYLIGHT,FOUR WAY,WET,NO DEFECTS,10,6,9
Maruti Suzuki Baleno,NO CONTROLS,FOG/SMOKE/HAZE,DAYLIGHT,FOUR WAY,WET,NO DEFECTS,8,5,1
Honda City,NO CONTROLS,CLEAR,DAYLIGHT,DIVIDED - W/MEDIAN (NOT RAISED),DRY,WORN SURFACE,8,1,3
Volkswagen Virtus,STOP SIGN/FLASHER,CLEAR,DARKNESS,T-INTERSECTION,DRY,WORN SURFACE,2,7,11
Tata Nexon,PEDESTRIAN CROSSING SIGN,CLEAR,DAWN,ONE-WAY,DRY,NO DEFECTS,18,6,4
Mahindra XUV700,PEDESTRIAN CROSSING SIGN,RAIN,DAYLIGHT,ONE-WAY,WET,"RUT, HOLES",16,7,11
Kia Sonet,STOP SIGN/FLASHER,CLEAR,DUSK,OTHER,DRY,NO DEFECTS,11,6,5
Maruti Suzuki Baleno,NO CONTROLS,RAIN,DARKNESS,NOT DIVIDED,"SAND, MUD, DIRT",WORN SURFACE,2,2,8
Maruti Suzuki Brezza,NO CONTROLS,RAIN,DARKNESS,T-INTERSECTION,WET,WORN SURFACE,20,7,9
Kia Seltos,NO CONTROLS,RAIN,DAYLIGHT,"FIVE POINT, OR MORE",WET,NO DEFECTS,7,7,7
Maruti Suzuki Baleno,NO CONTROLS,CLOUDY/OVERCAST,"DARKNESS, LIGHTED ROAD",NOT DIVIDED,WET,SHOULDER DEFECT,21,1,5
Maruti Suzuki Wagon R,TRAFFIC SIGNAL,CLEAR,DAYLIGHT,ONE-WAY,"SAND, MUD, DIRT",NO DEFECTS,14,2,4
Mahindra Thar,STOP SIGN/FLASHER,OTHER,DAYLIGHT,NOT DIVIDED,DRY,NO DEFECTS,11,7,1
Skoda Slavia,TRAFFIC SIGNAL,CLEAR,DAYLIGHT,NOT DIVIDED,DRY,WORN SURFACE,18,3,5
Nissan Magnite,NO CONTROLS,RAIN,"DARKNESS, LIGHTED ROAD",NOT DIVIDED,WET,NO DEFECTS,20,6,8
Mahindra Scorpio,NO CONTROLS,SNOW,DAYLIGHT,DIVIDED - W/MEDIAN BARRIER,WET,NO DEFECTS,11,1,12
Hyundai i20,NO CONTROLS,OTHER,DAYLIGHT,NOT DIVIDED,DRY,NO DEFECTS,12,6,11
Hyundai Creta,STOP SIGN/FLASHER,OTHER,DARKNESS,NOT DIVIDED,DRY,SHOULDER DEFECT,13,6,9
Mahindra Thar,STOP SIGN/FLASHER,CLOUDY/OVERCAST,DARKNESS,NOT DIVIDED,WET,NO DEFECTS,21,7,10
Hyundai Verna,STOP SIGN/FLASHER,CLOUDY/OVERCAST,DAYLIGHT,NOT DIVIDED,DRY,NO DEFECTS,17,6,9
Honda Amaze,NO CONTROLS,RAIN,DAYLIGHT,FOUR WAY,UNKNOWN,NO DEFECTS,9,1,5
Mahindra XUV700,TRAFFIC SIGNAL,FOG/SMOKE/HAZE,DAYLIGHT,NOT DIVIDED,"SAND, MUD, DIRT",NO DEFECTS,6,4,11
Renault Kiger,STOP SIGN/FLASHER,CLOUDY/OVERCAST,DAYLIGHT,UNKNOWN INTERSECTION TYPE,DRY,WORN SURFACE,8,3,9
Tata Punch,NO CONTROLS,CLOUDY/OVERCAST,DAYLIGHT,NOT DIVIDED,"SAND, MUD, DIRT",NO DEFECTS,9,5,8
Honda City,STOP SIGN/FLASHER,CLEAR,DAYLIGHT,DIVIDED - W/MEDIAN (NOT RAISED),DRY,WORN SURFACE,8,4,2
Hyundai Creta,STOP SIGN/FLASHER,CLEAR,DAYLIGHT,NOT DIVIDED,"SAND, MUD, DIRT","RUT, HOLES",17,3,7
Hyundai Creta,NO CONTROLS,RAIN,DARKNESS,TRAFFIC ROUTE,WET,NO DEFECTS,6,5,7
Maruti Suzuki Swift,NO CONTROLS,FOG/SMOKE/HAZE,DAYLIGHT,NOT DIVIDED,DRY,"RUT, HOLES",8,3,11
Nissan Magnite,NO CONTROLS,OTHER,DAYLIGHT,DIVIDED - W/MEDIAN (NOT RAISED),OTHER,WORN SURFACE,16,7,8
Hyundai i20,NO CONTROLS,RAIN,DAYLIGHT,ONE-WAY,"SAND, MUD, DIRT","RUT, HOLES",10,3,6
Maruti Suzuki Baleno,NO CONTROLS,FOG/SMOKE/HAZE,DAWN,NOT DIVIDED,OTHER,SHOULDER DEFECT,5,4,12
Hyundai Venue,NO CONTROLS,RAIN,DARKNESS,NOT DIVIDED,DRY,DEBRIS ON ROADWAY,4,6,2
Maruti Suzuki Swift,NO CONTROLS,FOG/SMOKE/HAZE,"DARKNESS, LIGHTED ROAD",NOT DIVIDED,DRY,WORN SURFACE,6,6,7
Kia Seltos,OTHER,FOG/SMOKE/HAZE,DARKNESS,DIVIDED - W/MEDIAN (NOT RAISED),DRY,UNKNOWN,19,5,1
Hyundai Venue,NO CONTROLS,CLOUDY/OVERCAST,DAYLIGHT,NOT DIVIDED,DRY,"RUT, HOLES",17,3,9
Maruti Suzuki Baleno,NO CONTROLS,RAIN,"DARKNESS, LIGHTED ROAD",NOT DIVIDED,WET,NO DEFECTS,3,5,12
Mahindra XUV700,NO CONTROLS,CLEAR,DAWN,FOUR WAY,DRY,"RUT, HOLES",12,7,5
Toyota Innova,UNKNOWN,UNKNOWN,DAYLIGHT,UNKNOWN,DRY,NO DEFECTS,9,2,11
Nissan Magnite,STOP SIGN/FLASHER,CLOUDY/OVERCAST,DAYLIGHT,FOUR WAY,WET,NO DEFECTS,15,1,5
Tata Punch,STOP SIGN/FLASHER,FOG/SMOKE/HAZE,DAYLIGHT,NOT DIVIDED,DRY,"RUT, HOLES",9,5,11
Mahindra Thar,TRAFFIC SIGNAL,RAIN,DAYLIGHT,NOT DIVIDED,WET,NO DEFECTS,14,5,9
Maruti Suzuki Brezza,NO CONTROLS,CLEAR,DAYLIGHT,NOT DIVIDED,DRY,NO DEFECTS,10,3,10
Mahindra XUV700,UNKNOWN,CLEAR,DUSK,NOT DIVIDED,WET,NO DEFECTS,6,4,1
Mahindra XUV700,NO CONTROLS,UNKNOWN,DUSK,NOT DIVIDED,UNKNOWN,NO DEFECTS,18,1,12
Tata Harrier,STOP SIGN/FLASHER,CLOUDY/OVERCAST,"DARKNESS, LIGHTED ROAD",ONE-WAY,WET,NO DEFECTS,20,2,9
Maruti Suzuki Wagon R,NO CONTROLS,CLEAR,DUSK,ONE-WAY,DRY,WORN SURFACE,22,6,5
Mahindra Thar,TRAFFIC SIGNAL,CLOUDY/OVERCAST,DARKNESS,OTHER,DRY,NO DEFECTS,2,4,10
Mahindra XUV700,NO CONTROLS,CLEAR,DAWN,NOT DIVIDED,"SAND, MUD, DIRT",SHOULDER DEFECT,18,1,5
Mahindra XUV700,STOP SIGN/FLASHER,CLEAR,"DARKNESS, LIGHTED ROAD",NOT DIVIDED,DRY,DEBRIS ON ROADWAY,18,7,11
Nissan Magnite,NO CONTROLS,CLEAR,DARKNESS,NOT DIVIDED,OTHER,WORN SURFACE,22,2,2
Mahindra Scorpio,STOP SIGN/FLASHER,RAIN,DAYLIGHT,OTHER,WET,NO DEFECTS,9,3,9
Tata Altroz,NO CONTROLS,RAIN,DAWN,FOUR WAY,WET,WORN SURFACE,18,7,8
Nissan Magnite,OTHER,CLEAR,DARKNESS,NOT DIVIDED,DRY,NO DEFECTS,2,2,2
Tata Harrier,NO CONTROLS,CLOUDY/OVERCAST,DAYLIGHT,NOT DIVIDED,"SAND, MUD, DIRT","RUT, HOLES",16,7,4
Mahindra Scorpio,TRAFFIC SIGNAL,FOG/SMOKE/HAZE,DAYLIGHT,NOT DIVIDED,DRY,NO DEFECTS,7,6,1
Kia Seltos,TRAFFIC SIGNAL,CLOUDY/OVERCAST,DUSK,UNKNOWN,DRY,"RUT, HOLES",18,4,7
Tata Punch,OTHER,CLEAR,DARKNESS,NOT DIVIDED,DRY,WORN SURFACE,20,5,5
Skoda Slavia,YIELD,RAIN,DAYLIGHT,NOT DIVIDED,WET,"RUT, HOLES",11,4,8
Maruti Suzuki Swift,FLASHING CONTROL SIGNAL,CLEAR,DAYLIGHT,NOT DIVIDED,UNKNOWN,"RUT, HOLES",15,6,5
Mahindra XUV700,NO CONTROLS,CLEAR,DUSK,NOT DIVIDED,DRY,NO DEFECTS,6,1,5
Skoda Slavia,NO CONTROLS,RAIN,DAYLIGHT,L-INTERSECTION,WET,"RUT, HOLES",12,6,9
Tata Altroz,NO CONTROLS,CLEAR,DAYLIGHT,NOT DIVIDED,DRY,"RUT, HOLES",11,7,1
Nissan Magnite,STOP SIGN/FLASHER,FOG/SMOKE/HAZE,DAWN,NOT DIVIDED,DRY,"RUT, HOLES",6,4,11
Hyundai Venue,NO CONTROLS,CLEAR,DARKNESS,NOT DIVIDED,DRY,NO DEFECTS,20,2,11
Volkswagen Virtus,TRAFFIC SIGNAL,UNKNOWN,DAYLIGHT,NOT DIVIDED,DRY,NO DEFECTS,7,1,9
Mahindra Scorpio,NO CONTROLS,CLOUDY/OVERCAST,DAYLIGHT,T-INTERSECTION,WET,NO DEFECTS,16,3,8
Tata Harrier,NO CONTROLS,CLEAR,DARKNESS,NOT DIVIDED,OTHER,WORN SURFACE,20,2,11
Hyundai i20,TRAFFIC SIGNAL,CLEAR,DARKNESS,FOUR WAY,DRY,"RUT, HOLES",21,2,3
Maruti Suzuki Baleno,OTHER,FOG/SMOKE/HAZE,DAWN,FOUR WAY,"SAND, MUD, DIRT",NO DEFECTS,18,5,1
Mahindra XUV700,TRAFFIC SIGNAL,CLEAR,DAYLIGHT,NOT DIVIDED,OTHER,NO DEFECTS,7,4,4
Tata Punch,NO CONTROLS,CLEAR,"DARKNESS, LIGHTED ROAD",FOUR WAY,DRY,"RUT, HOLES",19,7,10
Renault Kiger,LANE USE MARKING,SNOW,DAYLIGHT,DIVIDED - W/MEDIAN (NOT RAISED),SNOW OR SLUSH,SHOULDER DEFECT,9,4,1
Toyota Innova,STOP SIGN/FLASHER,OTHER,DARKNESS,NOT DIVIDED,"SAND, MUD, DIRT",NO DEFECTS,21,2,8
Tata Nexon,TRAFFIC SIGNAL,CLEAR,"DARKNESS, LIGHTED ROAD",NOT DIVIDED,WET,"RUT, HOLES",17,2,12
Toyota Fortuner,NO CONTROLS,CLEAR,DAYLIGHT,NOT DIVIDED,DRY,SHOULDER DEFECT,18,6,11
Toyota Innova,STOP SIGN/FLASHER,CLOUDY/OVERCAST,"DARKNESS, LIGHTED ROAD",NOT DIVIDED,DRY,NO DEFECTS,4,5,7
Tata Nexon,NO CONTROLS,OTHER,DAWN,NOT DIVIDED,DRY,NO DEFECTS,16,6,1
Maruti Suzuki Baleno,OTHER REG. SIGN,CLEAR,"DARKNESS, LIGHTED ROAD",FOUR WAY,DRY,DEBRIS ON ROADWAY,19,3,10
Toyota Innova,STOP SIGN/FLASHER,RAIN,DARKNESS,NOT DIVIDED,DRY,NO DEFECTS,20,7,8
Maruti Suzuki Brezza,TRAFFIC SIGNAL,CLEAR,DARKNESS,FOUR WAY,WET,"RUT, HOLES",1,1,2
Hyundai Creta,STOP SIGN/FLASHER,FOG/SMOKE/HAZE,DARKNESS,DIVIDED - W/MEDIAN BARRIER,"SAND, MUD, DIRT","RUT, HOLES",20,1,1
Volkswagen Virtus,NO CONTROLS,FOG/SMOKE/HAZE,"DARKNESS, LIGHTED ROAD",NOT DIVIDED,DRY,NO DEFECTS,5,6,11
Toyota Fortuner,STOP SIGN/FLASHER,RAIN,DAYLIGHT,NOT DIVIDED,WET,NO DEFECTS,16,6,9
Mahindra Thar,STOP SIGN/FLASHER,RAIN,DAYLIGHT,NOT DIVIDED,WET,"RUT, HOLES",17,4,10
Hyundai Venue,TRAFFIC SIGNAL,RAIN,DARKNESS,NOT DIVIDED,WET,WORN SURFACE,5,1,11
Tata Harrier,NO CONTROLS,CLOUDY/OVERCAST,"DARKNESS, LIGHTED ROAD",FOUR WAY,WET,NO DEFECTS,2,1,8
Kia Sonet,YIELD,UNKNOWN,DARKNESS,NOT DIVIDED,WET,WORN SURFACE,18,2,7
Honda Amaze,TRAFFIC SIGNAL,RAIN,DAYLIGHT,NOT DIVIDED,"SAND, MUD, DIRT","RUT, HOLES",12,5,7
Honda City,NO CONTROLS,OTHER,DARKNESS,T-INTERSECTION,"SAND, MUD, DIRT",NO DEFECTS,5,5,6
Maruti Suzuki Wagon R,TRAFFIC SIGNAL,FOG/SMOKE/HAZE,DAWN,T-INTERSECTION,WET,"RUT, HOLES",18,6,7
Toyota Fortuner,OTHER,CLOUDY/OVERCAST,DARKNESS,NOT DIVIDED,DRY,NO DEFECTS,19,6,10
Kia Sonet,TRAFFIC SIGNAL,CLOUDY/OVERCAST,DAYLIGHT,DIVIDED - W/MEDIAN (NOT RAISED),OTHER,"RUT, HOLES",16,1,8
Toyota Innova,NO CONTROLS,FOG/SMOKE/HAZE,DAYLIGHT,NOT DIVIDED,DRY,"RUT, HOLES",6,5,11
Mahindra Thar,STOP SIGN/FLASHER,UNKNOWN,"DARKNESS, LIGHTED ROAD",NOT DIVIDED,UNKNOWN,"RUT, HOLES",0,2,7
Tata Punch,NO CONTROLS,RAIN,DAYLIGHT,NOT DIVIDED,WET,NO DEFECTS,17,5,8
Mahindra Scorpio,STOP SIGN/FLASHER,UNKNOWN,DAYLIGHT,T-INTERSECTION,DRY,WORN SURFACE,15,6,8
Maruti Suzuki Baleno,STOP SIGN/FLASHER,CLEAR,DAYLIGHT,DIVIDED - W/MEDIAN (NOT RAISED),"SAND, MUD, DIRT","RUT, HOLES",17,6,8
Maruti Suzuki Swift,NO CONTROLS,RAIN,"DARKNESS, LIGHTED ROAD",T-INTERSECTION,DRY,"RUT, HOLES",19,3,9
Kia Seltos,NO CONTROLS,FOG/SMOKE/HAZE,DAYLIGHT,FOUR WAY,"SAND, MUD, DIRT",DEBRIS ON ROADWAY,8,3,4
Skoda Slavia,NO CONTROLS,FOG/SMOKE/HAZE,DARKNESS,DIVIDED - W/MEDIAN (NOT RAISED),DRY,UNKNOWN,5,7,7
Renault Kiger,NO CONTROLS,CLEAR,DARKNESS,NOT DIVIDED,"SAND, MUD, DIRT","RUT, HOLES",22,7,2
Toyota Fortuner,NO CONTROLS,RAIN,DAYLIGHT,NOT DIVIDED,WET,NO DEFECTS,15,2,6
Hyundai Creta,TRAFFIC SIGNAL,RAIN,"DARKNESS, LIGHTED ROAD",ALLEY,WET,WORN SURFACE,16,5,7
Tata Altroz,TRAFFIC SIGNAL,CLOUDY/OVERCAST,DARKNESS,DIVIDED - W/MEDIAN (NOT RAISED),OTHER,NO DEFECTS,21,1,8
Maruti Suzuki Swift,TRAFFIC SIGNAL,CLOUDY/OVERCAST,DARKNESS,DIVIDED - W/MEDIAN (NOT RAISED),WET,"RUT, HOLES",21,5,12
Tata Punch,NO CONTROLS,RAIN,DAYLIGHT,NOT DIVIDED,WET,"RUT, HOLES",15,5,8
Kia Seltos,NO CONTROLS,RAIN,DAYLIGHT,FOUR WAY,WET,UNKNOWN,10,3,9
Nissan Magnite,NO CONTROLS,CLEAR,DARKNESS,T-INTERSECTION,WET,UNKNOWN,23,4,7
Kia Seltos,TRAFFIC SIGNAL,RAIN,DAYLIGHT,T-INTERSECTION,"SAND, MUD, DIRT",WORN SURFACE,17,6,8
Renault Kiger,STOP SIGN/FLASHER,FOG/SMOKE/HAZE,DAYLIGHT,NOT DIVIDED,DRY,"RUT, HOLES",8,2,1
Kia Sonet,STOP SIGN/FLASHER,UNKNOWN,DAYLIGHT,NOT DIVIDED,"SAND, MUD, DIRT","RUT, HOLES",15,6,5
Maruti Suzuki Swift,NO CONTROLS,RAIN,DAYLIGHT,NOT DIVIDED,DRY,NO DEFECTS,12,3,6
Maruti Suzuki Swift,NO CONTROLS,RAIN,DAWN,DIVIDED - W/MEDIAN BARRIER,WET,WORN SURFACE,20,6,7
Maruti Suzuki Wagon R,TRAFFIC SIGNAL,FOG/SMOKE/HAZE,DAYLIGHT,NOT REPORTED,DRY,WORN SURFACE,8,1,1
Toyota Fortuner,NO CONTROLS,CLEAR,DARKNESS,NOT DIVIDED,DRY,WORN SURFACE,19,2,2
Maruti Suzuki Swift,NO CONTROLS,SLEET/HAIL,DARKNESS,DIVIDED - W/MEDIAN (NOT RAISED),DRY,NO DEFECTS,19,2,5
Volkswagen Virtus,NO CONTROLS,CLEAR,DARKNESS,NOT DIVIDED,DRY,NO DEFECTS,19,7,12
Tata Harrier,STOP SIGN/FLASHER,RAIN,DAYLIGHT,NOT DIVIDED,"SAND, MUD, DIRT","RUT, HOLES",17,4,6
Volkswagen Virtus,OTHER WARNING SIGN,CLEAR,DARKNESS,NOT DIVIDED,WET,NO DEFECTS,20,5,7
Kia Seltos,NO CONTROLS,CLEAR,UNKNOWN,T-INTERSECTION,WET,NO DEFECTS,12,2,3
Maruti Suzuki Brezza,STOP SIGN/FLASHER,CLEAR,DARKNESS,NOT DIVIDED,DRY,NO DEFECTS,6,1,8
Honda Amaze,STOP SIGN/FLASHER,CLEAR,DARKNESS,ONE-WAY,DRY,OTHER,19,5,5
Kia Sonet,TRAFFIC SIGNAL,CLEAR,DAYLIGHT,NOT DIVIDED,WET,WORN SURFACE,14,3,4
Hyundai Verna,TRAFFIC SIGNAL,UNKNOWN,DARKNESS,OTHER,"SAND, MUD, DIRT","RUT, HOLES",6,7,7
Hyundai Creta,TRAFFIC SIGNAL,FOG/SMOKE/HAZE,DARKNESS,Y-INTERSECTION,DRY,NO DEFECTS,5,4,1
Hyundai Creta,STOP SIGN/FLASHER,CLOUDY/OVERCAST,DAYLIGHT,Y-INTERSECTION,DRY,NO DEFECTS,7,2,1
Hyundai i20,STOP SIGN/FLASHER,CLEAR,DAWN,DIVIDED - W/MEDIAN (NOT RAISED),DRY,NO DEFECTS,18,1,4
Maruti Suzuki Baleno,STOP SIGN/FLASHER,CLEAR,DAYLIGHT,ONE-WAY,DRY,"RUT, HOLES",17,2,1
Tata Punch,OTHER,RAIN,DAYLIGHT,FOUR WAY,WET,WORN SURFACE,8,3,2
Tata Punch,STOP SIGN/FLASHER,CLOUDY/OVERCAST,DARKNESS,NOT DIVIDED,DRY,NO DEFECTS,19,2,6
Hyundai i20,STOP SIGN/FLASHER,CLOUDY/OVERCAST,DAYLIGHT,NOT DIVIDED,DRY,NO DEFECTS,9,3,10
Honda City,NO CONTROLS,RAIN,DARKNESS,TRAFFIC ROUTE,WET,NO DEFECTS,19,7,8
Hyundai Verna,STOP SIGN/FLASHER,FOG/SMOKE/HAZE,DAWN,ONE-WAY,"SAND, MUD, DIRT",WORN SURFACE,8,1,7
Hyundai Creta,TRAFFIC SIGNAL,SLEET/HAIL,DAWN,NOT DIVIDED,WET,DEBRIS ON ROADWAY,18,6,5
Mahindra XUV700,TRAFFIC SIGNAL,UNKNOWN,DAYLIGHT,NOT DIVIDED,DRY,WORN SURFACE,12,4,12
Hyundai i20,STOP SIGN/FLASHER,CLEAR,DAYLIGHT,NOT DIVIDED,DRY,"RUT, HOLES",11,7,6
Tata Harrier,NO CONTROLS,CLOUDY/OVERCAST,"DARKNESS, LIGHTED ROAD",NOT DIVIDED,"SAND, MUD, DIRT",NO DEFECTS,19,5,1
Skoda Slavia,STOP SIGN/FLASHER,CLOUDY/OVERCAST,UNKNOWN,UNKNOWN INTERSECTION TYPE,DRY,WORN SURFACE,1,2,8
Mahindra XUV700,NO CONTROLS,CLOUDY/OVERCAST,DARKNESS,NOT DIVIDED,DRY,NO DEFECTS,23,7,2
Toyota Fortuner,NO CONTROLS,CLOUDY/OVERCAST,DAYLIGHT,NOT DIVIDED,UNKNOWN,NO DEFECTS,16,2,6
Mahindra Thar,TRAFFIC SIGNAL,FOG/SMOKE/HAZE,DAYLIGHT,NOT DIVIDED,DRY,NO DEFECTS,8,3,7
Renault Kiger,NO CONTROLS,FOG/SMOKE/HAZE,DUSK,ALLEY,DRY,NO DEFECTS,13,7,11
Maruti Suzuki Brezza,TRAFFIC SIGNAL,CLEAR,"DARKNESS, LIGHTED ROAD",TRAFFIC ROUTE,WET,NO DEFECTS,6,2,7
Skoda Slavia,OTHER WARNING SIGN,RAIN,DAWN,NOT DIVIDED,DRY,WORN SURFACE,14,5,9
Tata Punch,NO CONTROLS,RAIN,DARKNESS,FOUR WAY,WET,NO DEFECTS,23,7,12
Tata Nexon,NO CONTROLS,CLEAR,DAYLIGHT,TRAFFIC ROUTE,WET,SHOULDER DEFECT,8,6,2
Hyundai Creta,TRAFFIC SIGNAL,CLEAR,DAYLIGHT,DIVIDED - W/MEDIAN (NOT RAISED),DRY,SHOULDER DEFECT,17,5,5
Honda City,NO CONTROLS,CLEAR,DAYLIGHT,NOT DIVIDED,DRY,"RUT, HOLES",13,5,6
Hyundai Venue,TRAFFIC SIGNAL,RAIN,DAYLIGHT,DIVIDED - W/MEDIAN (NOT RAISED),WET,NO DEFECTS,17,5,7
Hyundai Verna,NO CONTROLS,RAIN,DAYLIGHT,NOT DIVIDED,WET,"RUT, HOLES",8,7,6
Hyundai Venue,OTHER,CLEAR,DAYLIGHT,NOT DIVIDED,DRY,WORN SURFACE,14,5,11
Mahindra XUV700,NO CONTROLS,RAIN,DARKNESS,T-INTERSECTION,WET,NO DEFECTS,23,5,9
Toyota Fortuner,PEDESTRIAN CROSSING SIGN,RAIN,DUSK,UNKNOWN,WET,SHOULDER DEFECT,8,6,8
Skoda Slavia,YIELD,RAIN,DAYLIGHT,DIVIDED - W/MEDIAN (NOT RAISED),WET,WORN SURFACE,16,5,6
Maruti Suzuki Swift,STOP SIGN/FLASHER,FREEZING RAIN/DRIZZLE,DAYLIGHT,NOT DIVIDED,WET,UNKNOWN,15,7,10
Maruti Suzuki Wagon R,TRAFFIC SIGNAL,CLOUDY/OVERCAST,DAYLIGHT,NOT DIVIDED,DRY,WORN SURFACE,15,1,12
Toyota Fortuner,NO CONTROLS,CLEAR,DAYLIGHT,NOT DIVIDED,DRY,NO DEFECTS,16,4,10
Mahindra Scorpio,NO CONTROLS,RAIN,DAYLIGHT,NOT DIVIDED,WET,"RUT, HOLES",14,5,1
Honda Amaze,NO CONTROLS,RAIN,"DARKNESS, LIGHTED ROAD",NOT DIVIDED,DRY,NO DEFECTS,0,1,8
Honda Amaze,STOP SIGN/FLASHER,CLEAR,"DARKNESS, LIGHTED ROAD",NOT DIVIDED,"SAND, MUD, DIRT",NO DEFECTS,21,7,1
Kia Sonet,YIELD,CLOUDY/OVERCAST,"DARKNESS, LIGHTED ROAD",NOT DIVIDED,WET,WORN SURFACE,19,6,5
Nissan Magnite,STOP SIGN/FLASHER,CLEAR,DUSK,NOT DIVIDED,WET,DEBRIS ON ROADWAY,7,2,1
Kia Seltos,TRAFFIC SIGNAL,CLOUDY/OVERCAST,DAYLIGHT,NOT DIVIDED,DRY,OTHER,12,3,8
Hyundai Venue,TRAFFIC SIGNAL,CLEAR,"DARKNESS, LIGHTED ROAD",FOUR WAY,WET,NO DEFECTS,18,6,9
Honda City,YIELD,CLEAR,"DARKNESS, LIGHTED ROAD",FOUR WAY,DRY,NO DEFECTS,23,3,2
Kia Seltos,TRAFFIC SIGNAL,SLEET/HAIL,DAWN,DIVIDED - W/MEDIAN (NOT RAISED),WET,"RUT, HOLES",22,7,6
Nissan Magnite,FLASHING CONTROL SIGNAL,RAIN,"DARKNESS, LIGHTED ROAD",NOT DIVIDED,OTHER,NO DEFECTS,21,2,7
Maruti Suzuki Swift,NO CONTROLS,CLOUDY/OVERCAST,DAYLIGHT,NOT DIVIDED,DRY,NO DEFECTS,7,6,6
Maruti Suzuki Baleno,NO CONTROLS,CLEAR,DARKNESS,NOT DIVIDED,DRY,SHOULDER DEFECT,21,4,2
Tata Nexon,LANE USE MARKING,UNKNOWN,DARKNESS,NOT DIVIDED,DRY,WORN SURFACE,20,4,7
Renault Kiger,TRAFFIC SIGNAL,RAIN,DAWN,NOT DIVIDED,"SAND, MUD, DIRT",DEBRIS ON ROADWAY,12,2,9
Skoda Slavia,NO CONTROLS,CLEAR,DAYLIGHT,NOT DIVIDED,OTHER,"RUT, HOLES",12,7,1
Tata Altroz,OTHER REG. SIGN,FOG/SMOKE/HAZE,DAYLIGHT,T-INTERSECTION,OTHER,"RUT, HOLES",8,3,1
Honda Amaze,YIELD,CLEAR,DAYLIGHT,T-INTERSECTION,DRY,WORN SURFACE,17,2,6
Tata Nexon,NO CONTROLS,FOG/SMOKE/HAZE,DAYLIGHT,NOT DIVIDED,WET,NO DEFECTS,7,1,12
Maruti Suzuki Swift,TRAFFIC SIGNAL,CLEAR,DARKNESS,NOT DIVIDED,DRY,WORN SURFACE,0,4,9
Mahindra Thar,TRAFFIC SIGNAL,RAIN,DAYLIGHT,NOT DIVIDED,WET,NO DEFECTS,6,1,9
Tata Harrier,NO CONTROLS,OTHER,DAYLIGHT,NOT DIVIDED,"SAND, MUD, DIRT",WORN SURFACE,13,4,6
Mahindra XUV700,TRAFFIC SIGNAL,CLEAR,DAYLIGHT,NOT DIVIDED,DRY,WORN SURFACE,9,7,8
Kia Sonet,OTHER REG. SIGN,CLEAR,DUSK,NOT DIVIDED,DRY,NO DEFECTS,18,4,1
Toyota Innova,TRAFFIC SIGNAL,RAIN,DARKNESS,DIVIDED - W/MEDIAN (NOT RAISED),WET,WORN SURFACE,5,1,8
Honda Amaze,TRAFFIC SIGNAL,FOG/SMOKE/HAZE,"DARKNESS, LIGHTED ROAD",ALLEY,DRY,NO DEFECTS,20,3,11
Kia Seltos,NO CONTROLS,RAIN,"DARKNESS, LIGHTED ROAD",DIVIDED - W/MEDIAN (NOT RAISED),WET,"RUT, HOLES",20,1,8
Kia Sonet,TRAFFIC SIGNAL,FOG/SMOKE/HAZE,DARKNESS,NOT DIVIDED,DRY,WORN SURFACE,20,7,11
Tata Punch,NO CONTROLS,RAIN,DAYLIGHT,FOUR WAY,WET,WORN SURFACE,18,2,9
Volkswagen Virtus,NO CONTROLS,OTHER,"DARKNESS, LIGHTED ROAD",NOT DIVIDED,DRY,UNKNOWN,5,1,2
Kia Sonet,STOP SIGN/FLASHER,FOG/SMOKE/HAZE,DAYLIGHT,CENTER TURN LANE,DRY,NO DEFECTS,8,7,11
Toyota Fortuner,TRAFFIC SIGNAL,CLEAR,DAYLIGHT,NOT DIVIDED,"SAND, MUD, DIRT","RUT, HOLES",6,4,1
Maruti Suzuki Brezza,STOP SIGN/FLASHER,RAIN,DARKNESS,T-INTERSECTION,WET,DEBRIS ON ROADWAY,23,4,7
Hyundai Creta,LANE USE MARKING,CLEAR,DUSK,NOT DIVIDED,WET,"RUT, HOLES",11,7,2
Maruti Suzuki Wagon R,TRAFFIC SIGNAL,FOG/SMOKE/HAZE,DARKNESS,T-INTERSECTION,DRY,SHOULDER DEFECT,11,5,1
Toyota Innova,NO CONTROLS,RAIN,DUSK,NOT DIVIDED,WET,"RUT, HOLES",18,3,7
Toyota Innova,LANE USE MARKING,CLEAR,DARKNESS,NOT DIVIDED,"SAND, MUD, DIRT",WORN SURFACE,21,6,5
Maruti Suzuki Brezza,NO CONTROLS,RAIN,DUSK,"FIVE POINT, OR MORE",OTHER,SHOULDER DEFECT,18,3,7
Kia Sonet,TRAFFIC SIGNAL,RAIN,DAYLIGHT,T-INTERSECTION,WET,SHOULDER DEFECT,17,4,8
Maruti Suzuki Brezza,NO CONTROLS,CLOUDY/OVERCAST,DAYLIGHT,CENTER TURN LANE,DRY,SHOULDER DEFECT,13,6,1
Maruti Suzuki Wagon R,OTHER RAILROAD CROSSING,CLEAR,DAYLIGHT,NOT DIVIDED,WET,NO DEFECTS,16,7,2
Hyundai Creta,NO CONTROLS,FOG/SMOKE/HAZE,"DARKNESS, LIGHTED ROAD",FOUR WAY,DRY,"RUT, HOLES",5,5,8
Kia Sonet,STOP SIGN/FLASHER,RAIN,DARKNESS,DIVIDED - W/MEDIAN (NOT RAISED),OTHER,NO DEFECTS,20,4,6
Hyundai Verna,STOP SIGN/FLASHER,RAIN,DUSK,NOT DIVIDED,WET,NO DEFECTS,15,1,9
Toyota Innova,NO CONTROLS,RAIN,"DARKNESS, LIGHTED ROAD",FOUR WAY,WET,"RUT, HOLES",1,5,8
Toyota Fortuner,STOP SIGN/FLASHER,FOG/SMOKE/HAZE,"DARKNESS, LIGHTED ROAD",NOT DIVIDED,DRY,OTHER,20,3,11
Maruti Suzuki Swift,NO CONTROLS,RAIN,UNKNOWN,NOT DIVIDED,WET,"RUT, HOLES",14,4,9
Nissan Magnite,TRAFFIC SIGNAL,RAIN,"DARKNESS, LIGHTED ROAD",NOT DIVIDED,WET,SHOULDER DEFECT,20,6,7
Mahindra Thar,UNKNOWN,RAIN,DAWN,NOT DIVIDED,"SAND, MUD, DIRT",DEBRIS ON ROADWAY,20,5,9
Hyundai Creta,TRAFFIC SIGNAL,RAIN,DARKNESS,NOT DIVIDED,WET,NO DEFECTS,19,1,5
Kia Seltos,STOP SIGN/FLASHER,CLEAR,DARKNESS,T-INTERSECTION,UNKNOWN,NO DEFECTS,3,4,5
Honda City,NO CONTROLS,CLEAR,DAYLIGHT,NOT DIVIDED,DRY,NO DEFECTS,9,2,10
Toyota Innova,NO CONTROLS,RAIN,DARKNESS,DIVIDED - W/MEDIAN (NOT RAISED),DRY,"RUT, HOLES",20,2,7
Hyundai Verna,STOP SIGN/FLASHER,CLEAR,DARKNESS,NOT DIVIDED,DRY,NO DEFECTS,21,2,10
Tata Altroz,TRAFFIC SIGNAL,CLEAR,DAYLIGHT,DIVIDED - W/MEDIAN (NOT RAISED),DRY,WORN SURFACE,13,7,10
Tata Punch,TRAFFIC SIGNAL,CLEAR,DAYLIGHT,FOUR WAY,WET,NO DEFECTS,13,6,11
Mahindra Thar,STOP SIGN/FLASHER,CLEAR,DAYLIGHT,FOUR WAY,DRY,NO DEFECTS,7,7,12
Tata Nexon,FLASHING CONTROL SIGNAL,CLEAR,DARKNESS,NOT DIVIDED,DRY,NO DEFECTS,22,4,7
Tata Altroz,STOP SIGN/FLASHER,SLEET/HAIL,DAYLIGHT,T-INTERSECTION,WET,"RUT, HOLES",8,1,6
Hyundai Venue,STOP SIGN/FLASHER,RAIN,DAYLIGHT,FOUR WAY,WET,DEBRIS ON ROADWAY,8,1,8
Maruti Suzuki Swift,NO CONTROLS,RAIN,"DARKNESS, LIGHTED ROAD",UNKNOWN INTERSECTION TYPE,WET,OTHER,17,2,6
Tata Harrier,NO CONTROLS,CLOUDY/OVERCAST,DAYLIGHT,FOUR WAY,"SAND, MUD, DIRT",DEBRIS ON ROADWAY,8,6,8
Hyundai i20,TRAFFIC SIGNAL,CLEAR,UNKNOWN,T-INTERSECTION,DRY,NO DEFECTS,21,2,9
Mahindra Scorpio,STOP SIGN/FLASHER,RAIN,DARKNESS,DIVIDED - W/MEDIAN BARRIER,WET,"RUT, HOLES",0,1,9
Mahindra Scorpio,NO CONTROLS,FOG/SMOKE/HAZE,"DARKNESS, LIGHTED ROAD",NOT DIVIDED,DRY,"RUT, HOLES",0,7,6
Maruti Suzuki Baleno,NO CONTROLS,CLEAR,DAYLIGHT,T-INTERSECTION,"SAND, MUD, DIRT",NO DEFECTS,14,2,3
Tata Altroz,NO CONTROLS,CLOUDY/OVERCAST,DAYLIGHT,NOT DIVIDED,"SAND, MUD, DIRT","RUT, HOLES",14,4,7
Tata Altroz,NO CONTROLS,CLEAR,DAYLIGHT,DIVIDED - W/MEDIAN BARRIER,DRY,NO DEFECTS,7,3,2
Mahindra XUV700,STOP SIGN/FLASHER,CLOUDY/OVERCAST,DAYLIGHT,NOT DIVIDED,"SAND, MUD, DIRT",NO DEFECTS,14,7,11
Kia Seltos,NO CONTROLS,RAIN,DAYLIGHT,FOUR WAY,"SAND, MUD, DIRT",NO DEFECTS,12,6,6
Maruti Suzuki Baleno,NO CONTROLS,UNKNOWN,"DARKNESS, LIGHTED ROAD",NOT DIVIDED,DRY,OTHER,20,4,3
Hyundai i20,STOP SIGN/FLASHER,FOG/SMOKE/HAZE,DARKNESS,FOUR WAY,DRY,WORN SURFACE,1,7,1
Tata Nexon,STOP SIGN/FLASHER,CLOUDY/OVERCAST,DARKNESS,NOT DIVIDED,DRY,NO DEFECTS,23,6,8
Tata Altroz,STOP SIGN/FLASHER,UNKNOWN,DAYLIGHT,T-INTERSECTION,DRY,DEBRIS ON ROADWAY,16,6,8
Tata Punch,STOP SIGN/FLASHER,CLEAR,DAYLIGHT,NOT DIVIDED,WET,DEBRIS ON ROADWAY,7,7,6
Maruti Suzuki Wagon R,STOP SIGN/FLASHER,SLEET/HAIL,"DARKNESS, LIGHTED ROAD",NOT DIVIDED,WET,WORN SURFACE,1,2,1
Hyundai Venue,TRAFFIC SIGNAL,RAIN,DAYLIGHT,NOT DIVIDED,WET,"RUT, HOLES",15,2,6
Maruti Suzuki Swift,STOP SIGN/FLASHER,RAIN,DAYLIGHT,NOT DIVIDED,WET,NO DEFECTS,8,5,6
Mahindra Thar,STOP SIGN/FLASHER,RAIN,DAYLIGHT,NOT DIVIDED,DRY,"RUT, HOLES",10,5,9
Hyundai Verna,OTHER WARNING SIGN,RAIN,UNKNOWN,NOT DIVIDED,WET,"RUT, HOLES",9,7,8
Hyundai i20,NO CONTROLS,CLEAR,DAYLIGHT,NOT DIVIDED,DRY,DEBRIS ON ROADWAY,17,2,6
Volkswagen Virtus,TRAFFIC SIGNAL,UNKNOWN,DAYLIGHT,ALLEY,UNKNOWN,WORN SURFACE,15,4,4
Hyundai Verna,STOP SIGN/FLASHER,OTHER,DARKNESS,NOT DIVIDED,DRY,NO DEFECTS,4,5,12
Mahindra Scorpio,TRAFFIC SIGNAL,CLEAR,DAYLIGHT,T-INTERSECTION,DRY,"RUT, HOLES",15,4,7
Toyota Innova,NO CONTROLS,CLEAR,UNKNOWN,NOT DIVIDED,WET,"RUT, HOLES",19,1,9
Hyundai Verna,NO CONTROLS,CLEAR,DARKNESS,DIVIDED - W/MEDIAN BARRIER,"SAND, MUD, DIRT",WORN SURFACE,4,2,2
Mahindra Scorpio,NO CONTROLS,SLEET/HAIL,DARKNESS,T-INTERSECTION,WET,NO DEFECTS,20,2,7
Hyundai Verna,YIELD,RAIN,DUSK,T-INTERSECTION,DRY,WORN SURFACE,15,5,1
Tata Altroz,TRAFFIC SIGNAL,RAIN,UNKNOWN,NOT DIVIDED,OTHER,NO DEFECTS,22,4,7
Maruti Suzuki Swift,NO CONTROLS,UNKNOWN,DAYLIGHT,Y-INTERSECTION,DRY,NO DEFECTS,7,2,12
Mahindra Scorpio,TRAFFIC SIGNAL,OTHER,DARKNESS,NOT DIVIDED,DRY,WORN SURFACE,23,6,6
Honda City,NO CONTROLS,CLEAR,DAYLIGHT,FOUR WAY,WET,NO DEFECTS,16,6,1
Mahindra XUV700,NO CONTROLS,CLEAR,DAYLIGHT,FOUR WAY,DRY,WORN SURFACE,15,2,1
Honda Amaze,STOP SIGN/FLASHER,CLEAR,DAYLIGHT,"FIVE POINT, OR MORE",DRY,NO DEFECTS,14,6,6
Honda City,STOP SIGN/FLASHER,CLOUDY/OVERCAST,"DARKNESS, LIGHTED ROAD",NOT DIVIDED,"SAND, MUD, DIRT",UNKNOWN,0,1,3
Mahindra XUV700,TRAFFIC SIGNAL,CLOUDY/OVERCAST,DARKNESS,NOT DIVIDED,DRY,WORN SURFACE,22,7,1
Skoda Slavia,STOP SIGN/FLASHER,RAIN,DAYLIGHT,NOT DIVIDED,WET,NO DEFECTS,16,7,9
Hyundai i20,UNKNOWN,CLEAR,UNKNOWN,CENTER TURN LANE,DRY,WORN SURFACE,5,2,7
Maruti Suzuki Baleno,TRAFFIC SIGNAL,CLEAR,"DARKNESS, LIGHTED ROAD",NOT DIVIDED,WET,NO DEFECTS,0,6,5
Renault Kiger,NO CONTROLS,CLOUDY/OVERCAST,"DARKNESS, LIGHTED ROAD",NOT DIVIDED,DRY,"RUT, HOLES",2,1,11
Kia Seltos,TRAFFIC SIGNAL,CLEAR,DAYLIGHT,NOT DIVIDED,WET,NO DEFECTS,16,7,2
Tata Harrier,YIELD,UNKNOWN,DAYLIGHT,NOT DIVIDED,"SAND, MUD, DIRT",NO DEFECTS,16,4,12
Skoda Slavia,OTHER REG. SIGN,RAIN,DAYLIGHT,NOT DIVIDED,WET,OTHER,14,5,6
Maruti Suzuki Brezza,NO CONTROLS,CLOUDY/OVERCAST,DAYLIGHT,DIVIDED - W/MEDIAN BARRIER,UNKNOWN,NO DEFECTS,10,6,11
Tata Nexon,YIELD,CLEAR,DAYLIGHT,NOT DIVIDED,OTHER,"RUT, HOLES",15,2,8
Tata Punch,NO CONTROLS,CLEAR,DAYLIGHT,NOT DIVIDED,DRY,NO DEFECTS,14,4,10
Maruti Suzuki Wagon R,STOP SIGN/FLASHER,BLOWING SNOW,"DARKNESS, LIGHTED ROAD",NOT DIVIDED,SNOW OR SLUSH,"RUT, HOLES",0,1,12
Toyota Innova,NO CONTROLS,CLEAR,DAYLIGHT,ONE-WAY,DRY,NO DEFECTS,9,5,5
Hyundai Verna,PEDESTRIAN CROSSING SIGN,FOG/SMOKE/HAZE,DARKNESS,T-INTERSECTION,DRY,NO DEFECTS,5,6,12
Hyundai Creta,NO CONTROLS,RAIN,DARKNESS,T-INTERSECTION,WET,NO DEFECTS,21,7,6
Mahindra XUV700,STOP SIGN/FLASHER,RAIN,DAWN,T-INTERSECTION,WET,NO DEFECTS,18,5,6
Tata Nexon,TRAFFIC SIGNAL,CLOUDY/OVERCAST,UNKNOWN,UNKNOWN INTERSECTION TYPE,DRY,DEBRIS ON ROADWAY,23,6,6
Mahindra Scorpio,NO CONTROLS,CLOUDY/OVERCAST,"DARKNESS, LIGHTED ROAD",NOT DIVIDED,DRY,DEBRIS ON ROADWAY,10,2,8
Tata Altroz,STOP SIGN/FLASHER,CLEAR,DARKNESS,OTHER,DRY,SHOULDER DEFECT,20,6,3
Nissan Magnite,STOP SIGN/FLASHER,RAIN,DAYLIGHT,NOT DIVIDED,WET,NO DEFECTS,16,1,8
Hyundai Verna,STOP SIGN/FLASHER,RAIN,DAYLIGHT,NOT DIVIDED,WET,NO DEFECTS,13,2,8
Tata Altroz,NO CONTROLS,RAIN,DAYLIGHT,NOT DIVIDED,WET,"RUT, HOLES",8,5,9
Hyundai Creta,NO CONTROLS,CLEAR,DARKNESS,NOT DIVIDED,OTHER,OTHER,18,3,10
Maruti Suzuki Brezza,NO CONTROLS,CLOUDY/OVERCAST,DAWN,NOT DIVIDED,DRY,"RUT, HOLES",21,4,7
Tata Nexon,YIELD,RAIN,DAYLIGHT,CENTER TURN LANE,OTHER,NO DEFECTS,8,6,5
Toyota Innova,NO CONTROLS,CLEAR,DAYLIGHT,NOT DIVIDED,DRY,WORN SURFACE,7,5,5
Skoda Slavia,STOP SIGN/FLASHER,CLOUDY/OVERCAST,DAYLIGHT,FOUR WAY,DRY,NO DEFECTS,17,4,3
Maruti Suzuki Brezza,NO CONTROLS,RAIN,DARKNESS,DIVIDED - W/MEDIAN BARRIER,WET,DEBRIS ON ROADWAY,23,4,1
Tata Punch,TRAFFIC SIGNAL,OTHER,DARKNESS,NOT DIVIDED,"SAND, MUD, DIRT",OTHER,18,7,6
Honda Amaze,NO CONTROLS,CLEAR,DAYLIGHT,NOT DIVIDED,DRY,OTHER,9,4,5
Tata Nexon,NO CONTROLS,CLOUDY/OVERCAST,DAYLIGHT,FOUR WAY,OTHER,NO DEFECTS,13,7,12
Kia Seltos,NO CONTROLS,FOG/SMOKE/HAZE,DAYLIGHT,NOT DIVIDED,DRY,"RUT, HOLES",8,2,8
Mahindra Thar,TRAFFIC SIGNAL,RAIN,DARKNESS,FOUR WAY,WET,"RUT, HOLES",20,5,6
Maruti Suzuki Baleno,PEDESTRIAN CROSSING SIGN,CLEAR,DAYLIGHT,NOT DIVIDED,DRY,NO DEFECTS,18,3,8
Renault Kiger,NO CONTROLS,CLEAR,DAYLIGHT,NOT DIVIDED,WET,"RUT, HOLES",16,5,2
Maruti Suzuki Brezza,TRAFFIC SIGNAL,RAIN,DAYLIGHT,FOUR WAY,OTHER,"RUT, HOLES",9,5,7
Volkswagen Virtus,NO CONTROLS,CLEAR,"DARKNESS, LIGHTED ROAD",UNKNOWN,DRY,NO DEFECTS,21,5,8
Honda City,NO CONTROLS,RAIN,DAYLIGHT,NOT DIVIDED,DRY,NO DEFECTS,17,5,7
Nissan Magnite,NO CONTROLS,RAIN,DARKNESS,T-INTERSECTION,DRY,NO DEFECTS,22,4,6
Toyota Innova,PEDESTRIAN CROSSING SIGN,CLOUDY/OVERCAST,DAYLIGHT,DIVIDED - W/MEDIAN (NOT RAISED),DRY,OTHER,15,7,12
Mahindra XUV700,TRAFFIC SIGNAL,FOG/SMOKE/HAZE,DAYLIGHT,OTHER,WET,WORN SURFACE,18,3,11
Hyundai Venue,NO CONTROLS,CLOUDY/OVERCAST,DARKNESS,NOT DIVIDED,DRY,WORN SURFACE,19,4,8
Kia Sonet,NO CONTROLS,RAIN,DAYLIGHT,UNKNOWN,WET,NO DEFECTS,11,2,8
Mahindra XUV700,TRAFFIC SIGNAL,CLEAR,DARKNESS,NOT DIVIDED,"SAND, MUD, DIRT","RUT, HOLES",22,3,8
Maruti Suzuki Wagon R,NO CONTROLS,CLEAR,"DARKNESS, LIGHTED ROAD",NOT REPORTED,DRY,NO DEFECTS,0,2,3
Maruti Suzuki Wagon R,NO CONTROLS,CLEAR,DAWN,OTHER,"SAND, MUD, DIRT","RUT, HOLES",18,5,6
Tata Altroz,TRAFFIC SIGNAL,CLOUDY/OVERCAST,DARKNESS,Y-INTERSECTION,"SAND, MUD, DIRT","RUT, HOLES",22,6,1
Skoda Slavia,NO CONTROLS,RAIN,DAYLIGHT,OTHER,"SAND, MUD, DIRT",SHOULDER DEFECT,11,3,7
Maruti Suzuki Brezza,TRAFFIC SIGNAL,RAIN,DAYLIGHT,OTHER,WET,NO DEFECTS,16,7,8
Renault Kiger,NO CONTROLS,CLEAR,DAYLIGHT,DIVIDED - W/MEDIAN BARRIER,DRY,NO DEFECTS,15,3,4
Maruti Suzuki Brezza,NO CONTROLS,UNKNOWN,DUSK,ALLEY,DRY,DEBRIS ON ROADWAY,18,6,12
Nissan Magnite,OTHER,FOG/SMOKE/HAZE,"DARKNESS, LIGHTED ROAD",NOT DIVIDED,UNKNOWN,DEBRIS ON ROADWAY,19,3,11
Hyundai Verna,OTHER,OTHER,DAYLIGHT,UNKNOWN INTERSECTION TYPE,DRY,"RUT, HOLES",16,4,9
Tata Nexon,STOP SIGN/FLASHER,CLEAR,"DARKNESS, LIGHTED ROAD",NOT DIVIDED,DRY,NO DEFECTS,19,5,7
Kia Sonet,STOP SIGN/FLASHER,CLEAR,DAYLIGHT,T-INTERSECTION,DRY,"RUT, HOLES",10,5,11
Maruti Suzuki Wagon R,STOP SIGN/FLASHER,RAIN,DAYLIGHT,T-INTERSECTION,WET,"RUT, HOLES",8,4,2
Toyota Innova,NO CONTROLS,CLOUDY/OVERCAST,DAYLIGHT,DIVIDED - W/MEDIAN BARRIER,DRY,WORN SURFACE,13,6,10
Kia Sonet,TRAFFIC SIGNAL,CLEAR,DAYLIGHT,T-INTERSECTION,DRY,WORN SURFACE,17,6,2
Hyundai Creta,TRAFFIC SIGNAL,CLOUDY/OVERCAST,DAYLIGHT,NOT DIVIDED,DRY,NO DEFECTS,7,7,10
Renault Kiger,TRAFFIC SIGNAL,OTHER,DAYLIGHT,T-INTERSECTION,UNKNOWN,WORN SURFACE,17,2,5
Tata Nexon,STOP SIGN/FLASHER,FOG/SMOKE/HAZE,DARKNESS,NOT DIVIDED,WET,NO DEFECTS,8,1,11
Maruti Suzuki Wagon R,TRAFFIC SIGNAL,FREEZING RAIN/DRIZZLE,DARKNESS,DIVIDED - W/MEDIAN (NOT RAISED),DRY,NO DEFECTS,19,7,12
Honda Amaze,NO CONTROLS,CLOUDY/OVERCAST,DAWN,OTHER,DRY,NO DEFECTS,1,3,2
Honda Amaze,NO CONTROLS,RAIN,DAYLIGHT,DIVIDED - W/MEDIAN BARRIER,"SAND, MUD, DIRT",NO DEFECTS,17,1,7
Nissan Magnite,TRAFFIC SIGNAL,CLEAR,DAYLIGHT,OTHER,OTHER,WORN SURFACE,17,2,12
Honda City,NO CONTROLS,RAIN,DARKNESS,FOUR WAY,UNKNOWN,"RUT, HOLES",22,5,7
Hyundai Verna,STOP SIGN/FLASHER,FOG/SMOKE/HAZE,DAYLIGHT,NOT DIVIDED,DRY,"RUT, HOLES",17,5,11
Tata Harrier,TRAFFIC SIGNAL,CLOUDY/OVERCAST,DARKNESS,DIVIDED - W/MEDIAN (NOT RAISED),"SAND, MUD, DIRT","RUT, HOLES",19,2,8
Maruti Suzuki Wagon R,NO CONTROLS,CLOUDY/OVERCAST,DARKNESS,DIVIDED - W/MEDIAN (NOT RAISED),DRY,OTHER,21,2,6
Hyundai i20,NO CONTROLS,CLEAR,DAYLIGHT,NOT DIVIDED,DRY,DEBRIS ON ROADWAY,17,4,5
Hyundai Creta,OTHER,CLOUDY/OVERCAST,DAWN,NOT DIVIDED,DRY,SHOULDER DEFECT,9,1,4
Mahindra Thar,NO CONTROLS,RAIN,DARKNESS,Y-INTERSECTION,WET,NO DEFECTS,20,1,9
Hyundai i20,OTHER,RAIN,DUSK,DIVIDED - W/MEDIAN (NOT RAISED),WET,NO DEFECTS,18,5,6
Nissan Magnite,NO CONTROLS,OTHER,DAYLIGHT,T-INTERSECTION,DRY,"RUT, HOLES",13,3,7
Tata Punch,TRAFFIC SIGNAL,CLOUDY/OVERCAST,DAYLIGHT,NOT DIVIDED,"SAND, MUD, DIRT","RUT, HOLES",17,1,7
Tata Altroz,PEDESTRIAN CROSSING SIGN,SLEET/HAIL,DARKNESS,FOUR WAY,WET,NO DEFECTS,20,4,8
Skoda Slavia,OTHER,FOG/SMOKE/HAZE,DARKNESS,NOT DIVIDED,DRY,NO DEFECTS,22,7,11
Maruti Suzuki Swift,OTHER,CLOUDY/OVERCAST,"DARKNESS, LIGHTED ROAD",UNKNOWN INTERSECTION TYPE,DRY,"RUT, HOLES",22,2,12
Maruti Suzuki Swift,OTHER,CLEAR,DAYLIGHT,NOT DIVIDED,DRY,"RUT, HOLES",10,2,6
Hyundai i20,STOP SIGN/FLASHER,CLEAR,DAYLIGHT,T-INTERSECTION,DRY,"RUT, HOLES",13,4,10
Hyundai Verna,STOP SIGN/FLASHER,UNKNOWN,DAYLIGHT,FOUR WAY,DRY,WORN SURFACE,6,2,9
Volkswagen Virtus,TRAFFIC SIGNAL,RAIN,DAYLIGHT,ONE-WAY,UNKNOWN,"RUT, HOLES",9,5,8
Kia Seltos,OTHER,FOG/SMOKE/HAZE,DARKNESS,NOT DIVIDED,"SAND, MUD, DIRT",NO DEFECTS,19,6,12
Volkswagen Virtus,TRAFFIC SIGNAL,FOG/SMOKE/HAZE,DUSK,UNKNOWN INTERSECTION TYPE,DRY,"RUT, HOLES",7,2,3
Honda Amaze,TRAFFIC SIGNAL,CLEAR,DAYLIGHT,DIVIDED - W/MEDIAN BARRIER,DRY,OTHER,16,5,2
Toyota Fortuner,TRAFFIC SIGNAL,CLEAR,DAYLIGHT,DIVIDED - W/MEDIAN BARRIER,DRY,NO DEFECTS,17,7,11
Tata Punch,STOP SIGN/FLASHER,CLEAR,DARKNESS,NOT DIVIDED,DRY,"RUT, HOLES",18,7,7
Toyota Fortuner,PEDESTRIAN CROSSING SIGN,OTHER,DAYLIGHT,ONE-WAY,DRY,NO DEFECTS,7,5,11
Maruti Suzuki Brezza,NO CONTROLS,RAIN,DAYLIGHT,DIVIDED - W/MEDIAN (NOT RAISED),WET,NO DEFECTS,10,2,11
Kia Seltos,NO CONTROLS,FOG/SMOKE/HAZE,DAYLIGHT,DIVIDED - W/MEDIAN (NOT RAISED),DRY,"RUT, HOLES",8,5,1
Honda City,FLASHING CONTROL SIGNAL,SNOW,DAYLIGHT,ONE-WAY,SNOW OR SLUSH,"RUT, HOLES",11,6,11
Mahindra XUV700,STOP SIGN/FLASHER,RAIN,"DARKNESS, LIGHTED ROAD",FOUR WAY,WET,"RUT, HOLES",23,6,7
Mahindra XUV700,STOP SIGN/FLASHER,CLOUDY/OVERCAST,DARKNESS,NOT DIVIDED,OTHER,NO DEFECTS,19,7,7
Maruti Suzuki Baleno,TRAFFIC SIGNAL,RAIN,DAYLIGHT,NOT DIVIDED,UNKNOWN,"RUT, HOLES",14,5,8
Renault Kiger,TRAFFIC SIGNAL,CLOUDY/OVERCAST,"DARKNESS, LIGHTED ROAD",FOUR WAY,OTHER,NO DEFECTS,20,4,12
Mahindra Scorpio,NO CONTROLS,FOG/SMOKE/HAZE,DAYLIGHT,ALLEY,UNKNOWN,NO DEFECTS,7,4,1
Nissan Magnite,NO CONTROLS,RAIN,DARKNESS,UNKNOWN INTERSECTION TYPE,WET,NO DEFECTS,18,3,7
Volkswagen Virtus,TRAFFIC SIGNAL,OTHER,DAYLIGHT,OTHER,WET,SHOULDER DEFECT,8,1,9
Kia Sonet,TRAFFIC SIGNAL,OTHER,DUSK,NOT DIVIDED,DRY,NO DEFECTS,18,6,9
Tata Altroz,NO CONTROLS,RAIN,DAYLIGHT,NOT DIVIDED,"SAND, MUD, DIRT",NO DEFECTS,13,1,9
Mahindra Thar,TRAFFIC SIGNAL,CLEAR,DARKNESS,NOT DIVIDED,"SAND, MUD, DIRT",NO DEFECTS,5,1,2
Skoda Slavia,STOP SIGN/FLASHER,CLEAR,DAYLIGHT,NOT DIVIDED,DRY,"RUT, HOLES",9,3,5
Hyundai Creta,STOP SIGN/FLASHER,CLOUDY/OVERCAST,DAYLIGHT,NOT DIVIDED,DRY,WORN SURFACE,12,7,6
Nissan Magnite,OTHER WARNING SIGN,CLEAR,DAYLIGHT,NOT DIVIDED,DRY,WORN SURFACE,18,4,10
Kia Seltos,STOP SIGN/FLASHER,FOG/SMOKE/HAZE,"DARKNESS, LIGHTED ROAD",NOT DIVIDED,DRY,WORN SURFACE,5,2,5
Renault Kiger,NO CONTROLS,CLEAR,DAYLIGHT,FOUR WAY,UNKNOWN,NO DEFECTS,17,7,4
Hyundai Creta,NO CONTROLS,FOG/SMOKE/HAZE,DAYLIGHT,NOT DIVIDED,"SAND, MUD, DIRT",DEBRIS ON ROADWAY,17,5,12
Tata Nexon,NO CONTROLS,FOG/SMOKE/HAZE,DAYLIGHT,NOT DIVIDED,DRY,NO DEFECTS,15,3,1
Tata Harrier,UNKNOWN,RAIN,DUSK,NOT DIVIDED,WET,NO DEFECTS,18,6,12
Mahindra XUV700,NO CONTROLS,RAIN,DAYLIGHT,NOT DIVIDED,WET,"RUT, HOLES",7,4,9
Nissan Magnite,STOP SIGN/FLASHER,CLEAR,DAYLIGHT,ONE-WAY,UNKNOWN,"RUT, HOLES",16,6,10
Hyundai Creta,TRAFFIC SIGNAL,OTHER,DARKNESS,NOT DIVIDED,OTHER,NO DEFECTS,22,2,5
Kia Seltos,NO CONTROLS,FOG/SMOKE/HAZE,UNKNOWN,NOT DIVIDED,DRY,OTHER,12,2,1
Hyundai Venue,TRAFFIC SIGNAL,RAIN,DAYLIGHT,FOUR WAY,WET,"RUT, HOLES",16,4,9
Honda Amaze,NO CONTROLS,CLEAR,DUSK,NOT DIVIDED,WET,"RUT, HOLES",18,3,10
Skoda Slavia,NO CONTROLS,CLEAR,DAYLIGHT,FOUR WAY,DRY,NO DEFECTS,11,5,9
Tata Altroz,OTHER WARNING SIGN,CLEAR,DAYLIGHT,NOT DIVIDED,OTHER,NO DEFECTS,17,6,2
Hyundai Creta,NO CONTROLS,RAIN,DAWN,NOT DIVIDED,WET,OTHER,21,7,9
Mahindra Thar,TRAFFIC SIGNAL,UNKNOWN,DAWN,NOT DIVIDED,DRY,WORN SURFACE,0,6,9
Kia Sonet,TRAFFIC SIGNAL,RAIN,"DARKNESS, LIGHTED ROAD",NOT DIVIDED,WET,"RUT, HOLES",20,3,8
Honda Amaze,NO CONTROLS,CLOUDY/OVERCAST,DAYLIGHT,NOT DIVIDED,DRY,"RUT, HOLES",8,6,9
Mahindra Thar,NO CONTROLS,FOG/SMOKE/HAZE,DAYLIGHT,NOT DIVIDED,DRY,SHOULDER DEFECT,8,5,11
Hyundai Creta,TRAFFIC SIGNAL,CLOUDY/OVERCAST,DARKNESS,DIVIDED - W/MEDIAN (NOT RAISED),WET,"RUT, HOLES",20,7,8
Tata Punch,STOP SIGN/FLASHER,CLOUDY/OVERCAST,DARKNESS,FOUR WAY,"SAND, MUD, DIRT",NO DEFECTS,19,6,1
Maruti Suzuki Wagon R,NO CONTROLS,RAIN,DARKNESS,NOT DIVIDED,DRY,WORN SURFACE,20,2,7
Maruti Suzuki Baleno,TRAFFIC SIGNAL,CLEAR,"DARKNESS, LIGHTED ROAD",DIVIDED - W/MEDIAN (NOT RAISED),WET,"RUT, HOLES",22,1,1
Mahindra Scorpio,YIELD,RAIN,DAYLIGHT,RAMP,WET,OTHER,13,5,6
Tata Punch,NO CONTROLS,CLEAR,DAYLIGHT,NOT DIVIDED,DRY,WORN SURFACE,17,3,6
Hyundai Venue,NO CONTROLS,CLOUDY/OVERCAST,DAYLIGHT,NOT DIVIDED,DRY,NO DEFECTS,12,2,1
Toyota Innova,NO CONTROLS,CLEAR,DAYLIGHT,OTHER,DRY,NO DEFECTS,11,6,6
Kia Sonet,TRAFFIC SIGNAL,CLEAR,DAYLIGHT,NOT DIVIDED,OTHER,"RUT, HOLES",13,3,2
Toyota Fortuner,PEDESTRIAN CROSSING SIGN,CLEAR,DUSK,OTHER,OTHER,WORN SURFACE,18,1,10
Mahindra XUV700,YIELD,CLOUDY/OVERCAST,DAYLIGHT,NOT DIVIDED,DRY,NO DEFECTS,14,3,12
Hyundai i20,NO CONTROLS,FOG/SMOKE/HAZE,DAYLIGHT,NOT DIVIDED,"SAND, MUD, DIRT","RUT, HOLES",18,6,1
Maruti Suzuki Brezza,OTHER,UNKNOWN,UNKNOWN,NOT DIVIDED,WET,WORN SURFACE,18,5,12
Tata Altroz,TRAFFIC SIGNAL,RAIN,"DARKNESS, LIGHTED ROAD",FOUR WAY,UNKNOWN,NO DEFECTS,0,3,7
Mahindra XUV700,TRAFFIC SIGNAL,CLEAR,DAYLIGHT,NOT DIVIDED,DRY,WORN SURFACE,16,3,5
Mahindra Scorpio,TRAFFIC SIGNAL,FOG/SMOKE/HAZE,DAYLIGHT,NOT DIVIDED,WET,NO DEFECTS,8,1,1
Kia Seltos,TRAFFIC SIGNAL,RAIN,DAYLIGHT,L-INTERSECTION,WET,NO DEFECTS,13,7,7
Kia Sonet,YIELD,CLEAR,DARKNESS,DIVIDED - W/MEDIAN (NOT RAISED),DRY,NO DEFECTS,19,3,10
Tata Altroz,TRAFFIC SIGNAL,RAIN,UNKNOWN,T-INTERSECTION,WET,"RUT, HOLES",15,7,9
Hyundai Verna,NO CONTROLS,CLEAR,DAWN,T-INTERSECTION,DRY,OTHER,20,6,1
Maruti Suzuki Swift,TRAFFIC SIGNAL,CLEAR,DAYLIGHT,NOT DIVIDED,DRY,WORN SURFACE,17,3,1
Tata Nexon,TRAFFIC SIGNAL,RAIN,"DARKNESS, LIGHTED ROAD",DIVIDED - W/MEDIAN (NOT RAISED),WET,NO DEFECTS,15,6,6
Tata Nexon,NO CONTROLS,CLOUDY/OVERCAST,DAYLIGHT,TRAFFIC ROUTE,WET,NO DEFECTS,18,4,5
Tata Nexon,NO CONTROLS,OTHER,DARKNESS,T-INTERSECTION,WET,"RUT, HOLES",1,7,4
Hyundai Venue,TRAFFIC SIGNAL,CLEAR,DARKNESS,NOT DIVIDED,UNKNOWN,NO DEFECTS,1,5,5
Kia Seltos,NO CONTROLS,CLEAR,DARKNESS,NOT DIVIDED,DRY,WORN SURFACE,4,4,10
Hyundai Creta,NO CONTROLS,FOG/SMOKE/HAZE,"DARKNESS, LIGHTED ROAD",NOT DIVIDED,OTHER,NO DEFECTS,8,5,12
Volkswagen Virtus,NO CONTROLS,RAIN,DAYLIGHT,FOUR WAY,WET,NO DEFECTS,8,2,6
Kia Sonet,NO CONTROLS,FREEZING RAIN/DRIZZLE,"DARKNESS, LIGHTED ROAD",NOT DIVIDED,WET,NO DEFECTS,23,3,11
Tata Altroz,LANE USE MARKING,RAIN,DAYLIGHT,NOT DIVIDED,WET,WORN SURFACE,15,6,6
Mahindra XUV700,TRAFFIC SIGNAL,CLEAR,DAYLIGHT,DIVIDED - W/MEDIAN (NOT RAISED),WET,NO DEFECTS,17,1,7
Mahindra Scorpio,NO CONTROLS,CLEAR,DAYLIGHT,DIVIDED - W/MEDIAN (NOT RAISED),DRY,NO DEFECTS,9,3,4
Toyota Innova,NO CONTROLS,CLEAR,DAYLIGHT,FOUR WAY,WET,"RUT, HOLES",10,5,8
Maruti Suzuki Baleno,NO CONTROLS,CLEAR,DAYLIGHT,ONE-WAY,WET,"RUT, HOLES",11,7,12
Toyota Innova,NO CONTROLS,UNKNOWN,DAYLIGHT,NOT DIVIDED,UNKNOWN,OTHER,17,7,8
Maruti Suzuki Baleno,NO CONTROLS,CLOUDY/OVERCAST,DAYLIGHT,NOT DIVIDED,OTHER,NO DEFECTS,14,6,6
Kia Sonet,OTHER,UNKNOWN,DAYLIGHT,Y-INTERSECTION,WET,NO DEFECTS,14,4,8
Honda City,TRAFFIC SIGNAL,RAIN,DAYLIGHT,DIVIDED - W/MEDIAN BARRIER,DRY,"RUT, HOLES",16,6,2
Hyundai Venue,TRAFFIC SIGNAL,FOG/SMOKE/HAZE,DUSK,DIVIDED - W/MEDIAN BARRIER,OTHER,NO DEFECTS,18,5,11
Hyundai Verna,TRAFFIC SIGNAL,CLOUDY/OVERCAST,DARKNESS,NOT DIVIDED,UNKNOWN,NO DEFECTS,5,4,7
Volkswagen Virtus,TRAFFIC SIGNAL,CLOUDY/OVERCAST,DARKNESS,NOT DIVIDED,"SAND, MUD, DIRT",NO DEFECTS,18,2,7
Tata Nexon,TRAFFIC SIGNAL,UNKNOWN,DAYLIGHT,DIVIDED - W/MEDIAN (NOT RAISED),"SAND, MUD, DIRT",DEBRIS ON ROADWAY,15,7,8
Toyota Fortuner,UNKNOWN,CLOUDY/OVERCAST,DAYLIGHT,Y-INTERSECTION,DRY,NO DEFECTS,17,5,8
Hyundai Verna,TRAFFIC SIGNAL,OTHER,DAYLIGHT,NOT DIVIDED,"SAND, MUD, DIRT",WORN SURFACE,10,6,1
Mahindra XUV700,TRAFFIC SIGNAL,RAIN,DARKNESS,ALLEY,WET,DEBRIS ON ROADWAY,12,2,9
Maruti Suzuki Baleno,TRAFFIC SIGNAL,CLEAR,DAWN,NOT DIVIDED,DRY,DEBRIS ON ROADWAY,8,4,4
Maruti Suzuki Brezza,NO CONTROLS,CLEAR,DARKNESS,NOT DIVIDED,DRY,"RUT, HOLES",23,7,9
Hyundai Creta,UNKNOWN,FOG/SMOKE/HAZE,DAYLIGHT,NOT DIVIDED,DRY,UNKNOWN,9,6,10
Maruti Suzuki Baleno,NO CONTROLS,CLEAR,DARKNESS,NOT DIVIDED,DRY,"RUT, HOLES",23,7,10
Tata Punch,TRAFFIC SIGNAL,FOG/SMOKE/HAZE,"DARKNESS, LIGHTED ROAD",Y-INTERSECTION,"SAND, MUD, DIRT",NO DEFECTS,8,4,8
Hyundai Verna,NO CONTROLS,CLEAR,DAYLIGHT,NOT DIVIDED,"SAND, MUD, DIRT",DEBRIS ON ROADWAY,8,1,7
Mahindra Scorpio,TRAFFIC SIGNAL,OTHER,DAYLIGHT,NOT DIVIDED,DRY,"RUT, HOLES",14,3,2
Tata Altroz,UNKNOWN,CLEAR,DAYLIGHT,NOT DIVIDED,WET,NO DEFECTS,1,3,10
Honda Amaze,NO CONTROLS,CLOUDY/OVERCAST,UNKNOWN,NOT DIVIDED,UNKNOWN,WORN SURFACE,21,3,5
Toyota Innova,TRAFFIC SIGNAL,CLOUDY/OVERCAST,"DARKNESS, LIGHTED ROAD",NOT DIVIDED,DRY,"RUT, HOLES",19,5,7
Mahindra XUV700,NO CONTROLS,CLEAR,DAYLIGHT,NOT DIVIDED,DRY,DEBRIS ON ROADWAY,18,2,5
Maruti Suzuki Wagon R,NO CONTROLS,RAIN,DAYLIGHT,NOT DIVIDED,WET,WORN SURFACE,16,7,2
Mahindra Thar,NO CONTROLS,CLOUDY/OVERCAST,DAYLIGHT,NOT DIVIDED,OTHER,NO DEFECTS,15,7,8
Renault Kiger,NO CONTROLS,CLEAR,DARKNESS,DRIVEWAY,DRY,NO DEFECTS,23,3,1
Volkswagen Virtus,TRAFFIC SIGNAL,SLEET/HAIL,DAYLIGHT,NOT DIVIDED,UNKNOWN,WORN SURFACE,9,5,9
Kia Sonet,TRAFFIC SIGNAL,RAIN,DAYLIGHT,T-INTERSECTION,WET,"RUT, HOLES",18,4,6
Maruti Suzuki Wagon R,NO CONTROLS,CLOUDY/OVERCAST,DUSK,T-INTERSECTION,DRY,NO DEFECTS,16,2,1
Maruti Suzuki Wagon R,NO CONTROLS,CLOUDY/OVERCAST,DARKNESS,Y-INTERSECTION,DRY,NO DEFECTS,23,7,7
Renault Kiger,NO CONTROLS,CLEAR,"DARKNESS, LIGHTED ROAD",NOT DIVIDED,DRY,NO DEFECTS,19,2,1
Renault Kiger,NO CONTROLS,CLEAR,DARKNESS,DIVIDED - W/MEDIAN (NOT RAISED),WET,"RUT, HOLES",23,5,5
Kia Sonet,NO CONTROLS,RAIN,DAYLIGHT,NOT DIVIDED,WET,NO DEFECTS,16,3,9
Kia Sonet,NO CONTROLS,RAIN,"DARKNESS, LIGHTED ROAD",DIVIDED - W/MEDIAN (NOT RAISED),WET,NO DEFECTS,8,6,1
Tata Harrier,STOP SIGN/FLASHER,FOG/SMOKE/HAZE,DAYLIGHT,NOT DIVIDED,DRY,"RUT, HOLES",9,5,11
Hyundai Verna,TRAFFIC SIGNAL,FOG/SMOKE/HAZE,DAYLIGHT,NOT DIVIDED,"SAND, MUD, DIRT",NO DEFECTS,17,6,1
Maruti Suzuki Baleno,NO CONTROLS,CLEAR,DAYLIGHT,FOUR WAY,"SAND, MUD, DIRT",NO DEFECTS,18,3,4
Volkswagen Virtus,YIELD,CLOUDY/OVERCAST,DARKNESS,NOT DIVIDED,WET,DEBRIS ON ROADWAY,0,1,9
Kia Sonet,STOP SIGN/FLASHER,CLOUDY/OVERCAST,DAYLIGHT,ALLEY,OTHER,WORN SURFACE,14,2,6
Nissan Magnite,TRAFFIC SIGNAL,CLEAR,DAYLIGHT,NOT DIVIDED,DRY,NO DEFECTS,8,6,2
Hyundai Venue,TRAFFIC SIGNAL,RAIN,"DARKNESS, LIGHTED ROAD",FOUR WAY,WET,SHOULDER DEFECT,20,3,6
Skoda Slavia,NO CONTROLS,RAIN,DAYLIGHT,T-INTERSECTION,WET,NO DEFECTS,7,3,5
Volkswagen Virtus,UNKNOWN,CLEAR,DAYLIGHT,NOT DIVIDED,DRY,"RUT, HOLES",17,4,11
Tata Harrier,NO CONTROLS,RAIN,DAWN,ALLEY,WET,NO DEFECTS,9,3,6
Tata Punch,STOP SIGN/FLASHER,CLOUDY/OVERCAST,DAYLIGHT,NOT DIVIDED,OTHER,WORN SURFACE,11,6,10
Tata Harrier,NO CONTROLS,FOG/SMOKE/HAZE,"DARKNESS, LIGHTED ROAD",DRIVEWAY,"SAND, MUD, DIRT",NO DEFECTS,20,3,11
Renault Kiger,NO CONTROLS,CLOUDY/OVERCAST,DAYLIGHT,NOT DIVIDED,DRY,NO DEFECTS,8,5,7
Hyundai Creta,STOP SIGN/FLASHER,CLOUDY/OVERCAST,DAWN,T-INTERSECTION,DRY,"RUT, HOLES",5,4,11
Honda City,PEDESTRIAN CROSSING SIGN,RAIN,DAWN,NOT DIVIDED,WET,WORN SURFACE,3,3,6
Maruti Suzuki Baleno,STOP SIGN/FLASHER,FOG/SMOKE/HAZE,DAYLIGHT,NOT DIVIDED,UNKNOWN,"RUT, HOLES",9,3,12
Maruti Suzuki Wagon R,TRAFFIC SIGNAL,FOG/SMOKE/HAZE,DAYLIGHT,NOT DIVIDED,DRY,WORN SURFACE,14,4,1
Nissan Magnite,UNKNOWN,RAIN,DAYLIGHT,NOT DIVIDED,WET,"RUT, HOLES",10,2,9
Nissan Magnite,STOP SIGN/FLASHER,CLEAR,DAYLIGHT,NOT DIVIDED,UNKNOWN,WORN SURFACE,17,3,7
Maruti Suzuki Swift,NO CONTROLS,RAIN,DARKNESS,ONE-WAY,UNKNOWN,"RUT, HOLES",3,1,6
Toyota Innova,OTHER REG. SIGN,RAIN,DARKNESS,DIVIDED - W/MEDIAN BARRIER,WET,NO DEFECTS,20,6,8
Maruti Suzuki Brezza,TRAFFIC SIGNAL,UNKNOWN,DARKNESS,NOT DIVIDED,DRY,DEBRIS ON ROADWAY,19,1,9
Mahindra Thar,LANE USE MARKING,FOG/SMOKE/HAZE,DARKNESS,NOT DIVIDED,DRY,SHOULDER DEFECT,22,7,1
Renault Kiger,NO CONTROLS,CLEAR,DARKNESS,NOT DIVIDED,"SAND, MUD, DIRT",OTHER,21,1,3
Toyota Innova,TRAFFIC SIGNAL,RAIN,DAYLIGHT,FOUR WAY,WET,"RUT, HOLES",11,7,9
Skoda Slavia,NO CONTROLS,RAIN,DAYLIGHT,NOT DIVIDED,OTHER,WORN SURFACE,12,5,9
Hyundai i20,YIELD,CLOUDY/OVERCAST,DUSK,ONE-WAY,DRY,SHOULDER DEFECT,18,4,12
Maruti Suzuki Baleno,LANE USE MARKING,CLOUDY/OVERCAST,DAWN,ONE-WAY,DRY,NO DEFECTS,6,2,9
Hyundai i20,NO CONTROLS,RAIN,DAYLIGHT,FOUR WAY,DRY,DEBRIS ON ROADWAY,10,2,12
Hyundai i20,NO CONTROLS,CLEAR,"DARKNESS, LIGHTED ROAD",T-INTERSECTION,DRY,NO DEFECTS,6,6,9
Mahindra XUV700,NO CONTROLS,CLEAR,DAYLIGHT,PARKING LOT,DRY,NO DEFECTS,13,4,5
Tata Altroz,TRAFFIC SIGNAL,CLEAR,DAYLIGHT,CENTER TURN LANE,DRY,NO DEFECTS,15,4,2
Toyota Innova,NO CONTROLS,RAIN,DAYLIGHT,FOUR WAY,"SAND, MUD, DIRT","RUT, HOLES",8,2,10
Skoda Slavia,TRAFFIC SIGNAL,FOG/SMOKE/HAZE,"DARKNESS, LIGHTED ROAD",DIVIDED - W/MEDIAN (NOT RAISED),DRY,NO DEFECTS,3,4,8
Maruti Suzuki Wagon R,NO CONTROLS,FOG/SMOKE/HAZE,DAYLIGHT,DIVIDED - W/MEDIAN (NOT RAISED),WET,NO DEFECTS,17,5,1
Volkswagen Virtus,PEDESTRIAN CROSSING SIGN,FOG/SMOKE/HAZE,"DARKNESS, LIGHTED ROAD",NOT DIVIDED,WET,"RUT, HOLES",2,1,6
Tata Harrier,STOP SIGN/FLASHER,CLEAR,DARKNESS,NOT DIVIDED,DRY,"RUT, HOLES",23,7,12
Skoda Slavia,STOP SIGN/FLASHER,CLEAR,DAYLIGHT,T-INTERSECTION,OTHER,SHOULDER DEFECT,8,6,7
Mahindra Thar,NO CONTROLS,RAIN,DAYLIGHT,RAMP,WET,NO DEFECTS,17,3,7
Maruti Suzuki Wagon R,NO CONTROLS,RAIN,DAYLIGHT,NOT DIVIDED,WET,NO DEFECTS,13,5,7
Nissan Magnite,STOP SIGN/FLASHER,RAIN,DARKNESS,NOT DIVIDED,WET,NO DEFECTS,2,5,4
Hyundai Creta,TRAFFIC SIGNAL,RAIN,DAYLIGHT,NOT DIVIDED,DRY,"RUT, HOLES",14,1,6
Mahindra Scorpio,UNKNOWN,RAIN,DAYLIGHT,DIVIDED - W/MEDIAN BARRIER,WET,NO DEFECTS,14,4,6
Nissan Magnite,NO CONTROLS,FOG/SMOKE/HAZE,"DARKNESS, LIGHTED ROAD",NOT DIVIDED,"SAND, MUD, DIRT",NO DEFECTS,19,2,1
Skoda Slavia,TRAFFIC SIGNAL,CLEAR,DAYLIGHT,DIVIDED - W/MEDIAN (NOT RAISED),DRY,"RUT, HOLES",18,3,9
Honda City,NO CONTROLS,CLOUDY/OVERCAST,UNKNOWN,NOT DIVIDED,WET,SHOULDER DEFECT,4,7,7
Hyundai i20,TRAFFIC SIGNAL,CLOUDY/OVERCAST,DAYLIGHT,OTHER,DRY,NO DEFECTS,8,5,10
Maruti Suzuki Baleno,NO CONTROLS,CLEAR,DAYLIGHT,DIVIDED - W/MEDIAN (NOT RAISED),DRY,"RUT, HOLES",10,1,11
Kia Seltos,NO CONTROLS,CLEAR,DAYLIGHT,FOUR WAY,DRY,NO DEFECTS,6,6,4
Mahindra XUV700,STOP SIGN/FLASHER,RAIN,DAYLIGHT,NOT DIVIDED,WET,NO DEFECTS,13,7,8
Hyundai Verna,OTHER,CLEAR,"DARKNESS, LIGHTED ROAD",FOUR WAY,DRY,NO DEFECTS,23,2,7
Mahindra Scorpio,NO CONTROLS,FOG/SMOKE/HAZE,DAYLIGHT,NOT DIVIDED,"SAND, MUD, DIRT","RUT, HOLES",9,6,11
Tata Altroz,NO CONTROLS,UNKNOWN,DAYLIGHT,Y-INTERSECTION,"SAND, MUD, DIRT","RUT, HOLES",18,6,4
Renault Kiger,OTHER,RAIN,DAYLIGHT,T-INTERSECTION,WET,SHOULDER DEFECT,17,7,9
Tata Harrier,TRAFFIC SIGNAL,RAIN,"DARKNESS, LIGHTED ROAD",NOT DIVIDED,WET,DEBRIS ON ROADWAY,19,6,8
Honda Amaze,TRAFFIC SIGNAL,FOG/SMOKE/HAZE,DAWN,NOT DIVIDED,"SAND, MUD, DIRT","RUT, HOLES",6,7,5
Renault Kiger,NO CONTROLS,CLOUDY/OVERCAST,DAWN,NOT DIVIDED,DRY,NO DEFECTS,18,1,2
Maruti Suzuki Wagon R,OTHER,CLOUDY/OVERCAST,"DARKNESS, LIGHTED ROAD",NOT DIVIDED,UNKNOWN,WORN SURFACE,20,1,8
Maruti Suzuki Baleno,NO CONTROLS,RAIN,DAYLIGHT,T-INTERSECTION,WET,WORN SURFACE,7,2,9
Honda Amaze,OTHER,RAIN,DAYLIGHT,PARKING LOT,DRY,WORN SURFACE,11,1,6
Tata Nexon,NO CONTROLS,RAIN,DARKNESS,FOUR WAY,WET,NO DEFECTS,22,1,8
Mahindra XUV700,OTHER,RAIN,DUSK,NOT DIVIDED,WET,WORN SURFACE,18,6,6
Skoda Slavia,TRAFFIC SIGNAL,CLEAR,DAYLIGHT,DIVIDED - W/MEDIAN (NOT RAISED),DRY,SHOULDER DEFECT,9,7,9
Maruti Suzuki Wagon R,STOP SIGN/FLASHER,CLEAR,DAYLIGHT,ONE-WAY,WET,"RUT, HOLES",15,3,3
Tata Nexon,NO CONTROLS,CLEAR,DAYLIGHT,TRAFFIC ROUTE,DRY,WORN SURFACE,12,7,11
Toyota Fortuner,TRAFFIC SIGNAL,CLOUDY/OVERCAST,DAYLIGHT,NOT DIVIDED,DRY,WORN SURFACE,14,4,5
Hyundai i20,STOP SIGN/FLASHER,FOG/SMOKE/HAZE,DAYLIGHT,DIVIDED - W/MEDIAN (NOT RAISED),DRY,"RUT, HOLES",7,2,6
Maruti Suzuki Wagon R,TRAFFIC SIGNAL,CLEAR,DAYLIGHT,NOT DIVIDED,DRY,WORN SURFACE,9,6,1
Renault Kiger,TRAFFIC SIGNAL,CLEAR,DARKNESS,NOT DIVIDED,DRY,WORN SURFACE,17,4,2
Tata Altroz,STOP SIGN/FLASHER,RAIN,DUSK,DIVIDED - W/MEDIAN (NOT RAISED),WET,DEBRIS ON ROADWAY,18,1,7
Honda City,NO CONTROLS,CLEAR,"DARKNESS, LIGHTED ROAD",NOT DIVIDED,DRY,DEBRIS ON ROADWAY,20,7,5
Hyundai Verna,PEDESTRIAN CROSSING SIGN,CLEAR,DAYLIGHT,NOT DIVIDED,DRY,"RUT, HOLES",7,5,10
Honda City,PEDESTRIAN CROSSING SIGN,UNKNOWN,DARKNESS,NOT DIVIDED,WET,NO DEFECTS,19,5,1
Kia Seltos,NO CONTROLS,RAIN,DAYLIGHT,DIVIDED - W/MEDIAN (NOT RAISED),UNKNOWN,NO DEFECTS,9,7,6
Hyundai Creta,TRAFFIC SIGNAL,CLEAR,DAYLIGHT,DIVIDED - W/MEDIAN BARRIER,"SAND, MUD, DIRT",DEBRIS ON ROADWAY,13,6,6
Maruti Suzuki Swift,NO CONTROLS,FOG/SMOKE/HAZE,"DARKNESS, LIGHTED ROAD",NOT DIVIDED,DRY,NO DEFECTS,20,3,1
Kia Sonet,YIELD,CLEAR,DAYLIGHT,T-INTERSECTION,DRY,NO DEFECTS,13,1,2
Maruti Suzuki Wagon R,NO CONTROLS,UNKNOWN,DAYLIGHT,NOT DIVIDED,DRY,"RUT, HOLES",8,2,7
Hyundai Verna,OTHER WARNING SIGN,RAIN,DAYLIGHT,NOT DIVIDED,WET,NO DEFECTS,7,3,7
Maruti Suzuki Baleno,STOP SIGN/FLASHER,RAIN,DAYLIGHT,PARKING LOT,WET,"RUT, HOLES",14,7,6
Nissan Magnite,NO CONTROLS,CLEAR,DUSK,FOUR WAY,DRY,WORN SURFACE,18,7,7
Tata Nexon,OTHER,CLOUDY/OVERCAST,DAWN,T-INTERSECTION,DRY,NO DEFECTS,23,1,8
Maruti Suzuki Wagon R,TRAFFIC SIGNAL,CLOUDY/OVERCAST,UNKNOWN,FOUR WAY,DRY,WORN SURFACE,18,7,1
Skoda Slavia,TRAFFIC SIGNAL,RAIN,"DARKNESS, LIGHTED ROAD",NOT DIVIDED,WET,WORN SURFACE,20,2,7
Mahindra Thar,NO CONTROLS,CLEAR,DAWN,FOUR WAY,DRY,"RUT, HOLES",18,6,12
Honda Amaze,NO CONTROLS,CLOUDY/OVERCAST,DARKNESS,NOT DIVIDED,DRY,NO DEFECTS,20,1,7
Honda City,PEDESTRIAN CROSSING SIGN,RAIN,DARKNESS,DIVIDED - W/MEDIAN BARRIER,WET,SHOULDER DEFECT,4,2,9
Hyundai Venue,TRAFFIC SIGNAL,RAIN,DARKNESS,DIVIDED - W/MEDIAN (NOT RAISED),WET,NO DEFECTS,21,4,6
Tata Altroz,NO CONTROLS,CLEAR,DAYLIGHT,ONE-WAY,DRY,NO DEFECTS,12,6,10
Maruti Suzuki Brezza,NO CONTROLS,CLEAR,DARKNESS,OTHER,DRY,"RUT, HOLES",21,3,10
Maruti Suzuki Baleno,STOP SIGN/FLASHER,RAIN,"DARKNESS, LIGHTED ROAD",DIVIDED - W/MEDIAN BARRIER,WET,DEBRIS ON ROADWAY,4,7,7
Tata Nexon,NO CONTROLS,UNKNOWN,DAYLIGHT,NOT DIVIDED,"SAND, MUD, DIRT","RUT, HOLES",17,7,12
Mahindra XUV700,NO CONTROLS,CLEAR,DARKNESS,NOT DIVIDED,DRY,WORN SURFACE,18,1,2
Hyundai i20,NO CONTROLS,FOG/SMOKE/HAZE,DARKNESS,Y-INTERSECTION,DRY,"RUT, HOLES",23,6,1
Hyundai Venue,TRAFFIC SIGNAL,CLOUDY/OVERCAST,DAYLIGHT,NOT DIVIDED,WET,NO DEFECTS,18,2,10
Kia Seltos,NO CONTROLS,CLEAR,DAYLIGHT,NOT DIVIDED,DRY,NO DEFECTS,12,3,10
Toyota Fortuner,NO CONTROLS,CLEAR,"DARKNESS, LIGHTED ROAD",NOT DIVIDED,"SAND, MUD, DIRT",NO DEFECTS,15,6,2
Honda City,NO CONTROLS,CLEAR,DAYLIGHT,NOT DIVIDED,"SAND, MUD, DIRT",NO DEFECTS,11,3,5
Kia Sonet,TRAFFIC SIGNAL,FOG/SMOKE/HAZE,DAYLIGHT,FOUR WAY,DRY,"RUT, HOLES",6,7,1
Tata Altroz,TRAFFIC SIGNAL,FOG/SMOKE/HAZE,DAYLIGHT,ALLEY,DRY,NO DEFECTS,7,4,5
Honda City,TRAFFIC SIGNAL,CLOUDY/OVERCAST,DARKNESS,NOT DIVIDED,WET,SHOULDER DEFECT,8,3,10
Tata Punch,TRAFFIC SIGNAL,OTHER,DAYLIGHT,ONE-WAY,OTHER,UNKNOWN,15,7,7
Mahindra Thar,TRAFFIC SIGNAL,RAIN,DARKNESS,NOT DIVIDED,"SAND, MUD, DIRT","RUT, HOLES",21,4,6
Maruti Suzuki Baleno,STOP SIGN/FLASHER,RAIN,DARKNESS,FOUR WAY,WET,"RUT, HOLES",21,6,6
Hyundai Creta,STOP SIGN/FLASHER,UNKNOWN,DARKNESS,ONE-WAY,DRY,NO DEFECTS,2,5,1
Maruti Suzuki Brezza,NO CONTROLS,CLEAR,DARKNESS,T-INTERSECTION,"SAND, MUD, DIRT","RUT, HOLES",4,2,5
Renault Kiger,NO CONTROLS,RAIN,DAYLIGHT,NOT DIVIDED,WET,"RUT, HOLES",9,4,8
Nissan Magnite,NO CONTROLS,FOG/SMOKE/HAZE,DAYLIGHT,NOT DIVIDED,DRY,NO DEFECTS,7,1,12
Skoda Slavia,TRAFFIC SIGNAL,FOG/SMOKE/HAZE,DARKNESS,CENTER TURN LANE,DRY,NO DEFECTS,5,6,11
Skoda Slavia,PEDESTRIAN CROSSING SIGN,FOG/SMOKE/HAZE,DAYLIGHT,NOT DIVIDED,DRY,"RUT, HOLES",8,4,1
Maruti Suzuki Brezza,NO CONTROLS,RAIN,DAYLIGHT,NOT DIVIDED,"SAND, MUD, DIRT","RUT, HOLES",16,1,11
Toyota Innova,TRAFFIC SIGNAL,OTHER,DAYLIGHT,NOT DIVIDED,"SAND, MUD, DIRT",WORN SURFACE,15,6,10
Mahindra Thar,STOP SIGN/FLASHER,CLEAR,DAYLIGHT,DIVIDED - W/MEDIAN BARRIER,DRY,DEBRIS ON ROADWAY,15,6,10
Honda City,TRAFFIC SIGNAL,OTHER,DAYLIGHT,FOUR WAY,WET,WORN SURFACE,11,6,7
Mahindra XUV700,NO CONTROLS,RAIN,DAYLIGHT,DIVIDED - W/MEDIAN (NOT RAISED),WET,NO DEFECTS,17,3,6
Maruti Suzuki Baleno,NO CONTROLS,UNKNOWN,DARKNESS,T-INTERSECTION,DRY,WORN SURFACE,19,6,5
Mahindra Thar,NO CONTROLS,FOG/SMOKE/HAZE,DAYLIGHT,ONE-WAY,DRY,"RUT, HOLES",7,5,1
Tata Altroz,OTHER,CLEAR,"DARKNESS, LIGHTED ROAD",NOT DIVIDED,DRY,WORN SURFACE,4,5,4
Toyota Innova,NO CONTROLS,CLEAR,DAYLIGHT,NOT DIVIDED,OTHER,DEBRIS ON ROADWAY,10,5,4
Toyota Innova,STOP SIGN/FLASHER,RAIN,DAYLIGHT,NOT DIVIDED,WET,NO DEFECTS,6,5,7
Hyundai i20,PEDESTRIAN CROSSING SIGN,RAIN,DAYLIGHT,NOT DIVIDED,WET,NO DEFECTS,14,6,9
Skoda Slavia,TRAFFIC SIGNAL,CLEAR,DAYLIGHT,NOT DIVIDED,DRY,"RUT, HOLES",7,7,7
Tata Harrier,STOP SIGN/FLASHER,RAIN,DAYLIGHT,T-INTERSECTION,WET,NO DEFECTS,13,6,1
Tata Altroz,NO CONTROLS,CLEAR,DAYLIGHT,Y-INTERSECTION,DRY,WORN SURFACE,8,4,12
Kia Sonet,TRAFFIC SIGNAL,FOG/SMOKE/HAZE,DAYLIGHT,T-INTERSECTION,DRY,WORN SURFACE,17,4,12
Tata Altroz,STOP SIGN/FLASHER,CLEAR,"DARKNESS, LIGHTED ROAD",NOT DIVIDED,DRY,NO DEFECTS,1,1,10
Volkswagen Virtus,TRAFFIC SIGNAL,CLEAR,DAYLIGHT,FOUR WAY,DRY,"RUT, HOLES",15,2,12
Kia Seltos,STOP SIGN/FLASHER,RAIN,DAYLIGHT,DIVIDED - W/MEDIAN (NOT RAISED),WET,"RUT, HOLES",7,2,8
Maruti Suzuki Baleno,STOP SIGN/FLASHER,FOG/SMOKE/HAZE,"DARKNESS, LIGHTED ROAD",DIVIDED - W/MEDIAN BARRIER,WET,NO DEFECTS,0,7,12
Tata Harrier,UNKNOWN,CLEAR,DARKNESS,UNKNOWN INTERSECTION TYPE,DRY,WORN SURFACE,20,6,1
Renault Kiger,TRAFFIC SIGNAL,RAIN,DAYLIGHT,T-INTERSECTION,WET,"RUT, HOLES",17,2,6
Toyota Fortuner,STOP SIGN/FLASHER,CLEAR,DARKNESS,DIVIDED - W/MEDIAN (NOT RAISED),DRY,"RUT, HOLES",5,4,4
Toyota Innova,STOP SIGN/FLASHER,CLEAR,DAWN,DIVIDED - W/MEDIAN (NOT RAISED),DRY,WORN SURFACE,17,2,3
Mahindra Thar,TRAFFIC SIGNAL,RAIN,DAYLIGHT,DIVIDED - W/MEDIAN BARRIER,WET,WORN SURFACE,16,3,2
Nissan Magnite,TRAFFIC SIGNAL,RAIN,DAYLIGHT,NOT DIVIDED,WET,NO DEFECTS,14,5,8
Mahindra XUV700,NO CONTROLS,RAIN,DAYLIGHT,NOT DIVIDED,WET,WORN SURFACE,13,5,10
Kia Sonet,TRAFFIC SIGNAL,OTHER,DARKNESS,NOT DIVIDED,DRY,"RUT, HOLES",20,7,8
Mahindra Scorpio,NO CONTROLS,CLEAR,DARKNESS,T-INTERSECTION,DRY,WORN SURFACE,9,2,2
Mahindra XUV700,STOP SIGN/FLASHER,CLEAR,DAYLIGHT,NOT DIVIDED,DRY,NO DEFECTS,12,4,10
Maruti Suzuki Wagon R,LANE USE MARKING,CLOUDY/OVERCAST,DAYLIGHT,NOT DIVIDED,DRY,NO DEFECTS,10,5,8
Hyundai i20,NO CONTROLS,CLEAR,DUSK,NOT DIVIDED,UNKNOWN,WORN SURFACE,18,7,6
Maruti Suzuki Wagon R,NO CONTROLS,OTHER,"DARKNESS, LIGHTED ROAD",NOT DIVIDED,DRY,NO DEFECTS,21,4,9
Tata Harrier,NO CONTROLS,CLEAR,DUSK,NOT DIVIDED,"SAND, MUD, DIRT","RUT, HOLES",19,3,5
Toyota Innova,NO CONTROLS,FOG/SMOKE/HAZE,DARKNESS,T-INTERSECTION,DRY,"RUT, HOLES",18,3,6
Mahindra XUV700,NO CONTROLS,CLOUDY/OVERCAST,"DARKNESS, LIGHTED ROAD",FOUR WAY,DRY,"RUT, HOLES",23,2,12
Toyota Fortuner,STOP SIGN/FLASHER,CLEAR,DAYLIGHT,ALLEY,UNKNOWN,NO DEFECTS,17,7,5
Honda City,TRAFFIC SIGNAL,RAIN,"DARKNESS, LIGHTED ROAD",NOT DIVIDED,"SAND, MUD, DIRT",NO DEFECTS,18,5,7
Maruti Suzuki Swift,OTHER,CLEAR,"DARKNESS, LIGHTED ROAD",NOT DIVIDED,DRY,NO DEFECTS,23,3,11
Hyundai i20,NO CONTROLS,UNKNOWN,"DARKNESS, LIGHTED ROAD",NOT DIVIDED,DRY,"RUT, HOLES",0,6,9
Tata Punch,TRAFFIC SIGNAL,FOG/SMOKE/HAZE,DAYLIGHT,NOT DIVIDED,DRY,DEBRIS ON ROADWAY,14,3,1
Honda City,NO CONTROLS,CLOUDY/OVERCAST,DAYLIGHT,NOT DIVIDED,"SAND, MUD, DIRT",NO DEFECTS,18,4,2
Hyundai i20,NO CONTROLS,CLOUDY/OVERCAST,"DARKNESS, LIGHTED ROAD",NOT DIVIDED,DRY,WORN SURFACE,21,1,1
Hyundai Creta,NO PASSING,RAIN,DARKNESS,T-INTERSECTION,WET,NO DEFECTS,20,7,8
Renault Kiger,NO CONTROLS,RAIN,"DARKNESS, LIGHTED ROAD",NOT DIVIDED,WET,SHOULDER DEFECT,19,7,7
Hyundai i20,NO CONTROLS,CLEAR,DARKNESS,NOT DIVIDED,DRY,NO DEFECTS,22,7,2
Toyota Fortuner,NO CONTROLS,RAIN,DAYLIGHT,FOUR WAY,DRY,NO DEFECTS,15,2,12
Skoda Slavia,UNKNOWN,OTHER,UNKNOWN,FOUR WAY,WET,WORN SURFACE,0,6,7
Kia Seltos,NO CONTROLS,CLOUDY/OVERCAST,DUSK,NOT DIVIDED,DRY,"RUT, HOLES",0,3,4
Mahindra Thar,NO CONTROLS,RAIN,DAWN,UNKNOWN INTERSECTION TYPE,WET,NO DEFECTS,15,7,7
Maruti Suzuki Wagon R,STOP SIGN/FLASHER,RAIN,DAYLIGHT,NOT DIVIDED,"SAND, MUD, DIRT",NO DEFECTS,13,3,9
Mahindra Scorpio,NO CONTROLS,CLOUDY/OVERCAST,DAYLIGHT,NOT DIVIDED,DRY,NO DEFECTS,13,1,1
Tata Harrier,NO CONTROLS,CLEAR,DAYLIGHT,NOT DIVIDED,DRY,WORN SURFACE,12,7,5
Kia Seltos,NO CONTROLS,CLEAR,DARKNESS,NOT DIVIDED,DRY,DEBRIS ON ROADWAY,21,1,10
Mahindra Thar,STOP SIGN/FLASHER,RAIN,DAWN,NOT DIVIDED,WET,NO DEFECTS,11,5,7
Mahindra XUV700,STOP SIGN/FLASHER,CLOUDY/OVERCAST,DAYLIGHT,FOUR WAY,UNKNOWN,"RUT, HOLES",20,3,8
Hyundai Verna,TRAFFIC SIGNAL,RAIN,"DARKNESS, LIGHTED ROAD",ALLEY,WET,NO DEFECTS,21,6,7
Mahindra Thar,NO CONTROLS,RAIN,DARKNESS,NOT DIVIDED,WET,NO DEFECTS,14,6,1
Honda Amaze,STOP SIGN/FLASHER,CLEAR,DAYLIGHT,NOT DIVIDED,WET,"RUT, HOLES",13,6,3
Honda City,STOP SIGN/FLASHER,CLEAR,DUSK,CENTER TURN LANE,WET,WORN SURFACE,18,1,7
Hyundai Creta,NO CONTROLS,CLEAR,"DARKNESS, LIGHTED ROAD",NOT DIVIDED,DRY,NO DEFECTS,17,7,4
Maruti Suzuki Baleno,STOP SIGN/FLASHER,FOG/SMOKE/HAZE,DAYLIGHT,NOT DIVIDED,"SAND, MUD, DIRT",WORN SURFACE,7,4,1
Tata Altroz,TRAFFIC SIGNAL,UNKNOWN,"DARKNESS, LIGHTED ROAD",NOT DIVIDED,DRY,NO DEFECTS,5,2,11
Honda City,OTHER WARNING SIGN,FOG/SMOKE/HAZE,DAYLIGHT,NOT DIVIDED,DRY,WORN SURFACE,7,3,12
Tata Altroz,STOP SIGN/FLASHER,CLEAR,DAWN,NOT DIVIDED,DRY,"RUT, HOLES",6,7,10
Honda City,YIELD,FOG/SMOKE/HAZE,DAYLIGHT,DIVIDED - W/MEDIAN (NOT RAISED),DRY,NO DEFECTS,7,1,11
Maruti Suzuki Baleno,TRAFFIC SIGNAL,RAIN,DAYLIGHT,NOT DIVIDED,"SAND, MUD, DIRT",WORN SURFACE,9,6,4
Hyundai i20,LANE USE MARKING,RAIN,DAYLIGHT,PARKING LOT,WET,NO DEFECTS,16,7,12
Skoda Slavia,TRAFFIC SIGNAL,CLEAR,DARKNESS,NOT DIVIDED,WET,NO DEFECTS,22,2,3
Maruti Suzuki Baleno,NO CONTROLS,OTHER,DAYLIGHT,ONE-WAY,DRY,NO DEFECTS,17,6,12
Tata Altroz,NO CONTROLS,CLOUDY/OVERCAST,DUSK,NOT DIVIDED,OTHER,NO DEFECTS,21,2,12
Tata Harrier,TRAFFIC SIGNAL,OTHER,DAYLIGHT,NOT DIVIDED,DRY,NO DEFECTS,18,1,9
Tata Nexon,STOP SIGN/FLASHER,FOG/SMOKE/HAZE,DAYLIGHT,NOT DIVIDED,DRY,NO DEFECTS,17,5,12
Honda City,NO CONTROLS,CLOUDY/OVERCAST,DAYLIGHT,"FIVE POINT, OR MORE",OTHER,NO DEFECTS,12,5,8
Maruti Suzuki Swift,TRAFFIC SIGNAL,CLEAR,DARKNESS,T-INTERSECTION,DRY,NO DEFECTS,10,2,5
Hyundai Verna,OTHER,RAIN,"DARKNESS, LIGHTED ROAD",NOT DIVIDED,WET,DEBRIS ON ROADWAY,19,4,7
Maruti Suzuki Wagon R,NO CONTROLS,UNKNOWN,DAWN,"FIVE POINT, OR MORE",UNKNOWN,WORN SURFACE,21,3,8
Maruti Suzuki Baleno,STOP SIGN/FLASHER,FOG/SMOKE/HAZE,DAYLIGHT,T-INTERSECTION,UNKNOWN,NO DEFECTS,8,1,1
Hyundai Venue,STOP SIGN/FLASHER,RAIN,DARKNESS,"FIVE POINT, OR MORE",DRY,WORN SURFACE,0,4,8
Skoda Slavia,NO CONTROLS,CLEAR,"DARKNESS, LIGHTED ROAD",T-INTERSECTION,DRY,"RUT, HOLES",19,5,12
Tata Altroz,NO CONTROLS,CLOUDY/OVERCAST,DAYLIGHT,NOT DIVIDED,DRY,NO DEFECTS,9,2,3
Maruti Suzuki Wagon R,OTHER,CLEAR,DARKNESS,FOUR WAY,DRY,NO DEFECTS,0,6,10
Toyota Innova,LANE USE MARKING,UNKNOWN,DARKNESS,NOT REPORTED,DRY,DEBRIS ON ROADWAY,19,1,11
Hyundai Creta,OTHER,FOG/SMOKE/HAZE,DAYLIGHT,NOT DIVIDED,DRY,WORN SURFACE,9,5,12
Maruti Suzuki Brezza,NO CONTROLS,RAIN,DAYLIGHT,ONE-WAY,WET,WORN SURFACE,17,3,12
Tata Harrier,NO CONTROLS,RAIN,DARKNESS,NOT DIVIDED,WET,"RUT, HOLES",21,4,7
Maruti Suzuki Baleno,LANE USE MARKING,FOG/SMOKE/HAZE,DAYLIGHT,NOT DIVIDED,DRY,"RUT, HOLES",9,7,12
Kia Seltos,OTHER,RAIN,DAYLIGHT,NOT DIVIDED,WET,"RUT, HOLES",14,5,9
Kia Seltos,TRAFFIC SIGNAL,CLOUDY/OVERCAST,DAYLIGHT,NOT DIVIDED,DRY,WORN SURFACE,10,2,3
Skoda Slavia,NO CONTROLS,CLOUDY/OVERCAST,DAYLIGHT,ONE-WAY,"SAND, MUD, DIRT",WORN SURFACE,10,7,7
Honda Amaze,TRAFFIC SIGNAL,RAIN,DARKNESS,NOT DIVIDED,WET,NO DEFECTS,19,3,9
Mahindra XUV700,TRAFFIC SIGNAL,CLEAR,DAYLIGHT,NOT DIVIDED,DRY,"RUT, HOLES",13,3,4
Volkswagen Virtus,STOP SIGN/FLASHER,RAIN,DAYLIGHT,FOUR WAY,WET,"RUT, HOLES",7,4,8
Tata Altroz,STOP SIGN/FLASHER,RAIN,"DARKNESS, LIGHTED ROAD","FIVE POINT, OR MORE",WET,NO DEFECTS,5,2,9
Renault Kiger,TRAFFIC SIGNAL,CLEAR,DUSK,NOT DIVIDED,DRY,NO DEFECTS,14,7,3
Maruti Suzuki Baleno,TRAFFIC SIGNAL,RAIN,DAYLIGHT,NOT DIVIDED,WET,DEBRIS ON ROADWAY,13,4,8
Toyota Innova,NO CONTROLS,RAIN,DAYLIGHT,NOT DIVIDED,WET,OTHER,17,4,10
Kia Sonet,NO CONTROLS,CLOUDY/OVERCAST,DAYLIGHT,NOT DIVIDED,OTHER,WORN SURFACE,14,2,7
Honda City,TRAFFIC SIGNAL,RAIN,DAYLIGHT,FOUR WAY,WET,NO DEFECTS,7,6,1
Volkswagen Virtus,NO CONTROLS,UNKNOWN,"DARKNESS, LIGHTED ROAD",L-INTERSECTION,DRY,NO DEFECTS,14,7,1
Maruti Suzuki Brezza,PEDESTRIAN CROSSING SIGN,CLEAR,"DARKNESS, LIGHTED ROAD",DIVIDED - W/MEDIAN (NOT RAISED),DRY,NO DEFECTS,21,7,6
Renault Kiger,TRAFFIC SIGNAL,CLEAR,DAYLIGHT,NOT DIVIDED,"SAND, MUD, DIRT","RUT, HOLES",7,2,12
Maruti Suzuki Swift,OTHER,CLOUDY/OVERCAST,DAYLIGHT,T-INTERSECTION,WET,WORN SURFACE,17,6,4
Maruti Suzuki Wagon R,NO CONTROLS,CLEAR,DAYLIGHT,NOT DIVIDED,"SAND, MUD, DIRT",DEBRIS ON ROADWAY,16,2,8
Mahindra Scorpio,NO CONTROLS,CLEAR,DAYLIGHT,NOT DIVIDED,WET,SHOULDER DEFECT,18,1,4
Toyota Innova,NO CONTROLS,RAIN,DAYLIGHT,FOUR WAY,WET,NO DEFECTS,7,4,6
Hyundai Creta,STOP SIGN/FLASHER,FOG/SMOKE/HAZE,DARKNESS,NOT DIVIDED,DRY,NO DEFECTS,20,6,11
Honda City,NO CONTROLS,RAIN,DAYLIGHT,NOT DIVIDED,WET,DEBRIS ON ROADWAY,16,1,9
Toyota Fortuner,NO CONTROLS,RAIN,DARKNESS,NOT DIVIDED,WET,SHOULDER DEFECT,19,5,1
Tata Altroz,NO CONTROLS,UNKNOWN,DAYLIGHT,CENTER TURN LANE,DRY,"RUT, HOLES",9,7,7
Hyundai i20,STOP SIGN/FLASHER,CLEAR,DAWN,NOT DIVIDED,"SAND, MUD, DIRT","RUT, HOLES",18,2,1
Hyundai Creta,STOP SIGN/FLASHER,RAIN,DARKNESS,NOT DIVIDED,WET,"RUT, HOLES",18,4,7
Kia Seltos,STOP SIGN/FLASHER,OTHER,DAYLIGHT,NOT DIVIDED,DRY,"RUT, HOLES",12,4,8
Volkswagen Virtus,NO CONTROLS,CLEAR,DAYLIGHT,NOT DIVIDED,WET,NO DEFECTS,12,6,2
Maruti Suzuki Wagon R,PEDESTRIAN CROSSING SIGN,FOG/SMOKE/HAZE,DAYLIGHT,DIVIDED - W/MEDIAN (NOT RAISED),DRY,NO DEFECTS,15,6,5
Skoda Slavia,STOP SIGN/FLASHER,RAIN,DARKNESS,Y-INTERSECTION,DRY,"RUT, HOLES",5,6,6
Maruti Suzuki Swift,NO CONTROLS,CLOUDY/OVERCAST,DUSK,NOT DIVIDED,WET,NO DEFECTS,18,6,12
Mahindra Scorpio,NO CONTROLS,CLEAR,DARKNESS,ONE-WAY,DRY,UNKNOWN,1,5,12
Nissan Magnite,NO CONTROLS,FOG/SMOKE/HAZE,DARKNESS,NOT DIVIDED,DRY,NO DEFECTS,6,4,1
Tata Punch,NO CONTROLS,UNKNOWN,DAYLIGHT,NOT DIVIDED,"SAND, MUD, DIRT","RUT, HOLES",17,3,9
Kia Seltos,TRAFFIC SIGNAL,RAIN,"DARKNESS, LIGHTED ROAD",NOT DIVIDED,WET,"RUT, HOLES",5,4,6
Hyundai i20,OTHER REG. SIGN,RAIN,DARKNESS,NOT DIVIDED,WET,"RUT, HOLES",22,7,6
Kia Seltos,NO CONTROLS,CLEAR,DARKNESS,ALLEY,OTHER,NO DEFECTS,20,5,9
Hyundai Verna,TRAFFIC SIGNAL,RAIN,DAYLIGHT,NOT DIVIDED,DRY,"RUT, HOLES",16,7,12
Tata Altroz,PEDESTRIAN CROSSING SIGN,FOG/SMOKE/HAZE,DAWN,FOUR WAY,DRY,NO DEFECTS,18,2,12
Volkswagen Virtus,NO CONTROLS,CLOUDY/OVERCAST,DUSK,ALLEY,DRY,NO DEFECTS,20,4,8
Hyundai Venue,NO CONTROLS,RAIN,DAYLIGHT,NOT DIVIDED,OTHER,NO DEFECTS,9,2,6
Toyota Innova,STOP SIGN/FLASHER,CLEAR,DARKNESS,NOT DIVIDED,"SAND, MUD, DIRT",NO DEFECTS,19,3,10
Maruti Suzuki Brezza,OTHER,CLEAR,DAYLIGHT,NOT DIVIDED,DRY,DEBRIS ON ROADWAY,8,6,5
Volkswagen Virtus,NO CONTROLS,CLOUDY/OVERCAST,DAYLIGHT,NOT DIVIDED,WET,WORN SURFACE,12,6,8
Maruti Suzuki Brezza,STOP SIGN/FLASHER,CLEAR,DAYLIGHT,T-INTERSECTION,DRY,NO DEFECTS,15,1,6
Maruti Suzuki Baleno,TRAFFIC SIGNAL,RAIN,DAYLIGHT,OTHER,WET,DEBRIS ON ROADWAY,17,7,8
Tata Altroz,STOP SIGN/FLASHER,CLOUDY/OVERCAST,DARKNESS,T-INTERSECTION,DRY,NO DEFECTS,1,7,4
Hyundai Venue,STOP SIGN/FLASHER,CLOUDY/OVERCAST,DAYLIGHT,NOT DIVIDED,DRY,NO DEFECTS,9,7,3
Tata Harrier,STOP SIGN/FLASHER,OTHER,DARKNESS,NOT DIVIDED,WET,NO DEFECTS,16,3,12
Hyundai Creta,STOP SIGN/FLASHER,CLOUDY/OVERCAST,DAYLIGHT,T-INTERSECTION,DRY,WORN SURFACE,11,4,2
Skoda Slavia,TRAFFIC SIGNAL,RAIN,"DARKNESS, LIGHTED ROAD",UNKNOWN INTERSECTION TYPE,DRY,"RUT, HOLES",18,2,7
Nissan Magnite,NO CONTROLS,CLOUDY/OVERCAST,UNKNOWN,T-INTERSECTION,DRY,NO DEFECTS,17,4,4
Renault Kiger,STOP SIGN/FLASHER,FOG/SMOKE/HAZE,DUSK,NOT DIVIDED,DRY,NO DEFECTS,6,1,1
Maruti Suzuki Brezza,NO CONTROLS,CLOUDY/OVERCAST,DAYLIGHT,NOT DIVIDED,DRY,"RUT, HOLES",7,7,1
Kia Seltos,FLASHING CONTROL SIGNAL,CLOUDY/OVERCAST,DAYLIGHT,Y-INTERSECTION,DRY,"RUT, HOLES",16,5,3
Maruti Suzuki Brezza,NO CONTROLS,FOG/SMOKE/HAZE,DUSK,NOT DIVIDED,DRY,WORN SURFACE,8,2,11
Hyundai Creta,NO CONTROLS,RAIN,DAYLIGHT,NOT DIVIDED,WET,"RUT, HOLES",7,7,5
Maruti Suzuki Swift,NO CONTROLS,FOG/SMOKE/HAZE,DAYLIGHT,FOUR WAY,WET,WORN SURFACE,7,1,12
Tata Harrier,PEDESTRIAN CROSSING SIGN,RAIN,DAYLIGHT,NOT DIVIDED,WET,WORN SURFACE,10,7,8
Hyundai Verna,TRAFFIC SIGNAL,RAIN,DUSK,NOT DIVIDED,DRY,"RUT, HOLES",6,1,7
Honda City,STOP SIGN/FLASHER,CLOUDY/OVERCAST,DAYLIGHT,NOT DIVIDED,WET,NO DEFECTS,15,6,8
Hyundai i20,PEDESTRIAN CROSSING SIGN,RAIN,DUSK,UNKNOWN INTERSECTION TYPE,"SAND, MUD, DIRT",NO DEFECTS,18,5,7
Maruti Suzuki Wagon R,OTHER,RAIN,DUSK,NOT DIVIDED,WET,"RUT, HOLES",15,6,9
Hyundai Creta,NO CONTROLS,CLOUDY/OVERCAST,DARKNESS,UNKNOWN INTERSECTION TYPE,UNKNOWN,WORN SURFACE,19,5,5
Tata Punch,STOP SIGN/FLASHER,RAIN,UNKNOWN,NOT DIVIDED,WET,NO DEFECTS,6,3,6
Skoda Slavia,OTHER,FOG/SMOKE/HAZE,DAYLIGHT,DIVIDED - W/MEDIAN BARRIER,WET,"RUT, HOLES",8,3,11
Kia Seltos,NO CONTROLS,CLOUDY/OVERCAST,DARKNESS,"FIVE POINT, OR MORE",WET,NO DEFECTS,16,7,12
Hyundai Creta,NO CONTROLS,CLEAR,DAYLIGHT,DIVIDED - W/MEDIAN (NOT RAISED),DRY,NO DEFECTS,17,4,11
Honda Amaze,TRAFFIC SIGNAL,RAIN,DAYLIGHT,ONE-WAY,UNKNOWN,NO DEFECTS,17,7,7
Mahindra Thar,TRAFFIC SIGNAL,CLEAR,DAYLIGHT,NOT DIVIDED,DRY,NO DEFECTS,18,6,10
Tata Nexon,NO CONTROLS,RAIN,DAYLIGHT,NOT DIVIDED,WET,NO DEFECTS,17,5,7
Nissan Magnite,NO CONTROLS,RAIN,DAYLIGHT,DIVIDED - W/MEDIAN (NOT RAISED),WET,NO DEFECTS,5,7,7
Maruti Suzuki Swift,TRAFFIC SIGNAL,CLEAR,DAYLIGHT,OTHER,DRY,"RUT, HOLES",17,5,4
Hyundai Creta,NO CONTROLS,RAIN,DAYLIGHT,FOUR WAY,DRY,NO DEFECTS,18,6,8
Tata Altroz,PEDESTRIAN CROSSING SIGN,CLOUDY/OVERCAST,DARKNESS,NOT DIVIDED,DRY,"RUT, HOLES",23,7,3
Renault Kiger,NO CONTROLS,UNKNOWN,DAYLIGHT,NOT DIVIDED,"SAND, MUD, DIRT",NO DEFECTS,17,1,6
Maruti Suzuki Baleno,STOP SIGN/FLASHER,UNKNOWN,DAYLIGHT,OTHER,WET,NO DEFECTS,17,7,11
Tata Nexon,STOP SIGN/FLASHER,FOG/SMOKE/HAZE,DAYLIGHT,NOT DIVIDED,DRY,"RUT, HOLES",9,3,4
Tata Harrier,NO CONTROLS,FOG/SMOKE/HAZE,DARKNESS,NOT DIVIDED,DRY,WORN SURFACE,19,6,1
Volkswagen Virtus,NO CONTROLS,CLOUDY/OVERCAST,"DARKNESS, LIGHTED ROAD",NOT DIVIDED,DRY,WORN SURFACE,23,7,1
Hyundai Creta,NO CONTROLS,CLOUDY/OVERCAST,"DARKNESS, LIGHTED ROAD",NOT DIVIDED,OTHER,NO DEFECTS,18,6,12
Hyundai i20,STOP SIGN/FLASHER,RAIN,DAYLIGHT,NOT DIVIDED,DRY,"RUT, HOLES",16,2,7
Maruti Suzuki Swift,STOP SIGN/FLASHER,CLEAR,DARKNESS,DIVIDED - W/MEDIAN BARRIER,DRY,NO DEFECTS,4,3,6
Tata Punch,NO CONTROLS,CLEAR,DAWN,OTHER,DRY,WORN SURFACE,18,4,10
Hyundai Venue,NO CONTROLS,CLEAR,DAYLIGHT,FOUR WAY,DRY,NO DEFECTS,17,5,10
Toyota Fortuner,NO CONTROLS,RAIN,DUSK,T-INTERSECTION,WET,WORN SURFACE,18,5,6
Kia Seltos,STOP SIGN/FLASHER,RAIN,DUSK,DIVIDED - W/MEDIAN (NOT RAISED),DRY,"RUT, HOLES",6,6,9
Hyundai Verna,NO CONTROLS,OTHER,DARKNESS,NOT DIVIDED,WET,WORN SURFACE,17,7,10
Honda Amaze,NO CONTROLS,RAIN,DAYLIGHT,T-INTERSECTION,WET,UNKNOWN,10,1,8
Hyundai Verna,STOP SIGN/FLASHER,CLEAR,DAYLIGHT,DRIVEWAY,"SAND, MUD, DIRT",DEBRIS ON ROADWAY,18,3,2
Honda City,STOP SIGN/FLASHER,FOG/SMOKE/HAZE,DUSK,NOT DIVIDED,DRY,"RUT, HOLES",6,3,11
Honda City,NO CONTROLS,RAIN,DAYLIGHT,NOT REPORTED,WET,DEBRIS ON ROADWAY,17,1,8
Renault Kiger,NO CONTROLS,CLEAR,"DARKNESS, LIGHTED ROAD",DRIVEWAY,WET,NO DEFECTS,10,4,5
Honda City,TRAFFIC SIGNAL,UNKNOWN,UNKNOWN,NOT DIVIDED,DRY,NO DEFECTS,0,3,7
Skoda Slavia,YIELD,CLEAR,DAYLIGHT,UNKNOWN INTERSECTION TYPE,DRY,"RUT, HOLES",16,5,1
Kia Sonet,NO CONTROLS,CLOUDY/OVERCAST,DUSK,FOUR WAY,DRY,OTHER,6,1,2
Mahindra Thar,NO CONTROLS,UNKNOWN,DAYLIGHT,NOT DIVIDED,DRY,WORN SURFACE,17,4,9
Hyundai i20,TRAFFIC SIGNAL,CLEAR,DARKNESS,NOT DIVIDED,DRY,NO DEFECTS,21,5,1
Hyundai Venue,OTHER REG. SIGN,CLEAR,DARKNESS,FOUR WAY,DRY,"RUT, HOLES",22,6,7
Skoda Slavia,NO CONTROLS,CLOUDY/OVERCAST,DAYLIGHT,OTHER,DRY,NO DEFECTS,8,6,7
Tata Altroz,TRAFFIC SIGNAL,FOG/SMOKE/HAZE,DUSK,NOT DIVIDED,DRY,"RUT, HOLES",18,4,1
Tata Punch,STOP SIGN/FLASHER,FOG/SMOKE/HAZE,DAYLIGHT,DIVIDED - W/MEDIAN (NOT RAISED),DRY,NO DEFECTS,7,3,12
Maruti Suzuki Wagon R,NO CONTROLS,SLEET/HAIL,DARKNESS,FOUR WAY,WET,NO DEFECTS,21,1,4
Maruti Suzuki Swift,TRAFFIC SIGNAL,RAIN,DARKNESS,NOT DIVIDED,WET,NO DEFECTS,18,1,5
Maruti Suzuki Wagon R,STOP SIGN/FLASHER,CLOUDY/OVERCAST,"DARKNESS, LIGHTED ROAD",ALLEY,"SAND, MUD, DIRT",WORN SURFACE,3,7,5
Maruti Suzuki Wagon R,NO CONTROLS,CLEAR,DAYLIGHT,"FIVE POINT, OR MORE","SAND, MUD, DIRT","RUT, HOLES",12,6,4
Nissan Magnite,NO CONTROLS,CLOUDY/OVERCAST,DAYLIGHT,FOUR WAY,DRY,NO DEFECTS,11,1,1
Hyundai i20,YIELD,RAIN,DUSK,NOT DIVIDED,"SAND, MUD, DIRT",NO DEFECTS,18,7,9
Maruti Suzuki Baleno,YIELD,FOG/SMOKE/HAZE,DAYLIGHT,UNKNOWN INTERSECTION TYPE,DRY,WORN SURFACE,8,5,12
Hyundai i20,NO CONTROLS,FOG/SMOKE/HAZE,DAYLIGHT,ONE-WAY,DRY,OTHER,16,6,4
Kia Sonet,TRAFFIC SIGNAL,RAIN,DAYLIGHT,NOT DIVIDED,WET,SHOULDER DEFECT,16,4,8
Honda Amaze,NO CONTROLS,UNKNOWN,DARKNESS,FOUR WAY,WET,NO DEFECTS,23,2,9
Kia Sonet,TRAFFIC SIGNAL,CLOUDY/OVERCAST,"DARKNESS, LIGHTED ROAD",NOT DIVIDED,DRY,NO DEFECTS,21,3,11
Maruti Suzuki Swift,OTHER,CLOUDY/OVERCAST,DAYLIGHT,NOT DIVIDED,DRY,NO DEFECTS,13,4,7
Tata Harrier,NO CONTROLS,CLEAR,DAYLIGHT,NOT DIVIDED,DRY,NO DEFECTS,18,6,5
Honda Amaze,NO CONTROLS,CLOUDY/OVERCAST,"DARKNESS, LIGHTED ROAD",NOT DIVIDED,DRY,"RUT, HOLES",19,6,6
Tata Altroz,TRAFFIC SIGNAL,RAIN,"DARKNESS, LIGHTED ROAD",Y-INTERSECTION,WET,NO DEFECTS,21,6,9
Tata Punch,TRAFFIC SIGNAL,FOG/SMOKE/HAZE,DARKNESS,NOT DIVIDED,WET,DEBRIS ON ROADWAY,5,4,10
Tata Harrier,NO CONTROLS,CLEAR,DAYLIGHT,T-INTERSECTION,DRY,WORN SURFACE,10,5,3
Tata Altroz,TRAFFIC SIGNAL,RAIN,DAYLIGHT,TRAFFIC ROUTE,WET,NO DEFECTS,10,3,6
Tata Punch,PEDESTRIAN CROSSING SIGN,OTHER,DAYLIGHT,FOUR WAY,DRY,"RUT, HOLES",13,7,11
Mahindra XUV700,STOP SIGN/FLASHER,CLEAR,DUSK,DIVIDED - W/MEDIAN BARRIER,"SAND, MUD, DIRT","RUT, HOLES",7,2,10
Maruti Suzuki Wagon R,NO CONTROLS,CLEAR,DAYLIGHT,ALLEY,DRY,"RUT, HOLES",14,6,12
Tata Altroz,STOP SIGN/FLASHER,UNKNOWN,DAYLIGHT,T-INTERSECTION,DRY,SHOULDER DEFECT,17,2,9
Toyota Fortuner,TRAFFIC SIGNAL,RAIN,"DARKNESS, LIGHTED ROAD",FOUR WAY,WET,NO DEFECTS,14,3,6
Mahindra Scorpio,NO CONTROLS,RAIN,DAYLIGHT,NOT DIVIDED,DRY,WORN SURFACE,17,6,8
Maruti Suzuki Swift,NO CONTROLS,RAIN,DARKNESS,DIVIDED - W/MEDIAN (NOT RAISED),WET,NO DEFECTS,3,6,8
Kia Sonet,NO CONTROLS,CLEAR,"DARKNESS, LIGHTED ROAD",NOT DIVIDED,DRY,"RUT, HOLES",20,1,1
Tata Altroz,NO CONTROLS,CLEAR,"DARKNESS, LIGHTED ROAD",DIVIDED - W/MEDIAN (NOT RAISED),DRY,"RUT, HOLES",21,6,8
Mahindra Thar,TRAFFIC SIGNAL,RAIN,DAYLIGHT,NOT DIVIDED,WET,NO DEFECTS,16,2,9
Hyundai Creta,NO CONTROLS,CLEAR,"DARKNESS, LIGHTED ROAD",CENTER TURN LANE,DRY,NO DEFECTS,20,7,3
Hyundai Creta,TRAFFIC SIGNAL,CLEAR,DUSK,ALLEY,DRY,NO DEFECTS,6,5,10
Renault Kiger,NO CONTROLS,CLEAR,"DARKNESS, LIGHTED ROAD",NOT DIVIDED,DRY,NO DEFECTS,19,1,8
Tata Altroz,OTHER WARNING SIGN,FOG/SMOKE/HAZE,DAWN,DIVIDED - W/MEDIAN (NOT RAISED),DRY,"RUT, HOLES",5,2,12
Maruti Suzuki Brezza,STOP SIGN/FLASHER,RAIN,DAYLIGHT,TRAFFIC ROUTE,WET,UNKNOWN,12,2,1
Maruti Suzuki Swift,NO CONTROLS,CLOUDY/OVERCAST,DAYLIGHT,FOUR WAY,WET,NO DEFECTS,10,2,5
Tata Altroz,TRAFFIC SIGNAL,RAIN,DAYLIGHT,ONE-WAY,WET,NO DEFECTS,16,5,8
Volkswagen Virtus,NO CONTROLS,UNKNOWN,DAYLIGHT,NOT DIVIDED,UNKNOWN,NO DEFECTS,10,2,5
Mahindra Scorpio,STOP SIGN/FLASHER,OTHER,DAYLIGHT,NOT DIVIDED,UNKNOWN,NO DEFECTS,16,4,9
Skoda Slavia,UNKNOWN,CLEAR,DAYLIGHT,NOT DIVIDED,"SAND, MUD, DIRT",NO DEFECTS,11,2,9
Honda Amaze,STOP SIGN/FLASHER,CLOUDY/OVERCAST,"DARKNESS, LIGHTED ROAD",NOT DIVIDED,OTHER,"RUT, HOLES",20,5,2
Mahindra Scorpio,TRAFFIC SIGNAL,RAIN,DAYLIGHT,CENTER TURN LANE,WET,SHOULDER DEFECT,16,5,7
Mahindra XUV700,NO CONTROLS,CLOUDY/OVERCAST,DAYLIGHT,NOT DIVIDED,WET,SHOULDER DEFECT,8,5,7
Hyundai Verna,TRAFFIC SIGNAL,RAIN,DAYLIGHT,NOT DIVIDED,WET,NO DEFECTS,11,7,6
Volkswagen Virtus,NO CONTROLS,FOG/SMOKE/HAZE,DARKNESS,ONE-WAY,WET,NO DEFECTS,19,4,12
Mahindra XUV700,OTHER,FOG/SMOKE/HAZE,DAYLIGHT,DIVIDED - W/MEDIAN (NOT RAISED),DRY,"RUT, HOLES",8,2,10
Mahindra Thar,NO CONTROLS,RAIN,DAYLIGHT,NOT DIVIDED,WET,NO DEFECTS,15,7,9
Toyota Innova,NO CONTROLS,OTHER,DARKNESS,Y-INTERSECTION,OTHER,WORN SURFACE,17,1,9
Tata Nexon,UNKNOWN,RAIN,DAYLIGHT,DIVIDED - W/MEDIAN BARRIER,WET,"RUT, HOLES",11,6,7
Honda Amaze,NO CONTROLS,CLEAR,DAYLIGHT,NOT REPORTED,WET,NO DEFECTS,10,2,12
Tata Nexon,NO CONTROLS,RAIN,DAYLIGHT,FOUR WAY,WET,NO DEFECTS,14,5,9
Tata Altroz,STOP SIGN/FLASHER,RAIN,DAYLIGHT,T-INTERSECTION,WET,DEBRIS ON ROADWAY,8,4,9
Nissan Magnite,FLASHING CONTROL SIGNAL,FREEZING RAIN/DRIZZLE,DAYLIGHT,NOT DIVIDED,WET,"RUT, HOLES",9,6,11
Maruti Suzuki Baleno,TRAFFIC SIGNAL,CLEAR,DARKNESS,NOT DIVIDED,DRY,WORN SURFACE,3,6,5
Tata Punch,NO CONTROLS,CLOUDY/OVERCAST,DAYLIGHT,NOT DIVIDED,OTHER,NO DEFECTS,10,2,10
Maruti Suzuki Wagon R,TRAFFIC SIGNAL,RAIN,DAYLIGHT,FOUR WAY,UNKNOWN,WORN SURFACE,10,5,3
Maruti Suzuki Wagon R,STOP SIGN/FLASHER,RAIN,"DARKNESS, LIGHTED ROAD",NOT DIVIDED,DRY,NO DEFECTS,22,2,6
Mahindra Scorpio,OTHER WARNING SIGN,OTHER,DAYLIGHT,CENTER TURN LANE,"SAND, MUD, DIRT",WORN SURFACE,16,2,6
Honda City,TRAFFIC SIGNAL,CLEAR,DUSK,T-INTERSECTION,DRY,WORN SURFACE,18,1,12
Kia Seltos,STOP SIGN/FLASHER,CLOUDY/OVERCAST,UNKNOWN,NOT DIVIDED,DRY,NO DEFECTS,1,1,11
Honda City,STOP SIGN/FLASHER,RAIN,"DARKNESS, LIGHTED ROAD",NOT DIVIDED,WET,NO DEFECTS,5,6,9
Volkswagen Virtus,TRAFFIC SIGNAL,UNKNOWN,DARKNESS,T-INTERSECTION,DRY,"RUT, HOLES",19,7,9
Tata Punch,TRAFFIC SIGNAL,UNKNOWN,DARKNESS,DIVIDED - W/MEDIAN BARRIER,DRY,"RUT, HOLES",16,6,8
Tata Altroz,NO CONTROLS,CLEAR,DAWN,OTHER,DRY,"RUT, HOLES",8,6,12
Maruti Suzuki Wagon R,NO CONTROLS,RAIN,DAYLIGHT,FOUR WAY,WET,"RUT, HOLES",12,6,7
Volkswagen Virtus,NO CONTROLS,RAIN,DAYLIGHT,NOT DIVIDED,WET,WORN SURFACE,15,7,6
Hyundai Venue,STOP SIGN/FLASHER,CLOUDY/OVERCAST,DARKNESS,DIVIDED - W/MEDIAN BARRIER,DRY,"RUT, HOLES",19,3,3
Skoda Slavia,NO CONTROLS,CLEAR,DARKNESS,ONE-WAY,DRY,"RUT, HOLES",2,5,10
Tata Punch,NO CONTROLS,OTHER,DAYLIGHT,DIVIDED - W/MEDIAN BARRIER,"SAND, MUD, DIRT",NO DEFECTS,16,2,9
Toyota Innova,PEDESTRIAN CROSSING SIGN,RAIN,DAYLIGHT,NOT DIVIDED,WET,NO DEFECTS,17,5,6
Volkswagen Virtus,NO CONTROLS,FOG/SMOKE/HAZE,DARKNESS,T-INTERSECTION,DRY,"RUT, HOLES",22,2,1
Toyota Fortuner,LANE USE MARKING,CLOUDY/OVERCAST,DARKNESS,TRAFFIC ROUTE,"SAND, MUD, DIRT",WORN SURFACE,19,1,11
Tata Punch,OTHER,FOG/SMOKE/HAZE,DARKNESS,NOT DIVIDED,DRY,WORN SURFACE,7,1,1
Maruti Suzuki Brezza,TRAFFIC SIGNAL,RAIN,DAYLIGHT,T-INTERSECTION,WET,WORN SURFACE,17,7,9
Toyota Innova,NO CONTROLS,CLOUDY/OVERCAST,DUSK,NOT DIVIDED,WET,"RUT, HOLES",18,1,12
Maruti Suzuki Wagon R,NO CONTROLS,RAIN,DUSK,NOT DIVIDED,WET,NO DEFECTS,18,6,7
Hyundai Creta,FLASHING CONTROL SIGNAL,CLOUDY/OVERCAST,DARKNESS,NOT DIVIDED,DRY,"RUT, HOLES",19,7,4
Maruti Suzuki Swift,OTHER,CLOUDY/OVERCAST,DAYLIGHT,ALLEY,DRY,NO DEFECTS,21,4,9
Mahindra XUV700,UNKNOWN,CLOUDY/OVERCAST,DARKNESS,NOT DIVIDED,DRY,"RUT, HOLES",5,6,10
Hyundai Venue,NO PASSING,CLEAR,"DARKNESS, LIGHTED ROAD",PARKING LOT,DRY,NO DEFECTS,5,3,8
Honda Amaze,NO CONTROLS,FOG/SMOKE/HAZE,DAWN,ONE-WAY,DRY,NO DEFECTS,18,5,12
Hyundai Creta,STOP SIGN/FLASHER,RAIN,DAYLIGHT,NOT DIVIDED,"SAND, MUD, DIRT","RUT, HOLES",9,7,1
Tata Harrier,TRAFFIC SIGNAL,RAIN,DARKNESS,NOT DIVIDED,WET,NO DEFECTS,2,1,7
Maruti Suzuki Baleno,NO CONTROLS,RAIN,DAYLIGHT,NOT DIVIDED,WET,"RUT, HOLES",12,3,9
Mahindra Scorpio,STOP SIGN/FLASHER,FOG/SMOKE/HAZE,DUSK,Y-INTERSECTION,DRY,"RUT, HOLES",18,1,11
Hyundai Verna,NO CONTROLS,CLEAR,DUSK,NOT DIVIDED,"SAND, MUD, DIRT",WORN SURFACE,6,4,3
Honda Amaze,NO CONTROLS,RAIN,DAYLIGHT,DIVIDED - W/MEDIAN (NOT RAISED),WET,NO DEFECTS,17,6,10
Hyundai i20,NO CONTROLS,FOG/SMOKE/HAZE,DARKNESS,NOT DIVIDED,DRY,NO DEFECTS,0,7,8
Maruti Suzuki Swift,NO CONTROLS,CLEAR,DAYLIGHT,NOT DIVIDED,DRY,WORN SURFACE,6,2,6
Skoda Slavia,STOP SIGN/FLASHER,UNKNOWN,DAYLIGHT,T-INTERSECTION,DRY,NO DEFECTS,11,1,2
Maruti Suzuki Baleno,STOP SIGN/FLASHER,CLEAR,"DARKNESS, LIGHTED ROAD",NOT DIVIDED,DRY,DEBRIS ON ROADWAY,4,2,11
Kia Sonet,NO CONTROLS,CLEAR,DARKNESS,NOT DIVIDED,DRY,NO DEFECTS,19,7,3
Toyota Innova,TRAFFIC SIGNAL,CLOUDY/OVERCAST,DARKNESS,NOT DIVIDED,DRY,"RUT, HOLES",20,3,6
Volkswagen Virtus,OTHER,CLOUDY/OVERCAST,DAWN,NOT DIVIDED,DRY,NO DEFECTS,18,3,5
Mahindra Scorpio,NO CONTROLS,CLEAR,DAYLIGHT,ONE-WAY,DRY,NO DEFECTS,8,6,11
Mahindra Thar,NO CONTROLS,CLEAR,DAYLIGHT,FOUR WAY,DRY,DEBRIS ON ROADWAY,15,1,9
Mahindra Thar,NO CONTROLS,CLOUDY/OVERCAST,DAYLIGHT,T-INTERSECTION,DRY,"RUT, HOLES",7,3,10
Hyundai i20,TRAFFIC SIGNAL,CLOUDY/OVERCAST,DARKNESS,NOT DIVIDED,DRY,WORN SURFACE,9,2,5
Nissan Magnite,STOP SIGN/FLASHER,RAIN,DAYLIGHT,NOT DIVIDED,"SAND, MUD, DIRT",NO DEFECTS,14,7,8
Hyundai Creta,STOP SIGN/FLASHER,CLEAR,DUSK,ONE-WAY,DRY,DEBRIS ON ROADWAY,18,3,8
Nissan Magnite,NO CONTROLS,CLEAR,DAWN,NOT DIVIDED,OTHER,"RUT, HOLES",5,3,10
Volkswagen Virtus,NO CONTROLS,CLEAR,DAYLIGHT,NOT DIVIDED,DRY,NO DEFECTS,10,5,11
Renault Kiger,UNKNOWN,FOG/SMOKE/HAZE,"DARKNESS, LIGHTED ROAD",NOT DIVIDED,DRY,NO DEFECTS,20,1,1
Maruti Suzuki Swift,NO CONTROLS,RAIN,DAYLIGHT,NOT DIVIDED,DRY,NO DEFECTS,13,5,9
Toyota Fortuner,STOP SIGN/FLASHER,CLEAR,DARKNESS,FOUR WAY,DRY,NO DEFECTS,21,4,1
Maruti Suzuki Brezza,NO CONTROLS,RAIN,"DARKNESS, LIGHTED ROAD",NOT DIVIDED,WET,DEBRIS ON ROADWAY,23,2,8
Maruti Suzuki Wagon R,NO CONTROLS,FOG/SMOKE/HAZE,DAWN,NOT DIVIDED,DRY,NO DEFECTS,9,4,5
Mahindra Thar,STOP SIGN/FLASHER,CLEAR,DAYLIGHT,FOUR WAY,DRY,NO DEFECTS,9,7,5
Maruti Suzuki Wagon R,STOP SIGN/FLASHER,CLEAR,"DARKNESS, LIGHTED ROAD",Y-INTERSECTION,"SAND, MUD, DIRT",NO DEFECTS,19,6,6
Toyota Fortuner,NO CONTROLS,RAIN,DAYLIGHT,NOT DIVIDED,WET,NO DEFECTS,7,7,8
Mahindra XUV700,NO CONTROLS,SLEET/HAIL,DAYLIGHT,NOT DIVIDED,OTHER,NO DEFECTS,9,7,6
Maruti Suzuki Baleno,TRAFFIC SIGNAL,RAIN,DAWN,NOT DIVIDED,OTHER,NO DEFECTS,18,6,9
Maruti Suzuki Baleno,NO CONTROLS,FOG/SMOKE/HAZE,DAYLIGHT,DIVIDED - W/MEDIAN (NOT RAISED),DRY,NO DEFECTS,8,3,6
Kia Seltos,TRAFFIC SIGNAL,FOG/SMOKE/HAZE,DUSK,NOT DIVIDED,DRY,"RUT, HOLES",6,6,1
Tata Harrier,UNKNOWN,CLEAR,DAYLIGHT,NOT DIVIDED,DRY,NO DEFECTS,17,4,10
Honda City,STOP SIGN/FLASHER,RAIN,"DARKNESS, LIGHTED ROAD",NOT DIVIDED,WET,DEBRIS ON ROADWAY,18,4,5
Tata Nexon,NO CONTROLS,UNKNOWN,DUSK,ONE-WAY,DRY,"RUT, HOLES",6,7,7
Maruti Suzuki Wagon R,TRAFFIC SIGNAL,RAIN,DAYLIGHT,NOT DIVIDED,WET,"RUT, HOLES",9,2,9
Tata Punch,STOP SIGN/FLASHER,CLEAR,DAYLIGHT,OTHER,DRY,DEBRIS ON ROADWAY,8,3,6
Mahindra Thar,PEDESTRIAN CROSSING SIGN,CLEAR,DAYLIGHT,NOT DIVIDED,WET,"RUT, HOLES",12,7,1
Maruti Suzuki Brezza,TRAFFIC SIGNAL,RAIN,DAWN,FOUR WAY,WET,"RUT, HOLES",18,6,6
Mahindra Thar,STOP SIGN/FLASHER,FOG/SMOKE/HAZE,DAYLIGHT,UNKNOWN,DRY,NO DEFECTS,17,1,12
Nissan Magnite,STOP SIGN/FLASHER,FOG/SMOKE/HAZE,DAYLIGHT,"FIVE POINT, OR MORE",DRY,WORN SURFACE,15,1,8
Mahindra Scorpio,NO CONTROLS,RAIN,DARKNESS,NOT DIVIDED,"SAND, MUD, DIRT",NO DEFECTS,0,5,9
Maruti Suzuki Swift,NO CONTROLS,CLEAR,DAWN,NOT DIVIDED,"SAND, MUD, DIRT","RUT, HOLES",7,6,8
Tata Harrier,STOP SIGN/FLASHER,CLOUDY/OVERCAST,DAYLIGHT,ALLEY,DRY,"RUT, HOLES",8,6,3
Tata Nexon,STOP SIGN/FLASHER,RAIN,DAYLIGHT,NOT DIVIDED,OTHER,"RUT, HOLES",9,4,7
Nissan Magnite,STOP SIGN/FLASHER,RAIN,DAYLIGHT,CENTER TURN LANE,WET,WORN SURFACE,7,2,9
Maruti Suzuki Wagon R,TRAFFIC SIGNAL,RAIN,DAYLIGHT,T-INTERSECTION,"SAND, MUD, DIRT",NO DEFECTS,12,6,2
Tata Nexon,NO CONTROLS,CLEAR,DAWN,UNKNOWN INTERSECTION TYPE,DRY,NO DEFECTS,4,7,5
Hyundai Venue,NO CONTROLS,CLEAR,DARKNESS,FOUR WAY,DRY,"RUT, HOLES",18,4,5
Toyota Fortuner,NO CONTROLS,RAIN,DUSK,DRIVEWAY,WET,DEBRIS ON ROADWAY,18,2,7
Maruti Suzuki Baleno,TRAFFIC SIGNAL,CLEAR,DAYLIGHT,NOT DIVIDED,DRY,WORN SURFACE,15,5,12
Mahindra XUV700,NO CONTROLS,FOG/SMOKE/HAZE,DARKNESS,NOT DIVIDED,"SAND, MUD, DIRT",NO DEFECTS,5,1,1
Hyundai Creta,NO CONTROLS,RAIN,DARKNESS,NOT DIVIDED,WET,OTHER,20,5,7
Kia Sonet,NO CONTROLS,OTHER,DAWN,NOT DIVIDED,DRY,NO DEFECTS,22,2,3
Maruti Suzuki Baleno,TRAFFIC SIGNAL,FREEZING RAIN/DRIZZLE,DAYLIGHT,NOT DIVIDED,WET,UNKNOWN,8,4,12
Maruti Suzuki Wagon R,NO CONTROLS,CLEAR,DAYLIGHT,Y-INTERSECTION,DRY,NO DEFECTS,17,5,2
Mahindra XUV700,NO CONTROLS,CLEAR,"DARKNESS, LIGHTED ROAD",FOUR WAY,DRY,UNKNOWN,19,4,6
Hyundai i20,STOP SIGN/FLASHER,CLOUDY/OVERCAST,DAYLIGHT,T-INTERSECTION,OTHER,NO DEFECTS,15,6,9
Tata Nexon,TRAFFIC SIGNAL,CLOUDY/OVERCAST,DAYLIGHT,NOT DIVIDED,DRY,WORN SURFACE,10,3,9
Tata Harrier,TRAFFIC SIGNAL,RAIN,DAYLIGHT,PARKING LOT,WET,WORN SURFACE,14,2,7
Toyota Innova,NO CONTROLS,RAIN,DAYLIGHT,NOT DIVIDED,OTHER,WORN SURFACE,14,4,6
Maruti Suzuki Swift,TRAFFIC SIGNAL,RAIN,DAYLIGHT,NOT DIVIDED,WET,WORN SURFACE,12,7,6
Honda City,NO CONTROLS,RAIN,DARKNESS,ONE-WAY,WET,"RUT, HOLES",21,7,5
Maruti Suzuki Brezza,TRAFFIC SIGNAL,RAIN,"DARKNESS, LIGHTED ROAD",OTHER,WET,NO DEFECTS,18,3,4
Skoda Slavia,TRAFFIC SIGNAL,CLEAR,DAYLIGHT,NOT DIVIDED,DRY,NO DEFECTS,8,2,7
Hyundai Venue,STOP SIGN/FLASHER,CLOUDY/OVERCAST,DAYLIGHT,DIVIDED - W/MEDIAN (NOT RAISED),DRY,"RUT, HOLES",16,4,5
Hyundai Venue,NO CONTROLS,CLEAR,DAYLIGHT,NOT DIVIDED,DRY,"RUT, HOLES",17,5,5
Tata Harrier,TRAFFIC SIGNAL,SLEET/HAIL,DARKNESS,NOT DIVIDED,WET,NO DEFECTS,6,7,8
Nissan Magnite,NO CONTROLS,CLEAR,DAYLIGHT,DIVIDED - W/MEDIAN BARRIER,"SAND, MUD, DIRT",NO DEFECTS,11,5,12
Mahindra Thar,OTHER,RAIN,DARKNESS,ONE-WAY,WET,"RUT, HOLES",21,6,8
Volkswagen Virtus,TRAFFIC SIGNAL,FOG/SMOKE/HAZE,DAYLIGHT,NOT DIVIDED,"SAND, MUD, DIRT",WORN SURFACE,10,6,1
Renault Kiger,TRAFFIC SIGNAL,CLEAR,DAYLIGHT,NOT DIVIDED,DRY,SHOULDER DEFECT,8,1,1
Maruti Suzuki Baleno,TRAFFIC SIGNAL,RAIN,DUSK,NOT DIVIDED,WET,NO DEFECTS,6,7,12
Hyundai Venue,NO CONTROLS,CLOUDY/OVERCAST,DAYLIGHT,FOUR WAY,WET,DEBRIS ON ROADWAY,14,2,5
Maruti Suzuki Brezza,OTHER WARNING SIGN,FOG/SMOKE/HAZE,DAYLIGHT,CENTER TURN LANE,DRY,DEBRIS ON ROADWAY,9,3,1
Mahindra XUV700,TRAFFIC SIGNAL,RAIN,DAYLIGHT,T-INTERSECTION,WET,NO DEFECTS,11,7,8
Tata Nexon,STOP SIGN/FLASHER,RAIN,DAYLIGHT,DIVIDED - W/MEDIAN (NOT RAISED),WET,"RUT, HOLES",16,7,8
Renault Kiger,TRAFFIC SIGNAL,CLOUDY/OVERCAST,DAWN,NOT DIVIDED,"SAND, MUD, DIRT","RUT, HOLES",3,3,8
Tata Harrier,TRAFFIC SIGNAL,FOG/SMOKE/HAZE,DUSK,UNKNOWN INTERSECTION TYPE,DRY,"RUT, HOLES",6,3,5
Toyota Fortuner,TRAFFIC SIGNAL,CLOUDY/OVERCAST,DAYLIGHT,NOT DIVIDED,DRY,"RUT, HOLES",15,4,1
Skoda Slavia,NO CONTROLS,CLEAR,"DARKNESS, LIGHTED ROAD",NOT DIVIDED,DRY,"RUT, HOLES",3,4,12
Kia Sonet,NO CONTROLS,CLEAR,DARKNESS,NOT DIVIDED,WET,NO DEFECTS,20,6,5
Honda Amaze,TRAFFIC SIGNAL,CLOUDY/OVERCAST,DAYLIGHT,NOT DIVIDED,DRY,NO DEFECTS,7,6,9
Tata Nexon,TRAFFIC SIGNAL,CLEAR,DAYLIGHT,TRAFFIC ROUTE,DRY,NO DEFECTS,17,7,9
Hyundai i20,STOP SIGN/FLASHER,RAIN,DAYLIGHT,NOT DIVIDED,DRY,WORN SURFACE,12,6,8
Mahindra XUV700,NO CONTROLS,CLEAR,DAYLIGHT,T-INTERSECTION,WET,NO DEFECTS,12,3,6
Kia Seltos,UNKNOWN,CLEAR,DUSK,NOT DIVIDED,DRY,WORN SURFACE,18,3,5
Honda Amaze,NO CONTROLS,CLOUDY/OVERCAST,DAYLIGHT,NOT DIVIDED,DRY,NO DEFECTS,14,5,8
Honda City,TRAFFIC SIGNAL,FOG/SMOKE/HAZE,DAYLIGHT,T-INTERSECTION,DRY,NO DEFECTS,17,6,11
Honda City,NO CONTROLS,RAIN,DAYLIGHT,ONE-WAY,OTHER,SHOULDER DEFECT,14,1,12
Tata Nexon,NO CONTROLS,CLEAR,DAYLIGHT,NOT DIVIDED,DRY,NO DEFECTS,16,3,2
Nissan Magnite,TRAFFIC SIGNAL,CLEAR,DAYLIGHT,ONE-WAY,DRY,NO DEFECTS,18,2,3
Volkswagen Virtus,TRAFFIC SIGNAL,FOG/SMOKE/HAZE,DAYLIGHT,UNKNOWN INTERSECTION TYPE,DRY,UNKNOWN,12,4,12
Skoda Slavia,FLASHING CONTROL SIGNAL,RAIN,DAYLIGHT,UNKNOWN INTERSECTION TYPE,WET,"RUT, HOLES",16,2,9
Hyundai Venue,NO CONTROLS,FOG/SMOKE/HAZE,"DARKNESS, LIGHTED ROAD",NOT DIVIDED,WET,NO DEFECTS,18,5,11
Volkswagen Virtus,YIELD,FOG/SMOKE/HAZE,DARKNESS,NOT DIVIDED,DRY,NO DEFECTS,20,4,4
Maruti Suzuki Brezza,STOP SIGN/FLASHER,RAIN,DAYLIGHT,T-INTERSECTION,WET,SHOULDER DEFECT,12,4,8
Hyundai Venue,NO CONTROLS,RAIN,DAYLIGHT,FOUR WAY,OTHER,"RUT, HOLES",15,5,9
Kia Sonet,TRAFFIC SIGNAL,RAIN,DARKNESS,NOT DIVIDED,DRY,NO DEFECTS,4,4,9
Maruti Suzuki Brezza,NO CONTROLS,OTHER,DAYLIGHT,NOT DIVIDED,OTHER,DEBRIS ON ROADWAY,11,4,6
Maruti Suzuki Swift,YIELD,RAIN,DAYLIGHT,FOUR WAY,"SAND, MUD, DIRT","RUT, HOLES",12,5,1
Honda Amaze,NO CONTROLS,RAIN,"DARKNESS, LIGHTED ROAD",NOT DIVIDED,WET,UNKNOWN,19,1,8
Hyundai Verna,TRAFFIC SIGNAL,FOG/SMOKE/HAZE,DAYLIGHT,NOT DIVIDED,DRY,NO DEFECTS,9,4,5
Renault Kiger,NO CONTROLS,CLEAR,UNKNOWN,FOUR WAY,WET,"RUT, HOLES",18,2,7
Volkswagen Virtus,NO CONTROLS,CLEAR,DARKNESS,T-INTERSECTION,DRY,NO DEFECTS,0,1,12
Maruti Suzuki Wagon R,NO CONTROLS,CLOUDY/OVERCAST,DAYLIGHT,NOT DIVIDED,DRY,"RUT, HOLES",13,1,6
Toyota Innova,STOP SIGN/FLASHER,UNKNOWN,DARKNESS,DIVIDED - W/MEDIAN BARRIER,DRY,NO DEFECTS,21,2,11
Maruti Suzuki Baleno,NO CONTROLS,FREEZING RAIN/DRIZZLE,DAYLIGHT,NOT DIVIDED,OTHER,NO DEFECTS,8,4,3
Hyundai Creta,NO CONTROLS,RAIN,DAWN,NOT DIVIDED,WET,NO DEFECTS,1,5,9
Toyota Innova,NO CONTROLS,CLEAR,DAYLIGHT,TRAFFIC ROUTE,DRY,NO DEFECTS,13,6,12
Toyota Innova,STOP SIGN/FLASHER,CLEAR,DAYLIGHT,NOT DIVIDED,DRY,OTHER,17,5,2
Mahindra Scorpio,TRAFFIC SIGNAL,CLOUDY/OVERCAST,DAYLIGHT,NOT DIVIDED,"SAND, MUD, DIRT",NO DEFECTS,13,5,1
Toyota Fortuner,LANE USE MARKING,CLOUDY/OVERCAST,DAYLIGHT,NOT DIVIDED,OTHER,"RUT, HOLES",13,1,7
Mahindra Scorpio,STOP SIGN/FLASHER,RAIN,DAYLIGHT,NOT DIVIDED,WET,"RUT, HOLES",17,3,1
Tata Punch,NO CONTROLS,RAIN,DAYLIGHT,NOT DIVIDED,WET,"RUT, HOLES",9,6,9
Kia Sonet,UNKNOWN,FOG/SMOKE/HAZE,DAYLIGHT,"FIVE POINT, OR MORE",DRY,WORN SURFACE,17,3,12
Tata Punch,UNKNOWN,RAIN,"DARKNESS, LIGHTED ROAD",NOT DIVIDED,OTHER,WORN SURFACE,7,5,7
Tata Punch,NO CONTROLS,CLOUDY/OVERCAST,DAYLIGHT,NOT DIVIDED,DRY,OTHER,12,5,5
Kia Sonet,STOP SIGN/FLASHER,RAIN,DAYLIGHT,ALLEY,DRY,WORN SURFACE,17,3,7
Toyota Innova,TRAFFIC SIGNAL,RAIN,DARKNESS,NOT DIVIDED,WET,WORN SURFACE,19,5,9
Nissan Magnite,TRAFFIC SIGNAL,CLOUDY/OVERCAST,"DARKNESS, LIGHTED ROAD",T-INTERSECTION,DRY,"RUT, HOLES",19,1,1
Maruti Suzuki Baleno,TRAFFIC SIGNAL,RAIN,DAYLIGHT,NOT DIVIDED,WET,"RUT, HOLES",17,6,8
Mahindra Scorpio,STOP SIGN/FLASHER,RAIN,DAWN,UNKNOWN INTERSECTION TYPE,"SAND, MUD, DIRT","RUT, HOLES",11,1,8
Toyota Fortuner,NO CONTROLS,RAIN,DUSK,NOT DIVIDED,UNKNOWN,NO DEFECTS,6,1,8
Maruti Suzuki Baleno,TRAFFIC SIGNAL,CLEAR,DAYLIGHT,FOUR WAY,"SAND, MUD, DIRT",NO DEFECTS,8,7,4
Skoda Slavia,NO CONTROLS,RAIN,DARKNESS,DIVIDED - W/MEDIAN BARRIER,WET,NO DEFECTS,20,5,9
Skoda Slavia,STOP SIGN/FLASHER,CLEAR,UNKNOWN,NOT DIVIDED,DRY,NO DEFECTS,20,2,1
Maruti Suzuki Wagon R,STOP SIGN/FLASHER,CLOUDY/OVERCAST,DARKNESS,ONE-WAY,"SAND, MUD, DIRT","RUT, HOLES",22,5,3
Honda Amaze,TRAFFIC SIGNAL,FOG/SMOKE/HAZE,DARKNESS,ONE-WAY,DRY,NO DEFECTS,5,3,11
Nissan Magnite,NO CONTROLS,FOG/SMOKE/HAZE,DAYLIGHT,TRAFFIC ROUTE,OTHER,"RUT, HOLES",9,3,9
Mahindra Thar,STOP SIGN/FLASHER,CLEAR,DAYLIGHT,CENTER TURN LANE,DRY,DEBRIS ON ROADWAY,17,6,1
Hyundai Creta,NO CONTROLS,CLOUDY/OVERCAST,DAYLIGHT,NOT DIVIDED,OTHER,NO DEFECTS,17,4,4
Toyota Innova,TRAFFIC SIGNAL,FOG/SMOKE/HAZE,DAYLIGHT,FOUR WAY,"SAND, MUD, DIRT",NO DEFECTS,14,3,4
Tata Punch,TRAFFIC SIGNAL,RAIN,"DARKNESS, LIGHTED ROAD",CENTER TURN LANE,WET,NO DEFECTS,18,7,5
Hyundai Verna,TRAFFIC SIGNAL,OTHER,DARKNESS,NOT DIVIDED,DRY,SHOULDER DEFECT,11,2,4
Tata Nexon,NO CONTROLS,FOG/SMOKE/HAZE,DAYLIGHT,FOUR WAY,DRY,DEBRIS ON ROADWAY,6,2,1
Hyundai i20,STOP SIGN/FLASHER,RAIN,DAYLIGHT,NOT DIVIDED,WET,DEBRIS ON ROADWAY,8,1,7
Hyundai Venue,NO CONTROLS,CLEAR,DARKNESS,T-INTERSECTION,DRY,NO DEFECTS,0,1,9
Tata Nexon,TRAFFIC SIGNAL,RAIN,DAYLIGHT,ONE-WAY,WET,NO DEFECTS,11,2,8
Tata Altroz,NO CONTROLS,CLEAR,"DARKNESS, LIGHTED ROAD",T-INTERSECTION,DRY,OTHER,5,6,9
Kia Sonet,TRAFFIC SIGNAL,CLOUDY/OVERCAST,DAYLIGHT,DRIVEWAY,DRY,NO DEFECTS,10,6,1
Volkswagen Virtus,NO CONTROLS,CLEAR,DUSK,NOT DIVIDED,UNKNOWN,NO DEFECTS,16,6,12
Honda City,STOP SIGN/FLASHER,OTHER,"DARKNESS, LIGHTED ROAD",DIVIDED - W/MEDIAN (NOT RAISED),DRY,NO DEFECTS,20,5,11
Honda City,NO CONTROLS,FOG/SMOKE/HAZE,DARKNESS,NOT DIVIDED,"SAND, MUD, DIRT",OTHER,19,4,10
Skoda Slavia,STOP SIGN/FLASHER,FOG/SMOKE/HAZE,DAYLIGHT,UNKNOWN,DRY,NO DEFECTS,7,4,10
Honda City,STOP SIGN/FLASHER,FOG/SMOKE/HAZE,DAYLIGHT,CENTER TURN LANE,"SAND, MUD, DIRT",DEBRIS ON ROADWAY,6,7,12
Tata Harrier,STOP SIGN/FLASHER,RAIN,DAYLIGHT,PARKING LOT,WET,NO DEFECTS,8,3,8
Maruti Suzuki Swift,NO CONTROLS,CLEAR,DARKNESS,NOT REPORTED,WET,WORN SURFACE,22,7,3
Toyota Innova,NO CONTROLS,UNKNOWN,DARKNESS,ALLEY,WET,NO DEFECTS,15,3,8
Toyota Innova,TRAFFIC SIGNAL,RAIN,DAYLIGHT,UNKNOWN INTERSECTION TYPE,OTHER,NO DEFECTS,7,2,9
Tata Altroz,YIELD,CLEAR,"DARKNESS, LIGHTED ROAD",NOT DIVIDED,DRY,"RUT, HOLES",19,2,9
Hyundai Venue,TRAFFIC SIGNAL,RAIN,DAYLIGHT,NOT DIVIDED,WET,"RUT, HOLES",12,4,7
Mahindra Thar,OTHER,CLEAR,"DARKNESS, LIGHTED ROAD",Y-INTERSECTION,"SAND, MUD, DIRT","RUT, HOLES",21,7,1
Kia Sonet,LANE USE MARKING,RAIN,DAYLIGHT,T-INTERSECTION,WET,OTHER,9,2,6
Nissan Magnite,STOP SIGN/FLASHER,FOG/SMOKE/HAZE,DAYLIGHT,Y-INTERSECTION,DRY,NO DEFECTS,8,5,12
Tata Harrier,TRAFFIC SIGNAL,CLOUDY/OVERCAST,DAYLIGHT,ONE-WAY,DRY,NO DEFECTS,14,2,8
Mahindra Scorpio,NO CONTROLS,RAIN,DARKNESS,NOT DIVIDED,WET,"RUT, HOLES",20,6,7
Hyundai Creta,PEDESTRIAN CROSSING SIGN,RAIN,"DARKNESS, LIGHTED ROAD",CENTER TURN LANE,WET,DEBRIS ON ROADWAY,20,4,5
Renault Kiger,STOP SIGN/FLASHER,RAIN,DAYLIGHT,ONE-WAY,WET,WORN SURFACE,15,6,6
Maruti Suzuki Wagon R,TRAFFIC SIGNAL,CLEAR,DAYLIGHT,DIVIDED - W/MEDIAN (NOT RAISED),DRY,"RUT, HOLES",8,7,11
Nissan Magnite,NO CONTROLS,RAIN,DARKNESS,DIVIDED - W/MEDIAN (NOT RAISED),WET,WORN SURFACE,12,3,9
Hyundai Venue,STOP SIGN/FLASHER,CLOUDY/OVERCAST,DARKNESS,DIVIDED - W/MEDIAN (NOT RAISED),DRY,NO DEFECTS,23,7,10
Hyundai Venue,TRAFFIC SIGNAL,CLOUDY/OVERCAST,DAYLIGHT,NOT DIVIDED,"SAND, MUD, DIRT",NO DEFECTS,16,4,7
Maruti Suzuki Baleno,NO CONTROLS,UNKNOWN,DAYLIGHT,ONE-WAY,OTHER,"RUT, HOLES",18,7,8
Volkswagen Virtus,NO CONTROLS,CLEAR,DAYLIGHT,CENTER TURN LANE,DRY,WORN SURFACE,13,2,4
Nissan Magnite,TRAFFIC SIGNAL,RAIN,DAYLIGHT,NOT DIVIDED,"SAND, MUD, DIRT","RUT, HOLES",15,7,9
Honda Amaze,NO CONTROLS,CLEAR,DAYLIGHT,NOT DIVIDED,OTHER,"RUT, HOLES",13,3,7
Tata Punch,STOP SIGN/FLASHER,RAIN,DAWN,NOT DIVIDED,WET,"RUT, HOLES",17,6,7
Tata Punch,STOP SIGN/FLASHER,RAIN,DARKNESS,ONE-WAY,UNKNOWN,"RUT, HOLES",20,7,8
Toyota Innova,NO CONTROLS,CLOUDY/OVERCAST,DAYLIGHT,Y-INTERSECTION,DRY,DEBRIS ON ROADWAY,14,7,12
Honda City,NO CONTROLS,CLOUDY/OVERCAST,DAYLIGHT,NOT DIVIDED,"SAND, MUD, DIRT","RUT, HOLES",14,4,1
Renault Kiger,UNKNOWN,CLEAR,DAYLIGHT,NOT DIVIDED,WET,NO DEFECTS,11,3,10
Renault Kiger,NO CONTROLS,CLOUDY/OVERCAST,DAWN,OTHER,DRY,WORN SURFACE,7,5,5
Tata Altroz,NO CONTROLS,UNKNOWN,DARKNESS,NOT DIVIDED,WET,"RUT, HOLES",22,6,7
Hyundai Creta,NO CONTROLS,RAIN,DAYLIGHT,NOT DIVIDED,WET,WORN SURFACE,10,5,1
Maruti Suzuki Brezza,NO CONTROLS,CLEAR,DARKNESS,NOT DIVIDED,DRY,DEBRIS ON ROADWAY,19,7,5
Tata Harrier,STOP SIGN/FLASHER,OTHER,DAYLIGHT,CENTER TURN LANE,DRY,NO DEFECTS,17,1,7
Hyundai Verna,NO CONTROLS,RAIN,DARKNESS,NOT DIVIDED,DRY,"RUT, HOLES",19,5,1
Renault Kiger,STOP SIGN/FLASHER,CLEAR,DARKNESS,NOT DIVIDED,WET,"RUT, HOLES",21,5,7
Skoda Slavia,TRAFFIC SIGNAL,FOG/SMOKE/HAZE,DAYLIGHT,"FIVE POINT, OR MORE",DRY,NO DEFECTS,13,1,12
Renault Kiger,TRAFFIC SIGNAL,CLEAR,DAWN,NOT DIVIDED,DRY,SHOULDER DEFECT,20,1,2
Renault Kiger,STOP SIGN/FLASHER,RAIN,DAYLIGHT,T-INTERSECTION,WET,WORN SURFACE,7,5,9
Maruti Suzuki Wagon R,TRAFFIC SIGNAL,RAIN,DAYLIGHT,NOT DIVIDED,WET,WORN SURFACE,16,1,6
Tata Punch,TRAFFIC SIGNAL,RAIN,DARKNESS,T-INTERSECTION,"SAND, MUD, DIRT",WORN SURFACE,18,6,8
Tata Nexon,STOP SIGN/FLASHER,CLOUDY/OVERCAST,DAYLIGHT,NOT DIVIDED,"SAND, MUD, DIRT",NO DEFECTS,9,7,5
Hyundai Creta,NO CONTROLS,OTHER,DUSK,FOUR WAY,WET,WORN SURFACE,18,2,3
Volkswagen Virtus,NO CONTROLS,RAIN,DAYLIGHT,NOT DIVIDED,UNKNOWN,WORN SURFACE,18,6,3
Hyundai Verna,TRAFFIC SIGNAL,FOG/SMOKE/HAZE,"DARKNESS, LIGHTED ROAD",ONE-WAY,"SAND, MUD, DIRT",SHOULDER DEFECT,19,5,1
Toyota Innova,NO CONTROLS,CLEAR,DAYLIGHT,T-INTERSECTION,DRY,"RUT, HOLES",10,4,3
Mahindra XUV700,NO CONTROLS,RAIN,DAYLIGHT,UNKNOWN INTERSECTION TYPE,WET,"RUT, HOLES",17,5,9
Mahindra Scorpio,LANE USE MARKING,CLOUDY/OVERCAST,DAYLIGHT,NOT DIVIDED,DRY,NO DEFECTS,10,6,11
Honda City,TRAFFIC SIGNAL,CLEAR,DARKNESS,T-INTERSECTION,DRY,SHOULDER DEFECT,18,7,10
Maruti Suzuki Wagon R,NO CONTROLS,RAIN,DAYLIGHT,UNKNOWN,DRY,"RUT, HOLES",13,5,9
Kia Sonet,STOP SIGN/FLASHER,CLEAR,DAYLIGHT,NOT DIVIDED,DRY,"RUT, HOLES",16,6,2
Hyundai Verna,NO CONTROLS,CLEAR,DAYLIGHT,NOT DIVIDED,"SAND, MUD, DIRT",NO DEFECTS,12,5,5
Toyota Innova,NO CONTROLS,CLEAR,DAYLIGHT,ONE-WAY,DRY,"RUT, HOLES",7,5,6
Nissan Magnite,NO CONTROLS,CLEAR,DAYLIGHT,NOT DIVIDED,WET,NO DEFECTS,7,1,4
Tata Altroz,TRAFFIC SIGNAL,OTHER,DARKNESS,NOT DIVIDED,DRY,DEBRIS ON ROADWAY,4,2,7
Maruti Suzuki Wagon R,UNKNOWN,RAIN,UNKNOWN,DIVIDED - W/MEDIAN (NOT RAISED),WET,SHOULDER DEFECT,16,3,7
Maruti Suzuki Baleno,TRAFFIC SIGNAL,RAIN,DARKNESS,UNKNOWN INTERSECTION TYPE,WET,NO DEFECTS,19,5,6
Maruti Suzuki Baleno,NO CONTROLS,OTHER,DARKNESS,NOT DIVIDED,"SAND, MUD, DIRT","RUT, HOLES",0,1,6
Toyota Fortuner,NO CONTROLS,UNKNOWN,DARKNESS,NOT DIVIDED,"SAND, MUD, DIRT","RUT, HOLES",3,5,10
Maruti Suzuki Brezza,STOP SIGN/FLASHER,CLEAR,DAYLIGHT,NOT DIVIDED,WET,WORN SURFACE,13,1,10
Hyundai Verna,NO CONTROLS,RAIN,DAYLIGHT,Y-INTERSECTION,WET,WORN SURFACE,18,6,6
Mahindra Scorpio,TRAFFIC SIGNAL,CLEAR,DAYLIGHT,NOT DIVIDED,DRY,UNKNOWN,7,5,12
Toyota Fortuner,NO CONTROLS,FOG/SMOKE/HAZE,DAYLIGHT,NOT DIVIDED,"SAND, MUD, DIRT",NO DEFECTS,7,5,12
Maruti Suzuki Baleno,NO CONTROLS,CLOUDY/OVERCAST,DAYLIGHT,TRAFFIC ROUTE,DRY,NO DEFECTS,8,5,6
Maruti Suzuki Baleno,STOP SIGN/FLASHER,RAIN,DAYLIGHT,DIVIDED - W/MEDIAN (NOT RAISED),WET,"RUT, HOLES",12,7,6
Maruti Suzuki Swift,NO CONTROLS,RAIN,UNKNOWN,DIVIDED - W/MEDIAN BARRIER,WET,WORN SURFACE,8,7,7
Tata Harrier,TRAFFIC SIGNAL,CLEAR,DAYLIGHT,NOT DIVIDED,DRY,NO DEFECTS,11,6,12
Maruti Suzuki Swift,LANE USE MARKING,CLEAR,DAYLIGHT,NOT DIVIDED,DRY,NO DEFECTS,18,3,11
Mahindra XUV700,TRAFFIC SIGNAL,CLEAR,DAYLIGHT,CENTER TURN LANE,OTHER,WORN SURFACE,16,1,2
Tata Punch,TRAFFIC SIGNAL,SLEET/HAIL,DAWN,PARKING LOT,"SAND, MUD, DIRT",WORN SURFACE,4,3,6
Nissan Magnite,STOP SIGN/FLASHER,RAIN,DAYLIGHT,FOUR WAY,"SAND, MUD, DIRT",NO DEFECTS,16,6,8
Kia Seltos,NO CONTROLS,RAIN,DAYLIGHT,CENTER TURN LANE,WET,SHOULDER DEFECT,14,5,7
Hyundai Creta,NO CONTROLS,CLEAR,DARKNESS,OTHER,DRY,NO DEFECTS,21,6,3
Toyota Fortuner,TRAFFIC SIGNAL,FOG/SMOKE/HAZE,DAWN,DIVIDED - W/MEDIAN (NOT RAISED),UNKNOWN,NO DEFECTS,7,1,11
Maruti Suzuki Baleno,STOP SIGN/FLASHER,RAIN,DAYLIGHT,UNKNOWN INTERSECTION TYPE,WET,NO DEFECTS,18,2,9
Honda City,STOP SIGN/FLASHER,RAIN,DAYLIGHT,NOT DIVIDED,WET,DEBRIS ON ROADWAY,18,5,11
Mahindra XUV700,NO CONTROLS,CLEAR,DAYLIGHT,Y-INTERSECTION,DRY,WORN SURFACE,8,3,11
Maruti Suzuki Baleno,TRAFFIC SIGNAL,FOG/SMOKE/HAZE,DUSK,NOT DIVIDED,DRY,NO DEFECTS,20,3,9
Hyundai Verna,TRAFFIC SIGNAL,OTHER,DAYLIGHT,NOT DIVIDED,DRY,NO DEFECTS,14,4,7
Mahindra Scorpio,NO CONTROLS,RAIN,UNKNOWN,ONE-WAY,"SAND, MUD, DIRT",WORN SURFACE,17,6,8
Tata Punch,TRAFFIC SIGNAL,CLEAR,DAYLIGHT,UNKNOWN INTERSECTION TYPE,UNKNOWN,"RUT, HOLES",7,6,3
Hyundai i20,OTHER,RAIN,DAYLIGHT,NOT DIVIDED,WET,UNKNOWN,9,1,9
Honda City,NO CONTROLS,CLEAR,DAYLIGHT,DIVIDED - W/MEDIAN (NOT RAISED),DRY,WORN SURFACE,16,3,3
Mahindra Thar,STOP SIGN/FLASHER,CLOUDY/OVERCAST,DAYLIGHT,T-INTERSECTION,WET,NO DEFECTS,10,6,9
Toyota Innova,YIELD,CLEAR,DAYLIGHT,NOT DIVIDED,DRY,WORN SURFACE,14,7,4
Tata Altroz,STOP SIGN/FLASHER,UNKNOWN,DAWN,NOT DIVIDED,UNKNOWN,NO DEFECTS,12,7,2
Toyota Innova,TRAFFIC SIGNAL,CLEAR,DAYLIGHT,NOT DIVIDED,DRY,OTHER,16,2,3
Renault Kiger,NO CONTROLS,FOG/SMOKE/HAZE,DAYLIGHT,NOT DIVIDED,DRY,NO DEFECTS,8,1,1
Mahindra XUV700,NO CONTROLS,RAIN,DARKNESS,T-INTERSECTION,WET,NO DEFECTS,0,5,9
Hyundai i20,NO CONTROLS,CLOUDY/OVERCAST,DAYLIGHT,NOT DIVIDED,WET,"RUT, HOLES",17,4,9
Tata Altroz,OTHER REG. SIGN,RAIN,DAYLIGHT,DIVIDED - W/MEDIAN BARRIER,WET,NO DEFECTS,13,2,7
Hyundai Verna,NO CONTROLS,CLEAR,DAYLIGHT,DIVIDED - W/MEDIAN (NOT RAISED),DRY,NO DEFECTS,11,5,3
Maruti Suzuki Swift,YIELD,FOG/SMOKE/HAZE,DARKNESS,ALLEY,DRY,"RUT, HOLES",5,2,1
Hyundai i20,NO CONTROLS,RAIN,DAYLIGHT,DIVIDED - W/MEDIAN (NOT RAISED),WET,"RUT, HOLES",8,3,1
Hyundai Venue,NO CONTROLS,CLEAR,DAYLIGHT,NOT DIVIDED,DRY,"RUT, HOLES",8,6,3
Honda City,NO CONTROLS,SLEET/HAIL,"DARKNESS, LIGHTED ROAD",NOT DIVIDED,"SAND, MUD, DIRT",SHOULDER DEFECT,21,6,11
Kia Seltos,STOP SIGN/FLASHER,CLEAR,DAYLIGHT,NOT DIVIDED,DRY,"RUT, HOLES",13,5,4
Maruti Suzuki Baleno,NO CONTROLS,RAIN,"DARKNESS, LIGHTED ROAD",NOT DIVIDED,WET,DEBRIS ON ROADWAY,1,7,6
Maruti Suzuki Swift,PEDESTRIAN CROSSING SIGN,CLEAR,DUSK,NOT DIVIDED,WET,NO DEFECTS,6,1,2
Skoda Slavia,OTHER,CLEAR,DARKNESS,DIVIDED - W/MEDIAN (NOT RAISED),DRY,NO DEFECTS,4,6,4
Maruti Suzuki Wagon R,NO CONTROLS,CLOUDY/OVERCAST,DAYLIGHT,OTHER,"SAND, MUD, DIRT","RUT, HOLES",16,1,7
Renault Kiger,TRAFFIC SIGNAL,RAIN,DAYLIGHT,NOT DIVIDED,DRY,NO DEFECTS,7,2,8
Maruti Suzuki Baleno,STOP SIGN/FLASHER,CLEAR,DAYLIGHT,NOT DIVIDED,DRY,NO DEFECTS,14,4,4
Nissan Magnite,FLASHING CONTROL SIGNAL,CLOUDY/OVERCAST,DAWN,Y-INTERSECTION,"SAND, MUD, DIRT",DEBRIS ON ROADWAY,11,1,1
Toyota Innova,NO CONTROLS,OTHER,DARKNESS,T-INTERSECTION,DRY,"RUT, HOLES",19,4,6
Hyundai Verna,STOP SIGN/FLASHER,CLOUDY/OVERCAST,DAYLIGHT,NOT DIVIDED,WET,NO DEFECTS,10,1,4
Kia Sonet,NO CONTROLS,CLEAR,DAYLIGHT,NOT DIVIDED,"SAND, MUD, DIRT",WORN SURFACE,13,5,4
Hyundai Creta,TRAFFIC SIGNAL,FOG/SMOKE/HAZE,DAYLIGHT,NOT DIVIDED,"SAND, MUD, DIRT",NO DEFECTS,17,3,12
Tata Nexon,NO CONTROLS,RAIN,DAYLIGHT,NOT DIVIDED,WET,"RUT, HOLES",13,1,8
Mahindra Thar,TRAFFIC SIGNAL,RAIN,"DARKNESS, LIGHTED ROAD",ALLEY,WET,NO DEFECTS,19,6,8
Hyundai Venue,LANE USE MARKING,SLEET/HAIL,DAYLIGHT,FOUR WAY,WET,NO DEFECTS,17,3,7
Hyundai i20,STOP SIGN/FLASHER,RAIN,DAYLIGHT,OTHER,DRY,NO DEFECTS,12,4,7
Toyota Fortuner,STOP SIGN/FLASHER,CLEAR,DAYLIGHT,DIVIDED - W/MEDIAN BARRIER,OTHER,DEBRIS ON ROADWAY,14,3,8
Skoda Slavia,STOP SIGN/FLASHER,RAIN,DARKNESS,NOT DIVIDED,WET,NO DEFECTS,22,1,9
Honda City,NO CONTROLS,CLOUDY/OVERCAST,DAYLIGHT,NOT DIVIDED,DRY,"RUT, HOLES",17,4,9
Hyundai Creta,STOP SIGN/FLASHER,CLEAR,DARKNESS,UNKNOWN,"SAND, MUD, DIRT",NO DEFECTS,21,5,3
Maruti Suzuki Brezza,STOP SIGN/FLASHER,CLEAR,"DARKNESS, LIGHTED ROAD",NOT DIVIDED,DRY,NO DEFECTS,7,7,7
Maruti Suzuki Baleno,OTHER RAILROAD CROSSING,RAIN,DAYLIGHT,NOT DIVIDED,WET,"RUT, HOLES",14,6,6
Renault Kiger,NO CONTROLS,OTHER,"DARKNESS, LIGHTED ROAD",NOT DIVIDED,DRY,"RUT, HOLES",21,1,11
Tata Punch,NO CONTROLS,CLEAR,DAYLIGHT,DIVIDED - W/MEDIAN (NOT RAISED),DRY,WORN SURFACE,10,2,8
Kia Sonet,NO CONTROLS,CLOUDY/OVERCAST,DARKNESS,NOT DIVIDED,UNKNOWN,DEBRIS ON ROADWAY,22,1,7
Tata Altroz,STOP SIGN/FLASHER,CLEAR,DARKNESS,NOT DIVIDED,UNKNOWN,NO DEFECTS,5,1,2
Renault Kiger,NO CONTROLS,RAIN,DARKNESS,NOT DIVIDED,WET,NO DEFECTS,21,4,8
Tata Harrier,PEDESTRIAN CROSSING SIGN,CLEAR,DAYLIGHT,NOT DIVIDED,UNKNOWN,DEBRIS ON ROADWAY,13,2,2
Hyundai Verna,STOP SIGN/FLASHER,CLOUDY/OVERCAST,DARKNESS,NOT DIVIDED,DRY,OTHER,3,5,6
Mahindra Thar,OTHER,CLEAR,"DARKNESS, LIGHTED ROAD",NOT DIVIDED,"SAND, MUD, DIRT","RUT, HOLES",20,1,2
Tata Nexon,NO CONTROLS,CLOUDY/OVERCAST,UNKNOWN,NOT DIVIDED,DRY,"RUT, HOLES",9,7,9
Skoda Slavia,NO CONTROLS,CLEAR,DARKNESS,FOUR WAY,"SAND, MUD, DIRT",NO DEFECTS,0,6,4
Tata Punch,NO CONTROLS,RAIN,DARKNESS,"FIVE POINT, OR MORE",WET,"RUT, HOLES",6,7,6
Tata Altroz,STOP SIGN/FLASHER,CLOUDY/OVERCAST,DAYLIGHT,ONE-WAY,DRY,NO DEFECTS,17,7,11
Hyundai Verna,NO CONTROLS,CLEAR,DARKNESS,DIVIDED - W/MEDIAN BARRIER,OTHER,UNKNOWN,23,6,4
Hyundai Verna,TRAFFIC SIGNAL,RAIN,"DARKNESS, LIGHTED ROAD",T-INTERSECTION,WET,NO DEFECTS,6,2,7
Hyundai Venue,TRAFFIC SIGNAL,RAIN,DAYLIGHT,TRAFFIC ROUTE,UNKNOWN,NO DEFECTS,13,2,7
Renault Kiger,TRAFFIC SIGNAL,RAIN,DAYLIGHT,"FIVE POINT, OR MORE",WET,"RUT, HOLES",7,3,1
Maruti Suzuki Brezza,OTHER,CLEAR,DUSK,ONE-WAY,DRY,NO DEFECTS,18,4,10
Hyundai Verna,STOP SIGN/FLASHER,CLOUDY/OVERCAST,DUSK,T-INTERSECTION,"SAND, MUD, DIRT","RUT, HOLES",6,5,1
Renault Kiger,STOP SIGN/FLASHER,RAIN,DAYLIGHT,NOT DIVIDED,WET,OTHER,8,6,7
Tata Altroz,STOP SIGN/FLASHER,CLEAR,DUSK,NOT DIVIDED,DRY,"RUT, HOLES",8,1,8
Skoda Slavia,NO CONTROLS,RAIN,DAYLIGHT,NOT DIVIDED,WET,DEBRIS ON ROADWAY,15,5,8
Kia Sonet,STOP SIGN/FLASHER,UNKNOWN,DARKNESS,T-INTERSECTION,DRY,NO DEFECTS,20,1,9
Hyundai Creta,STOP SIGN/FLASHER,CLEAR,DAYLIGHT,NOT DIVIDED,DRY,NO DEFECTS,14,6,5
Mahindra XUV700,TRAFFIC SIGNAL,FOG/SMOKE/HAZE,DARKNESS,DIVIDED - W/MEDIAN BARRIER,DRY,DEBRIS ON ROADWAY,5,1,1
Honda City,NO CONTROLS,RAIN,DAYLIGHT,NOT DIVIDED,WET,NO DEFECTS,15,4,9
Tata Nexon,NO CONTROLS,RAIN,"DARKNESS, LIGHTED ROAD",NOT DIVIDED,WET,WORN SURFACE,19,4,7
Tata Punch,STOP SIGN/FLASHER,CLEAR,"DARKNESS, LIGHTED ROAD",NOT DIVIDED,UNKNOWN,"RUT, HOLES",6,5,10
Hyundai i20,TRAFFIC SIGNAL,CLEAR,"DARKNESS, LIGHTED ROAD",T-INTERSECTION,WET,NO DEFECTS,3,1,10
Hyundai Creta,OTHER REG. SIGN,CLEAR,DAWN,NOT DIVIDED,DRY,"RUT, HOLES",7,7,11
Toyota Fortuner,NO CONTROLS,CLEAR,DARKNESS,NOT DIVIDED,DRY,WORN SURFACE,18,3,7
Tata Harrier,TRAFFIC SIGNAL,RAIN,DARKNESS,T-INTERSECTION,WET,DEBRIS ON ROADWAY,16,4,6
Hyundai i20,STOP SIGN/FLASHER,OTHER,DAYLIGHT,Y-INTERSECTION,DRY,NO DEFECTS,15,2,10
Mahindra Thar,NO CONTROLS,RAIN,DAYLIGHT,FOUR WAY,WET,WORN SURFACE,9,6,7
Maruti Suzuki Brezza,TRAFFIC SIGNAL,CLOUDY/OVERCAST,UNKNOWN,DIVIDED - W/MEDIAN (NOT RAISED),"SAND, MUD, DIRT",NO DEFECTS,11,1,3
Renault Kiger,NO CONTROLS,FOG/SMOKE/HAZE,"DARKNESS, LIGHTED ROAD",T-INTERSECTION,"SAND, MUD, DIRT",WORN SURFACE,21,1,11
Honda City,TRAFFIC SIGNAL,FOG/SMOKE/HAZE,"DARKNESS, LIGHTED ROAD",T-INTERSECTION,WET,NO DEFECTS,6,4,11
Toyota Innova,TRAFFIC SIGNAL,RAIN,DARKNESS,NOT DIVIDED,WET,"RUT, HOLES",21,7,7
Toyota Innova,TRAFFIC SIGNAL,CLOUDY/OVERCAST,DUSK,NOT DIVIDED,DRY,NO DEFECTS,15,1,1
Hyundai Verna,NO CONTROLS,RAIN,DAWN,UNKNOWN INTERSECTION TYPE,WET,NO DEFECTS,6,1,6
Tata Punch,PEDESTRIAN CROSSING SIGN,RAIN,DAYLIGHT,TRAFFIC ROUTE,"SAND, MUD, DIRT",WORN SURFACE,14,6,10
Skoda Slavia,OTHER,UNKNOWN,DARKNESS,DIVIDED - W/MEDIAN (NOT RAISED),WET,NO DEFECTS,22,6,11
Maruti Suzuki Brezza,OTHER,FOG/SMOKE/HAZE,DAYLIGHT,DIVIDED - W/MEDIAN (NOT RAISED),DRY,WORN SURFACE,8,7,4
Maruti Suzuki Wagon R,NO CONTROLS,CLOUDY/OVERCAST,DAWN,NOT DIVIDED,WET,"RUT, HOLES",20,5,1
Tata Nexon,STOP SIGN/FLASHER,CLEAR,DAYLIGHT,FOUR WAY,WET,NO DEFECTS,9,4,11
Toyota Innova,NO CONTROLS,RAIN,DAWN,NOT DIVIDED,WET,NO DEFECTS,15,4,6
Honda City,NO CONTROLS,SLEET/HAIL,DARKNESS,NOT DIVIDED,WET,SHOULDER DEFECT,19,4,8
Honda Amaze,NO CONTROLS,FOG/SMOKE/HAZE,DAWN,NOT DIVIDED,"SAND, MUD, DIRT",UNKNOWN,20,7,12
Toyota Innova,STOP SIGN/FLASHER,FOG/SMOKE/HAZE,DAYLIGHT,FOUR WAY,DRY,NO DEFECTS,8,3,1
Maruti Suzuki Wagon R,NO CONTROLS,RAIN,DAYLIGHT,NOT DIVIDED,"SAND, MUD, DIRT",NO DEFECTS,16,1,8
Nissan Magnite,STOP SIGN/FLASHER,FOG/SMOKE/HAZE,DARKNESS,NOT DIVIDED,DRY,NO DEFECTS,0,3,1
Skoda Slavia,STOP SIGN/FLASHER,OTHER,UNKNOWN,T-INTERSECTION,DRY,WORN SURFACE,9,7,6
Hyundai Verna,OTHER,UNKNOWN,DAYLIGHT,DIVIDED - W/MEDIAN BARRIER,DRY,"RUT, HOLES",9,4,10
Toyota Fortuner,OTHER,CLOUDY/OVERCAST,DARKNESS,Y-INTERSECTION,DRY,NO DEFECTS,5,3,7
Toyota Innova,TRAFFIC SIGNAL,CLEAR,DAYLIGHT,NOT DIVIDED,DRY,NO DEFECTS,9,3,12
Hyundai Verna,TRAFFIC SIGNAL,RAIN,DAYLIGHT,T-INTERSECTION,"SAND, MUD, DIRT",WORN SURFACE,10,1,8
Toyota Fortuner,NO CONTROLS,RAIN,DAYLIGHT,Y-INTERSECTION,DRY,NO DEFECTS,22,5,6
Renault Kiger,NO CONTROLS,CLOUDY/OVERCAST,DAYLIGHT,CENTER TURN LANE,UNKNOWN,WORN SURFACE,17,6,4
Nissan Magnite,STOP SIGN/FLASHER,CLEAR,DAYLIGHT,NOT DIVIDED,DRY,NO DEFECTS,13,3,6
Hyundai Venue,TRAFFIC SIGNAL,OTHER,DAWN,NOT DIVIDED,DRY,WORN SURFACE,23,7,6
Mahindra Scorpio,TRAFFIC SIGNAL,CLEAR,DAYLIGHT,ALLEY,DRY,"RUT, HOLES",7,6,1
Tata Altroz,STOP SIGN/FLASHER,RAIN,DAYLIGHT,NOT DIVIDED,WET,"RUT, HOLES",14,5,6
Toyota Innova,LANE USE MARKING,RAIN,DAYLIGHT,ONE-WAY,WET,"RUT, HOLES",16,6,7
Honda City,TRAFFIC SIGNAL,RAIN,UNKNOWN,CENTER TURN LANE,WET,"RUT, HOLES",2,6,9
Volkswagen Virtus,NO CONTROLS,RAIN,DAYLIGHT,T-INTERSECTION,WET,"RUT, HOLES",17,5,8
Skoda Slavia,STOP SIGN/FLASHER,CLOUDY/OVERCAST,"DARKNESS, LIGHTED ROAD",T-INTERSECTION,DRY,NO DEFECTS,5,4,9
Toyota Innova,RAILROAD CROSSING GATE,FOG/SMOKE/HAZE,DAWN,NOT DIVIDED,DRY,UNKNOWN,6,1,1
Volkswagen Virtus,NO CONTROLS,CLOUDY/OVERCAST,DAYLIGHT,NOT DIVIDED,DRY,DEBRIS ON ROADWAY,7,4,4
Maruti Suzuki Swift,NO CONTROLS,OTHER,DARKNESS,FOUR WAY,"SAND, MUD, DIRT","RUT, HOLES",21,5,8
Mahindra XUV700,NO CONTROLS,RAIN,DAYLIGHT,ONE-WAY,"SAND, MUD, DIRT",NO DEFECTS,17,7,7
Tata Punch,STOP SIGN/FLASHER,FREEZING RAIN/DRIZZLE,DAYLIGHT,NOT DIVIDED,WET,NO DEFECTS,17,2,1
Volkswagen Virtus,TRAFFIC SIGNAL,CLEAR,DAYLIGHT,NOT DIVIDED,"SAND, MUD, DIRT",SHOULDER DEFECT,15,6,10
Honda City,NO CONTROLS,CLEAR,UNKNOWN,NOT DIVIDED,DRY,DEBRIS ON ROADWAY,10,2,10
Kia Sonet,TRAFFIC SIGNAL,CLEAR,DAYLIGHT,FOUR WAY,DRY,NO DEFECTS,16,7,8
Honda Amaze,PEDESTRIAN CROSSING SIGN,FOG/SMOKE/HAZE,DAYLIGHT,DIVIDED - W/MEDIAN (NOT RAISED),DRY,WORN SURFACE,8,5,1
Toyota Fortuner,TRAFFIC SIGNAL,CLOUDY/OVERCAST,DAYLIGHT,NOT DIVIDED,WET,"RUT, HOLES",7,4,9
Maruti Suzuki Baleno,PEDESTRIAN CROSSING SIGN,RAIN,DAYLIGHT,NOT DIVIDED,WET,NO DEFECTS,17,3,8
Honda Amaze,NO CONTROLS,CLOUDY/OVERCAST,DUSK,T-INTERSECTION,DRY,"RUT, HOLES",6,2,10
Tata Nexon,STOP SIGN/FLASHER,RAIN,UNKNOWN,NOT DIVIDED,WET,WORN SURFACE,8,6,9
Maruti Suzuki Brezza,NO CONTROLS,SLEET/HAIL,"DARKNESS, LIGHTED ROAD",NOT DIVIDED,WET,NO DEFECTS,19,5,10
Maruti Suzuki Swift,TRAFFIC SIGNAL,CLEAR,DAYLIGHT,NOT DIVIDED,WET,NO DEFECTS,17,7,7
Kia Sonet,UNKNOWN,CLEAR,DAYLIGHT,OTHER,"SAND, MUD, DIRT",NO DEFECTS,16,5,2
Honda City,NO CONTROLS,OTHER,DAYLIGHT,NOT DIVIDED,WET,DEBRIS ON ROADWAY,12,2,9
Kia Sonet,STOP SIGN/FLASHER,CLOUDY/OVERCAST,DAYLIGHT,DIVIDED - W/MEDIAN (NOT RAISED),UNKNOWN,"RUT, HOLES",12,6,8
Mahindra Scorpio,NO CONTROLS,RAIN,DAYLIGHT,NOT DIVIDED,DRY,"RUT, HOLES",17,7,9
Hyundai i20,NO CONTROLS,CLOUDY/OVERCAST,DARKNESS,NOT DIVIDED,DRY,WORN SURFACE,18,7,3
Tata Nexon,STOP SIGN/FLASHER,CLEAR,DAYLIGHT,FOUR WAY,DRY,UNKNOWN,14,6,3
Mahindra Thar,TRAFFIC SIGNAL,RAIN,DAWN,NOT DIVIDED,WET,NO DEFECTS,22,3,11
Honda City,NO CONTROLS,RAIN,DARKNESS,ALLEY,WET,NO DEFECTS,22,5,9
Skoda Slavia,NO CONTROLS,CLEAR,DAYLIGHT,ONE-WAY,DRY,NO DEFECTS,12,4,11
Honda City,NO CONTROLS,RAIN,DAWN,ONE-WAY,DRY,DEBRIS ON ROADWAY,19,4,9
Tata Altroz,NO CONTROLS,CLOUDY/OVERCAST,DAYLIGHT,DIVIDED - W/MEDIAN (NOT RAISED),DRY,NO DEFECTS,15,1,8
Kia Sonet,TRAFFIC SIGNAL,CLEAR,DAYLIGHT,NOT DIVIDED,WET,WORN SURFACE,14,2,8
Hyundai i20,NO CONTROLS,FOG/SMOKE/HAZE,DARKNESS,FOUR WAY,DRY,NO DEFECTS,5,5,11
Maruti Suzuki Baleno,STOP SIGN/FLASHER,RAIN,DAYLIGHT,NOT DIVIDED,WET,"RUT, HOLES",15,6,8
Tata Harrier,TRAFFIC SIGNAL,CLEAR,DARKNESS,NOT DIVIDED,DRY,NO DEFECTS,21,2,8
Mahindra XUV700,STOP SIGN/FLASHER,CLEAR,DUSK,DIVIDED - W/MEDIAN (NOT RAISED),DRY,NO DEFECTS,18,2,3
Maruti Suzuki Swift,OTHER,CLOUDY/OVERCAST,DUSK,NOT DIVIDED,DRY,NO DEFECTS,18,6,7
Honda Amaze,TRAFFIC SIGNAL,CLOUDY/OVERCAST,DAYLIGHT,NOT DIVIDED,DRY,"RUT, HOLES",7,6,9
Nissan Magnite,NO CONTROLS,CLEAR,DAYLIGHT,DIVIDED - W/MEDIAN (NOT RAISED),DRY,WORN SURFACE,11,4,5
Mahindra XUV700,NO CONTROLS,CLEAR,DAYLIGHT,DIVIDED - W/MEDIAN (NOT RAISED),DRY,DEBRIS ON ROADWAY,8,1,4
Honda Amaze,OTHER,UNKNOWN,DAYLIGHT,Y-INTERSECTION,WET,NO DEFECTS,10,4,6
Skoda Slavia,NO CONTROLS,CLEAR,DAYLIGHT,ONE-WAY,DRY,WORN SURFACE,15,6,4
Hyundai Venue,NO CONTROLS,CLOUDY/OVERCAST,DAYLIGHT,NOT DIVIDED,"SAND, MUD, DIRT",DEBRIS ON ROADWAY,11,1,4
Tata Nexon,TRAFFIC SIGNAL,RAIN,DAYLIGHT,DIVIDED - W/MEDIAN BARRIER,WET,NO DEFECTS,15,1,7
Mahindra XUV700,NO CONTROLS,CLOUDY/OVERCAST,DAYLIGHT,UNKNOWN,DRY,"RUT, HOLES",13,6,11
Toyota Fortuner,STOP SIGN/FLASHER,FOG/SMOKE/HAZE,DAYLIGHT,T-INTERSECTION,"SAND, MUD, DIRT","RUT, HOLES",7,5,7
Tata Harrier,TRAFFIC SIGNAL,FOG/SMOKE/HAZE,"DARKNESS, LIGHTED ROAD",ONE-WAY,"SAND, MUD, DIRT",NO DEFECTS,5,5,3
Mahindra Scorpio,TRAFFIC SIGNAL,CLOUDY/OVERCAST,"DARKNESS, LIGHTED ROAD",NOT DIVIDED,"SAND, MUD, DIRT",NO DEFECTS,20,6,1
Mahindra Thar,OTHER,RAIN,DARKNESS,RAMP,WET,NO DEFECTS,0,3,9
Mahindra XUV700,STOP SIGN/FLASHER,RAIN,"DARKNESS, LIGHTED ROAD",NOT DIVIDED,WET,"RUT, HOLES",0,3,6
Mahindra XUV700,TRAFFIC SIGNAL,FOG/SMOKE/HAZE,"DARKNESS, LIGHTED ROAD",T-INTERSECTION,DRY,NO DEFECTS,19,3,10
Tata Punch,NO CONTROLS,OTHER,DARKNESS,NOT DIVIDED,DRY,NO DEFECTS,23,2,8
Hyundai Verna,NO CONTROLS,CLEAR,DUSK,NOT DIVIDED,OTHER,WORN SURFACE,18,3,10
Maruti Suzuki Swift,NO CONTROLS,FOG/SMOKE/HAZE,UNKNOWN,NOT DIVIDED,DRY,NO DEFECTS,1,7,5
Kia Seltos,NO CONTROLS,FOG/SMOKE/HAZE,DAWN,NOT DIVIDED,DRY,NO DEFECTS,6,1,9
Hyundai i20,TRAFFIC SIGNAL,CLEAR,DAWN,ONE-WAY,DRY,NO DEFECTS,22,2,5
Kia Seltos,NO CONTROLS,CLEAR,"DARKNESS, LIGHTED ROAD",UNKNOWN INTERSECTION TYPE,"SAND, MUD, DIRT",UNKNOWN,19,3,12
Tata Punch,STOP SIGN/FLASHER,RAIN,DAYLIGHT,NOT DIVIDED,WET,NO DEFECTS,15,2,8
Volkswagen Virtus,NO CONTROLS,CLOUDY/OVERCAST,DAYLIGHT,FOUR WAY,OTHER,NO DEFECTS,8,1,6
Hyundai Verna,NO CONTROLS,CLEAR,"DARKNESS, LIGHTED ROAD",ONE-WAY,DRY,NO DEFECTS,0,2,5
Maruti Suzuki Baleno,TRAFFIC SIGNAL,CLOUDY/OVERCAST,DARKNESS,NOT DIVIDED,"SAND, MUD, DIRT",NO DEFECTS,0,5,3
Kia Sonet,TRAFFIC SIGNAL,CLEAR,DAYLIGHT,TRAFFIC ROUTE,DRY,"RUT, HOLES",16,5,9
Volkswagen Virtus,TRAFFIC SIGNAL,CLEAR,"DARKNESS, LIGHTED ROAD",NOT DIVIDED,"SAND, MUD, DIRT",OTHER,0,2,4
Honda City,TRAFFIC SIGNAL,CLEAR,"DARKNESS, LIGHTED ROAD",CENTER TURN LANE,DRY,"RUT, HOLES",23,4,8
Hyundai Verna,NO CONTROLS,CLEAR,DAYLIGHT,PARKING LOT,"SAND, MUD, DIRT",NO DEFECTS,7,1,5
Skoda Slavia,RAILROAD CROSSING GATE,RAIN,DAYLIGHT,NOT DIVIDED,WET,NO DEFECTS,17,5,8
Mahindra Thar,NO CONTROLS,CLEAR,DAYLIGHT,ALLEY,DRY,NO DEFECTS,7,1,10
Kia Sonet,TRAFFIC SIGNAL,CLOUDY/OVERCAST,"DARKNESS, LIGHTED ROAD",FOUR WAY,DRY,NO DEFECTS,15,5,10
Maruti Suzuki Baleno,OTHER REG. SIGN,CLEAR,DAYLIGHT,DIVIDED - W/MEDIAN BARRIER,WET,WORN SURFACE,4,4,9
Mahindra XUV700,NO CONTROLS,CLEAR,DUSK,NOT DIVIDED,DRY,"RUT, HOLES",18,1,3
Maruti Suzuki Wagon R,NO CONTROLS,CLEAR,DAYLIGHT,DIVIDED - W/MEDIAN BARRIER,DRY,NO DEFECTS,16,1,1
Hyundai Creta,STOP SIGN/FLASHER,RAIN,DARKNESS,FOUR WAY,WET,NO DEFECTS,4,1,9
Tata Punch,TRAFFIC SIGNAL,RAIN,DARKNESS,DIVIDED - W/MEDIAN (NOT RAISED),WET,NO DEFECTS,19,5,6
Toyota Innova,NO CONTROLS,RAIN,DAYLIGHT,DIVIDED - W/MEDIAN (NOT RAISED),WET,WORN SURFACE,15,6,7
Maruti Suzuki Baleno,TRAFFIC SIGNAL,FOG/SMOKE/HAZE,DARKNESS,T-INTERSECTION,DRY,"RUT, HOLES",20,7,1
Maruti Suzuki Brezza,NO CONTROLS,CLOUDY/OVERCAST,"DARKNESS, LIGHTED ROAD",NOT DIVIDED,DRY,WORN SURFACE,21,5,5
Tata Nexon,YIELD,CLOUDY/OVERCAST,DARKNESS,UNKNOWN INTERSECTION TYPE,DRY,"RUT, HOLES",21,7,1
Renault Kiger,NO CONTROLS,UNKNOWN,DARKNESS,NOT DIVIDED,DRY,NO DEFECTS,4,7,11
Maruti Suzuki Baleno,STOP SIGN/FLASHER,CLOUDY/OVERCAST,DARKNESS,Y-INTERSECTION,DRY,OTHER,6,6,4
Toyota Innova,NO CONTROLS,RAIN,"DARKNESS, LIGHTED ROAD",NOT DIVIDED,WET,NO DEFECTS,23,3,8
Renault Kiger,NO CONTROLS,FOG/SMOKE/HAZE,DAYLIGHT,CENTER TURN LANE,DRY,NO DEFECTS,8,6,1
Honda City,NO CONTROLS,UNKNOWN,DAYLIGHT,OTHER,DRY,WORN SURFACE,8,4,9
Hyundai i20,STOP SIGN/FLASHER,RAIN,DARKNESS,NOT DIVIDED,"SAND, MUD, DIRT",NO DEFECTS,18,4,6
Mahindra Thar,TRAFFIC SIGNAL,FOG/SMOKE/HAZE,DAYLIGHT,T-INTERSECTION,DRY,NO DEFECTS,7,6,11
Mahindra Scorpio,TRAFFIC SIGNAL,UNKNOWN,DARKNESS,NOT DIVIDED,"SAND, MUD, DIRT",SHOULDER DEFECT,18,7,11
Honda City,STOP SIGN/FLASHER,UNKNOWN,DARKNESS,NOT DIVIDED,DRY,"RUT, HOLES",19,4,6
Tata Nexon,NO CONTROLS,FOG/SMOKE/HAZE,DUSK,NOT DIVIDED,WET,NO DEFECTS,18,2,11
Maruti Suzuki Swift,TRAFFIC SIGNAL,CLOUDY/OVERCAST,DAYLIGHT,NOT DIVIDED,DRY,"RUT, HOLES",9,2,12
Mahindra Scorpio,YIELD,CLOUDY/OVERCAST,DAWN,"FIVE POINT, OR MORE",DRY,WORN SURFACE,12,3,10
Hyundai i20,STOP SIGN/FLASHER,CLEAR,DAYLIGHT,NOT DIVIDED,DRY,NO DEFECTS,12,4,11
Mahindra Scorpio,TRAFFIC SIGNAL,FOG/SMOKE/HAZE,DAYLIGHT,NOT DIVIDED,"SAND, MUD, DIRT","RUT, HOLES",8,3,4
Tata Harrier,NO CONTROLS,RAIN,DUSK,DIVIDED - W/MEDIAN (NOT RAISED),WET,UNKNOWN,7,6,8
Skoda Slavia,NO CONTROLS,CLEAR,DAYLIGHT,RAMP,DRY,OTHER,13,5,1
Nissan Magnite,NO CONTROLS,CLEAR,DAYLIGHT,NOT DIVIDED,DRY,"RUT, HOLES",14,4,1
Kia Sonet,TRAFFIC SIGNAL,FOG/SMOKE/HAZE,DAYLIGHT,NOT DIVIDED,OTHER,NO DEFECTS,9,2,12
Tata Harrier,TRAFFIC SIGNAL,CLEAR,DARKNESS,FOUR WAY,"SAND, MUD, DIRT",WORN SURFACE,19,5,6
Hyundai Venue,TRAFFIC SIGNAL,CLEAR,DAYLIGHT,CENTER TURN LANE,DRY,NO DEFECTS,14,6,9
Tata Punch,NO CONTROLS,CLEAR,DAYLIGHT,OTHER,"SAND, MUD, DIRT","RUT, HOLES",8,6,10
Toyota Innova,STOP SIGN/FLASHER,FOG/SMOKE/HAZE,DAYLIGHT,FOUR WAY,DRY,NO DEFECTS,15,7,11
Tata Nexon,NO CONTROLS,CLOUDY/OVERCAST,UNKNOWN,NOT DIVIDED,WET,WORN SURFACE,19,2,12
Maruti Suzuki Swift,TRAFFIC SIGNAL,CLEAR,DARKNESS,ONE-WAY,DRY,NO DEFECTS,10,1,4
Mahindra Thar,NO CONTROLS,CLOUDY/OVERCAST,DARKNESS,DIVIDED - W/MEDIAN BARRIER,DRY,DEBRIS ON ROADWAY,16,4,1
Kia Sonet,STOP SIGN/FLASHER,CLOUDY/OVERCAST,DUSK,OTHER,DRY,NO DEFECTS,7,7,6
Nissan Magnite,TRAFFIC SIGNAL,CLEAR,DAYLIGHT,NOT DIVIDED,UNKNOWN,NO DEFECTS,11,2,2
Skoda Slavia,TRAFFIC SIGNAL,CLOUDY/OVERCAST,DARKNESS,NOT DIVIDED,"SAND, MUD, DIRT",WORN SURFACE,21,6,1
Nissan Magnite,NO CONTROLS,CLOUDY/OVERCAST,DARKNESS,NOT DIVIDED,"SAND, MUD, DIRT",NO DEFECTS,21,3,6
Tata Nexon,NO CONTROLS,CLEAR,DAYLIGHT,ONE-WAY,DRY,"RUT, HOLES",15,4,10
Toyota Innova,NO CONTROLS,CLOUDY/OVERCAST,DAYLIGHT,T-INTERSECTION,DRY,DEBRIS ON ROADWAY,17,7,8
Renault Kiger,STOP SIGN/FLASHER,OTHER,DARKNESS,NOT DIVIDED,DRY,"RUT, HOLES",20,4,6
Hyundai Venue,NO CONTROLS,CLEAR,UNKNOWN,NOT DIVIDED,"SAND, MUD, DIRT","RUT, HOLES",22,6,8
Tata Nexon,NO CONTROLS,CLOUDY/OVERCAST,DAYLIGHT,"FIVE POINT, OR MORE",OTHER,NO DEFECTS,14,5,4
Toyota Fortuner,RAILROAD CROSSING GATE,CLEAR,DAYLIGHT,NOT DIVIDED,DRY,WORN SURFACE,15,6,1
Maruti Suzuki Baleno,NO CONTROLS,RAIN,DAYLIGHT,FOUR WAY,WET,NO DEFECTS,12,3,9
Kia Seltos,STOP SIGN/FLASHER,CLEAR,DARKNESS,NOT DIVIDED,WET,"RUT, HOLES",3,7,8
Kia Sonet,NO CONTROLS,RAIN,DARKNESS,ONE-WAY,WET,WORN SURFACE,13,5,9
Maruti Suzuki Baleno,STOP SIGN/FLASHER,FOG/SMOKE/HAZE,DUSK,NOT DIVIDED,DRY,"RUT, HOLES",18,3,1
Renault Kiger,NO CONTROLS,FOG/SMOKE/HAZE,DUSK,T-INTERSECTION,DRY,UNKNOWN,18,1,11
Honda City,STOP SIGN/FLASHER,RAIN,DAWN,FOUR WAY,WET,WORN SURFACE,20,1,8
Volkswagen Virtus,STOP SIGN/FLASHER,OTHER,"DARKNESS, LIGHTED ROAD",OTHER,"SAND, MUD, DIRT",WORN SURFACE,2,3,8
Volkswagen Virtus,UNKNOWN,RAIN,DAYLIGHT,DIVIDED - W/MEDIAN (NOT RAISED),"SAND, MUD, DIRT","RUT, HOLES",15,2,8
Hyundai Creta,NO CONTROLS,RAIN,"DARKNESS, LIGHTED ROAD",T-INTERSECTION,WET,NO DEFECTS,5,1,11
Volkswagen Virtus,STOP SIGN/FLASHER,CLEAR,DAYLIGHT,NOT DIVIDED,DRY,NO DEFECTS,8,5,8
Mahindra XUV700,NO CONTROLS,RAIN,DARKNESS,NOT REPORTED,WET,NO DEFECTS,21,7,8
Mahindra Thar,STOP SIGN/FLASHER,CLEAR,DUSK,DIVIDED - W/MEDIAN (NOT RAISED),"SAND, MUD, DIRT",NO DEFECTS,14,4,12
Tata Harrier,NO CONTROLS,RAIN,"DARKNESS, LIGHTED ROAD",T-INTERSECTION,WET,OTHER,18,5,9
Tata Nexon,TRAFFIC SIGNAL,RAIN,DARKNESS,NOT DIVIDED,WET,NO DEFECTS,3,2,7
Toyota Fortuner,NO CONTROLS,RAIN,DAYLIGHT,NOT DIVIDED,OTHER,WORN SURFACE,12,2,9
Mahindra XUV700,STOP SIGN/FLASHER,CLEAR,DUSK,NOT DIVIDED,"SAND, MUD, DIRT","RUT, HOLES",17,3,6
Renault Kiger,STOP SIGN/FLASHER,CLEAR,DUSK,NOT DIVIDED,"SAND, MUD, DIRT","RUT, HOLES",6,6,4
Hyundai Creta,STOP SIGN/FLASHER,RAIN,UNKNOWN,DIVIDED - W/MEDIAN (NOT RAISED),OTHER,"RUT, HOLES",10,7,8
Maruti Suzuki Baleno,NO CONTROLS,FOG/SMOKE/HAZE,"DARKNESS, LIGHTED ROAD",NOT DIVIDED,DRY,NO DEFECTS,5,6,12
Tata Altroz,NO CONTROLS,FOG/SMOKE/HAZE,DAYLIGHT,NOT DIVIDED,"SAND, MUD, DIRT",DEBRIS ON ROADWAY,15,1,12
Nissan Magnite,STOP SIGN/FLASHER,RAIN,"DARKNESS, LIGHTED ROAD",NOT DIVIDED,WET,DEBRIS ON ROADWAY,22,4,6
Maruti Suzuki Swift,NO CONTROLS,RAIN,DARKNESS,NOT DIVIDED,WET,"RUT, HOLES",19,4,7
Tata Punch,NO CONTROLS,CLEAR,DARKNESS,NOT DIVIDED,WET,SHOULDER DEFECT,23,7,4
Mahindra XUV700,TRAFFIC SIGNAL,FOG/SMOKE/HAZE,"DARKNESS, LIGHTED ROAD",OTHER,DRY,NO DEFECTS,19,6,12
Nissan Magnite,TRAFFIC SIGNAL,FOG/SMOKE/HAZE,DARKNESS,OTHER,DRY,NO DEFECTS,19,6,12
Honda City,TRAFFIC SIGNAL,RAIN,DAYLIGHT,NOT DIVIDED,UNKNOWN,"RUT, HOLES",15,5,8
Maruti Suzuki Swift,TRAFFIC SIGNAL,CLOUDY/OVERCAST,DAYLIGHT,T-INTERSECTION,DRY,SHOULDER DEFECT,14,5,10
Maruti Suzuki Wagon R,TRAFFIC SIGNAL,CLEAR,DAYLIGHT,T-INTERSECTION,OTHER,NO DEFECTS,12,6,9
Tata Punch,NO CONTROLS,RAIN,"DARKNESS, LIGHTED ROAD",NOT DIVIDED,WET,"RUT, HOLES",19,5,8
Maruti Suzuki Brezza,STOP SIGN/FLASHER,RAIN,UNKNOWN,FOUR WAY,WET,NO DEFECTS,7,7,1
Tata Altroz,NO CONTROLS,CLOUDY/OVERCAST,DAYLIGHT,ONE-WAY,DRY,UNKNOWN,2,1,7
Volkswagen Virtus,TRAFFIC SIGNAL,FOG/SMOKE/HAZE,"DARKNESS, LIGHTED ROAD",FOUR WAY,WET,WORN SURFACE,20,7,9
Tata Harrier,STOP SIGN/FLASHER,CLOUDY/OVERCAST,DARKNESS,DIVIDED - W/MEDIAN (NOT RAISED),DRY,NO DEFECTS,0,6,9
Nissan Magnite,TRAFFIC SIGNAL,CLEAR,"DARKNESS, LIGHTED ROAD",DIVIDED - W/MEDIAN (NOT RAISED),UNKNOWN,UNKNOWN,23,5,6
Volkswagen Virtus,TRAFFIC SIGNAL,UNKNOWN,DAYLIGHT,DIVIDED - W/MEDIAN (NOT RAISED),WET,NO DEFECTS,18,7,12
Mahindra XUV700,STOP SIGN/FLASHER,CLOUDY/OVERCAST,DAYLIGHT,ONE-WAY,"SAND, MUD, DIRT","RUT, HOLES",10,6,3
Maruti Suzuki Wagon R,STOP SIGN/FLASHER,RAIN,DAYLIGHT,FOUR WAY,WET,NO DEFECTS,17,4,7
Mahindra XUV700,NO CONTROLS,RAIN,"DARKNESS, LIGHTED ROAD",NOT DIVIDED,WET,NO DEFECTS,19,6,9
Honda City,STOP SIGN/FLASHER,OTHER,DAYLIGHT,NOT DIVIDED,OTHER,NO DEFECTS,9,2,9
Kia Seltos,TRAFFIC SIGNAL,CLEAR,DAYLIGHT,DIVIDED - W/MEDIAN (NOT RAISED),DRY,NO DEFECTS,18,4,8
Honda City,NO CONTROLS,CLOUDY/OVERCAST,DARKNESS,NOT DIVIDED,DRY,DEBRIS ON ROADWAY,19,2,5
Tata Altroz,OTHER WARNING SIGN,RAIN,DAYLIGHT,NOT DIVIDED,WET,"RUT, HOLES",9,1,3
Maruti Suzuki Swift,OTHER REG. SIGN,CLOUDY/OVERCAST,DAYLIGHT,NOT DIVIDED,OTHER,NO DEFECTS,1,7,8
Hyundai i20,NO CONTROLS,CLOUDY/OVERCAST,DAYLIGHT,NOT DIVIDED,DRY,"RUT, HOLES",8,3,8
Honda Amaze,TRAFFIC SIGNAL,RAIN,DAYLIGHT,NOT DIVIDED,WET,WORN SURFACE,8,6,3
Honda City,NO CONTROLS,RAIN,DARKNESS,NOT DIVIDED,WET,UNKNOWN,3,3,9
Nissan Magnite,TRAFFIC SIGNAL,RAIN,DUSK,T-INTERSECTION,OTHER,"RUT, HOLES",18,5,7
Mahindra XUV700,TRAFFIC SIGNAL,CLEAR,DAYLIGHT,NOT REPORTED,DRY,WORN SURFACE,12,3,9
Honda City,TRAFFIC SIGNAL,UNKNOWN,DARKNESS,ALLEY,DRY,NO DEFECTS,20,6,11
Mahindra XUV700,NO CONTROLS,CLOUDY/OVERCAST,DAYLIGHT,DIVIDED - W/MEDIAN BARRIER,DRY,NO DEFECTS,9,6,3
Toyota Fortuner,YIELD,UNKNOWN,DAYLIGHT,DIVIDED - W/MEDIAN BARRIER,DRY,"RUT, HOLES",13,4,1
Tata Harrier,TRAFFIC SIGNAL,CLEAR,DAYLIGHT,FOUR WAY,DRY,NO DEFECTS,16,7,10
Renault Kiger,TRAFFIC SIGNAL,CLOUDY/OVERCAST,UNKNOWN,NOT DIVIDED,DRY,"RUT, HOLES",20,3,8
Toyota Innova,STOP SIGN/FLASHER,RAIN,DAYLIGHT,NOT DIVIDED,WET,WORN SURFACE,15,6,9
Tata Punch,STOP SIGN/FLASHER,UNKNOWN,DAYLIGHT,NOT DIVIDED,DRY,NO DEFECTS,12,5,11
Honda City,TRAFFIC SIGNAL,UNKNOWN,"DARKNESS, LIGHTED ROAD",DIVIDED - W/MEDIAN (NOT RAISED),DRY,OTHER,20,4,10
Honda City,OTHER REG. SIGN,CLEAR,DAYLIGHT,NOT DIVIDED,OTHER,UNKNOWN,10,7,12
Honda Amaze,NO CONTROLS,OTHER,DARKNESS,NOT DIVIDED,DRY,"RUT, HOLES",4,5,7
Maruti Suzuki Brezza,NO CONTROLS,RAIN,DAYLIGHT,T-INTERSECTION,WET,"RUT, HOLES",13,7,7
Hyundai Creta,TRAFFIC SIGNAL,RAIN,"DARKNESS, LIGHTED ROAD",NOT DIVIDED,WET,NO DEFECTS,18,6,6
Kia Seltos,NO CONTROLS,CLEAR,"DARKNESS, LIGHTED ROAD",NOT DIVIDED,DRY,NO DEFECTS,1,5,2
Toyota Innova,TRAFFIC SIGNAL,OTHER,DAYLIGHT,DIVIDED - W/MEDIAN BARRIER,WET,UNKNOWN,16,3,8
Mahindra Thar,NO CONTROLS,CLEAR,DAYLIGHT,NOT DIVIDED,"SAND, MUD, DIRT",NO DEFECTS,16,7,5
Mahindra XUV700,TRAFFIC SIGNAL,FOG/SMOKE/HAZE,DARKNESS,NOT DIVIDED,DRY,NO DEFECTS,20,1,12
Tata Nexon,TRAFFIC SIGNAL,CLEAR,DAYLIGHT,NOT DIVIDED,"SAND, MUD, DIRT",NO DEFECTS,9,7,8
Tata Punch,STOP SIGN/FLASHER,RAIN,DAYLIGHT,T-INTERSECTION,DRY,WORN SURFACE,9,4,8
Toyota Fortuner,TRAFFIC SIGNAL,RAIN,DAYLIGHT,NOT DIVIDED,WET,NO DEFECTS,13,6,6
Tata Altroz,OTHER,CLOUDY/OVERCAST,DAYLIGHT,OTHER,DRY,DEBRIS ON ROADWAY,11,3,1
Toyota Fortuner,TRAFFIC SIGNAL,FOG/SMOKE/HAZE,DAYLIGHT,NOT DIVIDED,WET,NO DEFECTS,17,3,1
Honda City,NO CONTROLS,RAIN,DAYLIGHT,NOT DIVIDED,UNKNOWN,DEBRIS ON ROADWAY,16,2,7
Tata Harrier,TRAFFIC SIGNAL,FOG/SMOKE/HAZE,DAYLIGHT,NOT DIVIDED,DRY,UNKNOWN,18,7,1
Maruti Suzuki Swift,STOP SIGN/FLASHER,CLOUDY/OVERCAST,DAWN,DIVIDED - W/MEDIAN (NOT RAISED),DRY,WORN SURFACE,19,1,8
Tata Punch,NO CONTROLS,FOG/SMOKE/HAZE,DARKNESS,OTHER,"SAND, MUD, DIRT","RUT, HOLES",20,3,11
Tata Punch,OTHER,CLEAR,DAYLIGHT,NOT DIVIDED,DRY,NO DEFECTS,13,3,11
Tata Harrier,STOP SIGN/FLASHER,RAIN,DARKNESS,NOT DIVIDED,WET,DEBRIS ON ROADWAY,23,6,8
Tata Punch,STOP SIGN/FLASHER,CLEAR,DAYLIGHT,NOT DIVIDED,DRY,WORN SURFACE,8,4,4
Renault Kiger,TRAFFIC SIGNAL,FOG/SMOKE/HAZE,DARKNESS,ALLEY,DRY,NO DEFECTS,17,2,11
Tata Altroz,STOP SIGN/FLASHER,FOG/SMOKE/HAZE,DAYLIGHT,NOT DIVIDED,DRY,"RUT, HOLES",9,4,11
Mahindra Thar,TRAFFIC SIGNAL,CLOUDY/OVERCAST,DARKNESS,FOUR WAY,WET,NO DEFECTS,19,2,3
Skoda Slavia,NO CONTROLS,CLEAR,DAYLIGHT,NOT DIVIDED,DRY,"RUT, HOLES",14,1,9
Toyota Fortuner,TRAFFIC SIGNAL,OTHER,DARKNESS,FOUR WAY,"SAND, MUD, DIRT",NO DEFECTS,18,5,5
Renault Kiger,NO CONTROLS,CLEAR,"DARKNESS, LIGHTED ROAD",Y-INTERSECTION,DRY,"RUT, HOLES",21,3,10
Honda City,NO CONTROLS,CLEAR,DAWN,FOUR WAY,DRY,WORN SURFACE,18,2,12
Volkswagen Virtus,NO CONTROLS,RAIN,DUSK,"FIVE POINT, OR MORE",WET,NO DEFECTS,18,2,1
Maruti Suzuki Wagon R,NO CONTROLS,CLEAR,DUSK,FOUR WAY,WET,DEBRIS ON ROADWAY,3,4,11
Hyundai Verna,TRAFFIC SIGNAL,UNKNOWN,DAYLIGHT,UNKNOWN,"SAND, MUD, DIRT",WORN SURFACE,8,7,8
Tata Harrier,TRAFFIC SIGNAL,RAIN,DARKNESS,T-INTERSECTION,WET,"RUT, HOLES",23,6,12
Skoda Slavia,NO CONTROLS,CLEAR,DAYLIGHT,FOUR WAY,DRY,DEBRIS ON ROADWAY,17,1,7
Hyundai Creta,NO CONTROLS,FOG/SMOKE/HAZE,DAYLIGHT,DIVIDED - W/MEDIAN BARRIER,"SAND, MUD, DIRT",SHOULDER DEFECT,10,6,11
Volkswagen Virtus,NO CONTROLS,FOG/SMOKE/HAZE,DAYLIGHT,NOT DIVIDED,DRY,WORN SURFACE,7,1,1
Hyundai Creta,NO CONTROLS,RAIN,DARKNESS,NOT DIVIDED,WET,NO DEFECTS,1,5,6
Tata Nexon,NO CONTROLS,CLEAR,DAYLIGHT,NOT DIVIDED,DRY,"RUT, HOLES",11,6,1
Maruti Suzuki Brezza,NO CONTROLS,CLEAR,DAYLIGHT,NOT DIVIDED,UNKNOWN,SHOULDER DEFECT,14,4,12
Maruti Suzuki Baleno,TRAFFIC SIGNAL,CLEAR,DAYLIGHT,UNKNOWN INTERSECTION TYPE,OTHER,"RUT, HOLES",8,3,10
Nissan Magnite,TRAFFIC SIGNAL,CLOUDY/OVERCAST,DAYLIGHT,NOT DIVIDED,DRY,"RUT, HOLES",7,7,11
Volkswagen Virtus,NO CONTROLS,CLOUDY/OVERCAST,DAYLIGHT,NOT DIVIDED,DRY,OTHER,14,1,12
Tata Harrier,NO CONTROLS,CLOUDY/OVERCAST,DAWN,NOT DIVIDED,"SAND, MUD, DIRT",NO DEFECTS,16,1,1
Toyota Fortuner,TRAFFIC SIGNAL,CLEAR,DAYLIGHT,FOUR WAY,DRY,NO DEFECTS,8,7,6
Mahindra XUV700,YIELD,OTHER,DAYLIGHT,ONE-WAY,DRY,DEBRIS ON ROADWAY,16,7,1
Toyota Fortuner,NO CONTROLS,FOG/SMOKE/HAZE,DUSK,FOUR WAY,DRY,NO DEFECTS,20,3,4
Tata Nexon,OTHER,OTHER,DAYLIGHT,T-INTERSECTION,DRY,NO DEFECTS,14,5,4
Toyota Fortuner,NO CONTROLS,RAIN,DARKNESS,NOT DIVIDED,DRY,DEBRIS ON ROADWAY,20,2,7
Hyundai Verna,TRAFFIC SIGNAL,CLEAR,DARKNESS,DRIVEWAY,DRY,WORN SURFACE,21,7,5
Volkswagen Virtus,NO CONTROLS,CLEAR,"DARKNESS, LIGHTED ROAD",NOT DIVIDED,DRY,"RUT, HOLES",5,4,2
Tata Harrier,PEDESTRIAN CROSSING SIGN,CLOUDY/OVERCAST,DARKNESS,NOT DIVIDED,DRY,"RUT, HOLES",5,5,3
Maruti Suzuki Wagon R,NO CONTROLS,CLEAR,DAYLIGHT,DIVIDED - W/MEDIAN BARRIER,"SAND, MUD, DIRT",NO DEFECTS,14,1,2
Tata Harrier,TRAFFIC SIGNAL,FOG/SMOKE/HAZE,DAYLIGHT,NOT DIVIDED,"SAND, MUD, DIRT","RUT, HOLES",11,5,12
Mahindra XUV700,NO CONTROLS,RAIN,DAYLIGHT,T-INTERSECTION,WET,"RUT, HOLES",13,6,9
Maruti Suzuki Brezza,NO CONTROLS,FOG/SMOKE/HAZE,DAYLIGHT,NOT DIVIDED,OTHER,NO DEFECTS,7,3,12
Mahindra Scorpio,TRAFFIC SIGNAL,RAIN,DAYLIGHT,NOT DIVIDED,WET,WORN SURFACE,16,7,7
Renault Kiger,OTHER REG. SIGN,FOG/SMOKE/HAZE,UNKNOWN,NOT DIVIDED,"SAND, MUD, DIRT",NO DEFECTS,0,2,5
Maruti Suzuki Brezza,OTHER WARNING SIGN,CLEAR,DARKNESS,ONE-WAY,DRY,NO DEFECTS,22,7,10
Skoda Slavia,TRAFFIC SIGNAL,RAIN,DAYLIGHT,NOT DIVIDED,WET,NO DEFECTS,8,6,6
Mahindra Thar,TRAFFIC SIGNAL,CLEAR,DARKNESS,DIVIDED - W/MEDIAN (NOT RAISED),DRY,NO DEFECTS,21,6,5
Toyota Fortuner,OTHER REG. SIGN,CLEAR,DUSK,T-INTERSECTION,DRY,DEBRIS ON ROADWAY,6,6,4
Tata Nexon,NO CONTROLS,CLEAR,DARKNESS,T-INTERSECTION,"SAND, MUD, DIRT",NO DEFECTS,8,4,2
Tata Altroz,NO CONTROLS,CLEAR,DAYLIGHT,NOT DIVIDED,"SAND, MUD, DIRT",NO DEFECTS,8,3,5
Toyota Innova,NO CONTROLS,FOG/SMOKE/HAZE,DARKNESS,NOT DIVIDED,WET,NO DEFECTS,23,6,6
Honda City,STOP SIGN/FLASHER,RAIN,DARKNESS,OTHER,WET,"RUT, HOLES",0,3,9
Toyota Fortuner,UNKNOWN,CLEAR,DAYLIGHT,NOT DIVIDED,OTHER,NO DEFECTS,16,1,1
Tata Altroz,STOP SIGN/FLASHER,CLEAR,"DARKNESS, LIGHTED ROAD",RAMP,DRY,NO DEFECTS,20,2,4
Kia Seltos,STOP SIGN/FLASHER,CLOUDY/OVERCAST,DAYLIGHT,NOT DIVIDED,DRY,WORN SURFACE,17,6,10
Maruti Suzuki Brezza,TRAFFIC SIGNAL,CLEAR,DAYLIGHT,NOT DIVIDED,"SAND, MUD, DIRT",WORN SURFACE,11,6,2
Hyundai i20,PEDESTRIAN CROSSING SIGN,RAIN,DARKNESS,NOT DIVIDED,WET,SHOULDER DEFECT,22,3,6
Kia Sonet,TRAFFIC SIGNAL,FOG/SMOKE/HAZE,DARKNESS,NOT DIVIDED,WET,SHOULDER DEFECT,19,3,11
Toyota Innova,OTHER,OTHER,DAYLIGHT,ONE-WAY,DRY,NO DEFECTS,13,5,3
Maruti Suzuki Swift,NO CONTROLS,FOG/SMOKE/HAZE,DAYLIGHT,FOUR WAY,DRY,WORN SURFACE,10,3,1
Tata Harrier,STOP SIGN/FLASHER,UNKNOWN,DARKNESS,NOT DIVIDED,WET,"RUT, HOLES",22,5,7
Maruti Suzuki Brezza,NO CONTROLS,CLEAR,DARKNESS,UNKNOWN INTERSECTION TYPE,DRY,NO DEFECTS,23,3,5
Tata Punch,NO CONTROLS,RAIN,DAYLIGHT,DIVIDED - W/MEDIAN BARRIER,WET,NO DEFECTS,13,1,8
Maruti Suzuki Swift,NO CONTROLS,CLOUDY/OVERCAST,DARKNESS,NOT DIVIDED,DRY,NO DEFECTS,19,2,10
Kia Sonet,OTHER,CLEAR,DAYLIGHT,NOT DIVIDED,DRY,NO DEFECTS,10,2,2
Tata Nexon,STOP SIGN/FLASHER,CLEAR,DAYLIGHT,NOT DIVIDED,DRY,NO DEFECTS,12,2,8
Tata Punch,STOP SIGN/FLASHER,RAIN,DAYLIGHT,FOUR WAY,DRY,OTHER,7,7,7
Tata Nexon,NO CONTROLS,CLEAR,DAYLIGHT,T-INTERSECTION,DRY,SHOULDER DEFECT,8,5,2
Hyundai Venue,UNKNOWN,RAIN,DAYLIGHT,NOT DIVIDED,"SAND, MUD, DIRT","RUT, HOLES",17,2,8
Skoda Slavia,STOP SIGN/FLASHER,CLEAR,DAYLIGHT,T-INTERSECTION,WET,NO DEFECTS,14,4,5
Tata Nexon,NO CONTROLS,FOG/SMOKE/HAZE,DUSK,RAMP,DRY,NO DEFECTS,6,3,7
Tata Altroz,NO CONTROLS,FOG/SMOKE/HAZE,UNKNOWN,FOUR WAY,"SAND, MUD, DIRT","RUT, HOLES",8,6,1
Maruti Suzuki Brezza,POLICE/FLAGMAN,RAIN,DAYLIGHT,FOUR WAY,WET,"RUT, HOLES",12,7,7
Honda Amaze,OTHER REG. SIGN,CLEAR,"DARKNESS, LIGHTED ROAD",NOT DIVIDED,DRY,WORN SURFACE,23,4,5
Kia Sonet,STOP SIGN/FLASHER,CLOUDY/OVERCAST,DAYLIGHT,NOT DIVIDED,DRY,NO DEFECTS,20,4,10
Tata Punch,STOP SIGN/FLASHER,FOG/SMOKE/HAZE,DAYLIGHT,"FIVE POINT, OR MORE",DRY,NO DEFECTS,8,4,1
Hyundai Verna,OTHER,CLOUDY/OVERCAST,DARKNESS,ONE-WAY,UNKNOWN,OTHER,21,4,7
Tata Punch,TRAFFIC SIGNAL,RAIN,DAYLIGHT,T-INTERSECTION,WET,NO DEFECTS,11,1,7
Volkswagen Virtus,LANE USE MARKING,RAIN,DAYLIGHT,NOT DIVIDED,"SAND, MUD, DIRT",NO DEFECTS,17,5,9
Toyota Fortuner,STOP SIGN/FLASHER,RAIN,"DARKNESS, LIGHTED ROAD",ONE-WAY,WET,NO DEFECTS,22,7,8
Maruti Suzuki Brezza,OTHER REG. SIGN,RAIN,DAYLIGHT,FOUR WAY,WET,NO DEFECTS,12,6,9
Renault Kiger,STOP SIGN/FLASHER,CLOUDY/OVERCAST,DUSK,DIVIDED - W/MEDIAN (NOT RAISED),OTHER,SHOULDER DEFECT,17,7,10
Tata Nexon,TRAFFIC SIGNAL,FOG/SMOKE/HAZE,DAYLIGHT,FOUR WAY,UNKNOWN,WORN SURFACE,7,2,11
Mahindra Thar,NO CONTROLS,RAIN,DAYLIGHT,CENTER TURN LANE,OTHER,NO DEFECTS,9,5,6
Honda Amaze,STOP SIGN/FLASHER,CLEAR,DAYLIGHT,NOT DIVIDED,DRY,NO DEFECTS,15,7,7
Honda Amaze,TRAFFIC SIGNAL,FOG/SMOKE/HAZE,"DARKNESS, LIGHTED ROAD",NOT DIVIDED,DRY,WORN SURFACE,22,1,11
Toyota Fortuner,STOP SIGN/FLASHER,CLOUDY/OVERCAST,DAYLIGHT,ALLEY,DRY,NO DEFECTS,13,7,12
Toyota Innova,STOP SIGN/FLASHER,CLEAR,"DARKNESS, LIGHTED ROAD",NOT DIVIDED,DRY,NO DEFECTS,21,1,11
Maruti Suzuki Brezza,NO CONTROLS,RAIN,DARKNESS,ALLEY,WET,DEBRIS ON ROADWAY,21,7,6
Skoda Slavia,OTHER REG. SIGN,CLOUDY/OVERCAST,DAYLIGHT,NOT DIVIDED,WET,WORN SURFACE,9,1,3
Maruti Suzuki Swift,STOP SIGN/FLASHER,RAIN,DAYLIGHT,ONE-WAY,DRY,WORN SURFACE,12,3,7
Tata Punch,NO CONTROLS,RAIN,DAYLIGHT,ALLEY,WET,"RUT, HOLES",16,1,9
Hyundai Venue,NO CONTROLS,FOG/SMOKE/HAZE,DAYLIGHT,FOUR WAY,DRY,NO DEFECTS,9,1,7
Maruti Suzuki Brezza,TRAFFIC SIGNAL,FOG/SMOKE/HAZE,DARKNESS,FOUR WAY,OTHER,DEBRIS ON ROADWAY,5,7,7
Mahindra XUV700,STOP SIGN/FLASHER,CLOUDY/OVERCAST,DARKNESS,NOT DIVIDED,DRY,"RUT, HOLES",23,1,11
Toyota Fortuner,NO CONTROLS,CLEAR,DARKNESS,NOT DIVIDED,DRY,NO DEFECTS,18,6,6
Mahindra Scorpio,NO CONTROLS,CLOUDY/OVERCAST,DAYLIGHT,ALLEY,DRY,NO DEFECTS,13,7,11
Skoda Slavia,PEDESTRIAN CROSSING SIGN,OTHER,DAYLIGHT,DIVIDED - W/MEDIAN BARRIER,DRY,NO DEFECTS,16,7,6
Volkswagen Virtus,LANE USE MARKING,RAIN,"DARKNESS, LIGHTED ROAD",NOT DIVIDED,WET,NO DEFECTS,4,7,6
Tata Nexon,NO CONTROLS,RAIN,DAYLIGHT,DIVIDED - W/MEDIAN BARRIER,WET,NO DEFECTS,14,7,7
Mahindra XUV700,NO CONTROLS,CLOUDY/OVERCAST,DAWN,NOT DIVIDED,DRY,NO DEFECTS,21,1,9
Renault Kiger,NO CONTROLS,CLEAR,DARKNESS,DIVIDED - W/MEDIAN (NOT RAISED),DRY,NO DEFECTS,20,7,2
Toyota Fortuner,YIELD,FOG/SMOKE/HAZE,DAYLIGHT,NOT DIVIDED,DRY,NO DEFECTS,7,1,3
Volkswagen Virtus,NO CONTROLS,FOG/SMOKE/HAZE,DAYLIGHT,NOT DIVIDED,DRY,NO DEFECTS,9,2,12
Toyota Innova,NO CONTROLS,CLOUDY/OVERCAST,DAYLIGHT,NOT DIVIDED,"SAND, MUD, DIRT",NO DEFECTS,17,1,3
Kia Sonet,NO CONTROLS,CLOUDY/OVERCAST,DAYLIGHT,FOUR WAY,DRY,NO DEFECTS,11,6,8
Nissan Magnite,PEDESTRIAN CROSSING SIGN,RAIN,DARKNESS,FOUR WAY,WET,NO DEFECTS,3,1,8
Mahindra XUV700,TRAFFIC SIGNAL,RAIN,DAYLIGHT,DIVIDED - W/MEDIAN (NOT RAISED),"SAND, MUD, DIRT",NO DEFECTS,14,3,7
Maruti Suzuki Brezza,STOP SIGN/FLASHER,SLEET/HAIL,DAYLIGHT,NOT DIVIDED,WET,"RUT, HOLES",16,5,8
Maruti Suzuki Swift,TRAFFIC SIGNAL,SLEET/HAIL,"DARKNESS, LIGHTED ROAD",NOT DIVIDED,WET,NO DEFECTS,0,4,4
Honda Amaze,TRAFFIC SIGNAL,CLEAR,DARKNESS,NOT DIVIDED,"SAND, MUD, DIRT",NO DEFECTS,5,2,8
Maruti Suzuki Wagon R,TRAFFIC SIGNAL,RAIN,DAYLIGHT,ALLEY,WET,DEBRIS ON ROADWAY,8,5,6
Toyota Innova,NO CONTROLS,CLEAR,"DARKNESS, LIGHTED ROAD",ALLEY,"SAND, MUD, DIRT","RUT, HOLES",11,3,8
Mahindra Thar,STOP SIGN/FLASHER,RAIN,"DARKNESS, LIGHTED ROAD",DIVIDED - W/MEDIAN BARRIER,"SAND, MUD, DIRT",WORN SURFACE,15,5,2
Kia Sonet,TRAFFIC SIGNAL,RAIN,DUSK,NOT DIVIDED,WET,WORN SURFACE,10,5,8
Kia Sonet,STOP SIGN/FLASHER,CLEAR,DAYLIGHT,OTHER,DRY,NO DEFECTS,9,7,3
Hyundai Verna,NO CONTROLS,CLEAR,DARKNESS,NOT DIVIDED,DRY,"RUT, HOLES",20,7,5
Volkswagen Virtus,NO CONTROLS,CLEAR,DAYLIGHT,DIVIDED - W/MEDIAN (NOT RAISED),DRY,"RUT, HOLES",7,1,4
Tata Harrier,UNKNOWN,CLOUDY/OVERCAST,DAYLIGHT,T-INTERSECTION,"SAND, MUD, DIRT",NO DEFECTS,14,2,3
Hyundai i20,TRAFFIC SIGNAL,CLEAR,"DARKNESS, LIGHTED ROAD",NOT DIVIDED,DRY,WORN SURFACE,22,7,10
Honda Amaze,TRAFFIC SIGNAL,RAIN,DUSK,FOUR WAY,WET,WORN SURFACE,16,5,5
Tata Altroz,TRAFFIC SIGNAL,FOG/SMOKE/HAZE,DAYLIGHT,NOT DIVIDED,DRY,NO DEFECTS,17,6,12
Mahindra XUV700,NO CONTROLS,FOG/SMOKE/HAZE,DAYLIGHT,DIVIDED - W/MEDIAN (NOT RAISED),DRY,NO DEFECTS,8,4,12
Honda Amaze,NO CONTROLS,RAIN,"DARKNESS, LIGHTED ROAD",NOT DIVIDED,WET,NO DEFECTS,0,6,8
Mahindra Scorpio,STOP SIGN/FLASHER,CLEAR,DAYLIGHT,T-INTERSECTION,DRY,NO DEFECTS,16,2,2
Toyota Fortuner,STOP SIGN/FLASHER,RAIN,DAYLIGHT,NOT DIVIDED,DRY,NO DEFECTS,16,6,6
Hyundai Creta,TRAFFIC SIGNAL,CLEAR,DAYLIGHT,NOT DIVIDED,DRY,NO DEFECTS,6,7,10
Tata Punch,NO CONTROLS,RAIN,UNKNOWN,CENTER TURN LANE,WET,NO DEFECTS,13,3,6
Hyundai Verna,NO CONTROLS,RAIN,DARKNESS,TRAFFIC ROUTE,WET,DEBRIS ON ROADWAY,21,3,1
Maruti Suzuki Wagon R,NO CONTROLS,RAIN,DAYLIGHT,ONE-WAY,WET,"RUT, HOLES",8,5,8
Toyota Fortuner,NO CONTROLS,CLOUDY/OVERCAST,DAYLIGHT,FOUR WAY,DRY,"RUT, HOLES",13,7,11
Nissan Magnite,NO CONTROLS,CLEAR,DAYLIGHT,Y-INTERSECTION,DRY,NO DEFECTS,13,7,10
Maruti Suzuki Swift,NO CONTROLS,CLEAR,DARKNESS,FOUR WAY,DRY,NO DEFECTS,19,5,3
Toyota Innova,NO CONTROLS,CLEAR,DARKNESS,NOT DIVIDED,DRY,WORN SURFACE,19,5,9
Toyota Innova,NO CONTROLS,CLOUDY/OVERCAST,DUSK,NOT DIVIDED,DRY,NO DEFECTS,18,7,4
Toyota Fortuner,NO CONTROLS,CLEAR,DAYLIGHT,T-INTERSECTION,"SAND, MUD, DIRT",NO DEFECTS,11,2,4
Skoda Slavia,STOP SIGN/FLASHER,FOG/SMOKE/HAZE,DARKNESS,T-INTERSECTION,DRY,WORN SURFACE,5,6,11
Maruti Suzuki Wagon R,STOP SIGN/FLASHER,CLOUDY/OVERCAST,DAYLIGHT,UNKNOWN INTERSECTION TYPE,WET,NO DEFECTS,11,3,4
Hyundai i20,NO CONTROLS,CLEAR,DAWN,DIVIDED - W/MEDIAN BARRIER,DRY,NO DEFECTS,17,5,5
Mahindra XUV700,STOP SIGN/FLASHER,FOG/SMOKE/HAZE,DAYLIGHT,FOUR WAY,"SAND, MUD, DIRT",OTHER,16,7,1
Mahindra XUV700,TRAFFIC SIGNAL,SLEET/HAIL,DARKNESS,NOT DIVIDED,WET,NO DEFECTS,22,4,11
Toyota Innova,NO CONTROLS,CLEAR,DUSK,FOUR WAY,DRY,WORN SURFACE,13,1,10
Tata Harrier,LANE USE MARKING,RAIN,DAYLIGHT,NOT DIVIDED,"SAND, MUD, DIRT",DEBRIS ON ROADWAY,16,7,8
Hyundai Creta,NO CONTROLS,CLOUDY/OVERCAST,DAYLIGHT,NOT DIVIDED,"SAND, MUD, DIRT",NO DEFECTS,15,5,9
Toyota Fortuner,NO CONTROLS,CLOUDY/OVERCAST,DAYLIGHT,ONE-WAY,UNKNOWN,SHOULDER DEFECT,7,1,2
Kia Sonet,NO CONTROLS,RAIN,DAYLIGHT,NOT DIVIDED,WET,NO DEFECTS,13,1,7
Toyota Innova,NO CONTROLS,RAIN,DAYLIGHT,FOUR WAY,WET,SHOULDER DEFECT,15,3,6
Toyota Fortuner,STOP SIGN/FLASHER,CLEAR,DARKNESS,FOUR WAY,DRY,NO DEFECTS,22,1,1
Nissan Magnite,NO CONTROLS,OTHER,DAYLIGHT,NOT DIVIDED,WET,UNKNOWN,11,5,7
Mahindra Scorpio,TRAFFIC SIGNAL,RAIN,DARKNESS,NOT DIVIDED,UNKNOWN,"RUT, HOLES",23,5,12
Toyota Innova,TRAFFIC SIGNAL,FOG/SMOKE/HAZE,DAWN,NOT DIVIDED,DRY,"RUT, HOLES",9,7,1
Tata Altroz,STOP SIGN/FLASHER,CLEAR,DAYLIGHT,NOT DIVIDED,WET,WORN SURFACE,8,4,5
Nissan Magnite,STOP SIGN/FLASHER,CLOUDY/OVERCAST,DAYLIGHT,NOT DIVIDED,DRY,"RUT, HOLES",8,2,4
Maruti Suzuki Wagon R,STOP SIGN/FLASHER,RAIN,DAYLIGHT,NOT DIVIDED,WET,NO DEFECTS,6,1,4
Tata Nexon,NO CONTROLS,FOG/SMOKE/HAZE,DAYLIGHT,Y-INTERSECTION,DRY,NO DEFECTS,8,1,11
Nissan Magnite,NO CONTROLS,CLOUDY/OVERCAST,DARKNESS,DIVIDED - W/MEDIAN (NOT RAISED),DRY,NO DEFECTS,0,7,7
Kia Sonet,NO CONTROLS,UNKNOWN,DAYLIGHT,NOT DIVIDED,DRY,"RUT, HOLES",13,2,7
Tata Harrier,NO CONTROLS,SLEET/HAIL,"DARKNESS, LIGHTED ROAD",CENTER TURN LANE,WET,SHOULDER DEFECT,23,4,9
Tata Punch,NO CONTROLS,RAIN,DAYLIGHT,DIVIDED - W/MEDIAN (NOT RAISED),WET,"RUT, HOLES",17,6,3
Nissan Magnite,STOP SIGN/FLASHER,RAIN,DAWN,NOT DIVIDED,WET,NO DEFECTS,18,7,7
Maruti Suzuki Brezza,STOP SIGN/FLASHER,RAIN,DAWN,ONE-WAY,DRY,WORN SURFACE,6,2,7
Maruti Suzuki Brezza,NO CONTROLS,OTHER,DAYLIGHT,NOT DIVIDED,DRY,NO DEFECTS,14,2,8
Mahindra Thar,NO CONTROLS,CLOUDY/OVERCAST,DAYLIGHT,DIVIDED - W/MEDIAN (NOT RAISED),DRY,WORN SURFACE,9,2,12
Volkswagen Virtus,NO CONTROLS,CLEAR,DARKNESS,FOUR WAY,DRY,NO DEFECTS,20,2,10
Mahindra XUV700,NO CONTROLS,SLEET/HAIL,DAYLIGHT,NOT DIVIDED,"SAND, MUD, DIRT",NO DEFECTS,7,4,6
Maruti Suzuki Wagon R,NO CONTROLS,CLEAR,DAYLIGHT,"FIVE POINT, OR MORE",DRY,"RUT, HOLES",13,5,10
Skoda Slavia,NO CONTROLS,CLOUDY/OVERCAST,DAYLIGHT,NOT DIVIDED,UNKNOWN,NO DEFECTS,16,6,3
Toyota Innova,NO CONTROLS,CLOUDY/OVERCAST,DAYLIGHT,FOUR WAY,DRY,NO DEFECTS,14,3,1
Hyundai Verna,NO CONTROLS,CLOUDY/OVERCAST,"DARKNESS, LIGHTED ROAD",OTHER,DRY,"RUT, HOLES",19,5,4
Maruti Suzuki Baleno,NO CONTROLS,CLOUDY/OVERCAST,DAYLIGHT,NOT DIVIDED,DRY,"RUT, HOLES",8,1,6
Honda City,NO CONTROLS,CLEAR,DAYLIGHT,FOUR WAY,DRY,"RUT, HOLES",12,7,7
Nissan Magnite,NO CONTROLS,CLEAR,DARKNESS,PARKING LOT,DRY,OTHER,19,7,8
Nissan Magnite,NO CONTROLS,CLOUDY/OVERCAST,DARKNESS,OTHER,DRY,"RUT, HOLES",15,5,11
Honda City,NO CONTROLS,RAIN,DAYLIGHT,ONE-WAY,WET,"RUT, HOLES",12,2,7
Mahindra Scorpio,TRAFFIC SIGNAL,CLOUDY/OVERCAST,"DARKNESS, LIGHTED ROAD",NOT DIVIDED,DRY,NO DEFECTS,1,7,7
Mahindra Thar,TRAFFIC SIGNAL,CLEAR,DARKNESS,NOT DIVIDED,WET,"RUT, HOLES",18,6,1
Maruti Suzuki Swift,NO CONTROLS,CLEAR,DUSK,NOT DIVIDED,"SAND, MUD, DIRT",NO DEFECTS,22,1,1
Maruti Suzuki Swift,NO CONTROLS,CLEAR,DAYLIGHT,T-INTERSECTION,DRY,"RUT, HOLES",16,4,8
Honda Amaze,NO CONTROLS,CLOUDY/OVERCAST,DARKNESS,NOT DIVIDED,DRY,NO DEFECTS,20,1,7
Renault Kiger,NO CONTROLS,CLOUDY/OVERCAST,DAYLIGHT,OTHER,DRY,NO DEFECTS,14,2,11
Maruti Suzuki Swift,NO CONTROLS,RAIN,DAYLIGHT,NOT DIVIDED,WET,"RUT, HOLES",8,1,3
Maruti Suzuki Swift,STOP SIGN/FLASHER,FOG/SMOKE/HAZE,"DARKNESS, LIGHTED ROAD",NOT DIVIDED,WET,"RUT, HOLES",1,6,1
Tata Punch,NO CONTROLS,RAIN,DARKNESS,NOT DIVIDED,WET,NO DEFECTS,17,2,7
Mahindra Scorpio,OTHER,CLEAR,DAYLIGHT,NOT DIVIDED,DRY,NO DEFECTS,14,3,4
Kia Sonet,UNKNOWN,FOG/SMOKE/HAZE,DAWN,NOT DIVIDED,DRY,"RUT, HOLES",18,1,1
Maruti Suzuki Wagon R,TRAFFIC SIGNAL,RAIN,DAWN,NOT DIVIDED,WET,WORN SURFACE,17,1,9
Skoda Slavia,TRAFFIC SIGNAL,CLEAR,DARKNESS,NOT DIVIDED,"SAND, MUD, DIRT",NO DEFECTS,23,6,2
Honda City,NO CONTROLS,RAIN,DAYLIGHT,NOT DIVIDED,WET,"RUT, HOLES",14,5,8
Tata Punch,TRAFFIC SIGNAL,CLEAR,DUSK,DIVIDED - W/MEDIAN (NOT RAISED),UNKNOWN,NO DEFECTS,13,3,5
Maruti Suzuki Baleno,NO CONTROLS,CLOUDY/OVERCAST,DAWN,NOT DIVIDED,UNKNOWN,NO DEFECTS,9,1,3
Honda Amaze,UNKNOWN,RAIN,DAYLIGHT,DIVIDED - W/MEDIAN BARRIER,"SAND, MUD, DIRT","RUT, HOLES",14,6,6
Kia Seltos,TRAFFIC SIGNAL,CLEAR,DARKNESS,NOT DIVIDED,DRY,NO DEFECTS,20,7,10
Honda City,NO CONTROLS,FOG/SMOKE/HAZE,DARKNESS,NOT DIVIDED,DRY,"RUT, HOLES",5,5,6
Honda Amaze,TRAFFIC SIGNAL,RAIN,"DARKNESS, LIGHTED ROAD",DIVIDED - W/MEDIAN (NOT RAISED),WET,DEBRIS ON ROADWAY,23,2,9
Maruti Suzuki Brezza,NO CONTROLS,CLEAR,DARKNESS,NOT DIVIDED,UNKNOWN,WORN SURFACE,23,5,2
Tata Harrier,NO CONTROLS,CLOUDY/OVERCAST,DAYLIGHT,NOT DIVIDED,DRY,WORN SURFACE,16,1,10
Maruti Suzuki Swift,OTHER,CLEAR,DAYLIGHT,ONE-WAY,WET,"RUT, HOLES",11,2,4
Maruti Suzuki Swift,NO CONTROLS,RAIN,DAYLIGHT,NOT DIVIDED,OTHER,DEBRIS ON ROADWAY,8,4,9
Hyundai Creta,TRAFFIC SIGNAL,RAIN,DAYLIGHT,NOT DIVIDED,"SAND, MUD, DIRT",NO DEFECTS,9,2,8
Tata Nexon,NO CONTROLS,RAIN,DARKNESS,NOT DIVIDED,WET,"RUT, HOLES",2,7,12
Tata Harrier,NO CONTROLS,CLOUDY/OVERCAST,DAYLIGHT,NOT DIVIDED,DRY,"RUT, HOLES",14,6,6
Mahindra XUV700,TRAFFIC SIGNAL,FOG/SMOKE/HAZE,"DARKNESS, LIGHTED ROAD",NOT DIVIDED,DRY,SHOULDER DEFECT,5,3,1
Kia Sonet,PEDESTRIAN CROSSING SIGN,CLEAR,DAYLIGHT,NOT DIVIDED,DRY,NO DEFECTS,17,7,1
Mahindra XUV700,NO CONTROLS,CLEAR,DAYLIGHT,NOT DIVIDED,OTHER,NO DEFECTS,12,3,10
Volkswagen Virtus,NO CONTROLS,RAIN,UNKNOWN,NOT DIVIDED,OTHER,OTHER,8,5,7
Maruti Suzuki Swift,STOP SIGN/FLASHER,CLEAR,DUSK,NOT DIVIDED,DRY,NO DEFECTS,15,5,10
Skoda Slavia,STOP SIGN/FLASHER,CLEAR,DARKNESS,FOUR WAY,DRY,NO DEFECTS,23,5,4
Renault Kiger,STOP SIGN/FLASHER,RAIN,DAYLIGHT,UNKNOWN INTERSECTION TYPE,WET,"RUT, HOLES",17,2,6
Maruti Suzuki Brezza,TRAFFIC SIGNAL,CLOUDY/OVERCAST,DAYLIGHT,NOT DIVIDED,DRY,"RUT, HOLES",14,7,1
Hyundai Verna,TRAFFIC SIGNAL,BLOWING SNOW,DAWN,NOT DIVIDED,SNOW OR SLUSH,SHOULDER DEFECT,18,3,12
Skoda Slavia,NO CONTROLS,RAIN,DUSK,DIVIDED - W/MEDIAN (NOT RAISED),WET,"RUT, HOLES",18,5,9
Hyundai Verna,NO CONTROLS,CLEAR,"DARKNESS, LIGHTED ROAD",DIVIDED - W/MEDIAN (NOT RAISED),OTHER,"RUT, HOLES",20,6,12
Volkswagen Virtus,NO CONTROLS,CLEAR,DAYLIGHT,FOUR WAY,OTHER,NO DEFECTS,8,7,5
Kia Seltos,STOP SIGN/FLASHER,RAIN,"DARKNESS, LIGHTED ROAD",NOT DIVIDED,WET,"RUT, HOLES",20,4,8
Tata Nexon,PEDESTRIAN CROSSING SIGN,RAIN,DAYLIGHT,FOUR WAY,WET,NO DEFECTS,10,6,9
Maruti Suzuki Swift,STOP SIGN/FLASHER,RAIN,DARKNESS,NOT DIVIDED,WET,NO DEFECTS,22,1,6
Mahindra Scorpio,STOP SIGN/FLASHER,CLEAR,DUSK,NOT DIVIDED,WET,DEBRIS ON ROADWAY,9,6,11
Mahindra Thar,TRAFFIC SIGNAL,RAIN,DARKNESS,DIVIDED - W/MEDIAN BARRIER,WET,NO DEFECTS,21,6,12
Maruti Suzuki Swift,NO CONTROLS,RAIN,DARKNESS,NOT DIVIDED,WET,WORN SURFACE,22,4,11
Tata Punch,NO CONTROLS,UNKNOWN,DAYLIGHT,NOT DIVIDED,DRY,DEBRIS ON ROADWAY,7,3,9
Maruti Suzuki Swift,NO CONTROLS,CLEAR,DUSK,UNKNOWN INTERSECTION TYPE,DRY,NO DEFECTS,23,3,5
Toyota Innova,RAILROAD CROSSING GATE,CLEAR,"DARKNESS, LIGHTED ROAD",T-INTERSECTION,"SAND, MUD, DIRT",NO DEFECTS,4,1,5
Hyundai Creta,YIELD,CLOUDY/OVERCAST,DARKNESS,T-INTERSECTION,UNKNOWN,"RUT, HOLES",8,5,12
Maruti Suzuki Swift,TRAFFIC SIGNAL,CLEAR,DUSK,NOT DIVIDED,WET,NO DEFECTS,13,7,1
Tata Nexon,NO CONTROLS,RAIN,"DARKNESS, LIGHTED ROAD",NOT DIVIDED,DRY,WORN SURFACE,23,5,9
Kia Seltos,STOP SIGN/FLASHER,RAIN,DAYLIGHT,NOT DIVIDED,WET,NO DEFECTS,14,5,9
Honda Amaze,NO CONTROLS,CLEAR,DAYLIGHT,FOUR WAY,DRY,UNKNOWN,15,7,8
Hyundai Creta,TRAFFIC SIGNAL,FOG/SMOKE/HAZE,DAYLIGHT,NOT DIVIDED,WET,SHOULDER DEFECT,16,5,12
Maruti Suzuki Brezza,NO CONTROLS,RAIN,"DARKNESS, LIGHTED ROAD",NOT DIVIDED,WET,DEBRIS ON ROADWAY,22,3,6
Honda City,NO CONTROLS,CLOUDY/OVERCAST,DARKNESS,T-INTERSECTION,DRY,NO DEFECTS,18,6,6
Maruti Suzuki Brezza,NO CONTROLS,CLEAR,DAYLIGHT,ONE-WAY,WET,NO DEFECTS,8,5,1
Tata Punch,STOP SIGN/FLASHER,RAIN,DAYLIGHT,UNKNOWN INTERSECTION TYPE,WET,NO DEFECTS,10,7,7
Mahindra Scorpio,TRAFFIC SIGNAL,CLEAR,DARKNESS,NOT DIVIDED,DRY,WORN SURFACE,5,7,5
Tata Nexon,NO CONTROLS,CLOUDY/OVERCAST,DAYLIGHT,NOT DIVIDED,DRY,NO DEFECTS,16,7,6
Hyundai Venue,TRAFFIC SIGNAL,CLEAR,DAYLIGHT,UNKNOWN INTERSECTION TYPE,DRY,WORN SURFACE,7,1,10
Mahindra Scorpio,TRAFFIC SIGNAL,RAIN,DAYLIGHT,T-INTERSECTION,WET,"RUT, HOLES",9,3,12
Maruti Suzuki Baleno,TRAFFIC SIGNAL,CLOUDY/OVERCAST,"DARKNESS, LIGHTED ROAD",NOT DIVIDED,WET,"RUT, HOLES",20,5,3
Maruti Suzuki Brezza,TRAFFIC SIGNAL,CLEAR,DAYLIGHT,FOUR WAY,DRY,"RUT, HOLES",10,3,6
Mahindra Thar,NO CONTROLS,UNKNOWN,"DARKNESS, LIGHTED ROAD",NOT DIVIDED,UNKNOWN,"RUT, HOLES",15,5,12
Maruti Suzuki Baleno,PEDESTRIAN CROSSING SIGN,FOG/SMOKE/HAZE,DAYLIGHT,NOT DIVIDED,"SAND, MUD, DIRT",NO DEFECTS,8,6,1
Mahindra XUV700,NO CONTROLS,CLEAR,DARKNESS,NOT DIVIDED,DRY,NO DEFECTS,3,5,1
Skoda Slavia,NO CONTROLS,CLEAR,DAYLIGHT,NOT DIVIDED,WET,"RUT, HOLES",11,4,3
Maruti Suzuki Baleno,TRAFFIC SIGNAL,FOG/SMOKE/HAZE,DAYLIGHT,NOT DIVIDED,DRY,WORN SURFACE,8,6,8
Volkswagen Virtus,NO CONTROLS,CLEAR,DARKNESS,NOT DIVIDED,WET,NO DEFECTS,20,6,2
Hyundai Verna,LANE USE MARKING,CLEAR,DAYLIGHT,NOT DIVIDED,"SAND, MUD, DIRT",WORN SURFACE,10,6,12
Toyota Innova,STOP SIGN/FLASHER,RAIN,DAYLIGHT,NOT DIVIDED,WET,WORN SURFACE,12,6,7
Honda City,NO CONTROLS,RAIN,"DARKNESS, LIGHTED ROAD",T-INTERSECTION,WET,NO DEFECTS,18,7,7
Mahindra XUV700,UNKNOWN,CLEAR,DAWN,NOT DIVIDED,"SAND, MUD, DIRT","RUT, HOLES",18,1,4
Tata Nexon,STOP SIGN/FLASHER,RAIN,"DARKNESS, LIGHTED ROAD",Y-INTERSECTION,WET,NO DEFECTS,19,7,7
Nissan Magnite,STOP SIGN/FLASHER,FOG/SMOKE/HAZE,DARKNESS,FOUR WAY,DRY,NO DEFECTS,21,3,8
Nissan Magnite,NO CONTROLS,FOG/SMOKE/HAZE,DAYLIGHT,DIVIDED - W/MEDIAN (NOT RAISED),DRY,WORN SURFACE,18,5,9
Honda City,TRAFFIC SIGNAL,RAIN,DAYLIGHT,NOT DIVIDED,WET,UNKNOWN,12,7,9
Hyundai Creta,NO CONTROLS,RAIN,DAYLIGHT,NOT DIVIDED,WET,"RUT, HOLES",19,5,8
Hyundai Creta,NO CONTROLS,FREEZING RAIN/DRIZZLE,DAYLIGHT,NOT DIVIDED,WET,DEBRIS ON ROADWAY,14,1,11
Maruti Suzuki Wagon R,STOP SIGN/FLASHER,CLEAR,UNKNOWN,NOT DIVIDED,DRY,"RUT, HOLES",9,4,10
Mahindra Thar,PEDESTRIAN CROSSING SIGN,RAIN,DAYLIGHT,NOT DIVIDED,WET,"RUT, HOLES",10,7,9
Hyundai i20,NO CONTROLS,CLOUDY/OVERCAST,DAYLIGHT,NOT DIVIDED,WET,"RUT, HOLES",8,4,1
Renault Kiger,NO CONTROLS,CLEAR,DARKNESS,FOUR WAY,UNKNOWN,NO DEFECTS,7,7,1
Toyota Innova,TRAFFIC SIGNAL,CLEAR,DAYLIGHT,NOT DIVIDED,OTHER,NO DEFECTS,7,6,4
Maruti Suzuki Wagon R,TRAFFIC SIGNAL,RAIN,"DARKNESS, LIGHTED ROAD",DIVIDED - W/MEDIAN BARRIER,WET,"RUT, HOLES",3,7,9
Nissan Magnite,STOP SIGN/FLASHER,RAIN,DARKNESS,NOT DIVIDED,DRY,"RUT, HOLES",20,3,6
Mahindra Thar,TRAFFIC SIGNAL,RAIN,DARKNESS,FOUR WAY,OTHER,"RUT, HOLES",21,4,6
Tata Nexon,NO CONTROLS,FOG/SMOKE/HAZE,DAYLIGHT,NOT DIVIDED,OTHER,WORN SURFACE,11,3,11
Honda Amaze,NO CONTROLS,CLEAR,"DARKNESS, LIGHTED ROAD",DIVIDED - W/MEDIAN (NOT RAISED),"SAND, MUD, DIRT",NO DEFECTS,19,5,11
Honda City,NO CONTROLS,FOG/SMOKE/HAZE,DUSK,NOT DIVIDED,"SAND, MUD, DIRT",NO DEFECTS,6,1,11
Volkswagen Virtus,NO CONTROLS,CLOUDY/OVERCAST,DARKNESS,DIVIDED - W/MEDIAN (NOT RAISED),DRY,NO DEFECTS,21,2,6
Mahindra XUV700,NO CONTROLS,UNKNOWN,UNKNOWN,NOT DIVIDED,DRY,NO DEFECTS,14,7,9
Hyundai Verna,NO CONTROLS,CLEAR,DARKNESS,NOT DIVIDED,DRY,DEBRIS ON ROADWAY,3,5,5
Honda City,NO CONTROLS,CLOUDY/OVERCAST,DUSK,NOT DIVIDED,DRY,WORN SURFACE,6,2,3
Toyota Innova,TRAFFIC SIGNAL,CLEAR,UNKNOWN,T-INTERSECTION,UNKNOWN,NO DEFECTS,10,4,3
Nissan Magnite,TRAFFIC SIGNAL,SLEET/HAIL,DARKNESS,NOT DIVIDED,WET,WORN SURFACE,1,6,6
Tata Altroz,STOP SIGN/FLASHER,RAIN,DAYLIGHT,FOUR WAY,OTHER,"RUT, HOLES",10,5,7
Kia Seltos,NO CONTROLS,RAIN,"DARKNESS, LIGHTED ROAD",NOT DIVIDED,DRY,"RUT, HOLES",2,4,10
Honda City,STOP SIGN/FLASHER,CLEAR,DAYLIGHT,NOT DIVIDED,DRY,UNKNOWN,8,6,2
Mahindra XUV700,LANE USE MARKING,CLOUDY/OVERCAST,DAYLIGHT,DIVIDED - W/MEDIAN (NOT RAISED),DRY,"RUT, HOLES",9,2,9
Mahindra XUV700,STOP SIGN/FLASHER,OTHER,DARKNESS,NOT DIVIDED,DRY,DEBRIS ON ROADWAY,23,4,7
Honda Amaze,TRAFFIC SIGNAL,CLEAR,DAYLIGHT,FOUR WAY,WET,DEBRIS ON ROADWAY,8,6,5
Tata Altroz,NO CONTROLS,RAIN,DAYLIGHT,NOT DIVIDED,"SAND, MUD, DIRT",NO DEFECTS,8,5,7
Kia Sonet,NO CONTROLS,CLEAR,DAYLIGHT,NOT DIVIDED,UNKNOWN,NO DEFECTS,17,7,5
Mahindra Scorpio,NO CONTROLS,CLOUDY/OVERCAST,DARKNESS,T-INTERSECTION,DRY,"RUT, HOLES",20,4,8
Tata Harrier,STOP SIGN/FLASHER,RAIN,DAYLIGHT,UNKNOWN INTERSECTION TYPE,WET,WORN SURFACE,12,2,7
Maruti Suzuki Brezza,TRAFFIC SIGNAL,CLOUDY/OVERCAST,"DARKNESS, LIGHTED ROAD",NOT DIVIDED,DRY,WORN SURFACE,20,1,3
Honda Amaze,TRAFFIC SIGNAL,CLEAR,DAYLIGHT,FOUR WAY,DRY,WORN SURFACE,11,4,2
Kia Seltos,TRAFFIC SIGNAL,RAIN,DAYLIGHT,DIVIDED - W/MEDIAN (NOT RAISED),"SAND, MUD, DIRT","RUT, HOLES",8,4,8
Honda City,PEDESTRIAN CROSSING SIGN,RAIN,DAYLIGHT,DIVIDED - W/MEDIAN (NOT RAISED),WET,WORN SURFACE,10,2,11
Honda City,NO CONTROLS,RAIN,DAYLIGHT,Y-INTERSECTION,WET,WORN SURFACE,16,5,6
Hyundai Venue,TRAFFIC SIGNAL,RAIN,DAYLIGHT,T-INTERSECTION,WET,NO DEFECTS,11,2,9
Mahindra Thar,TRAFFIC SIGNAL,CLOUDY/OVERCAST,DAYLIGHT,ONE-WAY,DRY,NO DEFECTS,17,2,8
Kia Sonet,NO CONTROLS,CLOUDY/OVERCAST,DAYLIGHT,NOT DIVIDED,DRY,"RUT, HOLES",8,5,12
Tata Altroz,TRAFFIC SIGNAL,CLEAR,DAYLIGHT,NOT DIVIDED,DRY,WORN SURFACE,17,7,10
Toyota Fortuner,STOP SIGN/FLASHER,RAIN,DAYLIGHT,FOUR WAY,WET,"RUT, HOLES",11,2,8
Nissan Magnite,NO CONTROLS,RAIN,DAYLIGHT,DIVIDED - W/MEDIAN (NOT RAISED),WET,NO DEFECTS,13,2,8
Mahindra XUV700,NO CONTROLS,CLEAR,DAYLIGHT,ONE-WAY,DRY,NO DEFECTS,15,4,11
Honda Amaze,STOP SIGN/FLASHER,RAIN,UNKNOWN,NOT DIVIDED,WET,WORN SURFACE,17,1,6
Skoda Slavia,NO CONTROLS,OTHER,DAYLIGHT,DIVIDED - W/MEDIAN (NOT RAISED),OTHER,OTHER,8,3,6
Mahindra XUV700,NO CONTROLS,CLEAR,DARKNESS,NOT DIVIDED,WET,DEBRIS ON ROADWAY,19,7,1
Hyundai Creta,TRAFFIC SIGNAL,CLEAR,DAYLIGHT,OTHER,DRY,"RUT, HOLES",17,7,10
Toyota Fortuner,STOP SIGN/FLASHER,CLEAR,DAYLIGHT,NOT DIVIDED,WET,DEBRIS ON ROADWAY,8,6,10
Kia Seltos,NO CONTROLS,OTHER,"DARKNESS, LIGHTED ROAD",NOT DIVIDED,"SAND, MUD, DIRT",NO DEFECTS,23,1,2
Maruti Suzuki Baleno,STOP SIGN/FLASHER,RAIN,"DARKNESS, LIGHTED ROAD",NOT DIVIDED,WET,SHOULDER DEFECT,17,3,8
Toyota Innova,YIELD,CLOUDY/OVERCAST,DAYLIGHT,NOT DIVIDED,WET,"RUT, HOLES",13,5,7
Toyota Fortuner,NO CONTROLS,CLEAR,DAYLIGHT,Y-INTERSECTION,DRY,WORN SURFACE,7,6,2
Nissan Magnite,NO CONTROLS,UNKNOWN,DAYLIGHT,FOUR WAY,"SAND, MUD, DIRT",NO DEFECTS,15,5,12
Tata Nexon,TRAFFIC SIGNAL,RAIN,DAYLIGHT,T-INTERSECTION,WET,SHOULDER DEFECT,7,2,4
Kia Sonet,NO CONTROLS,FOG/SMOKE/HAZE,DAYLIGHT,NOT DIVIDED,OTHER,"RUT, HOLES",8,4,1
Hyundai Verna,TRAFFIC SIGNAL,CLOUDY/OVERCAST,DAYLIGHT,NOT DIVIDED,DRY,NO DEFECTS,12,2,8
Toyota Fortuner,STOP SIGN/FLASHER,RAIN,DAYLIGHT,OTHER,WET,NO DEFECTS,17,7,9
Nissan Magnite,STOP SIGN/FLASHER,FOG/SMOKE/HAZE,DAYLIGHT,OTHER,DRY,NO DEFECTS,6,5,1
Tata Altroz,TRAFFIC SIGNAL,RAIN,"DARKNESS, LIGHTED ROAD",PARKING LOT,WET,"RUT, HOLES",19,4,8
Toyota Innova,RAILROAD CROSSING GATE,CLEAR,DAYLIGHT,DIVIDED - W/MEDIAN (NOT RAISED),DRY,NO DEFECTS,10,7,7
Maruti Suzuki Brezza,TRAFFIC SIGNAL,CLOUDY/OVERCAST,DAYLIGHT,NOT DIVIDED,DRY,"RUT, HOLES",13,7,2
Toyota Innova,NO CONTROLS,CLEAR,DAYLIGHT,ALLEY,DRY,WORN SURFACE,18,4,3
Renault Kiger,NO CONTROLS,RAIN,DAYLIGHT,TRAFFIC ROUTE,WET,UNKNOWN,16,6,8
Maruti Suzuki Wagon R,NO CONTROLS,CLEAR,DAYLIGHT,UNKNOWN INTERSECTION TYPE,DRY,NO DEFECTS,10,3,5
Nissan Magnite,TRAFFIC SIGNAL,OTHER,DAYLIGHT,ONE-WAY,DRY,NO DEFECTS,12,3,12
Kia Seltos,STOP SIGN/FLASHER,CLOUDY/OVERCAST,DAYLIGHT,NOT DIVIDED,DRY,NO DEFECTS,10,5,10
Maruti Suzuki Baleno,OTHER,RAIN,DAYLIGHT,NOT DIVIDED,WET,NO DEFECTS,16,7,12
Tata Punch,NO CONTROLS,CLEAR,DAYLIGHT,T-INTERSECTION,DRY,SHOULDER DEFECT,11,5,5
Maruti Suzuki Baleno,NO CONTROLS,RAIN,DAWN,NOT DIVIDED,WET,"RUT, HOLES",18,4,12
Mahindra Scorpio,NO CONTROLS,RAIN,DAYLIGHT,"FIVE POINT, OR MORE",WET,"RUT, HOLES",15,5,7
Maruti Suzuki Brezza,TRAFFIC SIGNAL,CLEAR,DAYLIGHT,NOT DIVIDED,DRY,NO DEFECTS,7,6,6
Renault Kiger,STOP SIGN/FLASHER,FOG/SMOKE/HAZE,DAYLIGHT,NOT DIVIDED,DRY,WORN SURFACE,7,6,1
Honda Amaze,NO CONTROLS,FOG/SMOKE/HAZE,DUSK,NOT DIVIDED,DRY,OTHER,6,3,1
Hyundai Verna,TRAFFIC SIGNAL,RAIN,DAYLIGHT,NOT DIVIDED,WET,"RUT, HOLES",12,7,9
Maruti Suzuki Wagon R,NO CONTROLS,RAIN,DAYLIGHT,T-INTERSECTION,WET,OTHER,14,1,7
Mahindra Scorpio,NO CONTROLS,CLEAR,DAYLIGHT,T-INTERSECTION,DRY,NO DEFECTS,14,4,4
Honda Amaze,NO CONTROLS,RAIN,"DARKNESS, LIGHTED ROAD",NOT DIVIDED,"SAND, MUD, DIRT",NO DEFECTS,18,7,8
Tata Punch,LANE USE MARKING,CLOUDY/OVERCAST,DAYLIGHT,FOUR WAY,"SAND, MUD, DIRT",OTHER,7,6,5
Volkswagen Virtus,LANE USE MARKING,RAIN,DARKNESS,NOT DIVIDED,UNKNOWN,WORN SURFACE,22,6,8
Honda City,NO CONTROLS,CLEAR,DAYLIGHT,NOT DIVIDED,DRY,NO DEFECTS,11,2,6
Maruti Suzuki Baleno,NO CONTROLS,RAIN,DAYLIGHT,DIVIDED - W/MEDIAN (NOT RAISED),WET,NO DEFECTS,10,5,10
Maruti Suzuki Swift,TRAFFIC SIGNAL,CLOUDY/OVERCAST,DAYLIGHT,T-INTERSECTION,OTHER,"RUT, HOLES",17,7,10
Mahindra Scorpio,TRAFFIC SIGNAL,CLOUDY/OVERCAST,DARKNESS,CENTER TURN LANE,DRY,WORN SURFACE,19,2,7
Kia Sonet,NO CONTROLS,CLOUDY/OVERCAST,DAYLIGHT,NOT DIVIDED,DRY,SHOULDER DEFECT,12,3,6
Renault Kiger,STOP SIGN/FLASHER,CLEAR,DAWN,NOT DIVIDED,DRY,NO DEFECTS,18,3,6
Renault Kiger,TRAFFIC SIGNAL,CLOUDY/OVERCAST,"DARKNESS, LIGHTED ROAD",UNKNOWN INTERSECTION TYPE,DRY,"RUT, HOLES",20,3,10
Toyota Fortuner,UNKNOWN,RAIN,DAWN,NOT DIVIDED,WET,"RUT, HOLES",18,5,6
Mahindra Scorpio,TRAFFIC SIGNAL,CLEAR,DARKNESS,NOT DIVIDED,"SAND, MUD, DIRT","RUT, HOLES",1,2,4
Maruti Suzuki Swift,NO CONTROLS,FOG/SMOKE/HAZE,DARKNESS,OTHER,UNKNOWN,"RUT, HOLES",19,4,1
Tata Harrier,TRAFFIC SIGNAL,RAIN,DAWN,FOUR WAY,WET,"RUT, HOLES",18,4,7
Mahindra XUV700,NO CONTROLS,RAIN,DAYLIGHT,NOT DIVIDED,"SAND, MUD, DIRT",NO DEFECTS,17,5,7
Nissan Magnite,STOP SIGN/FLASHER,FOG/SMOKE/HAZE,DARKNESS,DIVIDED - W/MEDIAN (NOT RAISED),DRY,"RUT, HOLES",18,2,11
Maruti Suzuki Wagon R,STOP SIGN/FLASHER,CLEAR,DARKNESS,FOUR WAY,DRY,NO DEFECTS,23,5,4
Tata Harrier,TRAFFIC SIGNAL,RAIN,DAYLIGHT,ALLEY,WET,NO DEFECTS,13,6,6
Honda City,NO CONTROLS,CLEAR,DARKNESS,NOT DIVIDED,DRY,NO DEFECTS,3,6,10
Toyota Fortuner,YIELD,CLOUDY/OVERCAST,DAYLIGHT,DIVIDED - W/MEDIAN (NOT RAISED),DRY,NO DEFECTS,13,6,10
Maruti Suzuki Wagon R,TRAFFIC SIGNAL,SLEET/HAIL,DARKNESS,CENTER TURN LANE,WET,"RUT, HOLES",1,7,6
Maruti Suzuki Wagon R,NO CONTROLS,CLEAR,DAYLIGHT,NOT DIVIDED,DRY,NO DEFECTS,10,7,7
Hyundai i20,NO CONTROLS,UNKNOWN,DAYLIGHT,NOT DIVIDED,DRY,"RUT, HOLES",16,7,5
Hyundai Verna,NO CONTROLS,CLOUDY/OVERCAST,DAYLIGHT,NOT DIVIDED,OTHER,UNKNOWN,10,1,12
Mahindra XUV700,TRAFFIC SIGNAL,CLEAR,DAYLIGHT,T-INTERSECTION,WET,NO DEFECTS,17,5,2
Nissan Magnite,NO CONTROLS,FOG/SMOKE/HAZE,DAWN,OTHER,DRY,NO DEFECTS,18,3,12
Hyundai i20,NO CONTROLS,RAIN,DUSK,NOT DIVIDED,WET,WORN SURFACE,13,6,9
Hyundai i20,NO CONTROLS,RAIN,DARKNESS,NOT DIVIDED,OTHER,NO DEFECTS,21,6,7
Maruti Suzuki Baleno,STOP SIGN/FLASHER,CLOUDY/OVERCAST,DARKNESS,DIVIDED - W/MEDIAN BARRIER,WET,"RUT, HOLES",4,1,1
Honda Amaze,STOP SIGN/FLASHER,RAIN,"DARKNESS, LIGHTED ROAD",NOT DIVIDED,WET,NO DEFECTS,19,5,7
Skoda Slavia,NO CONTROLS,RAIN,"DARKNESS, LIGHTED ROAD",NOT DIVIDED,WET,NO DEFECTS,19,7,6
Volkswagen Virtus,LANE USE MARKING,CLEAR,DAYLIGHT,T-INTERSECTION,DRY,DEBRIS ON ROADWAY,10,5,3
Maruti Suzuki Brezza,TRAFFIC SIGNAL,RAIN,DAYLIGHT,NOT DIVIDED,WET,NO DEFECTS,10,4,8
Hyundai i20,NO CONTROLS,FOG/SMOKE/HAZE,DAYLIGHT,DIVIDED - W/MEDIAN BARRIER,"SAND, MUD, DIRT",NO DEFECTS,7,1,12
Mahindra Scorpio,STOP SIGN/FLASHER,RAIN,DARKNESS,NOT DIVIDED,WET,NO DEFECTS,19,6,8
Kia Seltos,STOP SIGN/FLASHER,OTHER,"DARKNESS, LIGHTED ROAD",NOT DIVIDED,UNKNOWN,NO DEFECTS,19,1,9
Mahindra Thar,TRAFFIC SIGNAL,FOG/SMOKE/HAZE,"DARKNESS, LIGHTED ROAD",NOT DIVIDED,DRY,NO DEFECTS,7,5,1
Maruti Suzuki Swift,STOP SIGN/FLASHER,CLEAR,DAYLIGHT,T-INTERSECTION,DRY,NO DEFECTS,16,7,7
Tata Punch,STOP SIGN/FLASHER,CLEAR,UNKNOWN,Y-INTERSECTION,DRY,"RUT, HOLES",6,4,2
Tata Altroz,NO CONTROLS,RAIN,DAYLIGHT,T-INTERSECTION,WET,WORN SURFACE,14,6,8
Maruti Suzuki Brezza,TRAFFIC SIGNAL,FREEZING RAIN/DRIZZLE,DUSK,NOT DIVIDED,WET,"RUT, HOLES",23,6,12
Tata Altroz,STOP SIGN/FLASHER,RAIN,DAYLIGHT,T-INTERSECTION,WET,"RUT, HOLES",7,1,8
Kia Seltos,TRAFFIC SIGNAL,FOG/SMOKE/HAZE,DARKNESS,DIVIDED - W/MEDIAN (NOT RAISED),UNKNOWN,WORN SURFACE,20,7,1
Tata Harrier,NO CONTROLS,RAIN,"DARKNESS, LIGHTED ROAD",OTHER,WET,UNKNOWN,19,2,6
Maruti Suzuki Baleno,OTHER,CLEAR,DARKNESS,NOT DIVIDED,DRY,"RUT, HOLES",22,3,8
Mahindra Scorpio,TRAFFIC SIGNAL,CLEAR,DAYLIGHT,NOT DIVIDED,DRY,DEBRIS ON ROADWAY,7,7,6
Maruti Suzuki Wagon R,TRAFFIC SIGNAL,RAIN,DAYLIGHT,NOT DIVIDED,WET,"RUT, HOLES",8,6,10
Hyundai i20,NO CONTROLS,CLEAR,DARKNESS,NOT DIVIDED,DRY,WORN SURFACE,0,3,10
Tata Harrier,NO CONTROLS,FOG/SMOKE/HAZE,DAYLIGHT,DIVIDED - W/MEDIAN (NOT RAISED),DRY,"RUT, HOLES",17,1,8
Hyundai Venue,FLASHING CONTROL SIGNAL,RAIN,DAYLIGHT,NOT DIVIDED,WET,DEBRIS ON ROADWAY,16,3,6
Maruti Suzuki Swift,UNKNOWN,CLEAR,DAYLIGHT,NOT DIVIDED,"SAND, MUD, DIRT","RUT, HOLES",7,7,5
Tata Harrier,NO CONTROLS,UNKNOWN,DARKNESS,NOT DIVIDED,DRY,WORN SURFACE,19,1,2
Hyundai Creta,STOP SIGN/FLASHER,CLOUDY/OVERCAST,DAYLIGHT,NOT DIVIDED,DRY,"RUT, HOLES",10,7,6
Hyundai i20,NO CONTROLS,RAIN,DAYLIGHT,NOT DIVIDED,WET,SHOULDER DEFECT,6,3,6
Tata Nexon,NO CONTROLS,CLOUDY/OVERCAST,DAYLIGHT,NOT DIVIDED,DRY,UNKNOWN,13,5,9
Tata Punch,NO CONTROLS,RAIN,"DARKNESS, LIGHTED ROAD",ONE-WAY,WET,NO DEFECTS,5,5,8
Tata Nexon,NO CONTROLS,FOG/SMOKE/HAZE,DAYLIGHT,TRAFFIC ROUTE,DRY,"RUT, HOLES",7,3,1
Hyundai Creta,STOP SIGN/FLASHER,RAIN,DAYLIGHT,NOT DIVIDED,WET,NO DEFECTS,11,1,6
Toyota Innova,NO CONTROLS,RAIN,DARKNESS,UNKNOWN INTERSECTION TYPE,WET,NO DEFECTS,20,2,3
Maruti Suzuki Brezza,OTHER WARNING SIGN,CLEAR,DARKNESS,NOT DIVIDED,UNKNOWN,DEBRIS ON ROADWAY,19,5,3
Maruti Suzuki Swift,STOP SIGN/FLASHER,OTHER,DAYLIGHT,T-INTERSECTION,WET,"RUT, HOLES",13,7,10
Toyota Innova,NO CONTROLS,FOG/SMOKE/HAZE,DAYLIGHT,T-INTERSECTION,DRY,NO DEFECTS,17,7,1
Hyundai i20,PEDESTRIAN CROSSING SIGN,CLOUDY/OVERCAST,DAYLIGHT,NOT DIVIDED,DRY,WORN SURFACE,15,1,7
Kia Seltos,TRAFFIC SIGNAL,CLEAR,DUSK,T-INTERSECTION,DRY,"RUT, HOLES",11,7,3
Maruti Suzuki Swift,NO CONTROLS,FOG/SMOKE/HAZE,DAYLIGHT,ALLEY,DRY,NO DEFECTS,17,2,11
Kia Seltos,STOP SIGN/FLASHER,RAIN,DAYLIGHT,UNKNOWN INTERSECTION TYPE,WET,NO DEFECTS,17,7,8
Hyundai Creta,STOP SIGN/FLASHER,CLEAR,DAYLIGHT,T-INTERSECTION,"SAND, MUD, DIRT","RUT, HOLES",16,6,4
Maruti Suzuki Brezza,TRAFFIC SIGNAL,RAIN,DAYLIGHT,ONE-WAY,WET,NO DEFECTS,16,7,7
Toyota Fortuner,TRAFFIC SIGNAL,RAIN,DAYLIGHT,NOT DIVIDED,WET,NO DEFECTS,17,4,9
Hyundai Venue,NO CONTROLS,CLEAR,DAYLIGHT,NOT DIVIDED,DRY,NO DEFECTS,12,6,12
Nissan Magnite,STOP SIGN/FLASHER,CLEAR,DARKNESS,NOT DIVIDED,WET,SHOULDER DEFECT,20,6,4
Honda City,STOP SIGN/FLASHER,FOG/SMOKE/HAZE,DAWN,DIVIDED - W/MEDIAN (NOT RAISED),DRY,NO DEFECTS,6,4,11
Mahindra XUV700,STOP SIGN/FLASHER,CLOUDY/OVERCAST,"DARKNESS, LIGHTED ROAD",NOT DIVIDED,OTHER,SHOULDER DEFECT,20,7,12
Hyundai i20,NO CONTROLS,RAIN,DAYLIGHT,FOUR WAY,DRY,"RUT, HOLES",11,2,12
Maruti Suzuki Brezza,OTHER,RAIN,DUSK,NOT DIVIDED,OTHER,NO DEFECTS,6,7,8
Toyota Fortuner,TRAFFIC SIGNAL,RAIN,DAYLIGHT,ONE-WAY,WET,"RUT, HOLES",16,6,8
Honda Amaze,STOP SIGN/FLASHER,RAIN,DAYLIGHT,T-INTERSECTION,WET,"RUT, HOLES",12,5,6
Hyundai Creta,STOP SIGN/FLASHER,RAIN,DARKNESS,T-INTERSECTION,DRY,SHOULDER DEFECT,19,1,9
Maruti Suzuki Swift,NO CONTROLS,RAIN,DAYLIGHT,DIVIDED - W/MEDIAN BARRIER,DRY,DEBRIS ON ROADWAY,13,2,7
Tata Nexon,STOP SIGN/FLASHER,SLEET/HAIL,DAYLIGHT,DIVIDED - W/MEDIAN BARRIER,WET,NO DEFECTS,17,7,9
Nissan Magnite,TRAFFIC SIGNAL,RAIN,DAYLIGHT,ONE-WAY,UNKNOWN,WORN SURFACE,10,6,7
Kia Seltos,STOP SIGN/FLASHER,RAIN,DAYLIGHT,NOT DIVIDED,OTHER,NO DEFECTS,8,7,9
Maruti Suzuki Brezza,STOP SIGN/FLASHER,RAIN,DAYLIGHT,FOUR WAY,WET,NO DEFECTS,12,4,10
Kia Seltos,STOP SIGN/FLASHER,CLOUDY/OVERCAST,DAYLIGHT,NOT DIVIDED,DRY,NO DEFECTS,16,7,2
Tata Altroz,TRAFFIC SIGNAL,CLEAR,DAYLIGHT,T-INTERSECTION,DRY,WORN SURFACE,17,7,10
Tata Harrier,TRAFFIC SIGNAL,RAIN,DAYLIGHT,NOT DIVIDED,"SAND, MUD, DIRT",NO DEFECTS,15,7,8
Tata Altroz,TRAFFIC SIGNAL,CLEAR,DARKNESS,NOT REPORTED,WET,"RUT, HOLES",23,3,11
Kia Seltos,NO CONTROLS,OTHER,DAYLIGHT,FOUR WAY,DRY,WORN SURFACE,17,4,7
Mahindra Scorpio,STOP SIGN/FLASHER,CLOUDY/OVERCAST,"DARKNESS, LIGHTED ROAD",NOT DIVIDED,DRY,WORN SURFACE,21,1,6
Mahindra XUV700,TRAFFIC SIGNAL,FOG/SMOKE/HAZE,DAWN,NOT DIVIDED,DRY,SHOULDER DEFECT,5,5,12
Renault Kiger,STOP SIGN/FLASHER,UNKNOWN,"DARKNESS, LIGHTED ROAD",DIVIDED - W/MEDIAN BARRIER,DRY,NO DEFECTS,3,6,5
Renault Kiger,TRAFFIC SIGNAL,CLEAR,DAYLIGHT,NOT DIVIDED,DRY,"RUT, HOLES",10,2,11
Maruti Suzuki Baleno,TRAFFIC SIGNAL,RAIN,DUSK,DIVIDED - W/MEDIAN (NOT RAISED),WET,DEBRIS ON ROADWAY,6,2,7
Hyundai Venue,NO CONTROLS,CLOUDY/OVERCAST,DAYLIGHT,NOT DIVIDED,WET,NO DEFECTS,15,5,7
Nissan Magnite,NO CONTROLS,CLEAR,DAYLIGHT,ONE-WAY,DRY,WORN SURFACE,14,4,6
Toyota Innova,STOP SIGN/FLASHER,CLEAR,DAYLIGHT,NOT DIVIDED,DRY,NO DEFECTS,15,4,8
Kia Seltos,NO CONTROLS,CLOUDY/OVERCAST,DAWN,NOT DIVIDED,DRY,"RUT, HOLES",18,4,6
Tata Harrier,LANE USE MARKING,FOG/SMOKE/HAZE,DAWN,DIVIDED - W/MEDIAN (NOT RAISED),DRY,WORN SURFACE,21,4,1
Mahindra XUV700,NO CONTROLS,CLEAR,DARKNESS,NOT DIVIDED,WET,DEBRIS ON ROADWAY,20,2,5
Nissan Magnite,NO CONTROLS,CLEAR,DAYLIGHT,UNKNOWN INTERSECTION TYPE,DRY,"RUT, HOLES",6,5,1
Renault Kiger,RAILROAD CROSSING GATE,CLOUDY/OVERCAST,DAWN,NOT DIVIDED,DRY,SHOULDER DEFECT,11,1,12
Nissan Magnite,NO CONTROLS,FOG/SMOKE/HAZE,DAYLIGHT,NOT DIVIDED,DRY,NO DEFECTS,7,1,12
Maruti Suzuki Swift,STOP SIGN/FLASHER,OTHER,DAYLIGHT,T-INTERSECTION,DRY,"RUT, HOLES",7,6,6
Hyundai i20,NO CONTROLS,OTHER,DUSK,ALLEY,"SAND, MUD, DIRT","RUT, HOLES",15,6,9
Maruti Suzuki Brezza,TRAFFIC SIGNAL,CLOUDY/OVERCAST,DAYLIGHT,CENTER TURN LANE,DRY,"RUT, HOLES",15,3,6
Toyota Fortuner,NO CONTROLS,RAIN,DAYLIGHT,NOT DIVIDED,WET,"RUT, HOLES",8,2,9
Mahindra Scorpio,NO CONTROLS,CLOUDY/OVERCAST,DAYLIGHT,NOT DIVIDED,"SAND, MUD, DIRT",OTHER,17,1,10
Tata Punch,LANE USE MARKING,RAIN,DARKNESS,UNKNOWN INTERSECTION TYPE,WET,NO DEFECTS,18,4,12
Honda City,NO CONTROLS,CLOUDY/OVERCAST,DARKNESS,NOT DIVIDED,DRY,NO DEFECTS,0,4,6
Hyundai Creta,TRAFFIC SIGNAL,CLOUDY/OVERCAST,DAYLIGHT,T-INTERSECTION,DRY,OTHER,12,7,10
Honda Amaze,NO CONTROLS,CLEAR,"DARKNESS, LIGHTED ROAD",NOT DIVIDED,OTHER,"RUT, HOLES",20,1,5
Skoda Slavia,NO CONTROLS,UNKNOWN,DAYLIGHT,NOT DIVIDED,WET,"RUT, HOLES",15,4,12
Honda Amaze,TRAFFIC SIGNAL,RAIN,DAYLIGHT,"FIVE POINT, OR MORE",WET,NO DEFECTS,11,4,1
Tata Punch,NO CONTROLS,CLEAR,DARKNESS,FOUR WAY,WET,NO DEFECTS,9,7,8
Nissan Magnite,NO CONTROLS,RAIN,DAYLIGHT,DIVIDED - W/MEDIAN (NOT RAISED),WET,NO DEFECTS,9,2,8
Toyota Fortuner,TRAFFIC SIGNAL,SLEET/HAIL,UNKNOWN,NOT DIVIDED,WET,NO DEFECTS,5,1,9
Hyundai Creta,STOP SIGN/FLASHER,CLEAR,DARKNESS,NOT DIVIDED,WET,"RUT, HOLES",19,3,2
Hyundai i20,TRAFFIC SIGNAL,FOG/SMOKE/HAZE,DARKNESS,NOT DIVIDED,DRY,WORN SURFACE,5,5,12
Toyota Fortuner,NO CONTROLS,FOG/SMOKE/HAZE,DAYLIGHT,Y-INTERSECTION,WET,SHOULDER DEFECT,7,7,3
Maruti Suzuki Swift,TRAFFIC SIGNAL,RAIN,UNKNOWN,FOUR WAY,WET,NO DEFECTS,1,3,8
Mahindra XUV700,NO CONTROLS,CLEAR,DAYLIGHT,NOT DIVIDED,DRY,NO DEFECTS,18,2,4
Maruti Suzuki Baleno,TRAFFIC SIGNAL,CLOUDY/OVERCAST,DARKNESS,NOT DIVIDED,DRY,"RUT, HOLES",1,3,5
Tata Nexon,STOP SIGN/FLASHER,RAIN,DAYLIGHT,DIVIDED - W/MEDIAN BARRIER,WET,NO DEFECTS,10,1,8
Skoda Slavia,TRAFFIC SIGNAL,OTHER,DAYLIGHT,NOT DIVIDED,DRY,WORN SURFACE,15,7,7
Mahindra Scorpio,NO CONTROLS,CLEAR,DAWN,NOT DIVIDED,DRY,"RUT, HOLES",12,5,3
Kia Sonet,NO CONTROLS,CLOUDY/OVERCAST,DAYLIGHT,DIVIDED - W/MEDIAN (NOT RAISED),WET,OTHER,9,3,3
Maruti Suzuki Baleno,TRAFFIC SIGNAL,RAIN,DAWN,NOT DIVIDED,WET,NO DEFECTS,9,3,7
Kia Sonet,PEDESTRIAN CROSSING SIGN,RAIN,DARKNESS,NOT DIVIDED,WET,NO DEFECTS,19,7,9
Kia Seltos,NO CONTROLS,CLEAR,"DARKNESS, LIGHTED ROAD",NOT REPORTED,DRY,NO DEFECTS,23,6,11
Tata Nexon,TRAFFIC SIGNAL,UNKNOWN,DAYLIGHT,DIVIDED - W/MEDIAN (NOT RAISED),DRY,NO DEFECTS,11,5,1
Honda City,NO CONTROLS,RAIN,DARKNESS,T-INTERSECTION,"SAND, MUD, DIRT",WORN SURFACE,1,6,6
Kia Sonet,STOP SIGN/FLASHER,CLEAR,DARKNESS,FOUR WAY,DRY,DEBRIS ON ROADWAY,1,6,2
Nissan Magnite,LANE USE MARKING,FOG/SMOKE/HAZE,DUSK,NOT DIVIDED,"SAND, MUD, DIRT",NO DEFECTS,18,2,1
Maruti Suzuki Swift,LANE USE MARKING,RAIN,DAYLIGHT,OTHER,DRY,NO DEFECTS,15,2,8
Maruti Suzuki Brezza,NO CONTROLS,RAIN,DUSK,NOT DIVIDED,WET,NO DEFECTS,18,7,8
Maruti Suzuki Swift,NO CONTROLS,CLEAR,DAYLIGHT,CENTER TURN LANE,OTHER,"RUT, HOLES",17,2,3
Maruti Suzuki Swift,NO CONTROLS,CLEAR,DARKNESS,NOT DIVIDED,WET,"RUT, HOLES",21,4,4
Hyundai Verna,STOP SIGN/FLASHER,RAIN,"DARKNESS, LIGHTED ROAD","FIVE POINT, OR MORE",OTHER,WORN SURFACE,20,7,1
Hyundai Creta,NO CONTROLS,RAIN,DUSK,ONE-WAY,WET,WORN SURFACE,18,4,10
Honda Amaze,NO CONTROLS,FOG/SMOKE/HAZE,DAYLIGHT,NOT DIVIDED,DRY,"RUT, HOLES",8,4,12
Tata Punch,NO CONTROLS,CLEAR,UNKNOWN,NOT DIVIDED,DRY,"RUT, HOLES",10,6,2
Kia Seltos,NO CONTROLS,CLEAR,DAYLIGHT,NOT DIVIDED,DRY,SHOULDER DEFECT,14,3,4
Hyundai Verna,OTHER,FOG/SMOKE/HAZE,DAYLIGHT,NOT DIVIDED,OTHER,NO DEFECTS,9,4,11
Toyota Fortuner,STOP SIGN/FLASHER,CLOUDY/OVERCAST,DAYLIGHT,FOUR WAY,WET,NO DEFECTS,16,3,12
Maruti Suzuki Brezza,NO CONTROLS,RAIN,DAYLIGHT,DIVIDED - W/MEDIAN (NOT RAISED),WET,NO DEFECTS,7,3,7
Mahindra XUV700,TRAFFIC SIGNAL,CLOUDY/OVERCAST,DAYLIGHT,FOUR WAY,OTHER,NO DEFECTS,17,4,1
Nissan Magnite,UNKNOWN,CLOUDY/OVERCAST,DAYLIGHT,NOT DIVIDED,UNKNOWN,NO DEFECTS,13,6,1
Skoda Slavia,STOP SIGN/FLASHER,RAIN,DAYLIGHT,NOT DIVIDED,WET,NO DEFECTS,16,7,8
Tata Nexon,TRAFFIC SIGNAL,SLEET/HAIL,DAYLIGHT,T-INTERSECTION,DRY,NO DEFECTS,8,4,6
Tata Altroz,PEDESTRIAN CROSSING SIGN,OTHER,DAYLIGHT,OTHER,DRY,WORN SURFACE,13,3,1
Renault Kiger,NO CONTROLS,SLEET/HAIL,DAYLIGHT,NOT DIVIDED,WET,"RUT, HOLES",8,7,8
Mahindra XUV700,TRAFFIC SIGNAL,FOG/SMOKE/HAZE,DAWN,NOT DIVIDED,UNKNOWN,NO DEFECTS,19,3,1
Tata Nexon,STOP SIGN/FLASHER,OTHER,DAWN,NOT DIVIDED,"SAND, MUD, DIRT",WORN SURFACE,14,6,10
Renault Kiger,UNKNOWN,RAIN,DAYLIGHT,NOT DIVIDED,WET,"RUT, HOLES",8,6,5
Tata Nexon,STOP SIGN/FLASHER,FOG/SMOKE/HAZE,DARKNESS,FOUR WAY,DRY,NO DEFECTS,4,1,1
Renault Kiger,OTHER,RAIN,DAYLIGHT,NOT DIVIDED,WET,UNKNOWN,17,2,8
Hyundai i20,STOP SIGN/FLASHER,CLEAR,DAYLIGHT,ALLEY,DRY,NO DEFECTS,8,5,6
Mahindra Scorpio,TRAFFIC SIGNAL,UNKNOWN,DARKNESS,NOT DIVIDED,DRY,WORN SURFACE,23,7,12
Renault Kiger,NO CONTROLS,RAIN,DAYLIGHT,NOT DIVIDED,WET,OTHER,15,5,8
Tata Altroz,PEDESTRIAN CROSSING SIGN,CLEAR,DAYLIGHT,NOT DIVIDED,DRY,WORN SURFACE,9,6,5
Hyundai Venue,TRAFFIC SIGNAL,RAIN,DAYLIGHT,NOT DIVIDED,WET,"RUT, HOLES",17,6,9
Honda City,NO CONTROLS,SNOW,DUSK,ONE-WAY,ICE,DEBRIS ON ROADWAY,9,4,5
Tata Altroz,NO CONTROLS,FOG/SMOKE/HAZE,"DARKNESS, LIGHTED ROAD",Y-INTERSECTION,DRY,NO DEFECTS,18,5,11
Skoda Slavia,TRAFFIC SIGNAL,RAIN,DAYLIGHT,NOT DIVIDED,DRY,NO DEFECTS,10,1,6
Skoda Slavia,NO CONTROLS,UNKNOWN,DARKNESS,NOT DIVIDED,DRY,"RUT, HOLES",23,7,8
Renault Kiger,TRAFFIC SIGNAL,CLOUDY/OVERCAST,DAYLIGHT,Y-INTERSECTION,DRY,DEBRIS ON ROADWAY,16,6,1
Nissan Magnite,NO CONTROLS,UNKNOWN,"DARKNESS, LIGHTED ROAD",NOT DIVIDED,DRY,"RUT, HOLES",19,2,7
Tata Altroz,STOP SIGN/FLASHER,CLOUDY/OVERCAST,DAWN,DIVIDED - W/MEDIAN BARRIER,"SAND, MUD, DIRT",OTHER,3,2,10
Hyundai Verna,NO CONTROLS,CLEAR,DAYLIGHT,DIVIDED - W/MEDIAN (NOT RAISED),"SAND, MUD, DIRT",NO DEFECTS,11,1,10
Honda City,NO CONTROLS,CLEAR,DUSK,NOT DIVIDED,DRY,WORN SURFACE,18,3,4
Honda City,STOP SIGN/FLASHER,CLOUDY/OVERCAST,DAYLIGHT,NOT DIVIDED,DRY,DEBRIS ON ROADWAY,17,3,4
Kia Seltos,TRAFFIC SIGNAL,CLOUDY/OVERCAST,DAYLIGHT,FOUR WAY,WET,"RUT, HOLES",8,6,10
Maruti Suzuki Wagon R,NO CONTROLS,CLEAR,DAYLIGHT,DIVIDED - W/MEDIAN BARRIER,DRY,OTHER,11,4,12
Mahindra Scorpio,NO CONTROLS,FOG/SMOKE/HAZE,DAYLIGHT,NOT DIVIDED,DRY,NO DEFECTS,7,7,1
Toyota Fortuner,NO CONTROLS,RAIN,"DARKNESS, LIGHTED ROAD",NOT DIVIDED,WET,OTHER,16,1,7
Maruti Suzuki Wagon R,YIELD,RAIN,DAYLIGHT,T-INTERSECTION,WET,DEBRIS ON ROADWAY,11,6,6
Toyota Innova,TRAFFIC SIGNAL,FOG/SMOKE/HAZE,DAYLIGHT,DIVIDED - W/MEDIAN (NOT RAISED),DRY,NO DEFECTS,7,7,11
Nissan Magnite,STOP SIGN/FLASHER,CLEAR,DAYLIGHT,ONE-WAY,DRY,"RUT, HOLES",8,4,1
Toyota Innova,LANE USE MARKING,CLEAR,DAYLIGHT,NOT DIVIDED,DRY,"RUT, HOLES",12,3,4
Hyundai Venue,TRAFFIC SIGNAL,RAIN,DAYLIGHT,OTHER,WET,NO DEFECTS,8,4,9
Maruti Suzuki Swift,LANE USE MARKING,RAIN,DAWN,NOT DIVIDED,WET,NO DEFECTS,22,6,1
Mahindra Scorpio,STOP SIGN/FLASHER,RAIN,DAYLIGHT,NOT DIVIDED,OTHER,NO DEFECTS,7,7,7
Mahindra Scorpio,NO CONTROLS,CLOUDY/OVERCAST,"DARKNESS, LIGHTED ROAD",NOT DIVIDED,DRY,"RUT, HOLES",21,1,7
Tata Altroz,TRAFFIC SIGNAL,RAIN,DAYLIGHT,DIVIDED - W/MEDIAN BARRIER,WET,"RUT, HOLES",13,5,6
Kia Seltos,NO CONTROLS,CLEAR,DAYLIGHT,NOT DIVIDED,DRY,DEBRIS ON ROADWAY,12,5,6
Tata Nexon,NO CONTROLS,RAIN,DAYLIGHT,"FIVE POINT, OR MORE",WET,NO DEFECTS,8,1,7
Renault Kiger,STOP SIGN/FLASHER,CLEAR,DAYLIGHT,DIVIDED - W/MEDIAN (NOT RAISED),DRY,"RUT, HOLES",16,2,3
Honda City,NO CONTROLS,FOG/SMOKE/HAZE,DAYLIGHT,T-INTERSECTION,DRY,NO DEFECTS,16,1,8
Maruti Suzuki Wagon R,NO CONTROLS,CLEAR,DAYLIGHT,T-INTERSECTION,"SAND, MUD, DIRT","RUT, HOLES",14,3,10
Mahindra XUV700,NO CONTROLS,CLOUDY/OVERCAST,"DARKNESS, LIGHTED ROAD",NOT DIVIDED,"SAND, MUD, DIRT",DEBRIS ON ROADWAY,2,2,9
Maruti Suzuki Brezza,TRAFFIC SIGNAL,CLEAR,"DARKNESS, LIGHTED ROAD",DIVIDED - W/MEDIAN BARRIER,"SAND, MUD, DIRT",NO DEFECTS,21,4,3
Maruti Suzuki Wagon R,NO CONTROLS,CLEAR,DARKNESS,"FIVE POINT, OR MORE",DRY,NO DEFECTS,23,5,2
Volkswagen Virtus,NO CONTROLS,CLEAR,DAYLIGHT,NOT DIVIDED,DRY,"RUT, HOLES",13,7,5
Honda Amaze,TRAFFIC SIGNAL,RAIN,DAYLIGHT,DIVIDED - W/MEDIAN BARRIER,WET,NO DEFECTS,16,3,6
Honda Amaze,NO CONTROLS,CLEAR,DAYLIGHT,ONE-WAY,WET,NO DEFECTS,13,1,6
Hyundai Venue,LANE USE MARKING,CLEAR,DAYLIGHT,FOUR WAY,DRY,NO DEFECTS,10,1,9
Tata Punch,NO CONTROLS,CLOUDY/OVERCAST,DARKNESS,NOT DIVIDED,"SAND, MUD, DIRT",NO DEFECTS,4,7,1
Skoda Slavia,TRAFFIC SIGNAL,CLEAR,DAYLIGHT,NOT DIVIDED,DRY,WORN SURFACE,13,7,1
Toyota Fortuner,NO CONTROLS,RAIN,DARKNESS,NOT DIVIDED,WET,DEBRIS ON ROADWAY,19,1,6
Mahindra XUV700,NO CONTROLS,RAIN,DUSK,NOT DIVIDED,WET,"RUT, HOLES",0,1,9
Toyota Innova,OTHER,CLOUDY/OVERCAST,DAYLIGHT,PARKING LOT,DRY,NO DEFECTS,16,6,3
Kia Sonet,PEDESTRIAN CROSSING SIGN,UNKNOWN,"DARKNESS, LIGHTED ROAD",NOT DIVIDED,DRY,NO DEFECTS,20,5,8
Honda City,TRAFFIC SIGNAL,CLOUDY/OVERCAST,DAYLIGHT,FOUR WAY,DRY,OTHER,8,5,5
Tata Nexon,TRAFFIC SIGNAL,CLEAR,DUSK,NOT DIVIDED,DRY,DEBRIS ON ROADWAY,7,5,11
Mahindra XUV700,NO CONTROLS,FOG/SMOKE/HAZE,DARKNESS,NOT DIVIDED,WET,NO DEFECTS,18,6,11
Maruti Suzuki Swift,TRAFFIC SIGNAL,CLEAR,DUSK,NOT DIVIDED,DRY,DEBRIS ON ROADWAY,9,3,5
Maruti Suzuki Swift,STOP SIGN/FLASHER,CLEAR,DAYLIGHT,ONE-WAY,DRY,OTHER,8,3,4
Hyundai Creta,STOP SIGN/FLASHER,RAIN,DAYLIGHT,FOUR WAY,WET,NO DEFECTS,12,1,6
Mahindra Thar,STOP SIGN/FLASHER,CLEAR,DAYLIGHT,NOT DIVIDED,OTHER,WORN SURFACE,12,5,4
Maruti Suzuki Swift,NO CONTROLS,RAIN,DARKNESS,DIVIDED - W/MEDIAN (NOT RAISED),WET,"RUT, HOLES",20,7,9
Toyota Innova,TRAFFIC SIGNAL,CLEAR,DAYLIGHT,Y-INTERSECTION,UNKNOWN,NO DEFECTS,16,3,10
Tata Nexon,NO CONTROLS,RAIN,DAYLIGHT,NOT DIVIDED,WET,NO DEFECTS,12,7,9
Mahindra Thar,STOP SIGN/FLASHER,UNKNOWN,DAYLIGHT,UNKNOWN INTERSECTION TYPE,UNKNOWN,NO DEFECTS,15,6,10
Volkswagen Virtus,NO CONTROLS,CLEAR,DARKNESS,NOT DIVIDED,DRY,DEBRIS ON ROADWAY,22,2,6
Tata Nexon,TRAFFIC SIGNAL,CLOUDY/OVERCAST,"DARKNESS, LIGHTED ROAD",OTHER,DRY,WORN SURFACE,6,5,3
Volkswagen Virtus,NO CONTROLS,CLEAR,DAYLIGHT,OTHER,WET,NO DEFECTS,8,3,9
Hyundai Venue,NO CONTROLS,FOG/SMOKE/HAZE,"DARKNESS, LIGHTED ROAD",NOT DIVIDED,UNKNOWN,"RUT, HOLES",21,1,6
Tata Punch,NO CONTROLS,RAIN,DARKNESS,ONE-WAY,"SAND, MUD, DIRT",NO DEFECTS,22,1,9
Hyundai i20,NO CONTROLS,CLEAR,DAYLIGHT,T-INTERSECTION,DRY,"RUT, HOLES",7,1,5
Maruti Suzuki Baleno,NO CONTROLS,FOG/SMOKE/HAZE,DUSK,NOT DIVIDED,DRY,WORN SURFACE,6,6,1
Maruti Suzuki Brezza,NO CONTROLS,CLEAR,DAYLIGHT,UNKNOWN INTERSECTION TYPE,DRY,"RUT, HOLES",13,7,12
Mahindra Thar,NO CONTROLS,CLEAR,DARKNESS,FOUR WAY,DRY,NO DEFECTS,2,4,3
Hyundai Venue,NO CONTROLS,FOG/SMOKE/HAZE,DAYLIGHT,NOT DIVIDED,DRY,NO DEFECTS,15,4,12
Kia Seltos,LANE USE MARKING,FOG/SMOKE/HAZE,DARKNESS,NOT DIVIDED,DRY,"RUT, HOLES",5,6,12
Hyundai i20,NO CONTROLS,CLEAR,DARKNESS,DIVIDED - W/MEDIAN (NOT RAISED),DRY,WORN SURFACE,2,6,10
Mahindra Scorpio,TRAFFIC SIGNAL,RAIN,DAYLIGHT,NOT DIVIDED,"SAND, MUD, DIRT","RUT, HOLES",14,3,8
Tata Nexon,STOP SIGN/FLASHER,CLOUDY/OVERCAST,DARKNESS,NOT DIVIDED,DRY,"RUT, HOLES",22,2,8
Kia Seltos,STOP SIGN/FLASHER,CLEAR,DAYLIGHT,"FIVE POINT, OR MORE",DRY,WORN SURFACE,13,4,11
Kia Sonet,NO CONTROLS,CLOUDY/OVERCAST,DAYLIGHT,T-INTERSECTION,DRY,"RUT, HOLES",11,6,5
Tata Harrier,NO CONTROLS,CLEAR,"DARKNESS, LIGHTED ROAD",FOUR WAY,DRY,OTHER,23,6,7
Toyota Innova,TRAFFIC SIGNAL,RAIN,DAYLIGHT,NOT DIVIDED,WET,NO DEFECTS,15,1,8
Hyundai i20,STOP SIGN/FLASHER,RAIN,"DARKNESS, LIGHTED ROAD",NOT DIVIDED,WET,DEBRIS ON ROADWAY,12,5,6
Toyota Fortuner,STOP SIGN/FLASHER,RAIN,DAWN,NOT DIVIDED,OTHER,NO DEFECTS,12,1,7
Toyota Fortuner,STOP SIGN/FLASHER,CLOUDY/OVERCAST,DAYLIGHT,T-INTERSECTION,DRY,"RUT, HOLES",8,6,6
Kia Sonet,STOP SIGN/FLASHER,OTHER,DAYLIGHT,NOT DIVIDED,DRY,"RUT, HOLES",14,5,8
Honda City,TRAFFIC SIGNAL,CLEAR,DAYLIGHT,NOT DIVIDED,DRY,NO DEFECTS,13,6,11
Mahindra Scorpio,TRAFFIC SIGNAL,CLEAR,DAYLIGHT,Y-INTERSECTION,DRY,OTHER,9,6,3
Volkswagen Virtus,NO CONTROLS,FOG/SMOKE/HAZE,DAWN,DIVIDED - W/MEDIAN BARRIER,DRY,NO DEFECTS,6,4,12
Maruti Suzuki Swift,TRAFFIC SIGNAL,CLOUDY/OVERCAST,DARKNESS,T-INTERSECTION,DRY,WORN SURFACE,10,3,9
Maruti Suzuki Brezza,STOP SIGN/FLASHER,RAIN,DAYLIGHT,DIVIDED - W/MEDIAN (NOT RAISED),WET,WORN SURFACE,14,6,10
Honda Amaze,TRAFFIC SIGNAL,SLEET/HAIL,UNKNOWN,NOT DIVIDED,DRY,NO DEFECTS,2,6,8
Maruti Suzuki Baleno,YIELD,CLOUDY/OVERCAST,DUSK,NOT DIVIDED,"SAND, MUD, DIRT",OTHER,7,2,10
Hyundai Verna,STOP SIGN/FLASHER,CLEAR,DAWN,ALLEY,DRY,"RUT, HOLES",22,7,1
Renault Kiger,TRAFFIC SIGNAL,CLEAR,DAYLIGHT,NOT DIVIDED,WET,DEBRIS ON ROADWAY,15,2,10
Tata Harrier,TRAFFIC SIGNAL,CLEAR,DARKNESS,T-INTERSECTION,DRY,"RUT, HOLES",3,3,1
Maruti Suzuki Brezza,STOP SIGN/FLASHER,FOG/SMOKE/HAZE,DAYLIGHT,NOT DIVIDED,DRY,"RUT, HOLES",16,2,11
Mahindra Scorpio,TRAFFIC SIGNAL,OTHER,"DARKNESS, LIGHTED ROAD",T-INTERSECTION,DRY,NO DEFECTS,3,7,12
Maruti Suzuki Wagon R,NO CONTROLS,RAIN,DAYLIGHT,NOT DIVIDED,WET,WORN SURFACE,18,3,5
Renault Kiger,STOP SIGN/FLASHER,CLOUDY/OVERCAST,DARKNESS,NOT DIVIDED,DRY,NO DEFECTS,18,7,4
Nissan Magnite,NO CONTROLS,RAIN,DAYLIGHT,NOT DIVIDED,WET,"RUT, HOLES",17,5,9
Tata Altroz,NO CONTROLS,CLOUDY/OVERCAST,DAYLIGHT,NOT DIVIDED,WET,NO DEFECTS,18,2,5
Maruti Suzuki Baleno,STOP SIGN/FLASHER,FOG/SMOKE/HAZE,DARKNESS,FOUR WAY,"SAND, MUD, DIRT",NO DEFECTS,5,5,11
Volkswagen Virtus,NO CONTROLS,UNKNOWN,"DARKNESS, LIGHTED ROAD",DIVIDED - W/MEDIAN (NOT RAISED),DRY,NO DEFECTS,18,7,2
Tata Harrier,NO CONTROLS,CLEAR,DUSK,NOT DIVIDED,DRY,DEBRIS ON ROADWAY,6,5,2
Tata Punch,UNKNOWN,RAIN,DAYLIGHT,FOUR WAY,WET,"RUT, HOLES",11,2,12
Mahindra Thar,NO CONTROLS,FOG/SMOKE/HAZE,DARKNESS,NOT DIVIDED,OTHER,"RUT, HOLES",20,3,9
Skoda Slavia,STOP SIGN/FLASHER,FOG/SMOKE/HAZE,DAYLIGHT,NOT DIVIDED,"SAND, MUD, DIRT",SHOULDER DEFECT,9,2,11
Hyundai Creta,STOP SIGN/FLASHER,CLEAR,DAWN,NOT DIVIDED,"SAND, MUD, DIRT",WORN SURFACE,22,1,6
Maruti Suzuki Swift,NO CONTROLS,RAIN,DARKNESS,ONE-WAY,WET,NO DEFECTS,5,3,9
Hyundai Creta,TRAFFIC SIGNAL,UNKNOWN,DAYLIGHT,NOT DIVIDED,DRY,"RUT, HOLES",14,5,8
Skoda Slavia,STOP SIGN/FLASHER,RAIN,"DARKNESS, LIGHTED ROAD",NOT DIVIDED,WET,OTHER,3,3,8
Maruti Suzuki Wagon R,NO CONTROLS,OTHER,DAWN,CENTER TURN LANE,"SAND, MUD, DIRT",NO DEFECTS,16,4,9
Mahindra Scorpio,NO CONTROLS,OTHER,DARKNESS,NOT DIVIDED,"SAND, MUD, DIRT","RUT, HOLES",4,3,8
Kia Sonet,NO CONTROLS,CLEAR,DAYLIGHT,NOT DIVIDED,DRY,"RUT, HOLES",7,7,7
Hyundai Verna,OTHER,CLEAR,DAYLIGHT,ONE-WAY,DRY,NO DEFECTS,9,5,5
Nissan Magnite,NO CONTROLS,CLOUDY/OVERCAST,DUSK,NOT DIVIDED,WET,OTHER,18,6,9
Tata Punch,NO CONTROLS,FOG/SMOKE/HAZE,DUSK,NOT DIVIDED,DRY,NO DEFECTS,6,4,4
Maruti Suzuki Baleno,NO CONTROLS,RAIN,DAWN,OTHER,"SAND, MUD, DIRT",NO DEFECTS,19,2,9
Maruti Suzuki Brezza,OTHER,CLOUDY/OVERCAST,DUSK,"FIVE POINT, OR MORE",DRY,OTHER,6,7,4
Nissan Magnite,TRAFFIC SIGNAL,RAIN,DARKNESS,NOT DIVIDED,WET,WORN SURFACE,1,6,8
Maruti Suzuki Baleno,OTHER,RAIN,DUSK,NOT DIVIDED,WET,NO DEFECTS,12,3,9
Mahindra Thar,PEDESTRIAN CROSSING SIGN,OTHER,DARKNESS,DIVIDED - W/MEDIAN (NOT RAISED),WET,NO DEFECTS,23,5,4
Maruti Suzuki Brezza,PEDESTRIAN CROSSING SIGN,UNKNOWN,DAWN,NOT DIVIDED,DRY,DEBRIS ON ROADWAY,6,1,1
Honda Amaze,STOP SIGN/FLASHER,CLEAR,"DARKNESS, LIGHTED ROAD",NOT DIVIDED,OTHER,NO DEFECTS,5,1,2
Honda City,STOP SIGN/FLASHER,CLEAR,DUSK,NOT DIVIDED,UNKNOWN,"RUT, HOLES",18,6,8
Hyundai i20,TRAFFIC SIGNAL,FOG/SMOKE/HAZE,DAYLIGHT,NOT DIVIDED,DRY,NO DEFECTS,7,7,11
Honda City,NO CONTROLS,CLOUDY/OVERCAST,DAYLIGHT,ALLEY,DRY,UNKNOWN,17,3,1
Tata Harrier,NO CONTROLS,CLEAR,DAYLIGHT,NOT DIVIDED,DRY,WORN SURFACE,8,5,9
Honda Amaze,NO CONTROLS,FOG/SMOKE/HAZE,DAYLIGHT,NOT DIVIDED,DRY,"RUT, HOLES",8,6,6
Nissan Magnite,TRAFFIC SIGNAL,RAIN,"DARKNESS, LIGHTED ROAD",ONE-WAY,OTHER,WORN SURFACE,9,6,7
Hyundai Verna,NO CONTROLS,FOG/SMOKE/HAZE,DAYLIGHT,NOT DIVIDED,DRY,DEBRIS ON ROADWAY,8,4,12
Hyundai i20,TRAFFIC SIGNAL,CLEAR,"DARKNESS, LIGHTED ROAD",ONE-WAY,DRY,OTHER,18,5,6
Maruti Suzuki Wagon R,TRAFFIC SIGNAL,UNKNOWN,DAYLIGHT,NOT DIVIDED,OTHER,WORN SURFACE,18,5,7
Maruti Suzuki Brezza,NO CONTROLS,CLOUDY/OVERCAST,DARKNESS,DIVIDED - W/MEDIAN (NOT RAISED),DRY,SHOULDER DEFECT,14,1,1
Hyundai i20,NO CONTROLS,CLEAR,"DARKNESS, LIGHTED ROAD",ONE-WAY,WET,NO DEFECTS,21,5,1
Toyota Innova,NO CONTROLS,CLOUDY/OVERCAST,DAYLIGHT,NOT DIVIDED,DRY,NO DEFECTS,9,4,5
Toyota Fortuner,NO CONTROLS,FOG/SMOKE/HAZE,DUSK,NOT DIVIDED,UNKNOWN,WORN SURFACE,6,3,1
Skoda Slavia,STOP SIGN/FLASHER,CLEAR,DAYLIGHT,T-INTERSECTION,"SAND, MUD, DIRT",WORN SURFACE,16,3,8
Maruti Suzuki Brezza,STOP SIGN/FLASHER,RAIN,DAYLIGHT,NOT DIVIDED,OTHER,DEBRIS ON ROADWAY,16,5,7
Maruti Suzuki Wagon R,TRAFFIC SIGNAL,RAIN,"DARKNESS, LIGHTED ROAD",NOT DIVIDED,OTHER,NO DEFECTS,1,2,8
Honda City,NO CONTROLS,CLEAR,DAYLIGHT,RAMP,DRY,WORN SURFACE,16,6,3
Honda Amaze,TRAFFIC SIGNAL,CLEAR,DAYLIGHT,Y-INTERSECTION,DRY,"RUT, HOLES",12,2,5
Honda Amaze,STOP SIGN/FLASHER,RAIN,"DARKNESS, LIGHTED ROAD",NOT DIVIDED,WET,WORN SURFACE,18,6,9
Honda Amaze,TRAFFIC SIGNAL,CLOUDY/OVERCAST,DAWN,FOUR WAY,"SAND, MUD, DIRT",NO DEFECTS,19,6,12
Maruti Suzuki Brezza,NO CONTROLS,FOG/SMOKE/HAZE,DAYLIGHT,NOT DIVIDED,DRY,WORN SURFACE,9,7,1
Toyota Fortuner,STOP SIGN/FLASHER,UNKNOWN,DARKNESS,NOT DIVIDED,OTHER,NO DEFECTS,0,4,11
Hyundai Venue,NO CONTROLS,CLOUDY/OVERCAST,DAYLIGHT,NOT DIVIDED,DRY,WORN SURFACE,16,1,8
Mahindra XUV700,NO CONTROLS,CLOUDY/OVERCAST,DUSK,FOUR WAY,"SAND, MUD, DIRT","RUT, HOLES",18,6,8
Volkswagen Virtus,NO CONTROLS,SLEET/HAIL,DAYLIGHT,NOT DIVIDED,WET,"RUT, HOLES",9,3,7
Kia Sonet,STOP SIGN/FLASHER,FOG/SMOKE/HAZE,DAYLIGHT,T-INTERSECTION,DRY,WORN SURFACE,8,1,1
Tata Punch,NO CONTROLS,CLEAR,DARKNESS,NOT DIVIDED,DRY,OTHER,22,7,1
Tata Nexon,TRAFFIC SIGNAL,RAIN,DAYLIGHT,ONE-WAY,WET,NO DEFECTS,10,2,8
Mahindra Thar,LANE USE MARKING,RAIN,DAYLIGHT,DIVIDED - W/MEDIAN BARRIER,WET,WORN SURFACE,8,4,6
Toyota Fortuner,STOP SIGN/FLASHER,CLOUDY/OVERCAST,DARKNESS,FOUR WAY,DRY,NO DEFECTS,8,6,12
Mahindra Scorpio,NO CONTROLS,CLOUDY/OVERCAST,DAYLIGHT,NOT DIVIDED,DRY,SHOULDER DEFECT,15,2,6
Nissan Magnite,TRAFFIC SIGNAL,CLEAR,DARKNESS,PARKING LOT,WET,"RUT, HOLES",22,7,2
Hyundai i20,NO CONTROLS,CLEAR,DAWN,NOT DIVIDED,DRY,"RUT, HOLES",16,3,9
Toyota Innova,TRAFFIC SIGNAL,CLEAR,DAYLIGHT,DIVIDED - W/MEDIAN (NOT RAISED),DRY,WORN SURFACE,10,4,5
Hyundai Creta,STOP SIGN/FLASHER,UNKNOWN,DAYLIGHT,DIVIDED - W/MEDIAN (NOT RAISED),OTHER,"RUT, HOLES",16,2,7
Toyota Fortuner,NO CONTROLS,CLEAR,DAYLIGHT,NOT DIVIDED,WET,NO DEFECTS,16,5,9
Honda City,NO CONTROLS,FOG/SMOKE/HAZE,DAYLIGHT,NOT DIVIDED,DRY,UNKNOWN,11,4,11
Tata Harrier,STOP SIGN/FLASHER,CLEAR,DAYLIGHT,NOT DIVIDED,"SAND, MUD, DIRT","RUT, HOLES",7,7,10
Tata Punch,TRAFFIC SIGNAL,RAIN,DAYLIGHT,NOT DIVIDED,UNKNOWN,"RUT, HOLES",16,6,9
Tata Punch,NO CONTROLS,CLOUDY/OVERCAST,"DARKNESS, LIGHTED ROAD",ALLEY,OTHER,"RUT, HOLES",13,6,9
Toyota Innova,NO CONTROLS,FOG/SMOKE/HAZE,DARKNESS,FOUR WAY,"SAND, MUD, DIRT",DEBRIS ON ROADWAY,2,2,12
Tata Nexon,NO CONTROLS,CLOUDY/OVERCAST,DAYLIGHT,NOT DIVIDED,WET,NO DEFECTS,15,6,5
Maruti Suzuki Brezza,STOP SIGN/FLASHER,CLOUDY/OVERCAST,DARKNESS,DIVIDED - W/MEDIAN (NOT RAISED),DRY,NO DEFECTS,23,5,1
Maruti Suzuki Swift,STOP SIGN/FLASHER,CLEAR,DAYLIGHT,OTHER,WET,NO DEFECTS,11,4,5
Mahindra XUV700,PEDESTRIAN CROSSING SIGN,CLEAR,DARKNESS,UNKNOWN INTERSECTION TYPE,WET,"RUT, HOLES",22,6,4
Hyundai Verna,TRAFFIC SIGNAL,OTHER,DARKNESS,NOT DIVIDED,DRY,NO DEFECTS,5,7,8
Maruti Suzuki Baleno,TRAFFIC SIGNAL,RAIN,"DARKNESS, LIGHTED ROAD",ONE-WAY,WET,WORN SURFACE,18,1,8
Hyundai Creta,NO CONTROLS,RAIN,DUSK,UNKNOWN,WET,NO DEFECTS,6,6,8
Tata Harrier,NO CONTROLS,CLOUDY/OVERCAST,DAYLIGHT,NOT DIVIDED,WET,WORN SURFACE,9,7,1
Nissan Magnite,STOP SIGN/FLASHER,RAIN,DAYLIGHT,DRIVEWAY,WET,WORN SURFACE,15,3,9
Maruti Suzuki Baleno,NO CONTROLS,RAIN,DAYLIGHT,TRAFFIC ROUTE,WET,NO DEFECTS,16,3,6
Toyota Innova,YIELD,CLEAR,DAYLIGHT,FOUR WAY,"SAND, MUD, DIRT",NO DEFECTS,18,6,9
Toyota Fortuner,TRAFFIC SIGNAL,RAIN,DAYLIGHT,OTHER,WET,WORN SURFACE,16,7,8
Tata Nexon,NO CONTROLS,RAIN,DAYLIGHT,NOT DIVIDED,UNKNOWN,WORN SURFACE,16,7,6
Skoda Slavia,TRAFFIC SIGNAL,CLEAR,DARKNESS,CENTER TURN LANE,DRY,WORN SURFACE,21,1,2
Kia Seltos,NO CONTROLS,UNKNOWN,DAYLIGHT,FOUR WAY,DRY,NO DEFECTS,13,7,1
Hyundai Creta,NO CONTROLS,CLEAR,DAYLIGHT,DIVIDED - W/MEDIAN (NOT RAISED),DRY,OTHER,8,5,10
Maruti Suzuki Baleno,NO CONTROLS,FOG/SMOKE/HAZE,DAWN,DIVIDED - W/MEDIAN BARRIER,DRY,WORN SURFACE,6,4,12
Honda City,STOP SIGN/FLASHER,RAIN,DAYLIGHT,ALLEY,WET,NO DEFECTS,12,7,8
Honda City,TRAFFIC SIGNAL,OTHER,DARKNESS,T-INTERSECTION,"SAND, MUD, DIRT","RUT, HOLES",17,6,2
Nissan Magnite,NO CONTROLS,CLOUDY/OVERCAST,"DARKNESS, LIGHTED ROAD",NOT DIVIDED,WET,"RUT, HOLES",1,4,6
Kia Sonet,TRAFFIC SIGNAL,RAIN,"DARKNESS, LIGHTED ROAD",FOUR WAY,"SAND, MUD, DIRT",NO DEFECTS,6,4,9
Hyundai Venue,NO CONTROLS,CLEAR,DARKNESS,DIVIDED - W/MEDIAN BARRIER,DRY,DEBRIS ON ROADWAY,5,4,10
Toyota Fortuner,OTHER WARNING SIGN,CLEAR,DAYLIGHT,DIVIDED - W/MEDIAN (NOT RAISED),DRY,WORN SURFACE,16,3,2
Hyundai Creta,TRAFFIC SIGNAL,CLEAR,DAYLIGHT,UNKNOWN INTERSECTION TYPE,DRY,NO DEFECTS,8,6,1
Tata Harrier,TRAFFIC SIGNAL,CLOUDY/OVERCAST,DAYLIGHT,ALLEY,DRY,DEBRIS ON ROADWAY,7,7,9
Hyundai i20,STOP SIGN/FLASHER,RAIN,DAYLIGHT,DIVIDED - W/MEDIAN (NOT RAISED),WET,NO DEFECTS,16,2,6
Renault Kiger,NO CONTROLS,RAIN,DUSK,NOT DIVIDED,WET,"RUT, HOLES",18,6,5
Toyota Fortuner,NO CONTROLS,FOG/SMOKE/HAZE,DAYLIGHT,NOT DIVIDED,OTHER,WORN SURFACE,7,3,1
Maruti Suzuki Baleno,STOP SIGN/FLASHER,RAIN,DAYLIGHT,FOUR WAY,WET,"RUT, HOLES",15,2,8
Toyota Innova,NO CONTROLS,FOG/SMOKE/HAZE,DARKNESS,NOT DIVIDED,"SAND, MUD, DIRT","RUT, HOLES",5,1,11
Maruti Suzuki Brezza,TRAFFIC SIGNAL,CLOUDY/OVERCAST,DARKNESS,FOUR WAY,WET,NO DEFECTS,21,4,12
Nissan Magnite,NO CONTROLS,RAIN,DAYLIGHT,ONE-WAY,WET,"RUT, HOLES",11,5,8
Kia Sonet,STOP SIGN/FLASHER,RAIN,DAWN,NOT DIVIDED,DRY,"RUT, HOLES",23,1,7
Hyundai Creta,TRAFFIC SIGNAL,FOG/SMOKE/HAZE,"DARKNESS, LIGHTED ROAD",NOT DIVIDED,DRY,"RUT, HOLES",22,5,1
Mahindra Thar,NO CONTROLS,RAIN,DAWN,OTHER,WET,"RUT, HOLES",18,4,8
Hyundai i20,TRAFFIC SIGNAL,RAIN,DARKNESS,DIVIDED - W/MEDIAN (NOT RAISED),WET,"RUT, HOLES",0,7,6
Kia Seltos,STOP SIGN/FLASHER,OTHER,DAYLIGHT,NOT DIVIDED,DRY,"RUT, HOLES",15,1,8
Toyota Fortuner,NO CONTROLS,CLOUDY/OVERCAST,DARKNESS,FOUR WAY,DRY,"RUT, HOLES",4,6,6
Tata Punch,NO CONTROLS,CLOUDY/OVERCAST,DARKNESS,FOUR WAY,DRY,NO DEFECTS,20,2,4
Toyota Fortuner,NO CONTROLS,CLEAR,DUSK,NOT DIVIDED,DRY,NO DEFECTS,18,2,1
Hyundai Verna,NO CONTROLS,RAIN,"DARKNESS, LIGHTED ROAD",FOUR WAY,"SAND, MUD, DIRT","RUT, HOLES",22,1,6
Kia Seltos,STOP SIGN/FLASHER,CLOUDY/OVERCAST,DAYLIGHT,NOT DIVIDED,DRY,NO DEFECTS,16,1,2
Mahindra Thar,UNKNOWN,CLOUDY/OVERCAST,DAYLIGHT,ONE-WAY,DRY,NO DEFECTS,15,2,3
Maruti Suzuki Baleno,OTHER,CLEAR,DAYLIGHT,UNKNOWN INTERSECTION TYPE,DRY,NO DEFECTS,14,2,12
Maruti Suzuki Baleno,NO CONTROLS,RAIN,DAYLIGHT,NOT DIVIDED,DRY,NO DEFECTS,12,1,7
Tata Harrier,YIELD,UNKNOWN,DAYLIGHT,CENTER TURN LANE,DRY,NO DEFECTS,14,6,7
Maruti Suzuki Brezza,UNKNOWN,CLOUDY/OVERCAST,DAYLIGHT,ALLEY,DRY,NO DEFECTS,16,4,11
Hyundai i20,NO CONTROLS,UNKNOWN,DARKNESS,NOT DIVIDED,DRY,NO DEFECTS,21,4,12
Toyota Innova,OTHER,CLOUDY/OVERCAST,DAYLIGHT,NOT DIVIDED,"SAND, MUD, DIRT",NO DEFECTS,16,1,8
Hyundai Creta,DELINEATORS,OTHER,DARKNESS,FOUR WAY,DRY,NO DEFECTS,20,3,10
Volkswagen Virtus,TRAFFIC SIGNAL,RAIN,DARKNESS,NOT DIVIDED,WET,NO DEFECTS,20,4,6
Maruti Suzuki Baleno,NO CONTROLS,CLEAR,DAYLIGHT,NOT DIVIDED,DRY,WORN SURFACE,14,7,5
Renault Kiger,STOP SIGN/FLASHER,CLEAR,DAYLIGHT,NOT DIVIDED,WET,NO DEFECTS,11,4,6
Tata Punch,NO CONTROLS,CLEAR,DAYLIGHT,NOT DIVIDED,DRY,"RUT, HOLES",16,1,9
Honda Amaze,RAILROAD CROSSING GATE,CLEAR,DAYLIGHT,NOT DIVIDED,"SAND, MUD, DIRT",NO DEFECTS,13,2,9
Toyota Fortuner,NO CONTROLS,RAIN,DARKNESS,ONE-WAY,WET,NO DEFECTS,4,3,6
Hyundai Creta,OTHER,UNKNOWN,DAYLIGHT,ONE-WAY,DRY,"RUT, HOLES",12,4,2
Hyundai Venue,NO CONTROLS,RAIN,DAWN,NOT DIVIDED,WET,"RUT, HOLES",23,6,8
Maruti Suzuki Wagon R,NO CONTROLS,RAIN,DARKNESS,DIVIDED - W/MEDIAN (NOT RAISED),WET,NO DEFECTS,2,5,2
Maruti Suzuki Brezza,LANE USE MARKING,RAIN,UNKNOWN,CENTER TURN LANE,WET,NO DEFECTS,17,4,8
Kia Sonet,YIELD,FOG/SMOKE/HAZE,DARKNESS,CENTER TURN LANE,DRY,NO DEFECTS,19,6,9
Hyundai Verna,NO CONTROLS,CLOUDY/OVERCAST,DAYLIGHT,DIVIDED - W/MEDIAN BARRIER,"SAND, MUD, DIRT",WORN SURFACE,17,2,9
Tata Harrier,UNKNOWN,RAIN,DAYLIGHT,NOT DIVIDED,WET,NO DEFECTS,15,1,9
Tata Harrier,YIELD,CLOUDY/OVERCAST,DUSK,NOT DIVIDED,DRY,NO DEFECTS,17,6,11
Toyota Innova,OTHER,FOG/SMOKE/HAZE,DAYLIGHT,ALLEY,DRY,WORN SURFACE,8,4,7
Maruti Suzuki Wagon R,STOP SIGN/FLASHER,FOG/SMOKE/HAZE,DARKNESS,UNKNOWN INTERSECTION TYPE,OTHER,NO DEFECTS,5,5,9
Mahindra Thar,UNKNOWN,SLEET/HAIL,DARKNESS,ONE-WAY,DRY,NO DEFECTS,22,6,8
Toyota Innova,TRAFFIC SIGNAL,CLEAR,DARKNESS,ONE-WAY,WET,NO DEFECTS,13,7,3
Maruti Suzuki Wagon R,LANE USE MARKING,CLEAR,DAYLIGHT,DIVIDED - W/MEDIAN (NOT RAISED),DRY,NO DEFECTS,17,5,1
Toyota Innova,NO CONTROLS,CLOUDY/OVERCAST,DAWN,NOT DIVIDED,DRY,NO DEFECTS,15,6,5
Toyota Fortuner,STOP SIGN/FLASHER,OTHER,DARKNESS,NOT DIVIDED,DRY,DEBRIS ON ROADWAY,2,5,7
Skoda Slavia,YIELD,SLEET/HAIL,DARKNESS,NOT DIVIDED,WET,SHOULDER DEFECT,22,1,8
Honda Amaze,STOP SIGN/FLASHER,CLOUDY/OVERCAST,DARKNESS,T-INTERSECTION,DRY,NO DEFECTS,19,7,11
Honda Amaze,TRAFFIC SIGNAL,CLOUDY/OVERCAST,DAYLIGHT,ONE-WAY,"SAND, MUD, DIRT","RUT, HOLES",7,6,3
Mahindra Scorpio,OTHER REG. SIGN,CLEAR,"DARKNESS, LIGHTED ROAD",NOT DIVIDED,DRY,"RUT, HOLES",23,6,2
Renault Kiger,TRAFFIC SIGNAL,CLEAR,DUSK,NOT DIVIDED,WET,"RUT, HOLES",18,4,12
Volkswagen Virtus,NO CONTROLS,CLEAR,DAWN,UNKNOWN INTERSECTION TYPE,DRY,WORN SURFACE,14,7,2
Tata Punch,NO CONTROLS,RAIN,DAYLIGHT,NOT DIVIDED,WET,"RUT, HOLES",16,4,7
Renault Kiger,NO CONTROLS,CLEAR,"DARKNESS, LIGHTED ROAD",UNKNOWN,DRY,NO DEFECTS,5,6,8
Hyundai i20,TRAFFIC SIGNAL,CLEAR,DAYLIGHT,T-INTERSECTION,DRY,NO DEFECTS,15,1,8
Kia Seltos,NO CONTROLS,FOG/SMOKE/HAZE,DARKNESS,NOT DIVIDED,DRY,DEBRIS ON ROADWAY,5,2,1
Kia Sonet,NO CONTROLS,FOG/SMOKE/HAZE,DAYLIGHT,NOT DIVIDED,UNKNOWN,NO DEFECTS,9,4,1
Mahindra XUV700,NO CONTROLS,UNKNOWN,DAYLIGHT,FOUR WAY,UNKNOWN,DEBRIS ON ROADWAY,15,5,2
Skoda Slavia,YIELD,RAIN,DARKNESS,FOUR WAY,WET,WORN SURFACE,20,6,8
Toyota Fortuner,NO CONTROLS,RAIN,"DARKNESS, LIGHTED ROAD",NOT DIVIDED,WET,NO DEFECTS,18,2,8
Kia Seltos,NO CONTROLS,CLEAR,"DARKNESS, LIGHTED ROAD",NOT DIVIDED,DRY,NO DEFECTS,9,6,4
Hyundai Venue,STOP SIGN/FLASHER,UNKNOWN,"DARKNESS, LIGHTED ROAD",NOT DIVIDED,DRY,NO DEFECTS,20,7,8
Mahindra Thar,NO CONTROLS,CLEAR,DAYLIGHT,ONE-WAY,"SAND, MUD, DIRT","RUT, HOLES",15,6,10
Tata Punch,NO CONTROLS,FOG/SMOKE/HAZE,DAYLIGHT,NOT DIVIDED,DRY,"RUT, HOLES",12,5,1
Tata Altroz,NO CONTROLS,RAIN,DAYLIGHT,T-INTERSECTION,WET,WORN SURFACE,7,6,7
Hyundai i20,STOP SIGN/FLASHER,OTHER,"DARKNESS, LIGHTED ROAD",Y-INTERSECTION,WET,"RUT, HOLES",20,7,9
Tata Nexon,NO CONTROLS,CLOUDY/OVERCAST,DARKNESS,NOT DIVIDED,DRY,NO DEFECTS,21,5,5
Honda City,LANE USE MARKING,RAIN,DAWN,NOT DIVIDED,WET,WORN SURFACE,18,6,6
Maruti Suzuki Swift,NO CONTROLS,RAIN,"DARKNESS, LIGHTED ROAD",NOT DIVIDED,WET,DEBRIS ON ROADWAY,22,4,8
Kia Sonet,UNKNOWN,CLEAR,DAYLIGHT,NOT DIVIDED,"SAND, MUD, DIRT",DEBRIS ON ROADWAY,10,5,11
Hyundai i20,TRAFFIC SIGNAL,CLEAR,DARKNESS,NOT DIVIDED,DRY,"RUT, HOLES",20,1,10
Volkswagen Virtus,TRAFFIC SIGNAL,RAIN,DAYLIGHT,NOT DIVIDED,WET,NO DEFECTS,14,7,8
Hyundai Verna,NO CONTROLS,RAIN,DAYLIGHT,DIVIDED - W/MEDIAN (NOT RAISED),OTHER,NO DEFECTS,7,2,9
Hyundai Venue,TRAFFIC SIGNAL,CLOUDY/OVERCAST,DAYLIGHT,NOT DIVIDED,DRY,NO DEFECTS,17,3,6
Tata Nexon,TRAFFIC SIGNAL,CLOUDY/OVERCAST,DAYLIGHT,NOT DIVIDED,OTHER,WORN SURFACE,17,3,8
Maruti Suzuki Wagon R,STOP SIGN/FLASHER,RAIN,DAYLIGHT,OTHER,WET,"RUT, HOLES",9,1,7
Maruti Suzuki Wagon R,STOP SIGN/FLASHER,CLEAR,DARKNESS,DIVIDED - W/MEDIAN (NOT RAISED),OTHER,"RUT, HOLES",1,7,3
Volkswagen Virtus,NO CONTROLS,RAIN,DAYLIGHT,UNKNOWN INTERSECTION TYPE,WET,SHOULDER DEFECT,8,7,9
Nissan Magnite,NO CONTROLS,RAIN,DAYLIGHT,NOT DIVIDED,WET,NO DEFECTS,12,7,8
Honda City,NO CONTROLS,RAIN,DAYLIGHT,NOT DIVIDED,"SAND, MUD, DIRT",DEBRIS ON ROADWAY,7,3,6
Tata Nexon,OTHER REG. SIGN,RAIN,DAYLIGHT,T-INTERSECTION,"SAND, MUD, DIRT",NO DEFECTS,8,1,11
Volkswagen Virtus,TRAFFIC SIGNAL,FOG/SMOKE/HAZE,DAYLIGHT,NOT DIVIDED,DRY,NO DEFECTS,8,2,1
Hyundai Verna,NO CONTROLS,CLEAR,DARKNESS,CENTER TURN LANE,DRY,SHOULDER DEFECT,22,6,6
Tata Altroz,STOP SIGN/FLASHER,FOG/SMOKE/HAZE,DUSK,ONE-WAY,OTHER,DEBRIS ON ROADWAY,18,3,1
Skoda Slavia,TRAFFIC SIGNAL,RAIN,DAYLIGHT,DIVIDED - W/MEDIAN (NOT RAISED),WET,WORN SURFACE,10,7,9
Mahindra Thar,NO CONTROLS,RAIN,DARKNESS,NOT DIVIDED,WET,WORN SURFACE,22,6,9
Hyundai Creta,TRAFFIC SIGNAL,RAIN,DAYLIGHT,DIVIDED - W/MEDIAN BARRIER,WET,SHOULDER DEFECT,16,2,6
Hyundai Creta,NO CONTROLS,RAIN,DAYLIGHT,ONE-WAY,WET,"RUT, HOLES",13,6,9
Hyundai i20,NO CONTROLS,RAIN,DAYLIGHT,NOT DIVIDED,WET,WORN SURFACE,14,4,6
Maruti Suzuki Swift,TRAFFIC SIGNAL,RAIN,DAYLIGHT,FOUR WAY,"SAND, MUD, DIRT",NO DEFECTS,12,2,9
Toyota Innova,NO CONTROLS,OTHER,DAYLIGHT,FOUR WAY,WET,NO DEFECTS,8,5,7
Mahindra Scorpio,NO CONTROLS,FOG/SMOKE/HAZE,UNKNOWN,OTHER,UNKNOWN,"RUT, HOLES",8,6,6
Volkswagen Virtus,TRAFFIC SIGNAL,UNKNOWN,DAYLIGHT,Y-INTERSECTION,DRY,WORN SURFACE,15,7,12
Mahindra Thar,NO CONTROLS,CLOUDY/OVERCAST,DAYLIGHT,NOT DIVIDED,DRY,NO DEFECTS,15,1,5
Skoda Slavia,TRAFFIC SIGNAL,CLOUDY/OVERCAST,DAYLIGHT,Y-INTERSECTION,DRY,NO DEFECTS,18,4,2
Kia Seltos,TRAFFIC SIGNAL,CLEAR,DAYLIGHT,CENTER TURN LANE,DRY,OTHER,11,5,8
Maruti Suzuki Baleno,NO CONTROLS,RAIN,DAWN,NOT DIVIDED,WET,"RUT, HOLES",17,3,12
Mahindra Thar,NO CONTROLS,RAIN,DAYLIGHT,DIVIDED - W/MEDIAN (NOT RAISED),WET,UNKNOWN,15,3,6
Tata Altroz,TRAFFIC SIGNAL,CLOUDY/OVERCAST,"DARKNESS, LIGHTED ROAD",NOT DIVIDED,DRY,SHOULDER DEFECT,22,6,1
Hyundai Creta,STOP SIGN/FLASHER,RAIN,DAYLIGHT,NOT DIVIDED,WET,"RUT, HOLES",12,6,6
Maruti Suzuki Brezza,TRAFFIC SIGNAL,RAIN,DARKNESS,T-INTERSECTION,WET,NO DEFECTS,21,6,7
Honda Amaze,NO CONTROLS,CLEAR,DARKNESS,NOT DIVIDED,OTHER,NO DEFECTS,19,7,3
Maruti Suzuki Swift,TRAFFIC SIGNAL,CLEAR,DAYLIGHT,DIVIDED - W/MEDIAN BARRIER,WET,NO DEFECTS,16,4,8
Maruti Suzuki Baleno,NO CONTROLS,FOG/SMOKE/HAZE,DAYLIGHT,NOT DIVIDED,"SAND, MUD, DIRT","RUT, HOLES",15,6,12
Mahindra Thar,OTHER,SLEET/HAIL,DARKNESS,FOUR WAY,"SAND, MUD, DIRT",NO DEFECTS,4,1,7
Mahindra XUV700,TRAFFIC SIGNAL,RAIN,DARKNESS,NOT DIVIDED,WET,WORN SURFACE,22,7,6
Honda City,STOP SIGN/FLASHER,RAIN,"DARKNESS, LIGHTED ROAD",FOUR WAY,DRY,"RUT, HOLES",5,7,6
Hyundai Verna,STOP SIGN/FLASHER,UNKNOWN,DAYLIGHT,DIVIDED - W/MEDIAN (NOT RAISED),WET,NO DEFECTS,15,7,2
Tata Harrier,NO CONTROLS,FOG/SMOKE/HAZE,DAYLIGHT,L-INTERSECTION,DRY,WORN SURFACE,7,5,11
Tata Punch,NO CONTROLS,CLOUDY/OVERCAST,DAYLIGHT,OTHER,"SAND, MUD, DIRT",NO DEFECTS,13,5,7
Maruti Suzuki Swift,STOP SIGN/FLASHER,CLEAR,DAYLIGHT,NOT DIVIDED,DRY,NO DEFECTS,16,2,6
Volkswagen Virtus,TRAFFIC SIGNAL,CLEAR,DARKNESS,DIVIDED - W/MEDIAN (NOT RAISED),DRY,NO DEFECTS,21,1,8
Kia Seltos,OTHER RAILROAD CROSSING,CLOUDY/OVERCAST,DAYLIGHT,NOT DIVIDED,WET,NO DEFECTS,13,2,7
Hyundai Creta,TRAFFIC SIGNAL,UNKNOWN,DARKNESS,T-INTERSECTION,WET,SHOULDER DEFECT,23,2,8
Hyundai Creta,STOP SIGN/FLASHER,FOG/SMOKE/HAZE,DAYLIGHT,NOT DIVIDED,DRY,"RUT, HOLES",11,5,1
Skoda Slavia,TRAFFIC SIGNAL,CLEAR,DUSK,NOT DIVIDED,DRY,"RUT, HOLES",7,3,10
Maruti Suzuki Swift,NO CONTROLS,FOG/SMOKE/HAZE,DAYLIGHT,FOUR WAY,DRY,"RUT, HOLES",6,3,12
Hyundai i20,NO CONTROLS,RAIN,DAYLIGHT,NOT DIVIDED,WET,"RUT, HOLES",17,1,8
Hyundai Creta,STOP SIGN/FLASHER,FOG/SMOKE/HAZE,DARKNESS,NOT DIVIDED,UNKNOWN,"RUT, HOLES",5,5,12
Maruti Suzuki Swift,OTHER RAILROAD CROSSING,CLEAR,UNKNOWN,CENTER TURN LANE,"SAND, MUD, DIRT",SHOULDER DEFECT,14,5,2
Maruti Suzuki Wagon R,NO CONTROLS,FOG/SMOKE/HAZE,DAWN,NOT DIVIDED,"SAND, MUD, DIRT","RUT, HOLES",6,3,7
Hyundai Venue,NO CONTROLS,UNKNOWN,DAYLIGHT,DIVIDED - W/MEDIAN (NOT RAISED),DRY,WORN SURFACE,13,2,8
Maruti Suzuki Swift,NO CONTROLS,CLEAR,DAYLIGHT,ONE-WAY,DRY,WORN SURFACE,18,6,8
Tata Nexon,TRAFFIC SIGNAL,RAIN,DAYLIGHT,ALLEY,WET,NO DEFECTS,13,1,6
Hyundai Verna,NO CONTROLS,RAIN,DAYLIGHT,DIVIDED - W/MEDIAN (NOT RAISED),WET,"RUT, HOLES",7,6,6
Maruti Suzuki Brezza,YIELD,CLEAR,DAYLIGHT,NOT DIVIDED,DRY,SHOULDER DEFECT,9,5,2
Mahindra Thar,STOP SIGN/FLASHER,RAIN,DAYLIGHT,UNKNOWN INTERSECTION TYPE,WET,SHOULDER DEFECT,11,2,6
Tata Harrier,NO CONTROLS,CLOUDY/OVERCAST,DARKNESS,T-INTERSECTION,DRY,NO DEFECTS,3,7,3
Nissan Magnite,TRAFFIC SIGNAL,RAIN,DAYLIGHT,NOT DIVIDED,WET,NO DEFECTS,16,2,9
Mahindra Thar,NO CONTROLS,CLEAR,DAYLIGHT,NOT DIVIDED,DRY,"RUT, HOLES",16,5,4
Renault Kiger,TRAFFIC SIGNAL,CLEAR,"DARKNESS, LIGHTED ROAD",NOT DIVIDED,DRY,NO DEFECTS,3,5,1
Volkswagen Virtus,TRAFFIC SIGNAL,OTHER,DAYLIGHT,NOT DIVIDED,"SAND, MUD, DIRT",NO DEFECTS,12,1,8
Hyundai Venue,TRAFFIC SIGNAL,RAIN,DAYLIGHT,ONE-WAY,WET,NO DEFECTS,12,5,8
Mahindra XUV700,TRAFFIC SIGNAL,FOG/SMOKE/HAZE,DAYLIGHT,NOT DIVIDED,"SAND, MUD, DIRT",NO DEFECTS,7,6,11
Maruti Suzuki Wagon R,TRAFFIC SIGNAL,RAIN,DAYLIGHT,NOT DIVIDED,WET,NO DEFECTS,15,7,8
Maruti Suzuki Swift,TRAFFIC SIGNAL,CLEAR,DAYLIGHT,NOT DIVIDED,"SAND, MUD, DIRT",WORN SURFACE,11,6,6
Volkswagen Virtus,UNKNOWN,CLEAR,DAYLIGHT,NOT DIVIDED,DRY,NO DEFECTS,12,4,10
Hyundai Verna,NO CONTROLS,RAIN,"DARKNESS, LIGHTED ROAD",NOT DIVIDED,WET,"RUT, HOLES",19,7,8
Maruti Suzuki Baleno,LANE USE MARKING,FOG/SMOKE/HAZE,DUSK,ALLEY,DRY,"RUT, HOLES",6,3,1
Honda City,NO CONTROLS,RAIN,DAYLIGHT,NOT DIVIDED,OTHER,WORN SURFACE,16,7,8
Nissan Magnite,NO CONTROLS,FOG/SMOKE/HAZE,DAYLIGHT,CENTER TURN LANE,WET,NO DEFECTS,9,7,11
Maruti Suzuki Baleno,TRAFFIC SIGNAL,RAIN,DAYLIGHT,NOT REPORTED,WET,NO DEFECTS,10,5,6
Tata Harrier,NO CONTROLS,RAIN,"DARKNESS, LIGHTED ROAD",T-INTERSECTION,WET,DEBRIS ON ROADWAY,18,3,5
Tata Harrier,STOP SIGN/FLASHER,CLEAR,DAYLIGHT,NOT DIVIDED,DRY,SHOULDER DEFECT,15,5,2
Mahindra Scorpio,NO CONTROLS,RAIN,DAYLIGHT,NOT DIVIDED,WET,"RUT, HOLES",14,7,2
Hyundai Creta,NO CONTROLS,CLOUDY/OVERCAST,DAYLIGHT,NOT DIVIDED,"SAND, MUD, DIRT",NO DEFECTS,17,5,7
Honda City,NO CONTROLS,RAIN,DARKNESS,DIVIDED - W/MEDIAN (NOT RAISED),WET,NO DEFECTS,19,7,8
Tata Nexon,NO CONTROLS,CLEAR,"DARKNESS, LIGHTED ROAD",NOT DIVIDED,DRY,NO DEFECTS,22,3,1
Nissan Magnite,STOP SIGN/FLASHER,CLEAR,DAYLIGHT,NOT DIVIDED,DRY,NO DEFECTS,16,3,12
Kia Sonet,TRAFFIC SIGNAL,OTHER,DARKNESS,NOT DIVIDED,DRY,NO DEFECTS,20,2,9
Volkswagen Virtus,TRAFFIC SIGNAL,RAIN,"DARKNESS, LIGHTED ROAD",NOT DIVIDED,WET,NO DEFECTS,0,4,8
Toyota Fortuner,NO CONTROLS,CLEAR,DAYLIGHT,NOT DIVIDED,DRY,NO DEFECTS,15,4,10
Kia Seltos,PEDESTRIAN CROSSING SIGN,CLEAR,DAYLIGHT,NOT DIVIDED,DRY,WORN SURFACE,8,7,1
Tata Altroz,NO CONTROLS,FOG/SMOKE/HAZE,DARKNESS,NOT DIVIDED,WET,WORN SURFACE,5,1,7
Hyundai Venue,NO CONTROLS,RAIN,DAYLIGHT,ONE-WAY,WET,NO DEFECTS,15,5,8
Tata Altroz,LANE USE MARKING,UNKNOWN,DAYLIGHT,NOT DIVIDED,DRY,OTHER,18,4,10
Hyundai i20,STOP SIGN/FLASHER,CLEAR,DAYLIGHT,ONE-WAY,"SAND, MUD, DIRT",WORN SURFACE,12,7,10
Tata Nexon,OTHER REG. SIGN,CLEAR,DAYLIGHT,DIVIDED - W/MEDIAN (NOT RAISED),DRY,NO DEFECTS,17,6,5
Maruti Suzuki Swift,NO CONTROLS,FOG/SMOKE/HAZE,DAYLIGHT,ONE-WAY,DRY,NO DEFECTS,8,4,12
Maruti Suzuki Brezza,TRAFFIC SIGNAL,CLEAR,DAYLIGHT,NOT DIVIDED,DRY,NO DEFECTS,13,5,2
Kia Seltos,NO CONTROLS,FOG/SMOKE/HAZE,DAYLIGHT,ALLEY,DRY,WORN SURFACE,7,6,11
Maruti Suzuki Swift,TRAFFIC SIGNAL,FOG/SMOKE/HAZE,DAYLIGHT,NOT DIVIDED,DRY,NO DEFECTS,8,1,12
Renault Kiger,NO CONTROLS,FOG/SMOKE/HAZE,DAYLIGHT,ONE-WAY,DRY,NO DEFECTS,7,6,3
Mahindra XUV700,NO CONTROLS,RAIN,DAYLIGHT,NOT DIVIDED,WET,"RUT, HOLES",16,2,9
Maruti Suzuki Baleno,NO CONTROLS,FOG/SMOKE/HAZE,DARKNESS,Y-INTERSECTION,"SAND, MUD, DIRT",WORN SURFACE,5,2,1
Hyundai Venue,STOP SIGN/FLASHER,RAIN,DARKNESS,NOT DIVIDED,WET,NO DEFECTS,5,4,6
Tata Harrier,NO CONTROLS,RAIN,DAYLIGHT,NOT DIVIDED,OTHER,"RUT, HOLES",17,7,7
Hyundai i20,UNKNOWN,RAIN,DAYLIGHT,NOT DIVIDED,"SAND, MUD, DIRT",NO DEFECTS,15,7,8
Nissan Magnite,TRAFFIC SIGNAL,UNKNOWN,DAYLIGHT,FOUR WAY,WET,"RUT, HOLES",13,7,12
Kia Seltos,TRAFFIC SIGNAL,RAIN,DAYLIGHT,NOT DIVIDED,DRY,NO DEFECTS,7,1,9
Renault Kiger,TRAFFIC SIGNAL,RAIN,DAYLIGHT,FOUR WAY,WET,"RUT, HOLES",12,7,7
Nissan Magnite,OTHER,RAIN,DUSK,OTHER,WET,"RUT, HOLES",18,6,10
Maruti Suzuki Swift,YIELD,FREEZING RAIN/DRIZZLE,DARKNESS,NOT DIVIDED,OTHER,NO DEFECTS,20,4,12
Hyundai Creta,PEDESTRIAN CROSSING SIGN,CLEAR,DAYLIGHT,NOT DIVIDED,DRY,NO DEFECTS,17,3,1
Skoda Slavia,LANE USE MARKING,UNKNOWN,"DARKNESS, LIGHTED ROAD",ONE-WAY,DRY,NO DEFECTS,2,6,12
Kia Seltos,NO CONTROLS,CLEAR,UNKNOWN,NOT DIVIDED,DRY,NO DEFECTS,17,1,1
Nissan Magnite,NO CONTROLS,CLEAR,DAYLIGHT,CENTER TURN LANE,DRY,NO DEFECTS,8,5,10
Volkswagen Virtus,TRAFFIC SIGNAL,CLOUDY/OVERCAST,DAWN,DIVIDED - W/MEDIAN (NOT RAISED),DRY,NO DEFECTS,10,6,5
Tata Harrier,NO CONTROLS,CLEAR,DAYLIGHT,NOT DIVIDED,DRY,NO DEFECTS,8,5,2
Maruti Suzuki Wagon R,NO CONTROLS,CLOUDY/OVERCAST,DUSK,NOT DIVIDED,WET,NO DEFECTS,18,7,7
Maruti Suzuki Swift,TRAFFIC SIGNAL,RAIN,DAYLIGHT,ONE-WAY,WET,DEBRIS ON ROADWAY,16,3,8
Maruti Suzuki Brezza,TRAFFIC SIGNAL,RAIN,DAYLIGHT,OTHER,DRY,SHOULDER DEFECT,16,4,6
Maruti Suzuki Wagon R,TRAFFIC SIGNAL,FOG/SMOKE/HAZE,DAYLIGHT,NOT DIVIDED,DRY,NO DEFECTS,15,6,1
Hyundai Verna,UNKNOWN,CLEAR,DAYLIGHT,NOT DIVIDED,DRY,"RUT, HOLES",8,6,8
Volkswagen Virtus,TRAFFIC SIGNAL,BLOWING SNOW,DUSK,"FIVE POINT, OR MORE",SNOW OR SLUSH,OTHER,13,5,11
Maruti Suzuki Wagon R,STOP SIGN/FLASHER,UNKNOWN,DAYLIGHT,FOUR WAY,"SAND, MUD, DIRT","RUT, HOLES",16,3,6
Maruti Suzuki Swift,NO CONTROLS,UNKNOWN,DAWN,NOT DIVIDED,"SAND, MUD, DIRT",SHOULDER DEFECT,16,3,4
Mahindra XUV700,NO CONTROLS,RAIN,DARKNESS,NOT DIVIDED,WET,WORN SURFACE,19,6,7
Tata Harrier,NO CONTROLS,FOG/SMOKE/HAZE,DAYLIGHT,CENTER TURN LANE,DRY,DEBRIS ON ROADWAY,7,1,1
Tata Punch,NO CONTROLS,OTHER,DUSK,FOUR WAY,"SAND, MUD, DIRT",NO DEFECTS,18,5,10
Maruti Suzuki Wagon R,NO CONTROLS,UNKNOWN,DAYLIGHT,NOT DIVIDED,WET,NO DEFECTS,13,2,10
Mahindra Scorpio,TRAFFIC SIGNAL,RAIN,DAYLIGHT,NOT DIVIDED,WET,NO DEFECTS,17,6,8
Hyundai Venue,TRAFFIC SIGNAL,UNKNOWN,DAYLIGHT,T-INTERSECTION,DRY,"RUT, HOLES",13,2,6
Maruti Suzuki Wagon R,TRAFFIC SIGNAL,FOG/SMOKE/HAZE,DARKNESS,NOT DIVIDED,"SAND, MUD, DIRT","RUT, HOLES",20,3,10
Nissan Magnite,OTHER,RAIN,DAYLIGHT,DIVIDED - W/MEDIAN (NOT RAISED),WET,NO DEFECTS,7,6,8
Skoda Slavia,NO CONTROLS,FOG/SMOKE/HAZE,DAYLIGHT,FOUR WAY,DRY,NO DEFECTS,16,6,10
Mahindra XUV700,STOP SIGN/FLASHER,UNKNOWN,DAYLIGHT,DIVIDED - W/MEDIAN (NOT RAISED),DRY,WORN SURFACE,15,2,8
Hyundai i20,NO CONTROLS,CLEAR,DAYLIGHT,NOT DIVIDED,WET,NO DEFECTS,7,3,10
Skoda Slavia,OTHER,RAIN,DARKNESS,T-INTERSECTION,WET,"RUT, HOLES",3,4,8
Maruti Suzuki Swift,STOP SIGN/FLASHER,OTHER,"DARKNESS, LIGHTED ROAD",DIVIDED - W/MEDIAN (NOT RAISED),"SAND, MUD, DIRT",WORN SURFACE,19,5,7
Kia Sonet,NO CONTROLS,CLOUDY/OVERCAST,DAYLIGHT,NOT DIVIDED,WET,"RUT, HOLES",7,6,12
Toyota Fortuner,NO CONTROLS,RAIN,DAYLIGHT,NOT DIVIDED,WET,NO DEFECTS,7,1,8
Maruti Suzuki Brezza,TRAFFIC SIGNAL,UNKNOWN,"DARKNESS, LIGHTED ROAD",NOT DIVIDED,DRY,SHOULDER DEFECT,23,1,8
Nissan Magnite,NO CONTROLS,RAIN,DAYLIGHT,NOT DIVIDED,UNKNOWN,NO DEFECTS,17,2,4
Mahindra Scorpio,PEDESTRIAN CROSSING SIGN,RAIN,DUSK,ONE-WAY,WET,WORN SURFACE,9,2,8
Hyundai Venue,NO CONTROLS,CLOUDY/OVERCAST,DAYLIGHT,DIVIDED - W/MEDIAN (NOT RAISED),DRY,SHOULDER DEFECT,16,1,8
Tata Altroz,NO CONTROLS,CLOUDY/OVERCAST,DAYLIGHT,UNKNOWN INTERSECTION TYPE,UNKNOWN,"RUT, HOLES",15,7,3
Skoda Slavia,NO CONTROLS,FOG/SMOKE/HAZE,DARKNESS,T-INTERSECTION,"SAND, MUD, DIRT","RUT, HOLES",19,2,1
Honda City,NO CONTROLS,RAIN,DUSK,DIVIDED - W/MEDIAN (NOT RAISED),WET,NO DEFECTS,18,1,8
Honda Amaze,STOP SIGN/FLASHER,RAIN,DARKNESS,NOT DIVIDED,WET,SHOULDER DEFECT,19,4,9
Maruti Suzuki Wagon R,STOP SIGN/FLASHER,CLEAR,DAYLIGHT,NOT DIVIDED,DRY,NO DEFECTS,8,7,7
Mahindra XUV700,STOP SIGN/FLASHER,UNKNOWN,DAYLIGHT,NOT DIVIDED,OTHER,"RUT, HOLES",16,7,4
Mahindra XUV700,STOP SIGN/FLASHER,RAIN,DARKNESS,NOT DIVIDED,"SAND, MUD, DIRT",NO DEFECTS,1,6,9
Tata Punch,NO CONTROLS,FOG/SMOKE/HAZE,DARKNESS,T-INTERSECTION,DRY,DEBRIS ON ROADWAY,5,2,1
Toyota Fortuner,NO CONTROLS,FOG/SMOKE/HAZE,DAYLIGHT,ONE-WAY,WET,DEBRIS ON ROADWAY,17,1,7
Volkswagen Virtus,STOP SIGN/FLASHER,CLEAR,"DARKNESS, LIGHTED ROAD",NOT DIVIDED,"SAND, MUD, DIRT",WORN SURFACE,0,3,3
Hyundai Creta,STOP SIGN/FLASHER,CLEAR,DUSK,NOT DIVIDED,DRY,"RUT, HOLES",15,1,3
Tata Harrier,NO CONTROLS,CLEAR,DARKNESS,NOT DIVIDED,DRY,NO DEFECTS,19,6,4
Mahindra Thar,TRAFFIC SIGNAL,RAIN,DAYLIGHT,NOT DIVIDED,WET,"RUT, HOLES",12,7,6
Tata Harrier,TRAFFIC SIGNAL,CLEAR,DARKNESS,NOT DIVIDED,"SAND, MUD, DIRT",WORN SURFACE,1,1,1
Maruti Suzuki Brezza,NO CONTROLS,OTHER,DAYLIGHT,NOT DIVIDED,DRY,"RUT, HOLES",17,4,6
Renault Kiger,STOP SIGN/FLASHER,RAIN,DARKNESS,DIVIDED - W/MEDIAN (NOT RAISED),WET,"RUT, HOLES",21,7,7
Nissan Magnite,LANE USE MARKING,UNKNOWN,DAYLIGHT,FOUR WAY,DRY,SHOULDER DEFECT,17,6,7
Toyota Fortuner,NO CONTROLS,UNKNOWN,DAYLIGHT,NOT DIVIDED,DRY,NO DEFECTS,15,7,6
Mahindra Thar,TRAFFIC SIGNAL,CLEAR,DAYLIGHT,UNKNOWN INTERSECTION TYPE,DRY,SHOULDER DEFECT,8,7,11
Hyundai i20,STOP SIGN/FLASHER,CLOUDY/OVERCAST,DARKNESS,NOT DIVIDED,WET,"RUT, HOLES",0,4,2
Maruti Suzuki Baleno,STOP SIGN/FLASHER,RAIN,DAYLIGHT,ALLEY,WET,NO DEFECTS,17,6,7
Tata Nexon,TRAFFIC SIGNAL,FOG/SMOKE/HAZE,DAWN,ONE-WAY,WET,WORN SURFACE,6,6,1
Maruti Suzuki Swift,STOP SIGN/FLASHER,FOG/SMOKE/HAZE,DARKNESS,NOT DIVIDED,DRY,SHOULDER DEFECT,19,5,1
Kia Seltos,NO CONTROLS,OTHER,DUSK,NOT DIVIDED,WET,"RUT, HOLES",14,3,8
Mahindra XUV700,PEDESTRIAN CROSSING SIGN,CLEAR,DAYLIGHT,Y-INTERSECTION,DRY,"RUT, HOLES",15,6,8
Toyota Innova,TRAFFIC SIGNAL,FOG/SMOKE/HAZE,DAYLIGHT,NOT DIVIDED,DRY,WORN SURFACE,17,6,11
Hyundai Verna,STOP SIGN/FLASHER,RAIN,DAYLIGHT,T-INTERSECTION,WET,DEBRIS ON ROADWAY,18,4,8
Hyundai Verna,STOP SIGN/FLASHER,OTHER,DAYLIGHT,DIVIDED - W/MEDIAN BARRIER,DRY,OTHER,16,4,12
Kia Seltos,STOP SIGN/FLASHER,CLOUDY/OVERCAST,DARKNESS,CENTER TURN LANE,WET,NO DEFECTS,21,1,1
Hyundai Venue,TRAFFIC SIGNAL,CLEAR,DARKNESS,NOT DIVIDED,WET,"RUT, HOLES",23,7,2
Maruti Suzuki Brezza,NO CONTROLS,CLEAR,"DARKNESS, LIGHTED ROAD",NOT REPORTED,DRY,WORN SURFACE,22,3,1
Hyundai Venue,YIELD,CLEAR,"DARKNESS, LIGHTED ROAD",UNKNOWN,WET,"RUT, HOLES",19,4,3
Mahindra XUV700,NO CONTROLS,CLOUDY/OVERCAST,DUSK,NOT DIVIDED,DRY,"RUT, HOLES",17,4,8
Honda Amaze,STOP SIGN/FLASHER,RAIN,DAYLIGHT,FOUR WAY,WET,"RUT, HOLES",17,6,8
Hyundai i20,NO CONTROLS,FOG/SMOKE/HAZE,DARKNESS,NOT DIVIDED,DRY,NO DEFECTS,5,4,1
Honda City,TRAFFIC SIGNAL,RAIN,DAYLIGHT,NOT DIVIDED,WET,NO DEFECTS,9,2,12
Tata Punch,NO CONTROLS,FOG/SMOKE/HAZE,"DARKNESS, LIGHTED ROAD",FOUR WAY,WET,NO DEFECTS,0,7,11
Mahindra Scorpio,STOP SIGN/FLASHER,CLEAR,UNKNOWN,FOUR WAY,OTHER,"RUT, HOLES",6,2,5
Maruti Suzuki Wagon R,TRAFFIC SIGNAL,FOG/SMOKE/HAZE,DAYLIGHT,DIVIDED - W/MEDIAN (NOT RAISED),DRY,NO DEFECTS,8,1,1
Mahindra Thar,STOP SIGN/FLASHER,CLEAR,DAYLIGHT,T-INTERSECTION,DRY,DEBRIS ON ROADWAY,7,2,3
Maruti Suzuki Brezza,NO CONTROLS,CLEAR,DARKNESS,ONE-WAY,OTHER,NO DEFECTS,21,4,2
Tata Harrier,NO CONTROLS,CLEAR,DARKNESS,NOT DIVIDED,DRY,NO DEFECTS,19,4,2
Maruti Suzuki Brezza,TRAFFIC SIGNAL,CLEAR,DARKNESS,FOUR WAY,DRY,OTHER,3,6,7
Maruti Suzuki Brezza,NO CONTROLS,OTHER,DAYLIGHT,DIVIDED - W/MEDIAN (NOT RAISED),DRY,"RUT, HOLES",9,2,4
Mahindra Scorpio,NO CONTROLS,RAIN,DARKNESS,NOT DIVIDED,WET,NO DEFECTS,19,6,6
Hyundai i20,STOP SIGN/FLASHER,FOG/SMOKE/HAZE,DUSK,NOT DIVIDED,WET,SHOULDER DEFECT,18,1,12
Honda City,NO CONTROLS,RAIN,DARKNESS,NOT DIVIDED,WET,WORN SURFACE,22,4,9
Nissan Magnite,NO CONTROLS,UNKNOWN,DARKNESS,OTHER,DRY,"RUT, HOLES",23,7,12
Tata Altroz,STOP SIGN/FLASHER,CLOUDY/OVERCAST,"DARKNESS, LIGHTED ROAD",NOT DIVIDED,WET,DEBRIS ON ROADWAY,23,4,2
Tata Nexon,NO CONTROLS,RAIN,DAYLIGHT,NOT DIVIDED,WET,NO DEFECTS,12,7,6
Honda Amaze,NO CONTROLS,CLOUDY/OVERCAST,DAYLIGHT,T-INTERSECTION,OTHER,NO DEFECTS,9,5,8
Maruti Suzuki Wagon R,STOP SIGN/FLASHER,FOG/SMOKE/HAZE,DAWN,NOT REPORTED,DRY,WORN SURFACE,18,6,1
Toyota Fortuner,NO CONTROLS,FOG/SMOKE/HAZE,DAYLIGHT,NOT DIVIDED,DRY,NO DEFECTS,7,4,1
Toyota Innova,NO CONTROLS,OTHER,DARKNESS,NOT DIVIDED,OTHER,DEBRIS ON ROADWAY,19,4,9
Hyundai Venue,TRAFFIC SIGNAL,UNKNOWN,DUSK,NOT DIVIDED,"SAND, MUD, DIRT",NO DEFECTS,15,1,8
Hyundai i20,STOP SIGN/FLASHER,RAIN,DARKNESS,NOT DIVIDED,DRY,NO DEFECTS,19,1,6
Maruti Suzuki Wagon R,NO CONTROLS,RAIN,DAYLIGHT,NOT DIVIDED,WET,"RUT, HOLES",9,5,7
Mahindra Thar,STOP SIGN/FLASHER,CLEAR,DAYLIGHT,NOT DIVIDED,"SAND, MUD, DIRT",WORN SURFACE,14,5,7
Tata Nexon,UNKNOWN,CLEAR,DAYLIGHT,NOT DIVIDED,DRY,NO DEFECTS,15,7,1
Toyota Innova,UNKNOWN,CLOUDY/OVERCAST,DARKNESS,NOT REPORTED,WET,NO DEFECTS,22,7,6
Nissan Magnite,STOP SIGN/FLASHER,CLEAR,DAYLIGHT,ONE-WAY,UNKNOWN,OTHER,9,7,3
Maruti Suzuki Wagon R,NO CONTROLS,CLOUDY/OVERCAST,DARKNESS,FOUR WAY,DRY,DEBRIS ON ROADWAY,21,3,2
Hyundai Creta,STOP SIGN/FLASHER,FOG/SMOKE/HAZE,"DARKNESS, LIGHTED ROAD",NOT DIVIDED,DRY,NO DEFECTS,18,4,12
Volkswagen Virtus,NO CONTROLS,RAIN,DUSK,FOUR WAY,DRY,"RUT, HOLES",18,1,8
Kia Sonet,NO CONTROLS,RAIN,DAWN,NOT DIVIDED,WET,"RUT, HOLES",18,5,9
Maruti Suzuki Wagon R,PEDESTRIAN CROSSING SIGN,RAIN,DAYLIGHT,NOT DIVIDED,WET,SHOULDER DEFECT,16,1,6
Honda Amaze,STOP SIGN/FLASHER,RAIN,DAYLIGHT,FOUR WAY,WET,"RUT, HOLES",9,4,6
Renault Kiger,STOP SIGN/FLASHER,CLOUDY/OVERCAST,DAYLIGHT,DIVIDED - W/MEDIAN (NOT RAISED),DRY,WORN SURFACE,8,5,4
Mahindra Scorpio,NO CONTROLS,CLEAR,"DARKNESS, LIGHTED ROAD",UNKNOWN INTERSECTION TYPE,DRY,DEBRIS ON ROADWAY,20,2,2
Maruti Suzuki Swift,NO CONTROLS,CLEAR,DARKNESS,FOUR WAY,DRY,"RUT, HOLES",18,6,3
Renault Kiger,RAILROAD CROSSING GATE,CLOUDY/OVERCAST,DAYLIGHT,ONE-WAY,DRY,NO DEFECTS,8,6,10
Hyundai Creta,NO CONTROLS,CLEAR,DAYLIGHT,NOT DIVIDED,DRY,"RUT, HOLES",16,2,9
Hyundai Venue,NO CONTROLS,RAIN,DARKNESS,ONE-WAY,WET,SHOULDER DEFECT,13,7,8
Hyundai Venue,STOP SIGN/FLASHER,OTHER,DUSK,NOT REPORTED,DRY,"RUT, HOLES",7,5,7
Toyota Innova,TRAFFIC SIGNAL,CLEAR,DAYLIGHT,FOUR WAY,"SAND, MUD, DIRT",DEBRIS ON ROADWAY,15,1,12
Toyota Innova,NO CONTROLS,CLEAR,DAYLIGHT,T-INTERSECTION,DRY,DEBRIS ON ROADWAY,9,3,1
Mahindra Scorpio,STOP SIGN/FLASHER,CLEAR,"DARKNESS, LIGHTED ROAD",NOT REPORTED,"SAND, MUD, DIRT",NO DEFECTS,5,7,5
Honda Amaze,NO CONTROLS,RAIN,DAYLIGHT,NOT DIVIDED,DRY,"RUT, HOLES",14,7,6
Mahindra XUV700,STOP SIGN/FLASHER,CLOUDY/OVERCAST,DAYLIGHT,DIVIDED - W/MEDIAN BARRIER,DRY,WORN SURFACE,16,2,10
Nissan Magnite,NO CONTROLS,CLEAR,DARKNESS,NOT DIVIDED,DRY,NO DEFECTS,1,7,12
Tata Altroz,STOP SIGN/FLASHER,CLEAR,DAYLIGHT,NOT DIVIDED,"SAND, MUD, DIRT","RUT, HOLES",12,5,4
Mahindra XUV700,NO CONTROLS,FOG/SMOKE/HAZE,DAYLIGHT,FOUR WAY,DRY,NO DEFECTS,7,1,11
Tata Harrier,TRAFFIC SIGNAL,CLEAR,"DARKNESS, LIGHTED ROAD",NOT DIVIDED,DRY,SHOULDER DEFECT,1,6,10
Nissan Magnite,TRAFFIC SIGNAL,UNKNOWN,DAWN,RAMP,DRY,DEBRIS ON ROADWAY,6,4,4
Maruti Suzuki Swift,LANE USE MARKING,RAIN,DARKNESS,NOT DIVIDED,WET,NO DEFECTS,6,4,6
Renault Kiger,STOP SIGN/FLASHER,OTHER,DAYLIGHT,NOT DIVIDED,DRY,"RUT, HOLES",7,3,6
Nissan Magnite,NO CONTROLS,FOG/SMOKE/HAZE,"DARKNESS, LIGHTED ROAD",NOT DIVIDED,DRY,"RUT, HOLES",18,5,12
Kia Sonet,STOP SIGN/FLASHER,CLEAR,DUSK,OTHER,DRY,WORN SURFACE,13,6,3
Hyundai Venue,TRAFFIC SIGNAL,CLOUDY/OVERCAST,DAYLIGHT,NOT DIVIDED,WET,WORN SURFACE,7,5,10
Kia Seltos,NO CONTROLS,CLOUDY/OVERCAST,DARKNESS,FOUR WAY,OTHER,NO DEFECTS,5,2,6
Hyundai Verna,STOP SIGN/FLASHER,RAIN,DAYLIGHT,UNKNOWN INTERSECTION TYPE,WET,NO DEFECTS,10,6,9
Kia Seltos,NO CONTROLS,CLOUDY/OVERCAST,"DARKNESS, LIGHTED ROAD",NOT DIVIDED,DRY,NO DEFECTS,19,2,7
Hyundai i20,TRAFFIC SIGNAL,RAIN,DAYLIGHT,NOT DIVIDED,DRY,DEBRIS ON ROADWAY,11,7,8
Honda City,PEDESTRIAN CROSSING SIGN,CLEAR,DAYLIGHT,NOT DIVIDED,DRY,"RUT, HOLES",7,4,10
Nissan Magnite,NO CONTROLS,CLEAR,DAYLIGHT,NOT DIVIDED,DRY,OTHER,12,1,10
Honda Amaze,TRAFFIC SIGNAL,RAIN,DAYLIGHT,NOT DIVIDED,"SAND, MUD, DIRT","RUT, HOLES",15,5,11
Mahindra Thar,NO CONTROLS,UNKNOWN,"DARKNESS, LIGHTED ROAD",NOT DIVIDED,"SAND, MUD, DIRT","RUT, HOLES",1,5,1
Toyota Innova,NO CONTROLS,CLEAR,DAYLIGHT,OTHER,DRY,WORN SURFACE,16,1,9
Maruti Suzuki Baleno,STOP SIGN/FLASHER,CLEAR,DAYLIGHT,ONE-WAY,DRY,WORN SURFACE,12,1,2
Kia Sonet,NO CONTROLS,RAIN,"DARKNESS, LIGHTED ROAD",FOUR WAY,WET,NO DEFECTS,0,7,7
Tata Punch,TRAFFIC SIGNAL,CLEAR,DAYLIGHT,OTHER,DRY,NO DEFECTS,17,4,8
Mahindra Scorpio,STOP SIGN/FLASHER,RAIN,DAYLIGHT,NOT DIVIDED,WET,NO DEFECTS,17,2,6
Tata Altroz,NO CONTROLS,RAIN,DUSK,FOUR WAY,WET,WORN SURFACE,16,5,7
Tata Nexon,NO CONTROLS,FOG/SMOKE/HAZE,DAYLIGHT,NOT DIVIDED,DRY,WORN SURFACE,7,1,12
Skoda Slavia,NO CONTROLS,CLEAR,DAYLIGHT,NOT DIVIDED,DRY,NO DEFECTS,15,1,2
Honda Amaze,UNKNOWN,SLEET/HAIL,DAYLIGHT,NOT DIVIDED,WET,NO DEFECTS,12,1,9
Skoda Slavia,TRAFFIC SIGNAL,CLEAR,DAWN,NOT DIVIDED,OTHER,"RUT, HOLES",17,6,6
Tata Altroz,TRAFFIC SIGNAL,CLEAR,DAYLIGHT,DIVIDED - W/MEDIAN BARRIER,"SAND, MUD, DIRT","RUT, HOLES",16,2,2
Hyundai Venue,STOP SIGN/FLASHER,CLEAR,"DARKNESS, LIGHTED ROAD",NOT DIVIDED,WET,"RUT, HOLES",4,4,3
Toyota Fortuner,NO CONTROLS,FOG/SMOKE/HAZE,DAYLIGHT,DIVIDED - W/MEDIAN (NOT RAISED),DRY,UNKNOWN,14,2,12
Nissan Magnite,TRAFFIC SIGNAL,FOG/SMOKE/HAZE,DAYLIGHT,NOT DIVIDED,DRY,WORN SURFACE,16,5,11
Hyundai Verna,STOP SIGN/FLASHER,CLEAR,DUSK,NOT DIVIDED,WET,NO DEFECTS,11,4,11
Hyundai Creta,NO CONTROLS,CLOUDY/OVERCAST,"DARKNESS, LIGHTED ROAD",NOT DIVIDED,DRY,NO DEFECTS,20,4,12
Tata Altroz,NO CONTROLS,CLEAR,DARKNESS,T-INTERSECTION,DRY,NO DEFECTS,19,4,4
Hyundai Creta,TRAFFIC SIGNAL,RAIN,DAYLIGHT,NOT DIVIDED,WET,NO DEFECTS,7,5,6
Kia Sonet,STOP SIGN/FLASHER,RAIN,"DARKNESS, LIGHTED ROAD",DIVIDED - W/MEDIAN BARRIER,WET,WORN SURFACE,21,7,9
Hyundai Verna,NO CONTROLS,RAIN,DAYLIGHT,NOT DIVIDED,OTHER,NO DEFECTS,13,3,7
Tata Nexon,TRAFFIC SIGNAL,CLOUDY/OVERCAST,DAWN,NOT DIVIDED,DRY,"RUT, HOLES",18,5,7
Maruti Suzuki Baleno,TRAFFIC SIGNAL,CLEAR,DARKNESS,NOT DIVIDED,DRY,"RUT, HOLES",19,7,6
Tata Nexon,STOP SIGN/FLASHER,CLEAR,DAYLIGHT,DIVIDED - W/MEDIAN (NOT RAISED),DRY,NO DEFECTS,14,2,8
Maruti Suzuki Swift,TRAFFIC SIGNAL,RAIN,DAYLIGHT,NOT DIVIDED,WET,NO DEFECTS,12,7,8
Honda Amaze,NO CONTROLS,CLOUDY/OVERCAST,DARKNESS,NOT DIVIDED,DRY,WORN SURFACE,21,6,3
Hyundai i20,PEDESTRIAN CROSSING SIGN,CLEAR,DAYLIGHT,NOT DIVIDED,"SAND, MUD, DIRT",SHOULDER DEFECT,8,3,7
Skoda Slavia,NO CONTROLS,RAIN,DUSK,T-INTERSECTION,WET,NO DEFECTS,9,3,8
Honda Amaze,NO CONTROLS,RAIN,DAYLIGHT,ALLEY,"SAND, MUD, DIRT","RUT, HOLES",11,2,8
Hyundai i20,TRAFFIC SIGNAL,CLEAR,DARKNESS,NOT DIVIDED,DRY,"RUT, HOLES",20,3,4
Kia Seltos,NO CONTROLS,CLOUDY/OVERCAST,DARKNESS,NOT DIVIDED,DRY,WORN SURFACE,21,5,9
Skoda Slavia,TRAFFIC SIGNAL,FOG/SMOKE/HAZE,DUSK,NOT DIVIDED,"SAND, MUD, DIRT",WORN SURFACE,6,1,1
Kia Sonet,NO CONTROLS,UNKNOWN,DARKNESS,Y-INTERSECTION,"SAND, MUD, DIRT",SHOULDER DEFECT,20,1,6
Maruti Suzuki Baleno,STOP SIGN/FLASHER,FOG/SMOKE/HAZE,DAYLIGHT,NOT DIVIDED,UNKNOWN,NO DEFECTS,7,7,10
Tata Nexon,NO CONTROLS,CLEAR,DARKNESS,CENTER TURN LANE,DRY,NO DEFECTS,22,2,8
Hyundai Venue,TRAFFIC SIGNAL,CLEAR,DAYLIGHT,NOT DIVIDED,DRY,WORN SURFACE,16,6,5
Honda City,NO CONTROLS,CLOUDY/OVERCAST,DARKNESS,OTHER,DRY,SHOULDER DEFECT,0,5,9
Nissan Magnite,OTHER,CLOUDY/OVERCAST,DARKNESS,"FIVE POINT, OR MORE",DRY,NO DEFECTS,1,4,8
Maruti Suzuki Wagon R,NO CONTROLS,CLEAR,DAYLIGHT,NOT DIVIDED,DRY,"RUT, HOLES",7,6,10
Maruti Suzuki Baleno,STOP SIGN/FLASHER,UNKNOWN,"DARKNESS, LIGHTED ROAD",FOUR WAY,DRY,NO DEFECTS,7,1,9
Hyundai Venue,NO CONTROLS,RAIN,UNKNOWN,FOUR WAY,"SAND, MUD, DIRT",SHOULDER DEFECT,18,6,8
Honda Amaze,OTHER REG. SIGN,RAIN,DAYLIGHT,NOT DIVIDED,WET,WORN SURFACE,8,7,7
Mahindra Scorpio,TRAFFIC SIGNAL,CLOUDY/OVERCAST,"DARKNESS, LIGHTED ROAD",NOT DIVIDED,WET,NO DEFECTS,22,3,2
Kia Seltos,STOP SIGN/FLASHER,CLEAR,DAYLIGHT,OTHER,WET,"RUT, HOLES",16,3,5
Hyundai Creta,PEDESTRIAN CROSSING SIGN,UNKNOWN,DAYLIGHT,"FIVE POINT, OR MORE",DRY,"RUT, HOLES",17,1,7
Kia Sonet,LANE USE MARKING,OTHER,DAYLIGHT,ALLEY,UNKNOWN,NO DEFECTS,8,7,8
Toyota Innova,STOP SIGN/FLASHER,RAIN,DARKNESS,UNKNOWN,WET,DEBRIS ON ROADWAY,20,6,7
Hyundai Venue,NO CONTROLS,CLEAR,DAYLIGHT,FOUR WAY,OTHER,NO DEFECTS,17,4,5
Tata Altroz,STOP SIGN/FLASHER,CLOUDY/OVERCAST,DARKNESS,NOT DIVIDED,OTHER,"RUT, HOLES",20,3,1
Maruti Suzuki Brezza,NO CONTROLS,RAIN,DAWN,DIVIDED - W/MEDIAN (NOT RAISED),OTHER,"RUT, HOLES",22,4,7
Maruti Suzuki Brezza,STOP SIGN/FLASHER,CLEAR,DARKNESS,NOT DIVIDED,WET,WORN SURFACE,6,4,5
Honda Amaze,PEDESTRIAN CROSSING SIGN,RAIN,"DARKNESS, LIGHTED ROAD",NOT DIVIDED,WET,NO DEFECTS,5,4,9
Tata Nexon,NO CONTROLS,CLOUDY/OVERCAST,DUSK,ONE-WAY,DRY,"RUT, HOLES",19,2,1
Toyota Innova,TRAFFIC SIGNAL,RAIN,"DARKNESS, LIGHTED ROAD",FOUR WAY,WET,NO DEFECTS,20,1,8
Volkswagen Virtus,LANE USE MARKING,OTHER,DAYLIGHT,ONE-WAY,DRY,WORN SURFACE,16,6,12
Renault Kiger,TRAFFIC SIGNAL,RAIN,DAYLIGHT,NOT DIVIDED,"SAND, MUD, DIRT",NO DEFECTS,11,3,3
Kia Sonet,STOP SIGN/FLASHER,UNKNOWN,DAYLIGHT,ALLEY,WET,WORN SURFACE,17,4,7
Maruti Suzuki Baleno,STOP SIGN/FLASHER,FOG/SMOKE/HAZE,DAYLIGHT,NOT DIVIDED,DRY,"RUT, HOLES",7,3,1
Tata Harrier,TRAFFIC SIGNAL,RAIN,DAYLIGHT,FOUR WAY,WET,NO DEFECTS,8,3,8
Mahindra Scorpio,NO CONTROLS,OTHER,DAYLIGHT,NOT DIVIDED,DRY,NO DEFECTS,14,1,8
Skoda Slavia,TRAFFIC SIGNAL,RAIN,"DARKNESS, LIGHTED ROAD",DIVIDED - W/MEDIAN (NOT RAISED),WET,NO DEFECTS,8,3,6
Mahindra XUV700,STOP SIGN/FLASHER,RAIN,DAYLIGHT,NOT DIVIDED,WET,DEBRIS ON ROADWAY,14,4,7
Hyundai Creta,NO CONTROLS,FOG/SMOKE/HAZE,DARKNESS,NOT DIVIDED,WET,"RUT, HOLES",21,6,11
Tata Altroz,TRAFFIC SIGNAL,CLOUDY/OVERCAST,"DARKNESS, LIGHTED ROAD",OTHER,WET,DEBRIS ON ROADWAY,19,3,3
Kia Seltos,NO CONTROLS,FOG/SMOKE/HAZE,DARKNESS,ALLEY,DRY,NO DEFECTS,20,1,1
Maruti Suzuki Wagon R,OTHER,RAIN,DARKNESS,ONE-WAY,WET,NO DEFECTS,19,6,11
Tata Punch,TRAFFIC SIGNAL,RAIN,DAYLIGHT,NOT DIVIDED,WET,DEBRIS ON ROADWAY,11,3,8
Honda Amaze,STOP SIGN/FLASHER,CLOUDY/OVERCAST,"DARKNESS, LIGHTED ROAD",FOUR WAY,DRY,WORN SURFACE,19,7,11
Mahindra Thar,STOP SIGN/FLASHER,CLEAR,DARKNESS,NOT DIVIDED,OTHER,WORN SURFACE,21,7,8
Hyundai Venue,NO CONTROLS,CLEAR,DAYLIGHT,T-INTERSECTION,DRY,DEBRIS ON ROADWAY,22,7,10
Honda Amaze,STOP SIGN/FLASHER,CLOUDY/OVERCAST,DAYLIGHT,NOT DIVIDED,DRY,UNKNOWN,17,2,7
Toyota Fortuner,TRAFFIC SIGNAL,CLOUDY/OVERCAST,DAYLIGHT,NOT DIVIDED,"SAND, MUD, DIRT",NO DEFECTS,8,2,9
Maruti Suzuki Wagon R,NO CONTROLS,CLEAR,"DARKNESS, LIGHTED ROAD",FOUR WAY,DRY,NO DEFECTS,1,6,11
Tata Nexon,NO CONTROLS,RAIN,DAYLIGHT,NOT DIVIDED,WET,NO DEFECTS,7,4,8
Maruti Suzuki Baleno,TRAFFIC SIGNAL,CLEAR,DARKNESS,T-INTERSECTION,WET,WORN SURFACE,22,3,3
Toyota Innova,TRAFFIC SIGNAL,RAIN,DAWN,NOT DIVIDED,WET,NO DEFECTS,13,3,5
Mahindra XUV700,STOP SIGN/FLASHER,CLEAR,DARKNESS,DIVIDED - W/MEDIAN (NOT RAISED),DRY,"RUT, HOLES",20,5,3
Mahindra XUV700,NO CONTROLS,CLEAR,DAYLIGHT,NOT DIVIDED,DRY,SHOULDER DEFECT,13,7,4
Tata Punch,TRAFFIC SIGNAL,CLEAR,DAYLIGHT,DIVIDED - W/MEDIAN (NOT RAISED),DRY,WORN SURFACE,17,5,5
Tata Altroz,TRAFFIC SIGNAL,RAIN,DARKNESS,NOT DIVIDED,WET,NO DEFECTS,0,5,8
Hyundai Verna,NO CONTROLS,RAIN,DAWN,NOT DIVIDED,WET,"RUT, HOLES",9,6,8
Renault Kiger,NO CONTROLS,RAIN,DAYLIGHT,NOT DIVIDED,WET,NO DEFECTS,13,6,7
Mahindra Scorpio,NO CONTROLS,CLOUDY/OVERCAST,DAYLIGHT,ONE-WAY,WET,"RUT, HOLES",16,7,8
Nissan Magnite,STOP SIGN/FLASHER,FOG/SMOKE/HAZE,DUSK,NOT DIVIDED,DRY,NO DEFECTS,6,2,1
Mahindra Thar,TRAFFIC SIGNAL,FOG/SMOKE/HAZE,DARKNESS,NOT DIVIDED,DRY,NO DEFECTS,18,7,1
Toyota Fortuner,NO CONTROLS,CLEAR,DAYLIGHT,NOT DIVIDED,DRY,WORN SURFACE,11,3,3
Tata Punch,STOP SIGN/FLASHER,CLOUDY/OVERCAST,DARKNESS,NOT DIVIDED,DRY,OTHER,19,3,7
Kia Seltos,STOP SIGN/FLASHER,CLEAR,UNKNOWN,NOT DIVIDED,WET,OTHER,5,4,4
Maruti Suzuki Brezza,NO CONTROLS,RAIN,DAYLIGHT,NOT DIVIDED,WET,NO DEFECTS,17,3,5
Hyundai Venue,NO CONTROLS,CLOUDY/OVERCAST,DAYLIGHT,NOT DIVIDED,DRY,WORN SURFACE,10,2,6
Toyota Innova,STOP SIGN/FLASHER,CLEAR,UNKNOWN,FOUR WAY,"SAND, MUD, DIRT",WORN SURFACE,19,7,10
Honda Amaze,TRAFFIC SIGNAL,FOG/SMOKE/HAZE,DAYLIGHT,NOT DIVIDED,DRY,WORN SURFACE,8,1,1
Toyota Innova,TRAFFIC SIGNAL,RAIN,DAYLIGHT,NOT DIVIDED,WET,SHOULDER DEFECT,17,7,8
Hyundai Venue,TRAFFIC SIGNAL,RAIN,DARKNESS,FOUR WAY,WET,UNKNOWN,21,5,9
Hyundai Venue,STOP SIGN/FLASHER,CLEAR,DARKNESS,FOUR WAY,DRY,NO DEFECTS,0,7,10
Volkswagen Virtus,TRAFFIC SIGNAL,CLEAR,DARKNESS,NOT DIVIDED,DRY,WORN SURFACE,0,7,12
Skoda Slavia,TRAFFIC SIGNAL,FOG/SMOKE/HAZE,UNKNOWN,T-INTERSECTION,"SAND, MUD, DIRT",WORN SURFACE,18,5,1
Renault Kiger,TRAFFIC SIGNAL,FOG/SMOKE/HAZE,"DARKNESS, LIGHTED ROAD",NOT DIVIDED,DRY,NO DEFECTS,14,5,2
Hyundai Creta,STOP SIGN/FLASHER,FOG/SMOKE/HAZE,DAYLIGHT,DIVIDED - W/MEDIAN (NOT RAISED),OTHER,NO DEFECTS,7,7,11
Volkswagen Virtus,RAILROAD CROSSING GATE,RAIN,DAYLIGHT,NOT DIVIDED,WET,NO DEFECTS,14,4,7
Kia Seltos,NO CONTROLS,RAIN,DARKNESS,NOT REPORTED,WET,DEBRIS ON ROADWAY,1,2,8
Toyota Innova,NO CONTROLS,CLEAR,DAYLIGHT,T-INTERSECTION,"SAND, MUD, DIRT",SHOULDER DEFECT,8,7,8
Hyundai i20,TRAFFIC SIGNAL,CLOUDY/OVERCAST,DAYLIGHT,NOT DIVIDED,DRY,"RUT, HOLES",13,3,9
Maruti Suzuki Wagon R,TRAFFIC SIGNAL,CLOUDY/OVERCAST,"DARKNESS, LIGHTED ROAD",NOT DIVIDED,DRY,"RUT, HOLES",19,1,12
Hyundai Verna,TRAFFIC SIGNAL,FOG/SMOKE/HAZE,DUSK,ONE-WAY,DRY,NO DEFECTS,8,6,12
Maruti Suzuki Wagon R,YIELD,RAIN,DAYLIGHT,NOT DIVIDED,UNKNOWN,WORN SURFACE,16,4,9
Nissan Magnite,STOP SIGN/FLASHER,CLEAR,"DARKNESS, LIGHTED ROAD",NOT DIVIDED,WET,NO DEFECTS,20,3,5
Toyota Fortuner,LANE USE MARKING,CLEAR,DAYLIGHT,NOT DIVIDED,WET,"RUT, HOLES",10,5,11
Mahindra XUV700,NO CONTROLS,FOG/SMOKE/HAZE,DAYLIGHT,NOT DIVIDED,WET,SHOULDER DEFECT,16,1,1
Mahindra XUV700,LANE USE MARKING,CLEAR,DARKNESS,NOT DIVIDED,DRY,"RUT, HOLES",20,6,4
Maruti Suzuki Swift,STOP SIGN/FLASHER,RAIN,DAYLIGHT,T-INTERSECTION,WET,"RUT, HOLES",8,4,11
Tata Harrier,NO CONTROLS,CLEAR,DAYLIGHT,DIVIDED - W/MEDIAN (NOT RAISED),DRY,NO DEFECTS,11,4,5
Hyundai i20,TRAFFIC SIGNAL,CLOUDY/OVERCAST,"DARKNESS, LIGHTED ROAD",ONE-WAY,DRY,NO DEFECTS,23,7,4
Toyota Innova,NO CONTROLS,CLEAR,DAWN,NOT DIVIDED,"SAND, MUD, DIRT",WORN SURFACE,23,6,2
Tata Harrier,NO CONTROLS,CLEAR,DAYLIGHT,FOUR WAY,WET,NO DEFECTS,8,5,11
Honda Amaze,NO CONTROLS,RAIN,DAWN,ALLEY,UNKNOWN,NO DEFECTS,3,5,7
Maruti Suzuki Wagon R,NO CONTROLS,OTHER,DAYLIGHT,NOT DIVIDED,DRY,NO DEFECTS,9,6,9
Tata Nexon,TRAFFIC SIGNAL,CLEAR,DAYLIGHT,T-INTERSECTION,DRY,"RUT, HOLES",12,4,4
Tata Altroz,STOP SIGN/FLASHER,CLEAR,DUSK,T-INTERSECTION,"SAND, MUD, DIRT",NO DEFECTS,13,6,9
Kia Seltos,FLASHING CONTROL SIGNAL,CLOUDY/OVERCAST,DAYLIGHT,ONE-WAY,DRY,"RUT, HOLES",16,5,9
Hyundai Creta,STOP SIGN/FLASHER,RAIN,DAWN,NOT DIVIDED,WET,"RUT, HOLES",21,4,6
Tata Harrier,TRAFFIC SIGNAL,RAIN,DAYLIGHT,NOT DIVIDED,WET,NO DEFECTS,10,7,6
Hyundai Creta,UNKNOWN,SLEET/HAIL,DARKNESS,NOT DIVIDED,WET,NO DEFECTS,19,1,4
Maruti Suzuki Brezza,NO CONTROLS,UNKNOWN,DARKNESS,NOT DIVIDED,UNKNOWN,SHOULDER DEFECT,5,4,12
Hyundai Venue,NO CONTROLS,UNKNOWN,DARKNESS,UNKNOWN,DRY,"RUT, HOLES",1,7,8
Tata Altroz,NO CONTROLS,CLEAR,DAWN,NOT DIVIDED,"SAND, MUD, DIRT",NO DEFECTS,14,7,12
Hyundai i20,YIELD,FOG/SMOKE/HAZE,DARKNESS,OTHER,"SAND, MUD, DIRT","RUT, HOLES",5,6,5
Renault Kiger,TRAFFIC SIGNAL,CLOUDY/OVERCAST,DAYLIGHT,ONE-WAY,DRY,NO DEFECTS,12,5,10
Hyundai Venue,NO CONTROLS,CLEAR,"DARKNESS, LIGHTED ROAD",NOT DIVIDED,WET,NO DEFECTS,20,6,9
Hyundai Verna,NO CONTROLS,RAIN,DAYLIGHT,RAMP,WET,"RUT, HOLES",8,2,9
Maruti Suzuki Baleno,TRAFFIC SIGNAL,OTHER,DAYLIGHT,OTHER,DRY,NO DEFECTS,17,4,12
Skoda Slavia,STOP SIGN/FLASHER,CLEAR,DAYLIGHT,NOT DIVIDED,"SAND, MUD, DIRT","RUT, HOLES",10,5,6
Volkswagen Virtus,NO CONTROLS,CLEAR,DARKNESS,NOT DIVIDED,DRY,NO DEFECTS,1,1,2
Hyundai Verna,TRAFFIC SIGNAL,CLEAR,DAYLIGHT,NOT DIVIDED,DRY,NO DEFECTS,15,7,9
Honda Amaze,UNKNOWN,RAIN,DARKNESS,NOT DIVIDED,WET,NO DEFECTS,19,4,9
Nissan Magnite,NO CONTROLS,RAIN,DAYLIGHT,NOT DIVIDED,WET,NO DEFECTS,12,7,8
Tata Punch,NO CONTROLS,CLEAR,DAYLIGHT,T-INTERSECTION,DRY,DEBRIS ON ROADWAY,16,3,4
Tata Nexon,TRAFFIC SIGNAL,RAIN,"DARKNESS, LIGHTED ROAD",NOT DIVIDED,WET,NO DEFECTS,21,4,7
Maruti Suzuki Baleno,STOP SIGN/FLASHER,RAIN,DARKNESS,DIVIDED - W/MEDIAN BARRIER,WET,UNKNOWN,18,2,6
Honda City,OTHER WARNING SIGN,CLEAR,DAYLIGHT,NOT DIVIDED,OTHER,OTHER,8,5,7
Toyota Innova,PEDESTRIAN CROSSING SIGN,RAIN,"DARKNESS, LIGHTED ROAD",NOT DIVIDED,WET,"RUT, HOLES",18,5,8
Hyundai i20,NO CONTROLS,CLEAR,DUSK,NOT DIVIDED,DRY,WORN SURFACE,14,7,9
Hyundai Verna,TRAFFIC SIGNAL,CLEAR,"DARKNESS, LIGHTED ROAD",UNKNOWN INTERSECTION TYPE,DRY,DEBRIS ON ROADWAY,18,4,4
Skoda Slavia,TRAFFIC SIGNAL,SLEET/HAIL,DAYLIGHT,NOT DIVIDED,DRY,NO DEFECTS,14,5,6
Toyota Innova,NO CONTROLS,CLEAR,"DARKNESS, LIGHTED ROAD",OTHER,DRY,NO DEFECTS,6,6,5
Skoda Slavia,NO CONTROLS,CLOUDY/OVERCAST,DAYLIGHT,NOT DIVIDED,OTHER,NO DEFECTS,15,3,3
Toyota Fortuner,STOP SIGN/FLASHER,CLEAR,DAYLIGHT,NOT DIVIDED,WET,"RUT, HOLES",14,7,10
Tata Altroz,NO CONTROLS,UNKNOWN,DAYLIGHT,FOUR WAY,DRY,NO DEFECTS,14,3,11
Maruti Suzuki Swift,STOP SIGN/FLASHER,RAIN,"DARKNESS, LIGHTED ROAD",NOT REPORTED,WET,DEBRIS ON ROADWAY,20,5,6
Maruti Suzuki Baleno,NO CONTROLS,RAIN,DARKNESS,FOUR WAY,WET,"RUT, HOLES",20,5,9
Kia Sonet,STOP SIGN/FLASHER,CLEAR,DAYLIGHT,FOUR WAY,WET,DEBRIS ON ROADWAY,13,4,11
Hyundai Verna,NO CONTROLS,OTHER,DAYLIGHT,NOT DIVIDED,DRY,NO DEFECTS,13,2,11
Hyundai i20,OTHER,FOG/SMOKE/HAZE,DAYLIGHT,NOT DIVIDED,DRY,WORN SURFACE,9,5,3
Hyundai i20,NO CONTROLS,FOG/SMOKE/HAZE,DARKNESS,NOT DIVIDED,"SAND, MUD, DIRT","RUT, HOLES",9,3,12
Hyundai Verna,YIELD,CLEAR,"DARKNESS, LIGHTED ROAD",NOT DIVIDED,WET,NO DEFECTS,22,3,6
Honda City,NO CONTROLS,CLEAR,DAYLIGHT,NOT DIVIDED,WET,DEBRIS ON ROADWAY,17,4,6
Skoda Slavia,STOP SIGN/FLASHER,FOG/SMOKE/HAZE,DAYLIGHT,NOT DIVIDED,"SAND, MUD, DIRT","RUT, HOLES",7,6,1
Maruti Suzuki Baleno,NO CONTROLS,CLEAR,DAYLIGHT,NOT DIVIDED,DRY,NO DEFECTS,15,6,7
Maruti Suzuki Swift,TRAFFIC SIGNAL,CLEAR,DAYLIGHT,ONE-WAY,DRY,OTHER,16,4,2
Volkswagen Virtus,TRAFFIC SIGNAL,CLEAR,DUSK,NOT DIVIDED,DRY,"RUT, HOLES",16,1,4
Maruti Suzuki Swift,TRAFFIC SIGNAL,RAIN,DAYLIGHT,NOT DIVIDED,WET,NO DEFECTS,16,6,6
Maruti Suzuki Brezza,TRAFFIC SIGNAL,CLOUDY/OVERCAST,DAYLIGHT,DIVIDED - W/MEDIAN (NOT RAISED),OTHER,NO DEFECTS,7,5,10
Honda Amaze,NO CONTROLS,FOG/SMOKE/HAZE,DARKNESS,UNKNOWN INTERSECTION TYPE,DRY,"RUT, HOLES",4,6,11
Honda Amaze,TRAFFIC SIGNAL,CLEAR,DAYLIGHT,DIVIDED - W/MEDIAN (NOT RAISED),WET,"RUT, HOLES",11,3,5
Toyota Innova,UNKNOWN,CLEAR,"DARKNESS, LIGHTED ROAD",NOT DIVIDED,WET,"RUT, HOLES",13,7,11
Nissan Magnite,TRAFFIC SIGNAL,CLOUDY/OVERCAST,DARKNESS,NOT DIVIDED,WET,"RUT, HOLES",3,3,11
Maruti Suzuki Wagon R,UNKNOWN,RAIN,DARKNESS,NOT DIVIDED,WET,NO DEFECTS,19,3,9
Maruti Suzuki Swift,NO CONTROLS,FOG/SMOKE/HAZE,DAYLIGHT,NOT DIVIDED,DRY,NO DEFECTS,7,5,2
Hyundai Creta,TRAFFIC SIGNAL,CLOUDY/OVERCAST,DUSK,NOT DIVIDED,DRY,WORN SURFACE,21,7,9
Maruti Suzuki Wagon R,TRAFFIC SIGNAL,CLOUDY/OVERCAST,DAYLIGHT,NOT DIVIDED,OTHER,"RUT, HOLES",7,2,12
Honda Amaze,TRAFFIC SIGNAL,UNKNOWN,DARKNESS,NOT DIVIDED,DRY,NO DEFECTS,2,6,9
Honda Amaze,TRAFFIC SIGNAL,RAIN,DAYLIGHT,NOT DIVIDED,WET,NO DEFECTS,14,1,6
Toyota Fortuner,STOP SIGN/FLASHER,FOG/SMOKE/HAZE,DAWN,NOT DIVIDED,DRY,DEBRIS ON ROADWAY,6,2,7
Tata Nexon,TRAFFIC SIGNAL,RAIN,DARKNESS,DIVIDED - W/MEDIAN (NOT RAISED),WET,SHOULDER DEFECT,21,3,8
Toyota Fortuner,LANE USE MARKING,SLEET/HAIL,DARKNESS,NOT DIVIDED,WET,WORN SURFACE,0,5,7
Maruti Suzuki Brezza,NO CONTROLS,UNKNOWN,DAYLIGHT,NOT DIVIDED,UNKNOWN,NO DEFECTS,12,1,2
Toyota Fortuner,UNKNOWN,CLOUDY/OVERCAST,"DARKNESS, LIGHTED ROAD",FOUR WAY,"SAND, MUD, DIRT","RUT, HOLES",21,1,6
Mahindra Scorpio,NO CONTROLS,CLEAR,UNKNOWN,T-INTERSECTION,"SAND, MUD, DIRT",NO DEFECTS,12,2,10
Mahindra Scorpio,NO CONTROLS,FOG/SMOKE/HAZE,DAWN,NOT DIVIDED,DRY,"RUT, HOLES",5,5,11
Hyundai Creta,STOP SIGN/FLASHER,CLEAR,DAYLIGHT,NOT DIVIDED,DRY,WORN SURFACE,10,1,2
Skoda Slavia,TRAFFIC SIGNAL,CLEAR,DAYLIGHT,ONE-WAY,"SAND, MUD, DIRT","RUT, HOLES",14,4,12
Mahindra Scorpio,NO CONTROLS,RAIN,DAYLIGHT,T-INTERSECTION,"SAND, MUD, DIRT",NO DEFECTS,7,2,6
Mahindra Thar,TRAFFIC SIGNAL,CLOUDY/OVERCAST,DAYLIGHT,NOT DIVIDED,DRY,"RUT, HOLES",14,3,8
Mahindra XUV700,STOP SIGN/FLASHER,RAIN,DARKNESS,NOT DIVIDED,"SAND, MUD, DIRT",WORN SURFACE,19,6,9
Tata Punch,NO CONTROLS,CLEAR,"DARKNESS, LIGHTED ROAD",T-INTERSECTION,UNKNOWN,"RUT, HOLES",20,3,10
Hyundai Creta,NO CONTROLS,FOG/SMOKE/HAZE,UNKNOWN,NOT DIVIDED,DRY,WORN SURFACE,5,5,12
Maruti Suzuki Wagon R,NO CONTROLS,RAIN,DUSK,NOT DIVIDED,WET,NO DEFECTS,7,2,6
Mahindra Thar,STOP SIGN/FLASHER,CLOUDY/OVERCAST,DAYLIGHT,FOUR WAY,DRY,WORN SURFACE,9,6,11
Renault Kiger,STOP SIGN/FLASHER,CLOUDY/OVERCAST,DAYLIGHT,NOT DIVIDED,UNKNOWN,"RUT, HOLES",16,6,2
Hyundai Venue,NO CONTROLS,RAIN,DARKNESS,NOT DIVIDED,WET,NO DEFECTS,11,3,9
Renault Kiger,OTHER REG. SIGN,RAIN,DARKNESS,DIVIDED - W/MEDIAN (NOT RAISED),WET,WORN SURFACE,19,1,9
Maruti Suzuki Wagon R,TRAFFIC SIGNAL,RAIN,DAYLIGHT,T-INTERSECTION,WET,"RUT, HOLES",17,1,9
Mahindra Scorpio,STOP SIGN/FLASHER,CLEAR,DARKNESS,DIVIDED - W/MEDIAN (NOT RAISED),DRY,"RUT, HOLES",5,4,5
Hyundai i20,STOP SIGN/FLASHER,FOG/SMOKE/HAZE,DUSK,ALLEY,DRY,NO DEFECTS,13,3,11
Kia Seltos,NO CONTROLS,CLOUDY/OVERCAST,DAYLIGHT,NOT DIVIDED,DRY,NO DEFECTS,6,3,3
Maruti Suzuki Brezza,TRAFFIC SIGNAL,UNKNOWN,DAYLIGHT,T-INTERSECTION,"SAND, MUD, DIRT",UNKNOWN,9,5,1
Tata Harrier,UNKNOWN,CLEAR,DAYLIGHT,DIVIDED - W/MEDIAN (NOT RAISED),WET,"RUT, HOLES",7,2,9
Renault Kiger,OTHER,CLOUDY/OVERCAST,DAYLIGHT,DIVIDED - W/MEDIAN BARRIER,"SAND, MUD, DIRT",NO DEFECTS,7,4,7
Mahindra Thar,NO CONTROLS,FOG/SMOKE/HAZE,DAYLIGHT,NOT DIVIDED,DRY,DEBRIS ON ROADWAY,12,2,11
Skoda Slavia,NO CONTROLS,RAIN,DAYLIGHT,NOT DIVIDED,WET,NO DEFECTS,15,7,6
Honda City,UNKNOWN,CLEAR,DAYLIGHT,DIVIDED - W/MEDIAN BARRIER,"SAND, MUD, DIRT",NO DEFECTS,7,1,3
Kia Seltos,NO CONTROLS,CLOUDY/OVERCAST,DARKNESS,DIVIDED - W/MEDIAN BARRIER,DRY,NO DEFECTS,23,1,10
Tata Altroz,STOP SIGN/FLASHER,OTHER,DAYLIGHT,NOT DIVIDED,DRY,OTHER,13,5,8
Tata Altroz,NO CONTROLS,CLOUDY/OVERCAST,"DARKNESS, LIGHTED ROAD",DIVIDED - W/MEDIAN BARRIER,DRY,NO DEFECTS,5,1,3
Hyundai Venue,TRAFFIC SIGNAL,CLOUDY/OVERCAST,DAWN,T-INTERSECTION,DRY,WORN SURFACE,6,6,9
Maruti Suzuki Brezza,NO CONTROLS,UNKNOWN,DAYLIGHT,NOT DIVIDED,DRY,"RUT, HOLES",16,6,7
Maruti Suzuki Brezza,TRAFFIC SIGNAL,CLOUDY/OVERCAST,DARKNESS,UNKNOWN,DRY,NO DEFECTS,23,4,8
Toyota Fortuner,NO CONTROLS,RAIN,DAYLIGHT,NOT DIVIDED,DRY,NO DEFECTS,15,6,7
Mahindra Scorpio,NO CONTROLS,CLEAR,DARKNESS,NOT DIVIDED,DRY,NO DEFECTS,22,6,10
Skoda Slavia,STOP SIGN/FLASHER,CLEAR,DAYLIGHT,NOT DIVIDED,OTHER,UNKNOWN,13,2,10
Hyundai Creta,NO CONTROLS,RAIN,DAYLIGHT,UNKNOWN INTERSECTION TYPE,WET,WORN SURFACE,13,7,9
Maruti Suzuki Brezza,NO CONTROLS,CLEAR,DAYLIGHT,NOT DIVIDED,DRY,SHOULDER DEFECT,14,7,2
Hyundai Venue,NO CONTROLS,FOG/SMOKE/HAZE,DAYLIGHT,FOUR WAY,DRY,NO DEFECTS,16,3,11
Renault Kiger,NO CONTROLS,CLOUDY/OVERCAST,DAYLIGHT,T-INTERSECTION,"SAND, MUD, DIRT",NO DEFECTS,11,6,9
Skoda Slavia,OTHER REG. SIGN,RAIN,DAWN,NOT DIVIDED,OTHER,"RUT, HOLES",20,7,9
Hyundai i20,STOP SIGN/FLASHER,RAIN,DARKNESS,NOT DIVIDED,WET,"RUT, HOLES",1,6,6
Mahindra Scorpio,TRAFFIC SIGNAL,RAIN,DAYLIGHT,NOT DIVIDED,WET,WORN SURFACE,13,1,11
Renault Kiger,NO CONTROLS,RAIN,DAYLIGHT,NOT DIVIDED,WET,WORN SURFACE,14,1,9
Maruti Suzuki Brezza,NO CONTROLS,CLEAR,DAYLIGHT,DIVIDED - W/MEDIAN BARRIER,"SAND, MUD, DIRT",SHOULDER DEFECT,16,7,2
Hyundai Verna,TRAFFIC SIGNAL,RAIN,DAYLIGHT,UNKNOWN INTERSECTION TYPE,WET,NO DEFECTS,9,5,6
Tata Altroz,NO CONTROLS,CLEAR,DAYLIGHT,ALLEY,"SAND, MUD, DIRT",WORN SURFACE,13,5,11
Tata Punch,STOP SIGN/FLASHER,FOG/SMOKE/HAZE,DAYLIGHT,NOT DIVIDED,DRY,"RUT, HOLES",8,7,1
Nissan Magnite,NO CONTROLS,CLEAR,DAYLIGHT,T-INTERSECTION,DRY,"RUT, HOLES",17,1,12
Mahindra Thar,TRAFFIC SIGNAL,RAIN,DUSK,DIVIDED - W/MEDIAN BARRIER,WET,"RUT, HOLES",18,4,9
Nissan Magnite,OTHER,RAIN,DUSK,DIVIDED - W/MEDIAN BARRIER,"SAND, MUD, DIRT",DEBRIS ON ROADWAY,18,5,8
Tata Punch,UNKNOWN,CLEAR,DAYLIGHT,NOT DIVIDED,DRY,"RUT, HOLES",11,1,5
Volkswagen Virtus,STOP SIGN/FLASHER,CLEAR,DARKNESS,NOT DIVIDED,DRY,NO DEFECTS,23,5,4
Maruti Suzuki Wagon R,STOP SIGN/FLASHER,FOG/SMOKE/HAZE,DARKNESS,UNKNOWN INTERSECTION TYPE,OTHER,"RUT, HOLES",19,7,12
Tata Nexon,NO CONTROLS,FOG/SMOKE/HAZE,DAYLIGHT,T-INTERSECTION,DRY,DEBRIS ON ROADWAY,7,1,5
Honda City,TRAFFIC SIGNAL,FOG/SMOKE/HAZE,DARKNESS,DIVIDED - W/MEDIAN BARRIER,DRY,WORN SURFACE,6,6,10
Skoda Slavia,UNKNOWN,RAIN,DAYLIGHT,DIVIDED - W/MEDIAN (NOT RAISED),WET,NO DEFECTS,10,7,6
Maruti Suzuki Brezza,STOP SIGN/FLASHER,RAIN,DAYLIGHT,NOT DIVIDED,WET,WORN SURFACE,13,7,2
Renault Kiger,TRAFFIC SIGNAL,FREEZING RAIN/DRIZZLE,DARKNESS,FOUR WAY,WET,NO DEFECTS,19,5,1
Hyundai i20,TRAFFIC SIGNAL,CLOUDY/OVERCAST,DUSK,NOT DIVIDED,WET,NO DEFECTS,18,7,8
Honda Amaze,TRAFFIC SIGNAL,CLEAR,DARKNESS,NOT DIVIDED,DRY,"RUT, HOLES",19,6,12
Tata Nexon,TRAFFIC SIGNAL,CLOUDY/OVERCAST,DAYLIGHT,NOT DIVIDED,DRY,"RUT, HOLES",9,6,6
Nissan Magnite,NO CONTROLS,RAIN,DAYLIGHT,NOT DIVIDED,DRY,NO DEFECTS,16,4,6
Honda City,TRAFFIC SIGNAL,RAIN,DAYLIGHT,DIVIDED - W/MEDIAN (NOT RAISED),UNKNOWN,WORN SURFACE,9,4,6
Hyundai Creta,NO CONTROLS,RAIN,DARKNESS,DIVIDED - W/MEDIAN (NOT RAISED),DRY,SHOULDER DEFECT,6,2,7
Toyota Innova,TRAFFIC SIGNAL,RAIN,DAYLIGHT,FOUR WAY,"SAND, MUD, DIRT","RUT, HOLES",17,1,7
Mahindra Scorpio,NO CONTROLS,FOG/SMOKE/HAZE,DAYLIGHT,NOT DIVIDED,OTHER,NO DEFECTS,6,5,11
Nissan Magnite,PEDESTRIAN CROSSING SIGN,RAIN,DAYLIGHT,CENTER TURN LANE,"SAND, MUD, DIRT",NO DEFECTS,17,3,7
Toyota Innova,TRAFFIC SIGNAL,RAIN,DAYLIGHT,T-INTERSECTION,UNKNOWN,NO DEFECTS,16,4,7
Toyota Fortuner,TRAFFIC SIGNAL,CLEAR,"DARKNESS, LIGHTED ROAD",NOT DIVIDED,WET,NO DEFECTS,19,7,2
Honda City,NO CONTROLS,CLEAR,"DARKNESS, LIGHTED ROAD",NOT DIVIDED,WET,SHOULDER DEFECT,6,1,12
Kia Seltos,TRAFFIC SIGNAL,CLOUDY/OVERCAST,DAYLIGHT,FOUR WAY,WET,"RUT, HOLES",18,7,4
Tata Harrier,YIELD,FOG/SMOKE/HAZE,DARKNESS,NOT DIVIDED,OTHER,NO DEFECTS,23,1,1
Skoda Slavia,TRAFFIC SIGNAL,CLOUDY/OVERCAST,"DARKNESS, LIGHTED ROAD",NOT DIVIDED,WET,NO DEFECTS,19,5,8
Tata Altroz,OTHER REG. SIGN,RAIN,DARKNESS,OTHER,DRY,DEBRIS ON ROADWAY,18,3,8
Kia Sonet,NO CONTROLS,RAIN,DAYLIGHT,NOT DIVIDED,WET,"RUT, HOLES",17,1,7
Hyundai Venue,TRAFFIC SIGNAL,RAIN,DAYLIGHT,FOUR WAY,OTHER,"RUT, HOLES",13,6,7
Hyundai Verna,STOP SIGN/FLASHER,CLEAR,DUSK,DIVIDED - W/MEDIAN (NOT RAISED),DRY,"RUT, HOLES",18,6,10
Mahindra Scorpio,NO CONTROLS,CLEAR,DAYLIGHT,NOT DIVIDED,DRY,NO DEFECTS,18,5,3
Mahindra Thar,TRAFFIC SIGNAL,CLEAR,DAYLIGHT,NOT DIVIDED,"SAND, MUD, DIRT",OTHER,16,7,10
Maruti Suzuki Brezza,TRAFFIC SIGNAL,CLOUDY/OVERCAST,DARKNESS,UNKNOWN INTERSECTION TYPE,DRY,NO DEFECTS,19,1,8
Tata Nexon,NO CONTROLS,OTHER,DAYLIGHT,NOT DIVIDED,DRY,WORN SURFACE,13,4,7
Volkswagen Virtus,TRAFFIC SIGNAL,CLEAR,DARKNESS,ONE-WAY,DRY,NO DEFECTS,6,5,7
Maruti Suzuki Swift,NO CONTROLS,CLEAR,DAYLIGHT,OTHER,DRY,"RUT, HOLES",15,3,5
Nissan Magnite,STOP SIGN/FLASHER,CLOUDY/OVERCAST,DAYLIGHT,NOT DIVIDED,DRY,DEBRIS ON ROADWAY,9,5,9
Tata Harrier,TRAFFIC SIGNAL,RAIN,DAYLIGHT,FOUR WAY,WET,WORN SURFACE,12,7,7
Toyota Fortuner,NO CONTROLS,RAIN,DARKNESS,T-INTERSECTION,"SAND, MUD, DIRT",NO DEFECTS,0,6,6
Hyundai Creta,STOP SIGN/FLASHER,OTHER,DAYLIGHT,NOT DIVIDED,DRY,"RUT, HOLES",12,5,8
Hyundai Creta,STOP SIGN/FLASHER,CLOUDY/OVERCAST,"DARKNESS, LIGHTED ROAD",DIVIDED - W/MEDIAN (NOT RAISED),WET,NO DEFECTS,19,6,12
Hyundai i20,STOP SIGN/FLASHER,RAIN,DAYLIGHT,NOT DIVIDED,"SAND, MUD, DIRT",OTHER,15,1,7
Mahindra Thar,STOP SIGN/FLASHER,UNKNOWN,DARKNESS,NOT DIVIDED,DRY,WORN SURFACE,0,5,12
Toyota Fortuner,NO CONTROLS,SLEET/HAIL,DAYLIGHT,T-INTERSECTION,WET,NO DEFECTS,14,4,6
Tata Nexon,NO CONTROLS,RAIN,DAYLIGHT,FOUR WAY,WET,NO DEFECTS,10,3,1
Tata Harrier,YIELD,CLEAR,DAYLIGHT,NOT DIVIDED,WET,NO DEFECTS,14,4,4
Maruti Suzuki Swift,NO CONTROLS,CLOUDY/OVERCAST,DAYLIGHT,PARKING LOT,DRY,WORN SURFACE,12,6,7
Hyundai Venue,NO CONTROLS,CLEAR,"DARKNESS, LIGHTED ROAD",UNKNOWN INTERSECTION TYPE,UNKNOWN,"RUT, HOLES",21,4,4
Mahindra Thar,NO CONTROLS,FOG/SMOKE/HAZE,"DARKNESS, LIGHTED ROAD",NOT DIVIDED,DRY,NO DEFECTS,4,6,1
Kia Sonet,NO CONTROLS,FOG/SMOKE/HAZE,DAYLIGHT,Y-INTERSECTION,DRY,DEBRIS ON ROADWAY,16,5,12
Tata Altroz,NO CONTROLS,FOG/SMOKE/HAZE,DARKNESS,NOT DIVIDED,DRY,NO DEFECTS,19,7,11
Tata Altroz,NO CONTROLS,CLOUDY/OVERCAST,"DARKNESS, LIGHTED ROAD",DIVIDED - W/MEDIAN (NOT RAISED),DRY,NO DEFECTS,22,4,9
Honda Amaze,NO CONTROLS,UNKNOWN,DAYLIGHT,ONE-WAY,DRY,NO DEFECTS,7,6,3
Maruti Suzuki Swift,NO CONTROLS,CLEAR,DAYLIGHT,NOT DIVIDED,DRY,NO DEFECTS,15,7,2
Hyundai Verna,NO CONTROLS,CLOUDY/OVERCAST,DARKNESS,DIVIDED - W/MEDIAN (NOT RAISED),DRY,"RUT, HOLES",1,4,1
Hyundai Verna,NO CONTROLS,RAIN,DAYLIGHT,NOT DIVIDED,WET,"RUT, HOLES",14,4,9
Hyundai i20,STOP SIGN/FLASHER,CLEAR,"DARKNESS, LIGHTED ROAD",ONE-WAY,"SAND, MUD, DIRT",NO DEFECTS,6,3,12
Honda Amaze,TRAFFIC SIGNAL,CLOUDY/OVERCAST,DARKNESS,NOT DIVIDED,DRY,NO DEFECTS,19,4,7
Skoda Slavia,TRAFFIC SIGNAL,FOG/SMOKE/HAZE,DARKNESS,DIVIDED - W/MEDIAN (NOT RAISED),"SAND, MUD, DIRT",NO DEFECTS,5,2,2
Nissan Magnite,STOP SIGN/FLASHER,RAIN,DAYLIGHT,OTHER,WET,NO DEFECTS,14,7,7
Tata Altroz,STOP SIGN/FLASHER,RAIN,DAYLIGHT,T-INTERSECTION,WET,NO DEFECTS,15,2,6
Mahindra Scorpio,TRAFFIC SIGNAL,RAIN,DARKNESS,DIVIDED - W/MEDIAN (NOT RAISED),WET,NO DEFECTS,22,2,6
Mahindra Scorpio,OTHER,OTHER,DAYLIGHT,NOT DIVIDED,"SAND, MUD, DIRT",NO DEFECTS,17,7,8
Hyundai Creta,TRAFFIC SIGNAL,RAIN,DAYLIGHT,NOT DIVIDED,WET,WORN SURFACE,9,5,9
Honda Amaze,NO CONTROLS,CLEAR,DARKNESS,NOT DIVIDED,DRY,NO DEFECTS,8,1,2
Nissan Magnite,STOP SIGN/FLASHER,CLEAR,DUSK,"FIVE POINT, OR MORE",WET,WORN SURFACE,6,3,1
Maruti Suzuki Swift,STOP SIGN/FLASHER,UNKNOWN,DUSK,NOT DIVIDED,"SAND, MUD, DIRT",NO DEFECTS,18,6,12
Tata Nexon,STOP SIGN/FLASHER,CLEAR,DAYLIGHT,NOT DIVIDED,DRY,"RUT, HOLES",17,4,4
Tata Altroz,STOP SIGN/FLASHER,FOG/SMOKE/HAZE,DAYLIGHT,FOUR WAY,DRY,WORN SURFACE,12,4,1
Mahindra Scorpio,TRAFFIC SIGNAL,CLEAR,DARKNESS,DIVIDED - W/MEDIAN BARRIER,DRY,"RUT, HOLES",1,4,3
Hyundai Verna,NO CONTROLS,FOG/SMOKE/HAZE,DUSK,DIVIDED - W/MEDIAN BARRIER,DRY,NO DEFECTS,18,2,1
Tata Punch,STOP SIGN/FLASHER,RAIN,DAWN,DIVIDED - W/MEDIAN BARRIER,WET,NO DEFECTS,16,4,6
Tata Altroz,TRAFFIC SIGNAL,CLOUDY/OVERCAST,DARKNESS,NOT REPORTED,WET,WORN SURFACE,22,2,10
Nissan Magnite,STOP SIGN/FLASHER,RAIN,DAYLIGHT,NOT DIVIDED,WET,"RUT, HOLES",16,3,6
Tata Altroz,NO CONTROLS,CLEAR,DAYLIGHT,NOT DIVIDED,DRY,NO DEFECTS,10,5,7
Tata Altroz,TRAFFIC SIGNAL,CLEAR,DAYLIGHT,CENTER TURN LANE,DRY,DEBRIS ON ROADWAY,12,6,9
Honda City,LANE USE MARKING,CLOUDY/OVERCAST,DAYLIGHT,NOT DIVIDED,DRY,"RUT, HOLES",7,5,7
Tata Nexon,TRAFFIC SIGNAL,FOG/SMOKE/HAZE,DAYLIGHT,Y-INTERSECTION,DRY,WORN SURFACE,17,5,11
Honda Amaze,NO CONTROLS,FOG/SMOKE/HAZE,DAYLIGHT,NOT DIVIDED,DRY,NO DEFECTS,16,5,11
Toyota Innova,STOP SIGN/FLASHER,FOG/SMOKE/HAZE,DARKNESS,DIVIDED - W/MEDIAN (NOT RAISED),DRY,NO DEFECTS,6,4,1
Skoda Slavia,STOP SIGN/FLASHER,CLEAR,DUSK,CENTER TURN LANE,"SAND, MUD, DIRT","RUT, HOLES",7,5,10
Hyundai i20,TRAFFIC SIGNAL,RAIN,DARKNESS,NOT DIVIDED,WET,"RUT, HOLES",4,3,7
Maruti Suzuki Swift,TRAFFIC SIGNAL,CLEAR,"DARKNESS, LIGHTED ROAD",UNKNOWN INTERSECTION TYPE,WET,NO DEFECTS,21,7,12
Mahindra Thar,NO CONTROLS,RAIN,DAYLIGHT,NOT DIVIDED,WET,"RUT, HOLES",8,5,7
Hyundai Creta,TRAFFIC SIGNAL,FOG/SMOKE/HAZE,DAYLIGHT,NOT DIVIDED,"SAND, MUD, DIRT",WORN SURFACE,7,7,12
Honda Amaze,TRAFFIC SIGNAL,CLOUDY/OVERCAST,DAYLIGHT,NOT DIVIDED,"SAND, MUD, DIRT",NO DEFECTS,9,4,9
Maruti Suzuki Baleno,NO CONTROLS,CLEAR,DAYLIGHT,NOT DIVIDED,DRY,WORN SURFACE,12,4,4
Mahindra XUV700,NO CONTROLS,RAIN,DAYLIGHT,NOT DIVIDED,WET,NO DEFECTS,17,7,7
Honda Amaze,STOP SIGN/FLASHER,FOG/SMOKE/HAZE,DARKNESS,NOT DIVIDED,DRY,"RUT, HOLES",19,6,12
Honda City,NO CONTROLS,CLOUDY/OVERCAST,DAYLIGHT,NOT DIVIDED,DRY,NO DEFECTS,7,4,11
Kia Seltos,TRAFFIC SIGNAL,CLEAR,DAYLIGHT,NOT DIVIDED,OTHER,"RUT, HOLES",17,6,2
Hyundai i20,NO CONTROLS,UNKNOWN,DAYLIGHT,CENTER TURN LANE,DRY,NO DEFECTS,11,4,9
Maruti Suzuki Wagon R,NO CONTROLS,CLOUDY/OVERCAST,"DARKNESS, LIGHTED ROAD",ALLEY,DRY,WORN SURFACE,23,6,6
Mahindra Scorpio,YIELD,FOG/SMOKE/HAZE,DAYLIGHT,T-INTERSECTION,DRY,"RUT, HOLES",7,2,1
Renault Kiger,STOP SIGN/FLASHER,RAIN,DARKNESS,FOUR WAY,WET,"RUT, HOLES",0,7,6
Skoda Slavia,NO CONTROLS,CLEAR,DAYLIGHT,NOT DIVIDED,OTHER,DEBRIS ON ROADWAY,14,4,4
Tata Nexon,TRAFFIC SIGNAL,CLOUDY/OVERCAST,DAYLIGHT,FOUR WAY,DRY,NO DEFECTS,7,1,10
Maruti Suzuki Swift,TRAFFIC SIGNAL,RAIN,DARKNESS,NOT DIVIDED,WET,"RUT, HOLES",1,7,6
Volkswagen Virtus,NO CONTROLS,CLEAR,UNKNOWN,NOT DIVIDED,DRY,NO DEFECTS,17,7,10
Tata Nexon,UNKNOWN,CLOUDY/OVERCAST,DUSK,NOT DIVIDED,DRY,OTHER,18,6,1
Hyundai i20,NO CONTROLS,CLEAR,DAYLIGHT,T-INTERSECTION,DRY,WORN SURFACE,13,5,6
Maruti Suzuki Swift,LANE USE MARKING,CLEAR,DAYLIGHT,DIVIDED - W/MEDIAN BARRIER,DRY,WORN SURFACE,17,7,4
Skoda Slavia,NO CONTROLS,FOG/SMOKE/HAZE,DUSK,NOT DIVIDED,DRY,NO DEFECTS,9,5,4
Maruti Suzuki Wagon R,STOP SIGN/FLASHER,FOG/SMOKE/HAZE,DAYLIGHT,NOT DIVIDED,"SAND, MUD, DIRT",NO DEFECTS,13,6,1
Maruti Suzuki Brezza,STOP SIGN/FLASHER,CLEAR,DAWN,NOT DIVIDED,DRY,NO DEFECTS,16,4,3
Tata Harrier,OTHER WARNING SIGN,RAIN,DAYLIGHT,Y-INTERSECTION,WET,"RUT, HOLES",17,6,8
Hyundai Verna,NO CONTROLS,CLOUDY/OVERCAST,DAYLIGHT,NOT DIVIDED,UNKNOWN,NO DEFECTS,8,7,5
Honda Amaze,NO CONTROLS,RAIN,DAYLIGHT,NOT DIVIDED,DRY,NO DEFECTS,9,3,7
Hyundai Venue,TRAFFIC SIGNAL,CLOUDY/OVERCAST,DAYLIGHT,NOT DIVIDED,"SAND, MUD, DIRT","RUT, HOLES",13,6,6
Maruti Suzuki Swift,NO CONTROLS,CLEAR,DAYLIGHT,DIVIDED - W/MEDIAN (NOT RAISED),DRY,WORN SURFACE,13,2,11
Skoda Slavia,OTHER,OTHER,DAYLIGHT,NOT DIVIDED,DRY,NO DEFECTS,18,5,11
Tata Punch,NO CONTROLS,RAIN,DAYLIGHT,NOT DIVIDED,WET,DEBRIS ON ROADWAY,11,3,7
Skoda Slavia,STOP SIGN/FLASHER,CLEAR,DAYLIGHT,DIVIDED - W/MEDIAN (NOT RAISED),DRY,NO DEFECTS,7,7,6
Maruti Suzuki Swift,TRAFFIC SIGNAL,CLOUDY/OVERCAST,DAYLIGHT,NOT DIVIDED,WET,NO DEFECTS,9,3,2
Maruti Suzuki Baleno,NO CONTROLS,FOG/SMOKE/HAZE,DUSK,NOT DIVIDED,DRY,SHOULDER DEFECT,6,4,12
Mahindra Thar,TRAFFIC SIGNAL,CLEAR,DAWN,NOT DIVIDED,OTHER,"RUT, HOLES",18,7,1
Tata Punch,STOP SIGN/FLASHER,UNKNOWN,DAYLIGHT,FOUR WAY,WET,DEBRIS ON ROADWAY,14,2,5
Tata Altroz,NO CONTROLS,CLEAR,DAYLIGHT,NOT DIVIDED,DRY,"RUT, HOLES",17,5,5
Kia Sonet,NO CONTROLS,RAIN,DAYLIGHT,Y-INTERSECTION,WET,DEBRIS ON ROADWAY,12,7,6
Maruti Suzuki Swift,NO CONTROLS,CLOUDY/OVERCAST,DARKNESS,FOUR WAY,DRY,NO DEFECTS,20,3,3
Volkswagen Virtus,TRAFFIC SIGNAL,CLEAR,DARKNESS,DIVIDED - W/MEDIAN (NOT RAISED),WET,"RUT, HOLES",23,1,10
Mahindra XUV700,NO CONTROLS,CLOUDY/OVERCAST,DAWN,DIVIDED - W/MEDIAN (NOT RAISED),DRY,UNKNOWN,17,7,2
Kia Seltos,NO CONTROLS,CLEAR,DARKNESS,NOT DIVIDED,DRY,NO DEFECTS,20,5,8
Maruti Suzuki Baleno,UNKNOWN,CLEAR,DAYLIGHT,UNKNOWN,UNKNOWN,NO DEFECTS,14,2,2
Tata Nexon,NO CONTROLS,RAIN,"DARKNESS, LIGHTED ROAD",UNKNOWN,OTHER,NO DEFECTS,21,3,1
Toyota Fortuner,YIELD,CLEAR,DARKNESS,NOT DIVIDED,OTHER,SHOULDER DEFECT,19,6,11
Hyundai Verna,OTHER REG. SIGN,CLEAR,"DARKNESS, LIGHTED ROAD",ONE-WAY,DRY,"RUT, HOLES",23,5,3
Hyundai Creta,TRAFFIC SIGNAL,RAIN,UNKNOWN,NOT DIVIDED,DRY,"RUT, HOLES",16,6,10
Maruti Suzuki Brezza,NO CONTROLS,RAIN,UNKNOWN,ONE-WAY,OTHER,WORN SURFACE,18,5,8
Hyundai Creta,YIELD,FOG/SMOKE/HAZE,DAYLIGHT,NOT DIVIDED,DRY,WORN SURFACE,9,6,1
Mahindra Thar,NO CONTROLS,FOG/SMOKE/HAZE,DAYLIGHT,NOT DIVIDED,DRY,"RUT, HOLES",7,6,12
Volkswagen Virtus,NO CONTROLS,CLEAR,DAWN,DIVIDED - W/MEDIAN (NOT RAISED),"SAND, MUD, DIRT",SHOULDER DEFECT,11,3,4
Maruti Suzuki Swift,OTHER WARNING SIGN,CLOUDY/OVERCAST,DARKNESS,NOT DIVIDED,"SAND, MUD, DIRT","RUT, HOLES",20,7,11
Tata Punch,NO CONTROLS,FOG/SMOKE/HAZE,DARKNESS,NOT DIVIDED,WET,WORN SURFACE,5,4,3
Maruti Suzuki Brezza,TRAFFIC SIGNAL,UNKNOWN,DAYLIGHT,FOUR WAY,DRY,NO DEFECTS,16,2,11
Tata Harrier,NO CONTROLS,FOG/SMOKE/HAZE,DAYLIGHT,NOT DIVIDED,DRY,NO DEFECTS,7,2,1
Maruti Suzuki Brezza,NO CONTROLS,RAIN,UNKNOWN,NOT DIVIDED,WET,SHOULDER DEFECT,12,6,7
Maruti Suzuki Swift,STOP SIGN/FLASHER,RAIN,"DARKNESS, LIGHTED ROAD",NOT DIVIDED,WET,NO DEFECTS,20,3,10
Maruti Suzuki Brezza,LANE USE MARKING,FOG/SMOKE/HAZE,DARKNESS,OTHER,WET,NO DEFECTS,19,3,12
Tata Punch,NO CONTROLS,FOG/SMOKE/HAZE,DAYLIGHT,NOT DIVIDED,DRY,"RUT, HOLES",11,5,11
Hyundai Verna,NO CONTROLS,CLEAR,DAYLIGHT,ALLEY,DRY,"RUT, HOLES",9,6,10
Kia Seltos,NO CONTROLS,FOG/SMOKE/HAZE,DUSK,NOT DIVIDED,DRY,NO DEFECTS,8,1,11
Renault Kiger,NO CONTROLS,CLEAR,DAYLIGHT,NOT DIVIDED,DRY,WORN SURFACE,12,4,3
Maruti Suzuki Swift,NO CONTROLS,CLEAR,DAYLIGHT,DIVIDED - W/MEDIAN (NOT RAISED),DRY,"RUT, HOLES",11,6,5
Tata Punch,NO CONTROLS,SLEET/HAIL,DARKNESS,DIVIDED - W/MEDIAN (NOT RAISED),WET,SHOULDER DEFECT,5,7,5
Mahindra Thar,STOP SIGN/FLASHER,OTHER,DAYLIGHT,FOUR WAY,WET,"RUT, HOLES",15,1,6
Tata Harrier,NO CONTROLS,CLOUDY/OVERCAST,DAYLIGHT,NOT DIVIDED,"SAND, MUD, DIRT",NO DEFECTS,10,5,6
Volkswagen Virtus,STOP SIGN/FLASHER,RAIN,DAYLIGHT,NOT DIVIDED,WET,NO DEFECTS,17,5,8
Hyundai Creta,NO CONTROLS,CLEAR,UNKNOWN,NOT DIVIDED,OTHER,NO DEFECTS,10,4,3
Mahindra Scorpio,LANE USE MARKING,RAIN,DAWN,UNKNOWN INTERSECTION TYPE,DRY,NO DEFECTS,13,2,9
Mahindra XUV700,NO CONTROLS,CLEAR,"DARKNESS, LIGHTED ROAD",T-INTERSECTION,WET,NO DEFECTS,2,6,3
Maruti Suzuki Wagon R,NO CONTROLS,CLOUDY/OVERCAST,DUSK,ONE-WAY,OTHER,DEBRIS ON ROADWAY,23,4,6
Mahindra Thar,TRAFFIC SIGNAL,RAIN,DARKNESS,NOT DIVIDED,WET,DEBRIS ON ROADWAY,14,2,7
Hyundai Creta,NO CONTROLS,CLOUDY/OVERCAST,"DARKNESS, LIGHTED ROAD",FOUR WAY,DRY,"RUT, HOLES",0,7,10
Toyota Fortuner,TRAFFIC SIGNAL,SLEET/HAIL,DAYLIGHT,ONE-WAY,WET,NO DEFECTS,15,3,9
Maruti Suzuki Brezza,NO CONTROLS,SLEET/HAIL,DAYLIGHT,NOT DIVIDED,WET,NO DEFECTS,20,2,8
Toyota Fortuner,STOP SIGN/FLASHER,OTHER,DAWN,NOT DIVIDED,DRY,NO DEFECTS,18,3,3
Skoda Slavia,STOP SIGN/FLASHER,CLOUDY/OVERCAST,DAYLIGHT,T-INTERSECTION,DRY,DEBRIS ON ROADWAY,17,2,8
Renault Kiger,STOP SIGN/FLASHER,FOG/SMOKE/HAZE,DUSK,FOUR WAY,DRY,"RUT, HOLES",6,6,1
Tata Punch,NO CONTROLS,RAIN,DAYLIGHT,DIVIDED - W/MEDIAN (NOT RAISED),WET,WORN SURFACE,17,2,6
Tata Harrier,STOP SIGN/FLASHER,RAIN,"DARKNESS, LIGHTED ROAD",NOT DIVIDED,WET,"RUT, HOLES",18,6,7
Hyundai Venue,TRAFFIC SIGNAL,FOG/SMOKE/HAZE,DAYLIGHT,NOT DIVIDED,DRY,"RUT, HOLES",10,2,1
Maruti Suzuki Baleno,NO CONTROLS,RAIN,"DARKNESS, LIGHTED ROAD",FOUR WAY,DRY,"RUT, HOLES",20,2,5
Kia Seltos,TRAFFIC SIGNAL,FOG/SMOKE/HAZE,DAYLIGHT,FOUR WAY,WET,NO DEFECTS,7,3,12
Maruti Suzuki Baleno,TRAFFIC SIGNAL,FOG/SMOKE/HAZE,DAYLIGHT,DIVIDED - W/MEDIAN (NOT RAISED),DRY,"RUT, HOLES",7,7,12
Maruti Suzuki Baleno,TRAFFIC SIGNAL,CLOUDY/OVERCAST,"DARKNESS, LIGHTED ROAD",ONE-WAY,DRY,SHOULDER DEFECT,20,7,6
Hyundai Venue,STOP SIGN/FLASHER,OTHER,DAYLIGHT,DIVIDED - W/MEDIAN BARRIER,DRY,"RUT, HOLES",16,1,1
Hyundai Verna,NO CONTROLS,CLOUDY/OVERCAST,DARKNESS,NOT DIVIDED,WET,"RUT, HOLES",0,3,3
Tata Nexon,TRAFFIC SIGNAL,RAIN,DAYLIGHT,NOT DIVIDED,UNKNOWN,"RUT, HOLES",11,3,6
Kia Seltos,OTHER,FOG/SMOKE/HAZE,"DARKNESS, LIGHTED ROAD",NOT DIVIDED,DRY,NO DEFECTS,19,2,12
Mahindra Thar,TRAFFIC SIGNAL,CLEAR,"DARKNESS, LIGHTED ROAD",NOT DIVIDED,"SAND, MUD, DIRT","RUT, HOLES",1,4,2
Nissan Magnite,STOP SIGN/FLASHER,RAIN,DARKNESS,"FIVE POINT, OR MORE","SAND, MUD, DIRT",NO DEFECTS,0,6,9
Toyota Fortuner,STOP SIGN/FLASHER,CLEAR,DAYLIGHT,NOT DIVIDED,DRY,OTHER,9,1,2
Volkswagen Virtus,TRAFFIC SIGNAL,FOG/SMOKE/HAZE,DARKNESS,Y-INTERSECTION,OTHER,NO DEFECTS,20,6,12
Maruti Suzuki Baleno,OTHER RAILROAD CROSSING,RAIN,DARKNESS,NOT DIVIDED,WET,"RUT, HOLES",21,3,6
Mahindra XUV700,NO CONTROLS,CLEAR,DAYLIGHT,NOT DIVIDED,UNKNOWN,NO DEFECTS,14,5,10
Hyundai i20,NO CONTROLS,RAIN,DAYLIGHT,NOT DIVIDED,WET,NO DEFECTS,15,6,6
Hyundai i20,UNKNOWN,RAIN,DAYLIGHT,NOT DIVIDED,WET,"RUT, HOLES",11,6,8
Maruti Suzuki Swift,STOP SIGN/FLASHER,FOG/SMOKE/HAZE,DAYLIGHT,NOT DIVIDED,UNKNOWN,UNKNOWN,7,7,3
Mahindra XUV700,STOP SIGN/FLASHER,CLOUDY/OVERCAST,"DARKNESS, LIGHTED ROAD",NOT DIVIDED,DRY,WORN SURFACE,19,7,2
Maruti Suzuki Wagon R,TRAFFIC SIGNAL,FOG/SMOKE/HAZE,DARKNESS,DIVIDED - W/MEDIAN (NOT RAISED),"SAND, MUD, DIRT",NO DEFECTS,5,6,12
Mahindra Scorpio,TRAFFIC SIGNAL,OTHER,DAYLIGHT,NOT DIVIDED,DRY,"RUT, HOLES",14,4,12
Maruti Suzuki Wagon R,TRAFFIC SIGNAL,CLOUDY/OVERCAST,DAYLIGHT,UNKNOWN INTERSECTION TYPE,WET,NO DEFECTS,16,1,11
Renault Kiger,STOP SIGN/FLASHER,RAIN,DAWN,FOUR WAY,WET,"RUT, HOLES",5,7,8
Toyota Innova,STOP SIGN/FLASHER,CLOUDY/OVERCAST,DARKNESS,Y-INTERSECTION,UNKNOWN,NO DEFECTS,14,5,10
Hyundai Creta,TRAFFIC SIGNAL,CLOUDY/OVERCAST,DAYLIGHT,NOT DIVIDED,DRY,WORN SURFACE,15,5,1
Maruti Suzuki Brezza,TRAFFIC SIGNAL,CLEAR,DUSK,NOT DIVIDED,DRY,NO DEFECTS,18,2,6
Maruti Suzuki Baleno,NO CONTROLS,RAIN,DAYLIGHT,OTHER,WET,NO DEFECTS,8,6,6
Volkswagen Virtus,NO CONTROLS,RAIN,DAYLIGHT,DIVIDED - W/MEDIAN (NOT RAISED),UNKNOWN,SHOULDER DEFECT,10,7,8
Tata Harrier,NO CONTROLS,RAIN,DAYLIGHT,UNKNOWN INTERSECTION TYPE,WET,DEBRIS ON ROADWAY,15,3,6
Hyundai Venue,TRAFFIC SIGNAL,CLOUDY/OVERCAST,DARKNESS,NOT DIVIDED,DRY,NO DEFECTS,23,6,2
Honda City,NO CONTROLS,CLOUDY/OVERCAST,DAYLIGHT,NOT DIVIDED,DRY,NO DEFECTS,8,3,8
Maruti Suzuki Swift,NO CONTROLS,CLEAR,"DARKNESS, LIGHTED ROAD",CENTER TURN LANE,DRY,WORN SURFACE,23,4,10
Mahindra Thar,NO CONTROLS,RAIN,DAYLIGHT,T-INTERSECTION,"SAND, MUD, DIRT","RUT, HOLES",17,2,6
Maruti Suzuki Wagon R,TRAFFIC SIGNAL,CLEAR,DARKNESS,DIVIDED - W/MEDIAN BARRIER,DRY,DEBRIS ON ROADWAY,19,4,2
Maruti Suzuki Brezza,NO CONTROLS,CLEAR,DAYLIGHT,NOT DIVIDED,WET,NO DEFECTS,5,4,3
Nissan Magnite,NO CONTROLS,CLEAR,DUSK,NOT DIVIDED,DRY,NO DEFECTS,10,1,4
Toyota Fortuner,STOP SIGN/FLASHER,CLOUDY/OVERCAST,"DARKNESS, LIGHTED ROAD",NOT DIVIDED,DRY,NO DEFECTS,2,3,5
Hyundai Creta,NO CONTROLS,CLOUDY/OVERCAST,DAYLIGHT,PARKING LOT,DRY,"RUT, HOLES",11,1,8
Toyota Fortuner,NO CONTROLS,UNKNOWN,DARKNESS,CENTER TURN LANE,"SAND, MUD, DIRT",WORN SURFACE,23,4,8
Maruti Suzuki Wagon R,TRAFFIC SIGNAL,RAIN,DARKNESS,NOT DIVIDED,WET,WORN SURFACE,5,7,9
Hyundai Creta,TRAFFIC SIGNAL,RAIN,DAYLIGHT,NOT DIVIDED,WET,DEBRIS ON ROADWAY,15,3,6
Nissan Magnite,TRAFFIC SIGNAL,CLEAR,DARKNESS,NOT DIVIDED,DRY,NO DEFECTS,0,4,10
Skoda Slavia,STOP SIGN/FLASHER,CLOUDY/OVERCAST,DUSK,DIVIDED - W/MEDIAN BARRIER,"SAND, MUD, DIRT",WORN SURFACE,17,2,4
Hyundai Verna,NO CONTROLS,RAIN,UNKNOWN,DIVIDED - W/MEDIAN BARRIER,WET,WORN SURFACE,8,2,7
Maruti Suzuki Wagon R,TRAFFIC SIGNAL,CLOUDY/OVERCAST,DARKNESS,NOT DIVIDED,OTHER,SHOULDER DEFECT,6,3,10
Hyundai Creta,NO CONTROLS,CLEAR,DAYLIGHT,DIVIDED - W/MEDIAN (NOT RAISED),DRY,NO DEFECTS,11,4,3
Maruti Suzuki Swift,TRAFFIC SIGNAL,CLEAR,DAWN,DIVIDED - W/MEDIAN (NOT RAISED),DRY,"RUT, HOLES",18,6,2
Tata Punch,OTHER,FOG/SMOKE/HAZE,"DARKNESS, LIGHTED ROAD",NOT DIVIDED,DRY,"RUT, HOLES",5,4,11
Hyundai Creta,NO CONTROLS,UNKNOWN,DARKNESS,DIVIDED - W/MEDIAN (NOT RAISED),DRY,"RUT, HOLES",8,1,6
Tata Punch,NO CONTROLS,CLEAR,"DARKNESS, LIGHTED ROAD",NOT DIVIDED,OTHER,NO DEFECTS,0,3,9
Mahindra Scorpio,STOP SIGN/FLASHER,RAIN,DARKNESS,DIVIDED - W/MEDIAN (NOT RAISED),WET,WORN SURFACE,22,1,1
Hyundai Creta,NO CONTROLS,OTHER,DAYLIGHT,T-INTERSECTION,DRY,WORN SURFACE,16,7,9
Maruti Suzuki Baleno,YIELD,RAIN,DAYLIGHT,NOT DIVIDED,WET,NO DEFECTS,17,1,6
Tata Punch,NO CONTROLS,CLEAR,DAYLIGHT,UNKNOWN,WET,"RUT, HOLES",17,1,1
Mahindra Thar,NO CONTROLS,SLEET/HAIL,DAWN,NOT DIVIDED,DRY,"RUT, HOLES",7,3,8
Toyota Innova,OTHER,CLEAR,DAYLIGHT,NOT DIVIDED,OTHER,WORN SURFACE,16,5,4
Mahindra Thar,NO CONTROLS,RAIN,DAWN,NOT DIVIDED,WET,"RUT, HOLES",6,3,6
Tata Harrier,OTHER,FOG/SMOKE/HAZE,DAYLIGHT,NOT DIVIDED,DRY,"RUT, HOLES",8,1,1
Tata Nexon,NO CONTROLS,CLEAR,DAYLIGHT,DIVIDED - W/MEDIAN (NOT RAISED),DRY,"RUT, HOLES",15,6,2
Hyundai Venue,PEDESTRIAN CROSSING SIGN,CLOUDY/OVERCAST,DAYLIGHT,Y-INTERSECTION,OTHER,NO DEFECTS,15,6,5
Skoda Slavia,NO CONTROLS,CLEAR,DARKNESS,ALLEY,UNKNOWN,NO DEFECTS,6,4,1
Hyundai Venue,NO CONTROLS,RAIN,DARKNESS,NOT DIVIDED,UNKNOWN,NO DEFECTS,1,6,11
Hyundai Venue,STOP SIGN/FLASHER,CLOUDY/OVERCAST,UNKNOWN,DIVIDED - W/MEDIAN (NOT RAISED),DRY,NO DEFECTS,19,3,1
Skoda Slavia,NO CONTROLS,RAIN,DAWN,ONE-WAY,WET,WORN SURFACE,18,5,7
Maruti Suzuki Wagon R,NO CONTROLS,CLEAR,"DARKNESS, LIGHTED ROAD",NOT DIVIDED,DRY,UNKNOWN,4,7,2
Tata Nexon,NO CONTROLS,RAIN,"DARKNESS, LIGHTED ROAD",DIVIDED - W/MEDIAN (NOT RAISED),WET,NO DEFECTS,6,1,5
Tata Altroz,TRAFFIC SIGNAL,UNKNOWN,UNKNOWN,NOT DIVIDED,DRY,DEBRIS ON ROADWAY,20,7,12
Renault Kiger,TRAFFIC SIGNAL,CLOUDY/OVERCAST,DAYLIGHT,NOT DIVIDED,DRY,"RUT, HOLES",18,6,3
Kia Sonet,TRAFFIC SIGNAL,UNKNOWN,"DARKNESS, LIGHTED ROAD",NOT DIVIDED,DRY,NO DEFECTS,23,7,12
Maruti Suzuki Brezza,TRAFFIC SIGNAL,CLEAR,DAYLIGHT,NOT DIVIDED,DRY,NO DEFECTS,9,4,4
Mahindra Scorpio,NO CONTROLS,OTHER,DAYLIGHT,NOT DIVIDED,DRY,WORN SURFACE,14,3,9
Hyundai Verna,STOP SIGN/FLASHER,FOG/SMOKE/HAZE,DAYLIGHT,NOT DIVIDED,DRY,WORN SURFACE,6,3,8
Renault Kiger,NO CONTROLS,FOG/SMOKE/HAZE,DAYLIGHT,NOT DIVIDED,WET,NO DEFECTS,13,5,11
Volkswagen Virtus,NO CONTROLS,RAIN,DUSK,NOT DIVIDED,WET,NO DEFECTS,6,2,8
Hyundai Creta,TRAFFIC SIGNAL,RAIN,DAWN,CENTER TURN LANE,DRY,DEBRIS ON ROADWAY,6,3,7
Tata Punch,TRAFFIC SIGNAL,CLOUDY/OVERCAST,"DARKNESS, LIGHTED ROAD",FOUR WAY,DRY,NO DEFECTS,3,6,3
Tata Nexon,TRAFFIC SIGNAL,CLOUDY/OVERCAST,DAYLIGHT,UNKNOWN,"SAND, MUD, DIRT",SHOULDER DEFECT,17,5,3
Tata Harrier,OTHER,CLEAR,DAYLIGHT,FOUR WAY,DRY,NO DEFECTS,14,1,12
Volkswagen Virtus,STOP SIGN/FLASHER,RAIN,DAYLIGHT,ONE-WAY,WET,"RUT, HOLES",16,4,6
Hyundai Verna,OTHER RAILROAD CROSSING,RAIN,DARKNESS,DIVIDED - W/MEDIAN BARRIER,WET,"RUT, HOLES",20,5,6
Honda City,STOP SIGN/FLASHER,RAIN,DUSK,T-INTERSECTION,OTHER,"RUT, HOLES",18,6,9
Honda Amaze,OTHER,UNKNOWN,UNKNOWN,FOUR WAY,DRY,NO DEFECTS,13,1,6
Hyundai i20,NO CONTROLS,FOG/SMOKE/HAZE,DARKNESS,NOT DIVIDED,DRY,NO DEFECTS,22,4,12
Honda City,NO CONTROLS,CLOUDY/OVERCAST,DAYLIGHT,DIVIDED - W/MEDIAN (NOT RAISED),OTHER,WORN SURFACE,13,7,9
Hyundai Creta,STOP SIGN/FLASHER,CLEAR,DAWN,NOT DIVIDED,DRY,NO DEFECTS,6,1,8
Tata Punch,NO CONTROLS,RAIN,DARKNESS,FOUR WAY,WET,"RUT, HOLES",23,6,11
Renault Kiger,NO CONTROLS,FOG/SMOKE/HAZE,DARKNESS,DIVIDED - W/MEDIAN (NOT RAISED),OTHER,SHOULDER DEFECT,2,2,1
Tata Harrier,NO CONTROLS,CLOUDY/OVERCAST,DAYLIGHT,ONE-WAY,"SAND, MUD, DIRT",SHOULDER DEFECT,15,3,5
Mahindra Scorpio,TRAFFIC SIGNAL,CLEAR,DAYLIGHT,ALLEY,DRY,NO DEFECTS,10,7,7
Toyota Innova,PEDESTRIAN CROSSING SIGN,CLEAR,DAYLIGHT,NOT DIVIDED,OTHER,"RUT, HOLES",14,3,4
Tata Punch,NO CONTROLS,RAIN,DAYLIGHT,T-INTERSECTION,WET,"RUT, HOLES",15,5,9
Tata Nexon,OTHER REG. SIGN,RAIN,DAYLIGHT,"FIVE POINT, OR MORE",WET,NO DEFECTS,8,1,12
Nissan Magnite,TRAFFIC SIGNAL,CLEAR,DAYLIGHT,CENTER TURN LANE,WET,NO DEFECTS,15,3,7
Maruti Suzuki Baleno,NO CONTROLS,CLOUDY/OVERCAST,"DARKNESS, LIGHTED ROAD",DIVIDED - W/MEDIAN BARRIER,DRY,NO DEFECTS,18,2,6
Nissan Magnite,STOP SIGN/FLASHER,FOG/SMOKE/HAZE,DAYLIGHT,NOT DIVIDED,DRY,"RUT, HOLES",7,5,12
Maruti Suzuki Wagon R,FLASHING CONTROL SIGNAL,RAIN,DAYLIGHT,NOT DIVIDED,UNKNOWN,WORN SURFACE,12,4,7
Honda City,TRAFFIC SIGNAL,CLOUDY/OVERCAST,DAYLIGHT,NOT DIVIDED,DRY,SHOULDER DEFECT,9,3,7
Nissan Magnite,NO CONTROLS,RAIN,DARKNESS,UNKNOWN INTERSECTION TYPE,WET,WORN SURFACE,19,7,6
Skoda Slavia,NO CONTROLS,FOG/SMOKE/HAZE,"DARKNESS, LIGHTED ROAD",T-INTERSECTION,DRY,"RUT, HOLES",17,2,11
Tata Nexon,TRAFFIC SIGNAL,CLEAR,"DARKNESS, LIGHTED ROAD",DIVIDED - W/MEDIAN (NOT RAISED),DRY,OTHER,20,6,8
Mahindra Scorpio,STOP SIGN/FLASHER,SLEET/HAIL,DAYLIGHT,NOT REPORTED,WET,"RUT, HOLES",7,1,9
Mahindra Thar,NO CONTROLS,CLEAR,"DARKNESS, LIGHTED ROAD",NOT DIVIDED,WET,"RUT, HOLES",3,7,10
Tata Punch,NO CONTROLS,RAIN,DARKNESS,FOUR WAY,"SAND, MUD, DIRT",SHOULDER DEFECT,6,4,6
Kia Sonet,TRAFFIC SIGNAL,CLEAR,DAYLIGHT,FOUR WAY,"SAND, MUD, DIRT",NO DEFECTS,7,6,7
Maruti Suzuki Swift,NO CONTROLS,FOG/SMOKE/HAZE,DUSK,NOT DIVIDED,DRY,NO DEFECTS,9,6,11
Maruti Suzuki Baleno,TRAFFIC SIGNAL,RAIN,"DARKNESS, LIGHTED ROAD",NOT DIVIDED,WET,WORN SURFACE,22,5,6
Hyundai Creta,TRAFFIC SIGNAL,CLEAR,DAYLIGHT,NOT DIVIDED,DRY,SHOULDER DEFECT,11,3,10
Maruti Suzuki Wagon R,NO CONTROLS,FOG/SMOKE/HAZE,DARKNESS,T-INTERSECTION,DRY,NO DEFECTS,21,5,12
Hyundai i20,NO CONTROLS,CLEAR,DARKNESS,NOT DIVIDED,DRY,WORN SURFACE,1,6,8
Tata Nexon,LANE USE MARKING,RAIN,DARKNESS,NOT DIVIDED,WET,"RUT, HOLES",21,4,9
Tata Punch,TRAFFIC SIGNAL,CLEAR,DAYLIGHT,"FIVE POINT, OR MORE",WET,WORN SURFACE,7,4,10
Volkswagen Virtus,TRAFFIC SIGNAL,UNKNOWN,"DARKNESS, LIGHTED ROAD",DIVIDED - W/MEDIAN (NOT RAISED),DRY,NO DEFECTS,21,2,11
Honda City,STOP SIGN/FLASHER,RAIN,DARKNESS,T-INTERSECTION,OTHER,OTHER,2,7,6
Hyundai Venue,NO CONTROLS,FOG/SMOKE/HAZE,DARKNESS,NOT DIVIDED,DRY,DEBRIS ON ROADWAY,20,3,1
Skoda Slavia,STOP SIGN/FLASHER,RAIN,DAYLIGHT,NOT DIVIDED,WET,NO DEFECTS,8,1,6
Maruti Suzuki Swift,TRAFFIC SIGNAL,CLOUDY/OVERCAST,DAYLIGHT,ALLEY,WET,DEBRIS ON ROADWAY,10,1,9
Skoda Slavia,NO CONTROLS,RAIN,DAYLIGHT,FOUR WAY,WET,DEBRIS ON ROADWAY,14,6,7
Maruti Suzuki Brezza,NO CONTROLS,FOG/SMOKE/HAZE,DAYLIGHT,NOT DIVIDED,DRY,"RUT, HOLES",8,6,9
Tata Punch,STOP SIGN/FLASHER,RAIN,DAYLIGHT,DIVIDED - W/MEDIAN (NOT RAISED),WET,DEBRIS ON ROADWAY,17,1,6
Hyundai Verna,STOP SIGN/FLASHER,UNKNOWN,DARKNESS,NOT DIVIDED,DRY,OTHER,23,5,8
Kia Seltos,FLASHING CONTROL SIGNAL,RAIN,DAYLIGHT,CENTER TURN LANE,"SAND, MUD, DIRT",NO DEFECTS,16,2,3
Maruti Suzuki Baleno,NO CONTROLS,CLEAR,DAYLIGHT,NOT DIVIDED,"SAND, MUD, DIRT",NO DEFECTS,17,3,9
Honda Amaze,NO CONTROLS,RAIN,DARKNESS,NOT DIVIDED,WET,NO DEFECTS,5,6,8
Maruti Suzuki Brezza,TRAFFIC SIGNAL,CLOUDY/OVERCAST,DAYLIGHT,UNKNOWN INTERSECTION TYPE,DRY,"RUT, HOLES",16,2,4
Mahindra XUV700,STOP SIGN/FLASHER,OTHER,DAYLIGHT,NOT DIVIDED,DRY,NO DEFECTS,13,1,5
Kia Seltos,STOP SIGN/FLASHER,RAIN,UNKNOWN,OTHER,WET,NO DEFECTS,20,2,9
Tata Nexon,TRAFFIC SIGNAL,CLEAR,UNKNOWN,ONE-WAY,DRY,OTHER,12,4,7
Tata Altroz,NO CONTROLS,CLEAR,"DARKNESS, LIGHTED ROAD",NOT DIVIDED,DRY,WORN SURFACE,17,2,4
Nissan Magnite,LANE USE MARKING,CLEAR,DAYLIGHT,NOT DIVIDED,DRY,SHOULDER DEFECT,8,6,12
Toyota Fortuner,NO CONTROLS,CLOUDY/OVERCAST,DAYLIGHT,ONE-WAY,DRY,OTHER,9,6,9
Tata Punch,NO CONTROLS,FOG/SMOKE/HAZE,DAYLIGHT,FOUR WAY,DRY,NO DEFECTS,8,2,12
Hyundai Creta,NO CONTROLS,CLOUDY/OVERCAST,DUSK,NOT DIVIDED,DRY,WORN SURFACE,10,3,7
Tata Nexon,TRAFFIC SIGNAL,RAIN,"DARKNESS, LIGHTED ROAD",ALLEY,"SAND, MUD, DIRT",NO DEFECTS,9,5,7
Hyundai Verna,NO CONTROLS,FOG/SMOKE/HAZE,DARKNESS,T-INTERSECTION,OTHER,"RUT, HOLES",5,6,11
Maruti Suzuki Swift,NO CONTROLS,RAIN,DARKNESS,CENTER TURN LANE,WET,NO DEFECTS,19,7,7
Mahindra Thar,NO CONTROLS,SLEET/HAIL,DARKNESS,NOT DIVIDED,WET,NO DEFECTS,3,3,9
Maruti Suzuki Wagon R,NO CONTROLS,CLEAR,"DARKNESS, LIGHTED ROAD",NOT DIVIDED,DRY,NO DEFECTS,20,7,5
Tata Altroz,NO CONTROLS,RAIN,DARKNESS,CENTER TURN LANE,WET,"RUT, HOLES",6,2,7
Kia Sonet,NO CONTROLS,CLOUDY/OVERCAST,"DARKNESS, LIGHTED ROAD",FOUR WAY,DRY,DEBRIS ON ROADWAY,3,1,2
Hyundai i20,NO CONTROLS,CLEAR,DAYLIGHT,FOUR WAY,WET,NO DEFECTS,15,6,4
Mahindra Scorpio,NO CONTROLS,FOG/SMOKE/HAZE,DAYLIGHT,FOUR WAY,DRY,"RUT, HOLES",9,4,1
Tata Nexon,STOP SIGN/FLASHER,FOG/SMOKE/HAZE,UNKNOWN,NOT DIVIDED,DRY,WORN SURFACE,8,1,1
Hyundai i20,TRAFFIC SIGNAL,RAIN,DAYLIGHT,NOT DIVIDED,DRY,"RUT, HOLES",15,1,12
Honda City,NO CONTROLS,CLEAR,DAYLIGHT,FOUR WAY,DRY,DEBRIS ON ROADWAY,9,1,4
Tata Altroz,STOP SIGN/FLASHER,RAIN,DAYLIGHT,T-INTERSECTION,WET,NO DEFECTS,17,3,8
Hyundai Creta,TRAFFIC SIGNAL,CLEAR,DAYLIGHT,CENTER TURN LANE,WET,NO DEFECTS,14,6,11
Honda City,OTHER WARNING SIGN,RAIN,DAYLIGHT,NOT DIVIDED,WET,NO DEFECTS,11,5,8
Honda Amaze,STOP SIGN/FLASHER,CLEAR,DARKNESS,NOT DIVIDED,WET,"RUT, HOLES",19,7,2
Tata Altroz,STOP SIGN/FLASHER,CLEAR,DAYLIGHT,ONE-WAY,UNKNOWN,NO DEFECTS,18,5,9
Hyundai Venue,TRAFFIC SIGNAL,CLEAR,DAYLIGHT,ONE-WAY,"SAND, MUD, DIRT",NO DEFECTS,12,1,8
Maruti Suzuki Swift,STOP SIGN/FLASHER,RAIN,DARKNESS,NOT DIVIDED,WET,WORN SURFACE,19,7,9
Honda City,NO CONTROLS,CLEAR,DARKNESS,NOT DIVIDED,DRY,NO DEFECTS,21,6,10
Volkswagen Virtus,STOP SIGN/FLASHER,FOG/SMOKE/HAZE,DAYLIGHT,NOT DIVIDED,DRY,"RUT, HOLES",9,3,12
Hyundai Creta,FLASHING CONTROL SIGNAL,RAIN,DAYLIGHT,NOT DIVIDED,UNKNOWN,OTHER,8,2,8
Maruti Suzuki Brezza,TRAFFIC SIGNAL,RAIN,DARKNESS,T-INTERSECTION,UNKNOWN,"RUT, HOLES",21,2,6
Maruti Suzuki Swift,NO CONTROLS,RAIN,DAYLIGHT,FOUR WAY,WET,"RUT, HOLES",8,7,8
Volkswagen Virtus,LANE USE MARKING,CLEAR,DARKNESS,OTHER,OTHER,NO DEFECTS,2,4,1
Toyota Innova,NO CONTROLS,FOG/SMOKE/HAZE,DAYLIGHT,NOT DIVIDED,DRY,"RUT, HOLES",7,4,11
Maruti Suzuki Brezza,NO CONTROLS,CLOUDY/OVERCAST,DUSK,FOUR WAY,DRY,WORN SURFACE,18,6,2
Tata Altroz,STOP SIGN/FLASHER,RAIN,DARKNESS,"FIVE POINT, OR MORE",WET,WORN SURFACE,21,7,6
Mahindra Thar,STOP SIGN/FLASHER,CLEAR,"DARKNESS, LIGHTED ROAD",TRAFFIC ROUTE,DRY,"RUT, HOLES",16,1,10
Mahindra XUV700,NO CONTROLS,SLEET/HAIL,DUSK,NOT DIVIDED,"SAND, MUD, DIRT",WORN SURFACE,22,7,8
Skoda Slavia,STOP SIGN/FLASHER,RAIN,"DARKNESS, LIGHTED ROAD",NOT DIVIDED,WET,NO DEFECTS,5,1,6
Toyota Innova,NO CONTROLS,RAIN,DARKNESS,TRAFFIC ROUTE,"SAND, MUD, DIRT",NO DEFECTS,2,6,7
Honda Amaze,TRAFFIC SIGNAL,FOG/SMOKE/HAZE,DAYLIGHT,DIVIDED - W/MEDIAN (NOT RAISED),UNKNOWN,WORN SURFACE,12,7,11
Volkswagen Virtus,NO CONTROLS,OTHER,DARKNESS,T-INTERSECTION,"SAND, MUD, DIRT",NO DEFECTS,22,5,6
Hyundai Creta,TRAFFIC SIGNAL,CLEAR,DAYLIGHT,CENTER TURN LANE,DRY,SHOULDER DEFECT,14,5,11
Mahindra XUV700,NO CONTROLS,FOG/SMOKE/HAZE,DARKNESS,NOT DIVIDED,WET,"RUT, HOLES",5,5,1
Tata Punch,NO CONTROLS,CLOUDY/OVERCAST,DAYLIGHT,NOT DIVIDED,DRY,"RUT, HOLES",8,3,10
Maruti Suzuki Wagon R,NO CONTROLS,CLOUDY/OVERCAST,DARKNESS,NOT DIVIDED,"SAND, MUD, DIRT",WORN SURFACE,9,2,11
Kia Seltos,OTHER WARNING SIGN,RAIN,DAYLIGHT,CENTER TURN LANE,WET,WORN SURFACE,11,1,3
Tata Harrier,STOP SIGN/FLASHER,RAIN,DARKNESS,FOUR WAY,WET,WORN SURFACE,1,7,7
Mahindra Thar,TRAFFIC SIGNAL,CLEAR,"DARKNESS, LIGHTED ROAD",NOT DIVIDED,"SAND, MUD, DIRT",WORN SURFACE,21,5,3
Hyundai Creta,STOP SIGN/FLASHER,CLOUDY/OVERCAST,DAYLIGHT,DIVIDED - W/MEDIAN (NOT RAISED),"SAND, MUD, DIRT","RUT, HOLES",14,6,9
Skoda Slavia,FLASHING CONTROL SIGNAL,RAIN,DARKNESS,NOT DIVIDED,UNKNOWN,DEBRIS ON ROADWAY,17,3,7
Toyota Fortuner,NO CONTROLS,RAIN,DARKNESS,NOT DIVIDED,WET,DEBRIS ON ROADWAY,3,6,8
Tata Punch,STOP SIGN/FLASHER,OTHER,DARKNESS,NOT DIVIDED,DRY,NO DEFECTS,2,3,3
Kia Seltos,TRAFFIC SIGNAL,CLEAR,DAYLIGHT,DIVIDED - W/MEDIAN (NOT RAISED),DRY,WORN SURFACE,16,1,4
Nissan Magnite,TRAFFIC SIGNAL,CLEAR,DARKNESS,DIVIDED - W/MEDIAN (NOT RAISED),DRY,DEBRIS ON ROADWAY,20,3,1
Mahindra Thar,OTHER,UNKNOWN,DAYLIGHT,ONE-WAY,DRY,"RUT, HOLES",15,7,6
Tata Harrier,STOP SIGN/FLASHER,CLOUDY/OVERCAST,DARKNESS,NOT DIVIDED,DRY,"RUT, HOLES",20,7,8
Mahindra Thar,TRAFFIC SIGNAL,CLOUDY/OVERCAST,"DARKNESS, LIGHTED ROAD",CENTER TURN LANE,"SAND, MUD, DIRT",WORN SURFACE,19,7,11
Hyundai Verna,NO CONTROLS,RAIN,DARKNESS,DIVIDED - W/MEDIAN (NOT RAISED),OTHER,NO DEFECTS,4,4,9
Hyundai Verna,NO CONTROLS,CLOUDY/OVERCAST,DAYLIGHT,NOT DIVIDED,DRY,NO DEFECTS,8,7,7
Tata Punch,STOP SIGN/FLASHER,OTHER,DAYLIGHT,NOT DIVIDED,DRY,WORN SURFACE,17,4,12
Hyundai Creta,TRAFFIC SIGNAL,FOG/SMOKE/HAZE,DAYLIGHT,CENTER TURN LANE,DRY,"RUT, HOLES",8,2,9
Toyota Fortuner,STOP SIGN/FLASHER,FOG/SMOKE/HAZE,DAYLIGHT,NOT DIVIDED,DRY,NO DEFECTS,7,4,12
Toyota Fortuner,TRAFFIC SIGNAL,RAIN,"DARKNESS, LIGHTED ROAD",Y-INTERSECTION,DRY,NO DEFECTS,12,7,7
Maruti Suzuki Wagon R,NO CONTROLS,OTHER,DAYLIGHT,NOT DIVIDED,DRY,NO DEFECTS,13,6,5
Hyundai Creta,TRAFFIC SIGNAL,FOG/SMOKE/HAZE,DARKNESS,CENTER TURN LANE,WET,SHOULDER DEFECT,20,4,1
Hyundai i20,NO CONTROLS,RAIN,DAWN,NOT DIVIDED,WET,"RUT, HOLES",5,2,9
Skoda Slavia,STOP SIGN/FLASHER,CLEAR,UNKNOWN,UNKNOWN INTERSECTION TYPE,UNKNOWN,"RUT, HOLES",9,5,2
Nissan Magnite,STOP SIGN/FLASHER,CLOUDY/OVERCAST,DAYLIGHT,Y-INTERSECTION,"SAND, MUD, DIRT",NO DEFECTS,15,7,5
Tata Altroz,NO CONTROLS,UNKNOWN,DAYLIGHT,FOUR WAY,OTHER,WORN SURFACE,17,2,7
Maruti Suzuki Swift,TRAFFIC SIGNAL,RAIN,DAYLIGHT,FOUR WAY,WET,DEBRIS ON ROADWAY,16,6,8
Nissan Magnite,NO CONTROLS,CLEAR,DARKNESS,NOT DIVIDED,DRY,WORN SURFACE,22,2,8
Maruti Suzuki Wagon R,TRAFFIC SIGNAL,CLEAR,"DARKNESS, LIGHTED ROAD",FOUR WAY,DRY,"RUT, HOLES",19,7,3
Renault Kiger,NO CONTROLS,CLOUDY/OVERCAST,DAYLIGHT,DIVIDED - W/MEDIAN (NOT RAISED),DRY,SHOULDER DEFECT,15,6,6
Tata Altroz,TRAFFIC SIGNAL,CLOUDY/OVERCAST,DAYLIGHT,NOT DIVIDED,DRY,NO DEFECTS,8,1,8
Mahindra XUV700,NO CONTROLS,FOG/SMOKE/HAZE,DAYLIGHT,DIVIDED - W/MEDIAN (NOT RAISED),"SAND, MUD, DIRT",NO DEFECTS,8,2,12
Hyundai Creta,NO CONTROLS,RAIN,DAYLIGHT,UNKNOWN INTERSECTION TYPE,WET,"RUT, HOLES",17,7,9
Tata Harrier,NO CONTROLS,FOG/SMOKE/HAZE,"DARKNESS, LIGHTED ROAD",NOT DIVIDED,DRY,NO DEFECTS,19,4,12
Mahindra Scorpio,TRAFFIC SIGNAL,RAIN,"DARKNESS, LIGHTED ROAD",NOT DIVIDED,"SAND, MUD, DIRT",NO DEFECTS,22,4,9
Tata Punch,TRAFFIC SIGNAL,CLOUDY/OVERCAST,DAYLIGHT,NOT DIVIDED,DRY,"RUT, HOLES",16,1,8
Mahindra Scorpio,NO CONTROLS,CLOUDY/OVERCAST,DAYLIGHT,TRAFFIC ROUTE,DRY,NO DEFECTS,15,1,3
Hyundai i20,LANE USE MARKING,RAIN,"DARKNESS, LIGHTED ROAD",UNKNOWN,WET,SHOULDER DEFECT,0,6,9
Toyota Innova,NO CONTROLS,RAIN,DARKNESS,FOUR WAY,OTHER,NO DEFECTS,3,6,8
Maruti Suzuki Brezza,NO CONTROLS,RAIN,DAYLIGHT,DIVIDED - W/MEDIAN (NOT RAISED),WET,UNKNOWN,7,7,8
Toyota Innova,NO CONTROLS,RAIN,DARKNESS,ALLEY,WET,NO DEFECTS,2,4,7
Tata Altroz,NO CONTROLS,UNKNOWN,DAYLIGHT,NOT DIVIDED,OTHER,"RUT, HOLES",12,3,7
Hyundai i20,NO CONTROLS,RAIN,DAYLIGHT,DIVIDED - W/MEDIAN (NOT RAISED),WET,NO DEFECTS,11,5,6
Honda City,NO CONTROLS,UNKNOWN,DAYLIGHT,NOT DIVIDED,UNKNOWN,"RUT, HOLES",16,5,7
Skoda Slavia,STOP SIGN/FLASHER,CLOUDY/OVERCAST,DARKNESS,UNKNOWN,DRY,OTHER,15,1,3
Toyota Innova,YIELD,CLEAR,DAWN,NOT DIVIDED,DRY,WORN SURFACE,16,7,10
Tata Altroz,STOP SIGN/FLASHER,OTHER,DAYLIGHT,DIVIDED - W/MEDIAN (NOT RAISED),DRY,NO DEFECTS,14,5,3
Hyundai Verna,STOP SIGN/FLASHER,RAIN,DAYLIGHT,NOT DIVIDED,WET,"RUT, HOLES",9,1,1
Hyundai i20,NO CONTROLS,RAIN,DARKNESS,ALLEY,WET,"RUT, HOLES",22,7,7
Toyota Innova,NO CONTROLS,CLOUDY/OVERCAST,DARKNESS,L-INTERSECTION,DRY,NO DEFECTS,4,7,8
Tata Harrier,NO CONTROLS,RAIN,DARKNESS,NOT DIVIDED,WET,DEBRIS ON ROADWAY,21,7,7
Tata Nexon,STOP SIGN/FLASHER,CLEAR,DAYLIGHT,T-INTERSECTION,DRY,NO DEFECTS,10,7,5
Tata Altroz,STOP SIGN/FLASHER,CLEAR,DAYLIGHT,NOT DIVIDED,DRY,"RUT, HOLES",14,2,8
Maruti Suzuki Swift,NO CONTROLS,CLEAR,DAWN,NOT DIVIDED,"SAND, MUD, DIRT",NO DEFECTS,6,7,6
Kia Sonet,NO CONTROLS,CLOUDY/OVERCAST,DARKNESS,NOT DIVIDED,DRY,NO DEFECTS,3,6,12
Mahindra Thar,STOP SIGN/FLASHER,CLEAR,DAYLIGHT,L-INTERSECTION,DRY,DEBRIS ON ROADWAY,13,5,12
Honda Amaze,TRAFFIC SIGNAL,RAIN,DARKNESS,NOT DIVIDED,WET,NO DEFECTS,18,7,7
Renault Kiger,NO CONTROLS,FOG/SMOKE/HAZE,DAYLIGHT,NOT DIVIDED,DRY,NO DEFECTS,7,3,6
Tata Harrier,NO CONTROLS,RAIN,DAYLIGHT,OTHER,"SAND, MUD, DIRT",WORN SURFACE,15,7,9
Toyota Fortuner,TRAFFIC SIGNAL,CLEAR,DAWN,Y-INTERSECTION,"SAND, MUD, DIRT",NO DEFECTS,9,5,1
Maruti Suzuki Brezza,STOP SIGN/FLASHER,CLOUDY/OVERCAST,DAYLIGHT,NOT DIVIDED,"SAND, MUD, DIRT","RUT, HOLES",12,5,7
Hyundai Creta,TRAFFIC SIGNAL,SLEET/HAIL,DARKNESS,NOT DIVIDED,WET,"RUT, HOLES",21,5,6
Maruti Suzuki Baleno,NO CONTROLS,FOG/SMOKE/HAZE,"DARKNESS, LIGHTED ROAD",FOUR WAY,DRY,UNKNOWN,19,6,12
Mahindra Scorpio,TRAFFIC SIGNAL,CLEAR,DAYLIGHT,NOT DIVIDED,DRY,WORN SURFACE,14,4,1
Honda Amaze,NO CONTROLS,OTHER,DAYLIGHT,NOT DIVIDED,DRY,OTHER,8,7,8
Maruti Suzuki Swift,STOP SIGN/FLASHER,UNKNOWN,DAYLIGHT,NOT DIVIDED,"SAND, MUD, DIRT",WORN SURFACE,8,1,9
Renault Kiger,NO CONTROLS,RAIN,DARKNESS,NOT DIVIDED,OTHER,NO DEFECTS,22,7,7
Hyundai i20,NO CONTROLS,CLOUDY/OVERCAST,DAYLIGHT,NOT DIVIDED,DRY,NO DEFECTS,8,5,1
Maruti Suzuki Baleno,STOP SIGN/FLASHER,CLEAR,"DARKNESS, LIGHTED ROAD",T-INTERSECTION,DRY,WORN SURFACE,19,7,12
Tata Harrier,STOP SIGN/FLASHER,RAIN,DAYLIGHT,NOT DIVIDED,WET,"RUT, HOLES",11,3,7
Honda Amaze,STOP SIGN/FLASHER,RAIN,DARKNESS,ALLEY,DRY,NO DEFECTS,23,6,8
Maruti Suzuki Brezza,STOP SIGN/FLASHER,CLEAR,DAYLIGHT,NOT REPORTED,DRY,DEBRIS ON ROADWAY,11,5,4
Honda City,NO CONTROLS,RAIN,DAYLIGHT,NOT DIVIDED,WET,NO DEFECTS,11,6,7
Mahindra Thar,TRAFFIC SIGNAL,CLEAR,DAYLIGHT,NOT DIVIDED,OTHER,"RUT, HOLES",16,3,7
Nissan Magnite,NO CONTROLS,FOG/SMOKE/HAZE,"DARKNESS, LIGHTED ROAD",NOT DIVIDED,WET,WORN SURFACE,21,7,1
Renault Kiger,TRAFFIC SIGNAL,CLOUDY/OVERCAST,DARKNESS,NOT DIVIDED,DRY,WORN SURFACE,23,7,2
Honda City,STOP SIGN/FLASHER,CLOUDY/OVERCAST,DAYLIGHT,NOT DIVIDED,DRY,NO DEFECTS,17,4,11
Honda Amaze,STOP SIGN/FLASHER,CLOUDY/OVERCAST,DARKNESS,NOT DIVIDED,"SAND, MUD, DIRT","RUT, HOLES",18,4,4
Tata Harrier,NO CONTROLS,CLEAR,DAYLIGHT,NOT DIVIDED,DRY,NO DEFECTS,15,5,3
Hyundai Verna,NO CONTROLS,RAIN,DAWN,NOT DIVIDED,DRY,"RUT, HOLES",18,2,7
Nissan Magnite,NO CONTROLS,CLOUDY/OVERCAST,UNKNOWN,T-INTERSECTION,DRY,"RUT, HOLES",20,4,9
Mahindra Scorpio,NO CONTROLS,FOG/SMOKE/HAZE,DAYLIGHT,NOT DIVIDED,"SAND, MUD, DIRT",SHOULDER DEFECT,8,7,1
Mahindra XUV700,UNKNOWN,RAIN,DAWN,NOT DIVIDED,DRY,NO DEFECTS,16,3,8
Maruti Suzuki Baleno,PEDESTRIAN CROSSING SIGN,CLEAR,DAYLIGHT,NOT DIVIDED,"SAND, MUD, DIRT",WORN SURFACE,15,6,2
Honda City,STOP SIGN/FLASHER,CLEAR,DAYLIGHT,NOT DIVIDED,DRY,WORN SURFACE,15,5,1
Hyundai Creta,NO CONTROLS,CLEAR,DARKNESS,FOUR WAY,DRY,"RUT, HOLES",20,3,1
Toyota Innova,PEDESTRIAN CROSSING SIGN,UNKNOWN,DAYLIGHT,NOT DIVIDED,DRY,NO DEFECTS,11,5,10
Tata Harrier,TRAFFIC SIGNAL,CLOUDY/OVERCAST,DAYLIGHT,NOT DIVIDED,OTHER,NO DEFECTS,8,7,2
Renault Kiger,NO CONTROLS,FOG/SMOKE/HAZE,DAYLIGHT,"FIVE POINT, OR MORE",DRY,WORN SURFACE,8,5,1
Hyundai Verna,STOP SIGN/FLASHER,RAIN,DAYLIGHT,DIVIDED - W/MEDIAN (NOT RAISED),WET,UNKNOWN,8,6,7
Mahindra XUV700,STOP SIGN/FLASHER,CLOUDY/OVERCAST,DAYLIGHT,DIVIDED - W/MEDIAN (NOT RAISED),DRY,NO DEFECTS,14,6,11
Renault Kiger,NO CONTROLS,CLEAR,DARKNESS,NOT DIVIDED,"SAND, MUD, DIRT",DEBRIS ON ROADWAY,21,1,5
Tata Nexon,NO CONTROLS,CLOUDY/OVERCAST,DAYLIGHT,DIVIDED - W/MEDIAN (NOT RAISED),"SAND, MUD, DIRT","RUT, HOLES",16,1,7
Maruti Suzuki Wagon R,STOP SIGN/FLASHER,UNKNOWN,DARKNESS,NOT REPORTED,"SAND, MUD, DIRT",SHOULDER DEFECT,20,1,1
Maruti Suzuki Baleno,NO CONTROLS,RAIN,DUSK,NOT DIVIDED,WET,NO DEFECTS,7,2,7
Kia Sonet,NO CONTROLS,CLEAR,DARKNESS,UNKNOWN INTERSECTION TYPE,UNKNOWN,WORN SURFACE,21,6,8
Renault Kiger,NO CONTROLS,RAIN,DAYLIGHT,NOT DIVIDED,WET,SHOULDER DEFECT,16,4,8
Honda Amaze,PEDESTRIAN CROSSING SIGN,CLEAR,DARKNESS,NOT DIVIDED,"SAND, MUD, DIRT",SHOULDER DEFECT,1,2,6
Nissan Magnite,TRAFFIC SIGNAL,RAIN,DUSK,FOUR WAY,WET,WORN SURFACE,16,5,6
Hyundai Verna,STOP SIGN/FLASHER,CLEAR,DARKNESS,NOT DIVIDED,DRY,NO DEFECTS,22,6,2
Volkswagen Virtus,STOP SIGN/FLASHER,RAIN,UNKNOWN,NOT DIVIDED,WET,"RUT, HOLES",4,2,6
Honda City,TRAFFIC SIGNAL,UNKNOWN,DAYLIGHT,T-INTERSECTION,DRY,NO DEFECTS,16,3,2
Hyundai i20,STOP SIGN/FLASHER,CLOUDY/OVERCAST,"DARKNESS, LIGHTED ROAD",DIVIDED - W/MEDIAN (NOT RAISED),DRY,NO DEFECTS,21,2,9
Mahindra Scorpio,NO CONTROLS,FOG/SMOKE/HAZE,DARKNESS,NOT DIVIDED,DRY,NO DEFECTS,1,5,12
Hyundai Venue,TRAFFIC SIGNAL,OTHER,DAYLIGHT,NOT DIVIDED,DRY,NO DEFECTS,16,2,12
Tata Nexon,NO CONTROLS,CLEAR,DAYLIGHT,NOT DIVIDED,DRY,WORN SURFACE,14,6,11
Hyundai i20,STOP SIGN/FLASHER,OTHER,DAYLIGHT,UNKNOWN INTERSECTION TYPE,DRY,"RUT, HOLES",11,2,8
Kia Sonet,YIELD,RAIN,DAYLIGHT,ONE-WAY,"SAND, MUD, DIRT",NO DEFECTS,16,1,9
Nissan Magnite,NO CONTROLS,CLOUDY/OVERCAST,DARKNESS,NOT REPORTED,OTHER,WORN SURFACE,2,7,5
Tata Altroz,TRAFFIC SIGNAL,RAIN,DAYLIGHT,Y-INTERSECTION,UNKNOWN,NO DEFECTS,18,3,8
Tata Nexon,NO CONTROLS,RAIN,"DARKNESS, LIGHTED ROAD",NOT DIVIDED,WET,NO DEFECTS,0,4,7
Maruti Suzuki Swift,RAILROAD CROSSING GATE,RAIN,DAYLIGHT,Y-INTERSECTION,DRY,WORN SURFACE,10,1,7
Tata Punch,TRAFFIC SIGNAL,CLEAR,DAYLIGHT,FOUR WAY,"SAND, MUD, DIRT",NO DEFECTS,14,4,9
Hyundai Verna,UNKNOWN,OTHER,DAYLIGHT,DIVIDED - W/MEDIAN (NOT RAISED),WET,"RUT, HOLES",12,2,5
Maruti Suzuki Brezza,TRAFFIC SIGNAL,CLEAR,DAYLIGHT,NOT DIVIDED,DRY,NO DEFECTS,10,7,6
Honda City,NO CONTROLS,CLOUDY/OVERCAST,DARKNESS,T-INTERSECTION,DRY,"RUT, HOLES",19,6,12
Mahindra Thar,PEDESTRIAN CROSSING SIGN,RAIN,"DARKNESS, LIGHTED ROAD",FOUR WAY,WET,NO DEFECTS,21,5,1
Hyundai Creta,TRAFFIC SIGNAL,RAIN,DARKNESS,FOUR WAY,"SAND, MUD, DIRT",NO DEFECTS,20,6,7
Maruti Suzuki Brezza,STOP SIGN/FLASHER,CLEAR,DAYLIGHT,NOT DIVIDED,WET,NO DEFECTS,15,3,11
Hyundai Creta,STOP SIGN/FLASHER,RAIN,"DARKNESS, LIGHTED ROAD",T-INTERSECTION,WET,WORN SURFACE,20,4,8
Maruti Suzuki Brezza,NO CONTROLS,CLEAR,"DARKNESS, LIGHTED ROAD",NOT DIVIDED,DRY,NO DEFECTS,21,1,8
Mahindra Scorpio,STOP SIGN/FLASHER,CLEAR,DAYLIGHT,T-INTERSECTION,DRY,NO DEFECTS,12,1,4
Tata Altroz,NO CONTROLS,RAIN,DAYLIGHT,T-INTERSECTION,DRY,NO DEFECTS,9,3,6
Kia Sonet,TRAFFIC SIGNAL,RAIN,DARKNESS,DIVIDED - W/MEDIAN (NOT RAISED),WET,NO DEFECTS,5,6,11
Toyota Fortuner,NO CONTROLS,CLOUDY/OVERCAST,DUSK,NOT DIVIDED,DRY,NO DEFECTS,14,5,8
Toyota Fortuner,STOP SIGN/FLASHER,RAIN,"DARKNESS, LIGHTED ROAD",DIVIDED - W/MEDIAN (NOT RAISED),WET,NO DEFECTS,22,4,7
Mahindra Thar,TRAFFIC SIGNAL,CLOUDY/OVERCAST,DAYLIGHT,NOT DIVIDED,DRY,UNKNOWN,15,7,2
Maruti Suzuki Wagon R,NO CONTROLS,FOG/SMOKE/HAZE,DAWN,NOT DIVIDED,UNKNOWN,NO DEFECTS,15,4,1
Hyundai Creta,NO CONTROLS,FOG/SMOKE/HAZE,DARKNESS,NOT DIVIDED,OTHER,"RUT, HOLES",5,4,12
Maruti Suzuki Baleno,NO CONTROLS,CLOUDY/OVERCAST,DAYLIGHT,FOUR WAY,DRY,UNKNOWN,7,7,6
Kia Sonet,STOP SIGN/FLASHER,RAIN,"DARKNESS, LIGHTED ROAD",NOT DIVIDED,WET,NO DEFECTS,13,2,8
Tata Nexon,NO CONTROLS,CLOUDY/OVERCAST,DARKNESS,NOT DIVIDED,DRY,WORN SURFACE,22,2,1
Hyundai Verna,UNKNOWN,CLEAR,DAYLIGHT,FOUR WAY,DRY,NO DEFECTS,11,4,9
Skoda Slavia,STOP SIGN/FLASHER,RAIN,"DARKNESS, LIGHTED ROAD",T-INTERSECTION,WET,DEBRIS ON ROADWAY,20,5,12
Toyota Innova,STOP SIGN/FLASHER,RAIN,DAYLIGHT,NOT DIVIDED,WET,DEBRIS ON ROADWAY,6,2,8
Hyundai Verna,PEDESTRIAN CROSSING SIGN,CLOUDY/OVERCAST,DUSK,NOT DIVIDED,"SAND, MUD, DIRT",NO DEFECTS,16,3,2
Kia Sonet,NO CONTROLS,RAIN,DAYLIGHT,NOT DIVIDED,WET,NO DEFECTS,16,2,8
Honda Amaze,STOP SIGN/FLASHER,CLEAR,"DARKNESS, LIGHTED ROAD",ALLEY,UNKNOWN,"RUT, HOLES",20,7,9
Maruti Suzuki Wagon R,STOP SIGN/FLASHER,RAIN,DARKNESS,FOUR WAY,WET,OTHER,0,6,6
Honda City,NO CONTROLS,UNKNOWN,DAYLIGHT,CENTER TURN LANE,DRY,NO DEFECTS,8,2,11
Toyota Fortuner,LANE USE MARKING,RAIN,DAWN,FOUR WAY,WET,UNKNOWN,8,4,8
Honda Amaze,TRAFFIC SIGNAL,CLEAR,"DARKNESS, LIGHTED ROAD",UNKNOWN,WET,WORN SURFACE,22,5,11
Nissan Magnite,OTHER,RAIN,DAYLIGHT,NOT DIVIDED,WET,NO DEFECTS,7,1,8
Mahindra Scorpio,FLASHING CONTROL SIGNAL,CLEAR,DARKNESS,FOUR WAY,UNKNOWN,WORN SURFACE,1,7,2
Tata Punch,STOP SIGN/FLASHER,RAIN,DAYLIGHT,FOUR WAY,WET,NO DEFECTS,15,4,6
Maruti Suzuki Wagon R,TRAFFIC SIGNAL,CLEAR,DAYLIGHT,NOT DIVIDED,DRY,"RUT, HOLES",15,2,3
Skoda Slavia,STOP SIGN/FLASHER,CLEAR,"DARKNESS, LIGHTED ROAD",NOT DIVIDED,OTHER,NO DEFECTS,19,4,11
Honda Amaze,FLASHING CONTROL SIGNAL,FOG/SMOKE/HAZE,"DARKNESS, LIGHTED ROAD",NOT DIVIDED,DRY,"RUT, HOLES",20,7,9
Volkswagen Virtus,NO CONTROLS,CLEAR,DAYLIGHT,DIVIDED - W/MEDIAN (NOT RAISED),DRY,"RUT, HOLES",15,1,9
Tata Harrier,NO CONTROLS,CLOUDY/OVERCAST,"DARKNESS, LIGHTED ROAD",NOT DIVIDED,WET,"RUT, HOLES",21,2,5
Hyundai Verna,NO CONTROLS,CLEAR,DARKNESS,DIVIDED - W/MEDIAN (NOT RAISED),DRY,"RUT, HOLES",18,2,3
Hyundai Venue,NO CONTROLS,RAIN,DAYLIGHT,ONE-WAY,WET,WORN SURFACE,9,1,9
Hyundai Creta,STOP SIGN/FLASHER,CLEAR,DARKNESS,DIVIDED - W/MEDIAN BARRIER,DRY,OTHER,21,2,7
Maruti Suzuki Brezza,NO CONTROLS,RAIN,DAYLIGHT,NOT REPORTED,WET,WORN SURFACE,17,6,4
Maruti Suzuki Wagon R,NO CONTROLS,RAIN,DAYLIGHT,DIVIDED - W/MEDIAN (NOT RAISED),WET,WORN SURFACE,12,5,8
Maruti Suzuki Brezza,NO CONTROLS,FOG/SMOKE/HAZE,DAYLIGHT,NOT DIVIDED,OTHER,NO DEFECTS,16,5,1
Hyundai Venue,STOP SIGN/FLASHER,FOG/SMOKE/HAZE,DUSK,NOT DIVIDED,DRY,NO DEFECTS,8,2,6
Volkswagen Virtus,NO CONTROLS,RAIN,DUSK,NOT DIVIDED,WET,NO DEFECTS,6,3,7
Toyota Fortuner,STOP SIGN/FLASHER,RAIN,DAYLIGHT,NOT DIVIDED,WET,"RUT, HOLES",17,7,2
Tata Harrier,NO CONTROLS,FREEZING RAIN/DRIZZLE,"DARKNESS, LIGHTED ROAD",NOT DIVIDED,DRY,"RUT, HOLES",19,2,12
Maruti Suzuki Wagon R,STOP SIGN/FLASHER,RAIN,DAYLIGHT,NOT DIVIDED,DRY,"RUT, HOLES",18,7,4
Skoda Slavia,NO CONTROLS,RAIN,DAYLIGHT,FOUR WAY,WET,OTHER,8,5,2
Skoda Slavia,NO CONTROLS,CLEAR,"DARKNESS, LIGHTED ROAD",DIVIDED - W/MEDIAN (NOT RAISED),"SAND, MUD, DIRT",NO DEFECTS,22,4,4
Toyota Fortuner,NO CONTROLS,CLOUDY/OVERCAST,DAWN,NOT DIVIDED,DRY,"RUT, HOLES",0,2,9
Renault Kiger,YIELD,RAIN,DAYLIGHT,NOT DIVIDED,WET,DEBRIS ON ROADWAY,11,6,7
Kia Seltos,TRAFFIC SIGNAL,RAIN,DAYLIGHT,NOT DIVIDED,"SAND, MUD, DIRT",NO DEFECTS,9,7,8
Hyundai i20,UNKNOWN,FOG/SMOKE/HAZE,DARKNESS,DIVIDED - W/MEDIAN (NOT RAISED),DRY,"RUT, HOLES",5,2,1
Maruti Suzuki Brezza,STOP SIGN/FLASHER,CLOUDY/OVERCAST,DAYLIGHT,NOT DIVIDED,"SAND, MUD, DIRT",DEBRIS ON ROADWAY,12,1,1
Mahindra Scorpio,NO CONTROLS,RAIN,DAYLIGHT,T-INTERSECTION,WET,"RUT, HOLES",16,6,7
Maruti Suzuki Swift,OTHER REG. SIGN,CLEAR,"DARKNESS, LIGHTED ROAD",RAMP,OTHER,WORN SURFACE,20,5,10
Hyundai Venue,NO CONTROLS,CLEAR,DAYLIGHT,FOUR WAY,DRY,DEBRIS ON ROADWAY,23,4,11
Hyundai Verna,NO CONTROLS,CLEAR,"DARKNESS, LIGHTED ROAD",T-INTERSECTION,OTHER,"RUT, HOLES",19,4,1
Honda Amaze,TRAFFIC SIGNAL,RAIN,DAYLIGHT,NOT DIVIDED,WET,NO DEFECTS,14,4,7
Tata Punch,NO CONTROLS,FOG/SMOKE/HAZE,DUSK,FOUR WAY,DRY,WORN SURFACE,17,3,11
Tata Altroz,TRAFFIC SIGNAL,CLEAR,"DARKNESS, LIGHTED ROAD",FOUR WAY,DRY,WORN SURFACE,19,1,6
Hyundai Verna,NO CONTROLS,RAIN,DAYLIGHT,DIVIDED - W/MEDIAN BARRIER,OTHER,NO DEFECTS,13,6,10
Toyota Innova,NO CONTROLS,CLEAR,DUSK,T-INTERSECTION,DRY,"RUT, HOLES",18,4,2
Mahindra Thar,STOP SIGN/FLASHER,SLEET/HAIL,DAYLIGHT,T-INTERSECTION,WET,"RUT, HOLES",14,6,12
Hyundai Verna,NO CONTROLS,RAIN,DAYLIGHT,DIVIDED - W/MEDIAN (NOT RAISED),DRY,SHOULDER DEFECT,12,7,9
Tata Nexon,OTHER,CLEAR,DAYLIGHT,NOT DIVIDED,DRY,NO DEFECTS,15,2,12
Maruti Suzuki Baleno,TRAFFIC SIGNAL,UNKNOWN,DAYLIGHT,NOT DIVIDED,DRY,"RUT, HOLES",17,6,9
Tata Punch,NO CONTROLS,RAIN,DARKNESS,NOT DIVIDED,DRY,"RUT, HOLES",18,7,6
Honda City,STOP SIGN/FLASHER,OTHER,DAYLIGHT,NOT DIVIDED,DRY,"RUT, HOLES",11,6,12
Volkswagen Virtus,TRAFFIC SIGNAL,CLEAR,DAYLIGHT,NOT DIVIDED,"SAND, MUD, DIRT",OTHER,15,2,5
Toyota Innova,TRAFFIC SIGNAL,CLOUDY/OVERCAST,"DARKNESS, LIGHTED ROAD",FOUR WAY,WET,OTHER,21,7,6
Mahindra Thar,NO CONTROLS,UNKNOWN,DARKNESS,ALLEY,DRY,NO DEFECTS,23,6,9
Hyundai Verna,OTHER,CLOUDY/OVERCAST,DAYLIGHT,UNKNOWN INTERSECTION TYPE,DRY,NO DEFECTS,8,4,9
Honda City,LANE USE MARKING,FOG/SMOKE/HAZE,DAYLIGHT,FOUR WAY,"SAND, MUD, DIRT",NO DEFECTS,6,5,12
Volkswagen Virtus,NO CONTROLS,CLEAR,DAYLIGHT,NOT DIVIDED,"SAND, MUD, DIRT",NO DEFECTS,17,6,4
Skoda Slavia,PEDESTRIAN CROSSING SIGN,CLEAR,DAYLIGHT,Y-INTERSECTION,DRY,"RUT, HOLES",12,1,10
Kia Sonet,TRAFFIC SIGNAL,OTHER,"DARKNESS, LIGHTED ROAD",T-INTERSECTION,DRY,"RUT, HOLES",0,7,9
Nissan Magnite,OTHER,CLEAR,DAYLIGHT,NOT DIVIDED,DRY,NO DEFECTS,11,7,1
Toyota Fortuner,STOP SIGN/FLASHER,CLEAR,"DARKNESS, LIGHTED ROAD",ONE-WAY,WET,NO DEFECTS,19,3,6
Hyundai Venue,TRAFFIC SIGNAL,CLOUDY/OVERCAST,"DARKNESS, LIGHTED ROAD",NOT DIVIDED,WET,NO DEFECTS,19,6,5
Maruti Suzuki Swift,NO CONTROLS,CLEAR,DAYLIGHT,ALLEY,DRY,"RUT, HOLES",14,4,5
Hyundai Creta,TRAFFIC SIGNAL,CLOUDY/OVERCAST,DAWN,NOT DIVIDED,"SAND, MUD, DIRT",WORN SURFACE,14,1,12
Tata Nexon,STOP SIGN/FLASHER,RAIN,DAYLIGHT,ONE-WAY,"SAND, MUD, DIRT",NO DEFECTS,15,7,8
Honda City,STOP SIGN/FLASHER,CLOUDY/OVERCAST,DAYLIGHT,T-INTERSECTION,DRY,NO DEFECTS,8,2,9
Tata Punch,TRAFFIC SIGNAL,CLOUDY/OVERCAST,DAYLIGHT,NOT DIVIDED,"SAND, MUD, DIRT",WORN SURFACE,15,1,12
Mahindra Thar,STOP SIGN/FLASHER,RAIN,DARKNESS,DIVIDED - W/MEDIAN (NOT RAISED),"SAND, MUD, DIRT",SHOULDER DEFECT,0,6,6
Tata Nexon,TRAFFIC SIGNAL,CLEAR,DAYLIGHT,T-INTERSECTION,UNKNOWN,NO DEFECTS,14,1,10
Hyundai Creta,TRAFFIC SIGNAL,RAIN,DAYLIGHT,NOT DIVIDED,WET,"RUT, HOLES",11,6,7
Maruti Suzuki Baleno,TRAFFIC SIGNAL,UNKNOWN,DAYLIGHT,DIVIDED - W/MEDIAN (NOT RAISED),DRY,NO DEFECTS,17,7,11
Maruti Suzuki Brezza,NO CONTROLS,UNKNOWN,DAYLIGHT,NOT DIVIDED,UNKNOWN,NO DEFECTS,16,4,3
Nissan Magnite,OTHER REG. SIGN,FOG/SMOKE/HAZE,DAYLIGHT,T-INTERSECTION,DRY,WORN SURFACE,8,1,12
Kia Sonet,TRAFFIC SIGNAL,CLOUDY/OVERCAST,"DARKNESS, LIGHTED ROAD",DIVIDED - W/MEDIAN (NOT RAISED),DRY,NO DEFECTS,0,2,4
Renault Kiger,NO CONTROLS,RAIN,DAYLIGHT,FOUR WAY,WET,"RUT, HOLES",9,7,6
Mahindra Thar,NO CONTROLS,CLEAR,DAYLIGHT,NOT DIVIDED,DRY,DEBRIS ON ROADWAY,16,4,9
Honda City,OTHER WARNING SIGN,RAIN,DARKNESS,NOT DIVIDED,WET,WORN SURFACE,3,5,6
Tata Punch,STOP SIGN/FLASHER,RAIN,UNKNOWN,DIVIDED - W/MEDIAN (NOT RAISED),OTHER,"RUT, HOLES",5,2,8
Renault Kiger,NO CONTROLS,RAIN,DAYLIGHT,NOT DIVIDED,WET,NO DEFECTS,16,7,7
Mahindra Scorpio,STOP SIGN/FLASHER,SLEET/HAIL,DUSK,DIVIDED - W/MEDIAN (NOT RAISED),WET,NO DEFECTS,18,4,9
Hyundai i20,NO CONTROLS,RAIN,DAYLIGHT,T-INTERSECTION,WET,WORN SURFACE,10,5,4
Tata Punch,UNKNOWN,FOG/SMOKE/HAZE,DAYLIGHT,DIVIDED - W/MEDIAN BARRIER,DRY,NO DEFECTS,8,5,1
Renault Kiger,STOP SIGN/FLASHER,CLOUDY/OVERCAST,"DARKNESS, LIGHTED ROAD",NOT DIVIDED,DRY,NO DEFECTS,22,6,5
Nissan Magnite,STOP SIGN/FLASHER,RAIN,DARKNESS,T-INTERSECTION,OTHER,NO DEFECTS,22,2,7
Maruti Suzuki Baleno,TRAFFIC SIGNAL,RAIN,"DARKNESS, LIGHTED ROAD",NOT DIVIDED,WET,NO DEFECTS,10,7,3
Maruti Suzuki Swift,NO CONTROLS,RAIN,"DARKNESS, LIGHTED ROAD",T-INTERSECTION,WET,"RUT, HOLES",19,2,6
Hyundai Creta,NO CONTROLS,RAIN,DAYLIGHT,NOT DIVIDED,DRY,SHOULDER DEFECT,16,2,6
Hyundai Creta,TRAFFIC SIGNAL,CLEAR,DARKNESS,DIVIDED - W/MEDIAN (NOT RAISED),DRY,UNKNOWN,23,1,1
Maruti Suzuki Swift,PEDESTRIAN CROSSING SIGN,UNKNOWN,DARKNESS,OTHER,WET,WORN SURFACE,14,1,8
Mahindra Scorpio,NO CONTROLS,FOG/SMOKE/HAZE,DAWN,NOT DIVIDED,DRY,NO DEFECTS,18,4,11
Tata Punch,YIELD,CLOUDY/OVERCAST,DAWN,DIVIDED - W/MEDIAN BARRIER,WET,NO DEFECTS,18,2,2
Maruti Suzuki Swift,STOP SIGN/FLASHER,UNKNOWN,DAYLIGHT,NOT DIVIDED,DRY,NO DEFECTS,14,2,8
Mahindra Thar,NO CONTROLS,CLOUDY/OVERCAST,DARKNESS,DIVIDED - W/MEDIAN BARRIER,"SAND, MUD, DIRT",NO DEFECTS,19,7,9
Renault Kiger,NO CONTROLS,OTHER,DAYLIGHT,TRAFFIC ROUTE,WET,"RUT, HOLES",9,7,7
Honda Amaze,NO CONTROLS,RAIN,DUSK,NOT DIVIDED,WET,DEBRIS ON ROADWAY,6,3,9
Hyundai Venue,NO CONTROLS,UNKNOWN,DAYLIGHT,FOUR WAY,DRY,WORN SURFACE,13,3,6
Maruti Suzuki Baleno,NO CONTROLS,RAIN,DARKNESS,NOT DIVIDED,WET,WORN SURFACE,22,3,7
Honda Amaze,NO CONTROLS,FREEZING RAIN/DRIZZLE,DAYLIGHT,NOT DIVIDED,OTHER,"RUT, HOLES",14,7,1
Mahindra Thar,TRAFFIC SIGNAL,RAIN,DAYLIGHT,FOUR WAY,WET,"RUT, HOLES",16,1,9
Tata Punch,TRAFFIC SIGNAL,RAIN,DAYLIGHT,NOT DIVIDED,WET,DEBRIS ON ROADWAY,16,5,8
Maruti Suzuki Baleno,TRAFFIC SIGNAL,FOG/SMOKE/HAZE,DAYLIGHT,NOT DIVIDED,DRY,WORN SURFACE,6,2,1
Skoda Slavia,NO CONTROLS,CLOUDY/OVERCAST,DAYLIGHT,FOUR WAY,UNKNOWN,"RUT, HOLES",12,6,6
Nissan Magnite,NO CONTROLS,CLEAR,DAYLIGHT,DIVIDED - W/MEDIAN (NOT RAISED),DRY,NO DEFECTS,17,5,12
Kia Sonet,STOP SIGN/FLASHER,CLEAR,DARKNESS,T-INTERSECTION,DRY,NO DEFECTS,22,3,7
Hyundai Creta,NO CONTROLS,RAIN,DAYLIGHT,ONE-WAY,WET,WORN SURFACE,7,1,7
Volkswagen Virtus,TRAFFIC SIGNAL,FOG/SMOKE/HAZE,DAYLIGHT,Y-INTERSECTION,UNKNOWN,NO DEFECTS,8,6,11
Hyundai i20,STOP SIGN/FLASHER,UNKNOWN,DARKNESS,DIVIDED - W/MEDIAN (NOT RAISED),DRY,"RUT, HOLES",5,1,9
Kia Sonet,LANE USE MARKING,RAIN,DAYLIGHT,NOT DIVIDED,WET,"RUT, HOLES",8,3,8
Hyundai i20,NO CONTROLS,CLEAR,DAYLIGHT,DIVIDED - W/MEDIAN (NOT RAISED),DRY,WORN SURFACE,12,2,10
Honda Amaze,NO CONTROLS,CLEAR,DAYLIGHT,NOT DIVIDED,DRY,NO DEFECTS,15,5,11
Mahindra Scorpio,NO CONTROLS,RAIN,DAYLIGHT,NOT DIVIDED,WET,NO DEFECTS,8,4,7
Mahindra Thar,NO CONTROLS,RAIN,DAYLIGHT,DIVIDED - W/MEDIAN (NOT RAISED),WET,WORN SURFACE,8,3,7
Tata Altroz,STOP SIGN/FLASHER,CLOUDY/OVERCAST,"DARKNESS, LIGHTED ROAD",NOT DIVIDED,WET,"RUT, HOLES",18,4,6
Honda City,NO CONTROLS,FOG/SMOKE/HAZE,DARKNESS,FOUR WAY,"SAND, MUD, DIRT",NO DEFECTS,21,4,12
Hyundai i20,TRAFFIC SIGNAL,CLEAR,DAYLIGHT,DIVIDED - W/MEDIAN BARRIER,"SAND, MUD, DIRT",UNKNOWN,10,5,9
Mahindra Scorpio,NO CONTROLS,FOG/SMOKE/HAZE,DAYLIGHT,L-INTERSECTION,DRY,WORN SURFACE,16,7,1
Maruti Suzuki Wagon R,YIELD,FOG/SMOKE/HAZE,DAYLIGHT,CENTER TURN LANE,"SAND, MUD, DIRT","RUT, HOLES",7,2,11
Nissan Magnite,NO CONTROLS,RAIN,"DARKNESS, LIGHTED ROAD",NOT DIVIDED,WET,WORN SURFACE,21,5,7
Hyundai Venue,STOP SIGN/FLASHER,FOG/SMOKE/HAZE,DAYLIGHT,NOT DIVIDED,DRY,NO DEFECTS,15,1,1
Maruti Suzuki Brezza,NO CONTROLS,CLOUDY/OVERCAST,DARKNESS,NOT DIVIDED,DRY,OTHER,19,6,8
Hyundai Verna,NO CONTROLS,RAIN,DARKNESS,DIVIDED - W/MEDIAN (NOT RAISED),WET,UNKNOWN,2,5,7
Maruti Suzuki Wagon R,TRAFFIC SIGNAL,FREEZING RAIN/DRIZZLE,DAYLIGHT,NOT DIVIDED,WET,"RUT, HOLES",16,6,11
Maruti Suzuki Wagon R,TRAFFIC SIGNAL,UNKNOWN,"DARKNESS, LIGHTED ROAD",UNKNOWN INTERSECTION TYPE,DRY,"RUT, HOLES",15,4,4
Toyota Fortuner,TRAFFIC SIGNAL,CLEAR,DAYLIGHT,NOT DIVIDED,DRY,WORN SURFACE,10,2,10
Honda Amaze,NO CONTROLS,CLOUDY/OVERCAST,DAYLIGHT,NOT DIVIDED,DRY,"RUT, HOLES",9,4,8
Honda City,OTHER WARNING SIGN,FOG/SMOKE/HAZE,DAYLIGHT,ALLEY,DRY,"RUT, HOLES",10,1,1
Nissan Magnite,NO CONTROLS,CLEAR,DAYLIGHT,"FIVE POINT, OR MORE",OTHER,"RUT, HOLES",17,3,12
Renault Kiger,NO CONTROLS,SLEET/HAIL,DARKNESS,NOT DIVIDED,OTHER,NO DEFECTS,1,6,7
Tata Nexon,NO PASSING,OTHER,UNKNOWN,NOT DIVIDED,UNKNOWN,"RUT, HOLES",15,3,5
Nissan Magnite,FLASHING CONTROL SIGNAL,RAIN,DAYLIGHT,FOUR WAY,"SAND, MUD, DIRT","RUT, HOLES",7,5,7
Toyota Innova,STOP SIGN/FLASHER,FREEZING RAIN/DRIZZLE,DAWN,NOT DIVIDED,UNKNOWN,NO DEFECTS,6,3,11
Mahindra Thar,NO CONTROLS,CLEAR,DAYLIGHT,NOT DIVIDED,WET,WORN SURFACE,16,2,5
Tata Harrier,NO CONTROLS,CLEAR,DAYLIGHT,T-INTERSECTION,UNKNOWN,NO DEFECTS,10,5,3
Hyundai i20,STOP SIGN/FLASHER,CLEAR,DAYLIGHT,FOUR WAY,WET,"RUT, HOLES",13,1,2
Volkswagen Virtus,TRAFFIC SIGNAL,CLEAR,DAYLIGHT,NOT DIVIDED,"SAND, MUD, DIRT",NO DEFECTS,11,7,5
Tata Altroz,NO CONTROLS,CLOUDY/OVERCAST,DAYLIGHT,NOT DIVIDED,DRY,"RUT, HOLES",16,6,10
Tata Punch,TRAFFIC SIGNAL,OTHER,DAYLIGHT,NOT DIVIDED,WET,WORN SURFACE,14,7,7
Tata Harrier,NO CONTROLS,FREEZING RAIN/DRIZZLE,DARKNESS,DIVIDED - W/MEDIAN (NOT RAISED),OTHER,"RUT, HOLES",22,7,4
Nissan Magnite,TRAFFIC SIGNAL,UNKNOWN,DAYLIGHT,FOUR WAY,DRY,"RUT, HOLES",11,6,3
Hyundai i20,STOP SIGN/FLASHER,CLOUDY/OVERCAST,"DARKNESS, LIGHTED ROAD",FOUR WAY,DRY,WORN SURFACE,18,6,6
Kia Sonet,OTHER WARNING SIGN,CLOUDY/OVERCAST,DAWN,ALLEY,DRY,NO DEFECTS,9,5,12
Maruti Suzuki Wagon R,TRAFFIC SIGNAL,RAIN,DAYLIGHT,DIVIDED - W/MEDIAN BARRIER,DRY,NO DEFECTS,14,2,6
Tata Nexon,STOP SIGN/FLASHER,SNOW,DAYLIGHT,NOT DIVIDED,WET,NO DEFECTS,15,6,12
Maruti Suzuki Baleno,NO CONTROLS,UNKNOWN,DAYLIGHT,ONE-WAY,DRY,"RUT, HOLES",10,3,7
Honda City,STOP SIGN/FLASHER,UNKNOWN,DAYLIGHT,FOUR WAY,DRY,WORN SURFACE,14,5,3
Tata Altroz,NO CONTROLS,SLEET/HAIL,"DARKNESS, LIGHTED ROAD",DIVIDED - W/MEDIAN BARRIER,OTHER,"RUT, HOLES",9,6,11
Maruti Suzuki Brezza,OTHER,RAIN,"DARKNESS, LIGHTED ROAD",OTHER,DRY,NO DEFECTS,0,5,7
Skoda Slavia,NO CONTROLS,RAIN,DAYLIGHT,NOT DIVIDED,WET,NO DEFECTS,8,5,9
Kia Sonet,YIELD,CLEAR,DAYLIGHT,NOT DIVIDED,"SAND, MUD, DIRT",NO DEFECTS,17,3,12
Maruti Suzuki Swift,NO CONTROLS,CLOUDY/OVERCAST,DAYLIGHT,DIVIDED - W/MEDIAN (NOT RAISED),DRY,NO DEFECTS,18,6,1
Tata Nexon,NO CONTROLS,CLEAR,DAYLIGHT,NOT DIVIDED,DRY,"RUT, HOLES",9,7,2
Maruti Suzuki Brezza,NO CONTROLS,RAIN,DAYLIGHT,NOT DIVIDED,"SAND, MUD, DIRT",NO DEFECTS,12,4,9
Mahindra Scorpio,TRAFFIC SIGNAL,SLEET/HAIL,DARKNESS,NOT DIVIDED,"SAND, MUD, DIRT",WORN SURFACE,1,1,5
Tata Harrier,STOP SIGN/FLASHER,CLEAR,DAYLIGHT,RAMP,DRY,OTHER,8,5,3
Toyota Innova,NO CONTROLS,FOG/SMOKE/HAZE,DARKNESS,NOT DIVIDED,DRY,NO DEFECTS,18,3,1
Maruti Suzuki Swift,NO CONTROLS,CLEAR,DAYLIGHT,ONE-WAY,DRY,DEBRIS ON ROADWAY,16,4,1
Hyundai Venue,NO CONTROLS,RAIN,DAWN,RAMP,OTHER,"RUT, HOLES",8,2,10
Maruti Suzuki Wagon R,NO CONTROLS,CLEAR,DAYLIGHT,UNKNOWN,"SAND, MUD, DIRT",SHOULDER DEFECT,9,5,2
Maruti Suzuki Wagon R,TRAFFIC SIGNAL,RAIN,DUSK,FOUR WAY,WET,NO DEFECTS,19,6,7
Skoda Slavia,STOP SIGN/FLASHER,CLEAR,DAWN,DIVIDED - W/MEDIAN (NOT RAISED),DRY,DEBRIS ON ROADWAY,8,6,8
Hyundai Verna,NO CONTROLS,CLOUDY/OVERCAST,DAYLIGHT,NOT DIVIDED,DRY,OTHER,11,7,7
Volkswagen Virtus,NO CONTROLS,RAIN,DAYLIGHT,OTHER,"SAND, MUD, DIRT",DEBRIS ON ROADWAY,17,2,1
Hyundai Verna,NO CONTROLS,CLEAR,DAYLIGHT,NOT DIVIDED,DRY,WORN SURFACE,15,7,10
Mahindra XUV700,TRAFFIC SIGNAL,CLEAR,DAYLIGHT,NOT DIVIDED,DRY,NO DEFECTS,13,6,1
Tata Altroz,TRAFFIC SIGNAL,FOG/SMOKE/HAZE,DARKNESS,NOT DIVIDED,WET,NO DEFECTS,19,6,9
Skoda Slavia,TRAFFIC SIGNAL,CLOUDY/OVERCAST,DARKNESS,NOT DIVIDED,DRY,DEBRIS ON ROADWAY,8,6,11
Hyundai Creta,TRAFFIC SIGNAL,RAIN,DAYLIGHT,T-INTERSECTION,WET,NO DEFECTS,18,5,7
Tata Altroz,NO CONTROLS,RAIN,DAYLIGHT,NOT DIVIDED,WET,NO DEFECTS,7,3,7
Tata Altroz,OTHER WARNING SIGN,RAIN,UNKNOWN,NOT DIVIDED,WET,NO DEFECTS,16,7,7
Tata Harrier,NO CONTROLS,RAIN,"DARKNESS, LIGHTED ROAD",NOT DIVIDED,"SAND, MUD, DIRT","RUT, HOLES",20,2,6
Maruti Suzuki Wagon R,TRAFFIC SIGNAL,CLOUDY/OVERCAST,DAYLIGHT,OTHER,DRY,"RUT, HOLES",13,2,11
Maruti Suzuki Wagon R,NO CONTROLS,FOG/SMOKE/HAZE,DAYLIGHT,T-INTERSECTION,DRY,OTHER,17,1,11
Honda Amaze,NO CONTROLS,SLEET/HAIL,DARKNESS,NOT DIVIDED,WET,DEBRIS ON ROADWAY,19,6,6
Volkswagen Virtus,STOP SIGN/FLASHER,CLOUDY/OVERCAST,DAYLIGHT,NOT DIVIDED,DRY,"RUT, HOLES",6,7,8
Volkswagen Virtus,NO CONTROLS,RAIN,DAYLIGHT,NOT DIVIDED,WET,"RUT, HOLES",17,2,12
Mahindra Scorpio,NO CONTROLS,CLEAR,DARKNESS,NOT DIVIDED,DRY,NO DEFECTS,21,1,12
Honda City,NO CONTROLS,RAIN,DAYLIGHT,CENTER TURN LANE,OTHER,NO DEFECTS,15,2,7
Mahindra XUV700,TRAFFIC SIGNAL,OTHER,DAYLIGHT,NOT DIVIDED,"SAND, MUD, DIRT",SHOULDER DEFECT,7,7,7
Mahindra XUV700,TRAFFIC SIGNAL,UNKNOWN,DARKNESS,ONE-WAY,"SAND, MUD, DIRT","RUT, HOLES",6,1,5
Hyundai Venue,NO CONTROLS,FOG/SMOKE/HAZE,DAYLIGHT,NOT DIVIDED,WET,"RUT, HOLES",7,1,12
Tata Nexon,NO CONTROLS,OTHER,DARKNESS,NOT DIVIDED,"SAND, MUD, DIRT",NO DEFECTS,5,1,2
Hyundai i20,TRAFFIC SIGNAL,CLEAR,DAYLIGHT,OTHER,WET,"RUT, HOLES",14,7,8
Tata Nexon,STOP SIGN/FLASHER,CLOUDY/OVERCAST,DARKNESS,NOT DIVIDED,WET,NO DEFECTS,3,2,5
Kia Sonet,STOP SIGN/FLASHER,RAIN,DAYLIGHT,T-INTERSECTION,WET,NO DEFECTS,8,7,5
Hyundai Creta,FLASHING CONTROL SIGNAL,RAIN,DAYLIGHT,NOT DIVIDED,WET,SHOULDER DEFECT,13,4,6
Kia Seltos,STOP SIGN/FLASHER,RAIN,UNKNOWN,T-INTERSECTION,WET,NO DEFECTS,14,4,12
Tata Punch,NO CONTROLS,CLEAR,DAYLIGHT,DIVIDED - W/MEDIAN BARRIER,OTHER,"RUT, HOLES",15,4,1
Mahindra XUV700,TRAFFIC SIGNAL,CLEAR,DAYLIGHT,ONE-WAY,DRY,WORN SURFACE,17,4,8
Nissan Magnite,TRAFFIC SIGNAL,CLOUDY/OVERCAST,DARKNESS,NOT DIVIDED,DRY,SHOULDER DEFECT,1,3,1
Mahindra Scorpio,STOP SIGN/FLASHER,CLEAR,DUSK,ALLEY,WET,WORN SURFACE,4,6,3
Maruti Suzuki Brezza,TRAFFIC SIGNAL,RAIN,"DARKNESS, LIGHTED ROAD",DIVIDED - W/MEDIAN (NOT RAISED),WET,DEBRIS ON ROADWAY,3,4,7
Mahindra XUV700,STOP SIGN/FLASHER,RAIN,DAYLIGHT,DIVIDED - W/MEDIAN BARRIER,OTHER,NO DEFECTS,13,7,7
Hyundai Verna,NO CONTROLS,CLOUDY/OVERCAST,DARKNESS,NOT DIVIDED,DRY,DEBRIS ON ROADWAY,1,4,5
Hyundai Venue,NO CONTROLS,RAIN,DAYLIGHT,NOT DIVIDED,DRY,NO DEFECTS,18,6,6
Hyundai Verna,NO CONTROLS,CLEAR,DAYLIGHT,T-INTERSECTION,WET,NO DEFECTS,8,6,1
Mahindra Scorpio,STOP SIGN/FLASHER,CLOUDY/OVERCAST,"DARKNESS, LIGHTED ROAD",FOUR WAY,UNKNOWN,NO DEFECTS,22,4,5
Skoda Slavia,NO CONTROLS,FOG/SMOKE/HAZE,DAYLIGHT,FOUR WAY,DRY,DEBRIS ON ROADWAY,8,6,12
Skoda Slavia,TRAFFIC SIGNAL,RAIN,DAYLIGHT,NOT DIVIDED,"SAND, MUD, DIRT","RUT, HOLES",13,2,12
Tata Altroz,NO CONTROLS,RAIN,DUSK,NOT DIVIDED,WET,NO DEFECTS,18,2,6
Tata Nexon,NO CONTROLS,RAIN,DAYLIGHT,NOT DIVIDED,WET,NO DEFECTS,17,5,8
Honda City,NO CONTROLS,CLEAR,DAYLIGHT,NOT DIVIDED,DRY,NO DEFECTS,16,6,11
Tata Nexon,TRAFFIC SIGNAL,FOG/SMOKE/HAZE,"DARKNESS, LIGHTED ROAD",NOT DIVIDED,DRY,"RUT, HOLES",20,5,1
Maruti Suzuki Swift,STOP SIGN/FLASHER,CLEAR,DAYLIGHT,DRIVEWAY,DRY,NO DEFECTS,13,4,10
Honda Amaze,TRAFFIC SIGNAL,FOG/SMOKE/HAZE,UNKNOWN,NOT DIVIDED,DRY,"RUT, HOLES",18,2,12
Toyota Fortuner,NO CONTROLS,UNKNOWN,DAYLIGHT,NOT DIVIDED,DRY,WORN SURFACE,12,3,1
Skoda Slavia,STOP SIGN/FLASHER,CLEAR,DARKNESS,T-INTERSECTION,DRY,"RUT, HOLES",19,5,3
Maruti Suzuki Wagon R,TRAFFIC SIGNAL,FOG/SMOKE/HAZE,DAYLIGHT,FOUR WAY,DRY,WORN SURFACE,7,2,12
Tata Punch,TRAFFIC SIGNAL,RAIN,DAYLIGHT,T-INTERSECTION,WET,NO DEFECTS,9,5,7
Tata Punch,STOP SIGN/FLASHER,RAIN,DAYLIGHT,FOUR WAY,OTHER,NO DEFECTS,17,2,1
Skoda Slavia,NO CONTROLS,CLEAR,DAYLIGHT,NOT DIVIDED,DRY,WORN SURFACE,8,1,5
Volkswagen Virtus,YIELD,RAIN,DAYLIGHT,DIVIDED - W/MEDIAN (NOT RAISED),WET,WORN SURFACE,8,3,7
Maruti Suzuki Brezza,STOP SIGN/FLASHER,CLEAR,DAYLIGHT,NOT DIVIDED,WET,"RUT, HOLES",10,3,9
Hyundai i20,OTHER,SLEET/HAIL,DAYLIGHT,NOT DIVIDED,WET,WORN SURFACE,17,6,9
Honda City,STOP SIGN/FLASHER,FOG/SMOKE/HAZE,DARKNESS,PARKING LOT,DRY,"RUT, HOLES",19,4,12
Honda Amaze,NO CONTROLS,CLOUDY/OVERCAST,DAYLIGHT,T-INTERSECTION,DRY,NO DEFECTS,17,1,5
Toyota Innova,NO CONTROLS,CLEAR,"DARKNESS, LIGHTED ROAD",ONE-WAY,"SAND, MUD, DIRT","RUT, HOLES",19,6,7
Tata Harrier,NO CONTROLS,RAIN,DUSK,NOT DIVIDED,UNKNOWN,NO DEFECTS,15,3,7
Tata Punch,STOP SIGN/FLASHER,RAIN,DARKNESS,NOT DIVIDED,WET,"RUT, HOLES",3,5,6
Mahindra Scorpio,TRAFFIC SIGNAL,CLEAR,DARKNESS,DIVIDED - W/MEDIAN (NOT RAISED),DRY,NO DEFECTS,5,5,3
Kia Seltos,NO CONTROLS,CLEAR,DARKNESS,NOT DIVIDED,DRY,NO DEFECTS,15,7,12
Honda City,NO CONTROLS,UNKNOWN,DAYLIGHT,OTHER,DRY,DEBRIS ON ROADWAY,10,2,11
Kia Seltos,NO CONTROLS,RAIN,DAYLIGHT,NOT DIVIDED,WET,NO DEFECTS,8,2,7
Skoda Slavia,LANE USE MARKING,RAIN,DAYLIGHT,FOUR WAY,"SAND, MUD, DIRT",NO DEFECTS,14,2,8
Toyota Fortuner,NO CONTROLS,CLEAR,DARKNESS,DIVIDED - W/MEDIAN (NOT RAISED),DRY,UNKNOWN,17,5,4
Hyundai Verna,NO CONTROLS,CLOUDY/OVERCAST,DAYLIGHT,OTHER,DRY,"RUT, HOLES",12,2,8
Maruti Suzuki Wagon R,STOP SIGN/FLASHER,CLOUDY/OVERCAST,"DARKNESS, LIGHTED ROAD",NOT DIVIDED,DRY,"RUT, HOLES",19,3,9
Tata Harrier,STOP SIGN/FLASHER,CLEAR,DUSK,NOT DIVIDED,OTHER,SHOULDER DEFECT,18,5,7
Maruti Suzuki Brezza,TRAFFIC SIGNAL,FOG/SMOKE/HAZE,DAYLIGHT,OTHER,DRY,"RUT, HOLES",17,1,12
Kia Sonet,NO CONTROLS,CLOUDY/OVERCAST,DARKNESS,NOT DIVIDED,WET,NO DEFECTS,23,7,8
Maruti Suzuki Wagon R,NO CONTROLS,RAIN,DAYLIGHT,T-INTERSECTION,WET,"RUT, HOLES",10,5,6
Renault Kiger,NO CONTROLS,CLEAR,DAYLIGHT,NOT DIVIDED,WET,WORN SURFACE,16,4,10
Tata Nexon,NO CONTROLS,CLEAR,DUSK,Y-INTERSECTION,DRY,SHOULDER DEFECT,20,3,3
Mahindra Thar,NO CONTROLS,RAIN,DAYLIGHT,OTHER,WET,NO DEFECTS,15,2,6
Hyundai i20,NO CONTROLS,CLOUDY/OVERCAST,DARKNESS,ONE-WAY,WET,NO DEFECTS,18,4,6
Hyundai i20,TRAFFIC SIGNAL,RAIN,DAYLIGHT,NOT DIVIDED,"SAND, MUD, DIRT",NO DEFECTS,12,4,7
Honda Amaze,TRAFFIC SIGNAL,CLOUDY/OVERCAST,DAYLIGHT,NOT DIVIDED,DRY,"RUT, HOLES",16,1,10
Volkswagen Virtus,TRAFFIC SIGNAL,RAIN,DARKNESS,NOT DIVIDED,WET,NO DEFECTS,2,7,7
Maruti Suzuki Baleno,TRAFFIC SIGNAL,CLOUDY/OVERCAST,DAWN,NOT DIVIDED,DRY,DEBRIS ON ROADWAY,23,6,10
Kia Sonet,NO CONTROLS,RAIN,DARKNESS,NOT DIVIDED,WET,OTHER,19,4,8
Kia Sonet,NO CONTROLS,RAIN,DARKNESS,NOT DIVIDED,DRY,WORN SURFACE,20,3,6
Mahindra Scorpio,TRAFFIC SIGNAL,CLEAR,UNKNOWN,NOT DIVIDED,WET,OTHER,17,4,10
Hyundai Venue,STOP SIGN/FLASHER,CLEAR,DAYLIGHT,NOT DIVIDED,DRY,NO DEFECTS,7,2,4
Mahindra Scorpio,TRAFFIC SIGNAL,CLEAR,"DARKNESS, LIGHTED ROAD",T-INTERSECTION,DRY,WORN SURFACE,1,1,4
Toyota Innova,TRAFFIC SIGNAL,RAIN,"DARKNESS, LIGHTED ROAD",NOT DIVIDED,DRY,WORN SURFACE,20,3,7
Hyundai Verna,PEDESTRIAN CROSSING SIGN,FOG/SMOKE/HAZE,DAYLIGHT,NOT REPORTED,DRY,NO DEFECTS,8,1,5
Mahindra Scorpio,TRAFFIC SIGNAL,CLEAR,DAYLIGHT,NOT DIVIDED,DRY,NO DEFECTS,9,1,1
Toyota Innova,NO CONTROLS,CLEAR,"DARKNESS, LIGHTED ROAD",NOT DIVIDED,DRY,"RUT, HOLES",15,1,8
Mahindra XUV700,NO CONTROLS,OTHER,DAYLIGHT,NOT DIVIDED,DRY,WORN SURFACE,13,7,7
Maruti Suzuki Baleno,STOP SIGN/FLASHER,RAIN,DAYLIGHT,FOUR WAY,"SAND, MUD, DIRT",SHOULDER DEFECT,17,2,7
Maruti Suzuki Baleno,TRAFFIC SIGNAL,CLOUDY/OVERCAST,DAYLIGHT,NOT DIVIDED,DRY,"RUT, HOLES",14,2,12
Nissan Magnite,NO CONTROLS,RAIN,DAYLIGHT,NOT DIVIDED,WET,WORN SURFACE,17,4,8
Honda Amaze,NO CONTROLS,CLOUDY/OVERCAST,"DARKNESS, LIGHTED ROAD",NOT DIVIDED,DRY,NO DEFECTS,20,5,11
Hyundai Verna,OTHER RAILROAD CROSSING,CLEAR,DARKNESS,FOUR WAY,WET,WORN SURFACE,8,1,2
Maruti Suzuki Baleno,NO CONTROLS,CLEAR,DAWN,NOT DIVIDED,DRY,"RUT, HOLES",10,7,8
Skoda Slavia,NO CONTROLS,CLEAR,DARKNESS,NOT DIVIDED,"SAND, MUD, DIRT",NO DEFECTS,13,2,11
Honda City,NO CONTROLS,RAIN,DARKNESS,"FIVE POINT, OR MORE",WET,OTHER,22,7,8
Renault Kiger,YIELD,RAIN,DAYLIGHT,NOT DIVIDED,WET,"RUT, HOLES",11,2,9
Tata Punch,TRAFFIC SIGNAL,RAIN,DAYLIGHT,NOT DIVIDED,WET,WORN SURFACE,12,1,6
Mahindra Thar,STOP SIGN/FLASHER,CLEAR,DAYLIGHT,NOT DIVIDED,UNKNOWN,"RUT, HOLES",17,7,1
Mahindra XUV700,STOP SIGN/FLASHER,RAIN,DAYLIGHT,NOT DIVIDED,WET,DEBRIS ON ROADWAY,13,4,7
Tata Nexon,UNKNOWN,CLEAR,DARKNESS,NOT DIVIDED,WET,NO DEFECTS,22,7,6
Mahindra Thar,NO CONTROLS,CLOUDY/OVERCAST,DAWN,NOT DIVIDED,OTHER,"RUT, HOLES",20,6,11
Volkswagen Virtus,NO CONTROLS,CLEAR,DAYLIGHT,FOUR WAY,DRY,NO DEFECTS,14,2,4
Maruti Suzuki Brezza,NO CONTROLS,RAIN,DAYLIGHT,NOT DIVIDED,WET,NO DEFECTS,16,7,12
Kia Seltos,NO CONTROLS,CLOUDY/OVERCAST,DARKNESS,Y-INTERSECTION,DRY,NO DEFECTS,2,1,12
Hyundai Venue,NO CONTROLS,CLOUDY/OVERCAST,DAYLIGHT,NOT DIVIDED,DRY,"RUT, HOLES",17,4,4
Nissan Magnite,UNKNOWN,CLEAR,DAYLIGHT,UNKNOWN INTERSECTION TYPE,DRY,WORN SURFACE,17,2,6
Mahindra XUV700,NO CONTROLS,FOG/SMOKE/HAZE,DAYLIGHT,NOT DIVIDED,"SAND, MUD, DIRT","RUT, HOLES",7,3,11
Mahindra Scorpio,TRAFFIC SIGNAL,BLOWING SNOW,DAYLIGHT,T-INTERSECTION,SNOW OR SLUSH,"RUT, HOLES",8,6,12
Maruti Suzuki Wagon R,TRAFFIC SIGNAL,RAIN,DAWN,OTHER,WET,DEBRIS ON ROADWAY,21,6,7
Maruti Suzuki Baleno,NO CONTROLS,RAIN,DAYLIGHT,DIVIDED - W/MEDIAN (NOT RAISED),WET,WORN SURFACE,13,4,6
Renault Kiger,UNKNOWN,RAIN,DAYLIGHT,OTHER,WET,NO DEFECTS,17,1,7
Maruti Suzuki Brezza,TRAFFIC SIGNAL,RAIN,DARKNESS,NOT DIVIDED,"SAND, MUD, DIRT",NO DEFECTS,1,1,9
Honda City,STOP SIGN/FLASHER,CLEAR,DAYLIGHT,NOT DIVIDED,DRY,NO DEFECTS,12,6,5
Hyundai Creta,NO CONTROLS,SLEET/HAIL,DARKNESS,ONE-WAY,OTHER,NO DEFECTS,19,7,9
Skoda Slavia,TRAFFIC SIGNAL,CLEAR,DAYLIGHT,NOT DIVIDED,"SAND, MUD, DIRT",NO DEFECTS,12,7,1
Toyota Fortuner,NO CONTROLS,FOG/SMOKE/HAZE,DAYLIGHT,T-INTERSECTION,"SAND, MUD, DIRT",WORN SURFACE,12,1,1
Hyundai Creta,NO CONTROLS,CLOUDY/OVERCAST,DAYLIGHT,NOT DIVIDED,DRY,NO DEFECTS,8,1,6
Nissan Magnite,NO CONTROLS,RAIN,DAYLIGHT,FOUR WAY,WET,NO DEFECTS,12,5,6
Nissan Magnite,NO CONTROLS,CLEAR,DARKNESS,UNKNOWN INTERSECTION TYPE,DRY,NO DEFECTS,21,5,6
Tata Punch,TRAFFIC SIGNAL,CLEAR,DAYLIGHT,NOT DIVIDED,DRY,"RUT, HOLES",15,5,7
Honda City,TRAFFIC SIGNAL,CLEAR,DARKNESS,NOT DIVIDED,DRY,DEBRIS ON ROADWAY,21,7,6
Mahindra Thar,NO CONTROLS,RAIN,"DARKNESS, LIGHTED ROAD",DIVIDED - W/MEDIAN (NOT RAISED),WET,UNKNOWN,21,2,3
Tata Punch,TRAFFIC SIGNAL,RAIN,"DARKNESS, LIGHTED ROAD",T-INTERSECTION,UNKNOWN,"RUT, HOLES",22,2,6
Tata Punch,STOP SIGN/FLASHER,FOG/SMOKE/HAZE,"DARKNESS, LIGHTED ROAD",NOT DIVIDED,DRY,"RUT, HOLES",19,7,12
Hyundai Venue,NO CONTROLS,RAIN,DARKNESS,NOT DIVIDED,WET,WORN SURFACE,0,6,6
Maruti Suzuki Wagon R,NO CONTROLS,CLOUDY/OVERCAST,DUSK,DIVIDED - W/MEDIAN (NOT RAISED),WET,"RUT, HOLES",21,6,7
Volkswagen Virtus,TRAFFIC SIGNAL,RAIN,DAWN,NOT DIVIDED,WET,"RUT, HOLES",6,3,8
Kia Sonet,TRAFFIC SIGNAL,FOG/SMOKE/HAZE,DARKNESS,DIVIDED - W/MEDIAN (NOT RAISED),DRY,WORN SURFACE,4,5,12
Honda City,NO CONTROLS,CLEAR,DARKNESS,T-INTERSECTION,DRY,"RUT, HOLES",2,6,4
Maruti Suzuki Wagon R,NO CONTROLS,SLEET/HAIL,DAYLIGHT,NOT DIVIDED,WET,UNKNOWN,11,5,9
Tata Nexon,NO CONTROLS,CLOUDY/OVERCAST,DAYLIGHT,DIVIDED - W/MEDIAN (NOT RAISED),DRY,NO DEFECTS,16,6,9
Kia Seltos,TRAFFIC SIGNAL,UNKNOWN,UNKNOWN,NOT DIVIDED,DRY,"RUT, HOLES",12,5,8
Renault Kiger,LANE USE MARKING,FOG/SMOKE/HAZE,DARKNESS,NOT DIVIDED,DRY,NO DEFECTS,3,7,1
Renault Kiger,STOP SIGN/FLASHER,RAIN,DAWN,NOT DIVIDED,WET,WORN SURFACE,14,4,9
Hyundai Venue,NO CONTROLS,FOG/SMOKE/HAZE,DAYLIGHT,NOT DIVIDED,DRY,NO DEFECTS,8,1,1
Hyundai Verna,STOP SIGN/FLASHER,OTHER,DUSK,FOUR WAY,DRY,"RUT, HOLES",18,2,8
Volkswagen Virtus,OTHER RAILROAD CROSSING,RAIN,"DARKNESS, LIGHTED ROAD",T-INTERSECTION,WET,WORN SURFACE,9,7,9
Toyota Innova,LANE USE MARKING,CLOUDY/OVERCAST,DAYLIGHT,NOT DIVIDED,DRY,"RUT, HOLES",8,4,4
Tata Punch,RAILROAD CROSSING GATE,FOG/SMOKE/HAZE,DAYLIGHT,Y-INTERSECTION,"SAND, MUD, DIRT","RUT, HOLES",7,1,11
Tata Punch,TRAFFIC SIGNAL,CLOUDY/OVERCAST,DAWN,NOT DIVIDED,WET,"RUT, HOLES",10,2,1
Hyundai Verna,STOP SIGN/FLASHER,FOG/SMOKE/HAZE,DARKNESS,FOUR WAY,DRY,WORN SURFACE,11,1,11
Maruti Suzuki Wagon R,OTHER,SLEET/HAIL,DAYLIGHT,NOT DIVIDED,UNKNOWN,"RUT, HOLES",14,2,7
Toyota Innova,OTHER,CLEAR,DUSK,DIVIDED - W/MEDIAN (NOT RAISED),WET,SHOULDER DEFECT,11,7,4
Renault Kiger,NO CONTROLS,CLEAR,DAYLIGHT,T-INTERSECTION,DRY,WORN SURFACE,12,3,2
Mahindra XUV700,TRAFFIC SIGNAL,FOG/SMOKE/HAZE,DAYLIGHT,NOT DIVIDED,UNKNOWN,NO DEFECTS,7,2,12
Tata Harrier,PEDESTRIAN CROSSING SIGN,FOG/SMOKE/HAZE,"DARKNESS, LIGHTED ROAD",CENTER TURN LANE,DRY,"RUT, HOLES",21,5,1
Hyundai Venue,OTHER,CLEAR,"DARKNESS, LIGHTED ROAD",ONE-WAY,UNKNOWN,NO DEFECTS,8,6,3
Maruti Suzuki Brezza,TRAFFIC SIGNAL,RAIN,DARKNESS,DIVIDED - W/MEDIAN (NOT RAISED),WET,NO DEFECTS,19,7,6
Honda City,STOP SIGN/FLASHER,RAIN,DAYLIGHT,NOT DIVIDED,WET,NO DEFECTS,17,6,8
Hyundai Verna,TRAFFIC SIGNAL,CLEAR,DARKNESS,OTHER,WET,SHOULDER DEFECT,0,1,8
Maruti Suzuki Brezza,STOP SIGN/FLASHER,RAIN,"DARKNESS, LIGHTED ROAD",NOT DIVIDED,WET,NO DEFECTS,23,7,2
Maruti Suzuki Swift,NO CONTROLS,UNKNOWN,DAYLIGHT,NOT DIVIDED,DRY,"RUT, HOLES",18,6,5
Mahindra XUV700,NO CONTROLS,CLEAR,DAYLIGHT,T-INTERSECTION,"SAND, MUD, DIRT",NO DEFECTS,17,2,4
Maruti Suzuki Wagon R,STOP SIGN/FLASHER,RAIN,DAYLIGHT,NOT DIVIDED,WET,DEBRIS ON ROADWAY,12,3,4
Nissan Magnite,STOP SIGN/FLASHER,RAIN,DAYLIGHT,NOT DIVIDED,OTHER,"RUT, HOLES",15,7,6
Mahindra Scorpio,STOP SIGN/FLASHER,RAIN,DAYLIGHT,DIVIDED - W/MEDIAN (NOT RAISED),WET,WORN SURFACE,9,2,9
Volkswagen Virtus,NO CONTROLS,CLOUDY/OVERCAST,DARKNESS,NOT DIVIDED,"SAND, MUD, DIRT","RUT, HOLES",1,2,4
Mahindra XUV700,STOP SIGN/FLASHER,SLEET/HAIL,"DARKNESS, LIGHTED ROAD",NOT DIVIDED,WET,NO DEFECTS,19,3,6
Mahindra Thar,TRAFFIC SIGNAL,RAIN,"DARKNESS, LIGHTED ROAD",T-INTERSECTION,WET,DEBRIS ON ROADWAY,20,6,6
Mahindra Thar,TRAFFIC SIGNAL,FOG/SMOKE/HAZE,DUSK,NOT DIVIDED,DRY,"RUT, HOLES",6,4,12
Hyundai i20,STOP SIGN/FLASHER,FOG/SMOKE/HAZE,DUSK,T-INTERSECTION,WET,"RUT, HOLES",18,3,12
Toyota Fortuner,TRAFFIC SIGNAL,UNKNOWN,DUSK,OTHER,DRY,"RUT, HOLES",18,3,10
Kia Seltos,NO CONTROLS,RAIN,DAYLIGHT,DIVIDED - W/MEDIAN (NOT RAISED),WET,DEBRIS ON ROADWAY,7,1,4
Honda Amaze,NO CONTROLS,CLEAR,"DARKNESS, LIGHTED ROAD",T-INTERSECTION,DRY,NO DEFECTS,13,5,1
Hyundai Creta,NO CONTROLS,CLOUDY/OVERCAST,DAYLIGHT,NOT DIVIDED,DRY,NO DEFECTS,13,3,6
Maruti Suzuki Brezza,TRAFFIC SIGNAL,CLEAR,"DARKNESS, LIGHTED ROAD",NOT DIVIDED,DRY,SHOULDER DEFECT,18,3,5
Tata Harrier,STOP SIGN/FLASHER,RAIN,DARKNESS,NOT DIVIDED,DRY,NO DEFECTS,19,1,7
Toyota Fortuner,STOP SIGN/FLASHER,CLOUDY/OVERCAST,DARKNESS,NOT DIVIDED,DRY,"RUT, HOLES",5,5,10
Tata Harrier,TRAFFIC SIGNAL,SLEET/HAIL,DAYLIGHT,NOT DIVIDED,WET,NO DEFECTS,15,6,11
Hyundai i20,NO CONTROLS,RAIN,DARKNESS,FOUR WAY,OTHER,NO DEFECTS,18,7,11
Honda Amaze,NO CONTROLS,CLEAR,DUSK,NOT DIVIDED,WET,"RUT, HOLES",18,2,6
Mahindra XUV700,NO CONTROLS,CLOUDY/OVERCAST,DAYLIGHT,OTHER,OTHER,SHOULDER DEFECT,7,7,9
Tata Harrier,NO CONTROLS,RAIN,DAYLIGHT,DIVIDED - W/MEDIAN (NOT RAISED),OTHER,"RUT, HOLES",15,3,6
Maruti Suzuki Swift,NO CONTROLS,RAIN,DARKNESS,NOT DIVIDED,WET,NO DEFECTS,20,6,1
Maruti Suzuki Brezza,OTHER REG. SIGN,RAIN,DAYLIGHT,ALLEY,OTHER,NO DEFECTS,10,7,9
Kia Seltos,STOP SIGN/FLASHER,FOG/SMOKE/HAZE,DAYLIGHT,DIVIDED - W/MEDIAN BARRIER,DRY,UNKNOWN,8,7,1
Mahindra Scorpio,STOP SIGN/FLASHER,CLOUDY/OVERCAST,DARKNESS,DIVIDED - W/MEDIAN BARRIER,OTHER,NO DEFECTS,19,3,6
Hyundai Venue,TRAFFIC SIGNAL,RAIN,DARKNESS,T-INTERSECTION,WET,NO DEFECTS,5,3,6
Tata Altroz,NO CONTROLS,RAIN,DAWN,FOUR WAY,WET,UNKNOWN,20,4,9
Skoda Slavia,FLASHING CONTROL SIGNAL,CLOUDY/OVERCAST,DAYLIGHT,NOT DIVIDED,WET,DEBRIS ON ROADWAY,10,5,9
Mahindra XUV700,OTHER REG. SIGN,CLEAR,DARKNESS,NOT DIVIDED,"SAND, MUD, DIRT",WORN SURFACE,0,6,5
Mahindra Scorpio,TRAFFIC SIGNAL,CLEAR,DAYLIGHT,FOUR WAY,DRY,NO DEFECTS,8,6,10
Mahindra XUV700,NO CONTROLS,CLEAR,DARKNESS,NOT DIVIDED,DRY,NO DEFECTS,5,1,5
Kia Sonet,OTHER,RAIN,"DARKNESS, LIGHTED ROAD",DIVIDED - W/MEDIAN BARRIER,WET,NO DEFECTS,5,5,7
Skoda Slavia,NO CONTROLS,RAIN,DAYLIGHT,UNKNOWN INTERSECTION TYPE,DRY,"RUT, HOLES",17,2,9
Volkswagen Virtus,TRAFFIC SIGNAL,CLOUDY/OVERCAST,DAYLIGHT,NOT DIVIDED,DRY,NO DEFECTS,8,6,9
Toyota Fortuner,STOP SIGN/FLASHER,FOG/SMOKE/HAZE,"DARKNESS, LIGHTED ROAD",NOT DIVIDED,WET,NO DEFECTS,20,7,12
Honda City,NO CONTROLS,OTHER,DAYLIGHT,NOT DIVIDED,DRY,NO DEFECTS,14,6,4
Toyota Fortuner,OTHER,RAIN,DAYLIGHT,ONE-WAY,WET,SHOULDER DEFECT,13,6,8
Mahindra Scorpio,UNKNOWN,RAIN,"DARKNESS, LIGHTED ROAD",NOT DIVIDED,WET,WORN SURFACE,13,1,8
Volkswagen Virtus,OTHER,FOG/SMOKE/HAZE,DAYLIGHT,NOT DIVIDED,"SAND, MUD, DIRT","RUT, HOLES",16,2,12
Renault Kiger,NO CONTROLS,OTHER,DUSK,NOT DIVIDED,OTHER,NO DEFECTS,13,3,3
Maruti Suzuki Swift,NO CONTROLS,RAIN,DARKNESS,NOT DIVIDED,WET,DEBRIS ON ROADWAY,6,7,9
Toyota Innova,UNKNOWN,CLOUDY/OVERCAST,DARKNESS,FOUR WAY,OTHER,"RUT, HOLES",20,3,8
Kia Sonet,NO CONTROLS,RAIN,DAYLIGHT,FOUR WAY,UNKNOWN,"RUT, HOLES",13,6,5
Tata Punch,STOP SIGN/FLASHER,CLOUDY/OVERCAST,DARKNESS,DIVIDED - W/MEDIAN (NOT RAISED),"SAND, MUD, DIRT",DEBRIS ON ROADWAY,3,1,7
Maruti Suzuki Wagon R,STOP SIGN/FLASHER,CLEAR,DARKNESS,UNKNOWN INTERSECTION TYPE,"SAND, MUD, DIRT",NO DEFECTS,15,5,6
Maruti Suzuki Swift,NO CONTROLS,RAIN,DAYLIGHT,DIVIDED - W/MEDIAN (NOT RAISED),WET,"RUT, HOLES",16,6,8
Hyundai Creta,OTHER,CLOUDY/OVERCAST,DAYLIGHT,OTHER,DRY,WORN SURFACE,9,5,11
Honda City,NO CONTROLS,RAIN,DARKNESS,RAMP,WET,NO DEFECTS,19,6,8
Mahindra Thar,STOP SIGN/FLASHER,RAIN,DAYLIGHT,NOT DIVIDED,DRY,NO DEFECTS,17,6,8
Tata Harrier,NO CONTROLS,RAIN,DAYLIGHT,NOT DIVIDED,OTHER,OTHER,17,4,7
Mahindra XUV700,NO CONTROLS,FOG/SMOKE/HAZE,DAYLIGHT,DIVIDED - W/MEDIAN (NOT RAISED),DRY,NO DEFECTS,8,7,1
Kia Sonet,NO CONTROLS,UNKNOWN,UNKNOWN,NOT DIVIDED,"SAND, MUD, DIRT","RUT, HOLES",22,3,4
Maruti Suzuki Swift,TRAFFIC SIGNAL,UNKNOWN,DAYLIGHT,DIVIDED - W/MEDIAN (NOT RAISED),WET,WORN SURFACE,9,4,7
Maruti Suzuki Swift,OTHER WARNING SIGN,RAIN,DAYLIGHT,T-INTERSECTION,WET,NO DEFECTS,15,5,6
Tata Altroz,TRAFFIC SIGNAL,RAIN,DAYLIGHT,NOT DIVIDED,WET,NO DEFECTS,10,2,3
Hyundai Creta,TRAFFIC SIGNAL,RAIN,DARKNESS,T-INTERSECTION,DRY,NO DEFECTS,18,4,7
Renault Kiger,TRAFFIC SIGNAL,RAIN,DARKNESS,NOT DIVIDED,WET,NO DEFECTS,2,3,6
Renault Kiger,TRAFFIC SIGNAL,CLEAR,DARKNESS,NOT DIVIDED,DRY,DEBRIS ON ROADWAY,1,2,5
Kia Sonet,STOP SIGN/FLASHER,CLOUDY/OVERCAST,DARKNESS,T-INTERSECTION,WET,WORN SURFACE,19,5,7
Toyota Innova,STOP SIGN/FLASHER,CLEAR,DAYLIGHT,NOT DIVIDED,"SAND, MUD, DIRT",NO DEFECTS,13,3,2
Tata Harrier,OTHER,CLEAR,DAYLIGHT,DIVIDED - W/MEDIAN (NOT RAISED),DRY,NO DEFECTS,11,7,12
Honda Amaze,TRAFFIC SIGNAL,FOG/SMOKE/HAZE,DAYLIGHT,FOUR WAY,"SAND, MUD, DIRT","RUT, HOLES",12,4,11
Kia Sonet,NO CONTROLS,CLOUDY/OVERCAST,DAYLIGHT,NOT DIVIDED,DRY,NO DEFECTS,17,4,9
Mahindra Scorpio,TRAFFIC SIGNAL,CLEAR,DAYLIGHT,NOT DIVIDED,DRY,"RUT, HOLES",8,7,2
Kia Seltos,NO CONTROLS,CLEAR,DAYLIGHT,FOUR WAY,WET,NO DEFECTS,7,3,10
Hyundai i20,TRAFFIC SIGNAL,CLEAR,DARKNESS,NOT DIVIDED,"SAND, MUD, DIRT",DEBRIS ON ROADWAY,22,2,10
Skoda Slavia,TRAFFIC SIGNAL,CLOUDY/OVERCAST,DAWN,FOUR WAY,DRY,NO DEFECTS,16,7,9
Hyundai Creta,TRAFFIC SIGNAL,CLEAR,DAYLIGHT,OTHER,DRY,SHOULDER DEFECT,12,7,2
Mahindra Thar,NO CONTROLS,OTHER,"DARKNESS, LIGHTED ROAD",NOT DIVIDED,WET,"RUT, HOLES",19,2,8
Maruti Suzuki Brezza,OTHER REG. SIGN,RAIN,DAYLIGHT,NOT DIVIDED,"SAND, MUD, DIRT",WORN SURFACE,15,7,10
Tata Nexon,STOP SIGN/FLASHER,RAIN,DAYLIGHT,FOUR WAY,WET,WORN SURFACE,8,4,8
Volkswagen Virtus,TRAFFIC SIGNAL,RAIN,DAYLIGHT,ONE-WAY,WET,NO DEFECTS,8,1,8
Kia Seltos,STOP SIGN/FLASHER,RAIN,DAYLIGHT,NOT DIVIDED,WET,"RUT, HOLES",12,5,7
Tata Harrier,NO CONTROLS,CLOUDY/OVERCAST,DARKNESS,NOT DIVIDED,DRY,"RUT, HOLES",20,7,7
Maruti Suzuki Brezza,NO CONTROLS,FOG/SMOKE/HAZE,"DARKNESS, LIGHTED ROAD",FOUR WAY,DRY,"RUT, HOLES",5,4,1
Tata Harrier,NO CONTROLS,CLOUDY/OVERCAST,DAYLIGHT,DIVIDED - W/MEDIAN (NOT RAISED),DRY,"RUT, HOLES",8,5,8
Volkswagen Virtus,STOP SIGN/FLASHER,SNOW,"DARKNESS, LIGHTED ROAD",NOT DIVIDED,SNOW OR SLUSH,NO DEFECTS,20,2,1
Tata Nexon,NO CONTROLS,RAIN,DUSK,DIVIDED - W/MEDIAN BARRIER,WET,NO DEFECTS,6,7,7
Mahindra Thar,STOP SIGN/FLASHER,FOG/SMOKE/HAZE,DAYLIGHT,NOT DIVIDED,DRY,"RUT, HOLES",13,1,5
Tata Nexon,TRAFFIC SIGNAL,CLOUDY/OVERCAST,DAWN,T-INTERSECTION,DRY,NO DEFECTS,8,1,8
Hyundai Verna,STOP SIGN/FLASHER,CLOUDY/OVERCAST,DAYLIGHT,T-INTERSECTION,"SAND, MUD, DIRT",DEBRIS ON ROADWAY,16,7,2
Honda City,NO CONTROLS,CLOUDY/OVERCAST,DAYLIGHT,ALLEY,DRY,"RUT, HOLES",12,7,9
Honda Amaze,STOP SIGN/FLASHER,OTHER,DARKNESS,UNKNOWN INTERSECTION TYPE,WET,"RUT, HOLES",5,5,10
Hyundai Venue,YIELD,CLEAR,DAYLIGHT,DIVIDED - W/MEDIAN (NOT RAISED),"SAND, MUD, DIRT",NO DEFECTS,16,1,3
Maruti Suzuki Baleno,STOP SIGN/FLASHER,FOG/SMOKE/HAZE,DAYLIGHT,NOT DIVIDED,DRY,"RUT, HOLES",16,5,2
Maruti Suzuki Baleno,NO CONTROLS,CLEAR,DAYLIGHT,DIVIDED - W/MEDIAN (NOT RAISED),DRY,NO DEFECTS,17,7,2
Tata Harrier,TRAFFIC SIGNAL,CLOUDY/OVERCAST,DAYLIGHT,T-INTERSECTION,WET,WORN SURFACE,16,5,11
Honda City,STOP SIGN/FLASHER,OTHER,DAYLIGHT,NOT DIVIDED,DRY,NO DEFECTS,14,2,7
Mahindra Thar,NO CONTROLS,CLOUDY/OVERCAST,DAYLIGHT,NOT DIVIDED,DRY,"RUT, HOLES",14,7,7
Tata Harrier,NO CONTROLS,CLEAR,DAYLIGHT,CENTER TURN LANE,"SAND, MUD, DIRT",NO DEFECTS,16,7,2
Maruti Suzuki Baleno,STOP SIGN/FLASHER,CLEAR,DAYLIGHT,NOT DIVIDED,DRY,"RUT, HOLES",17,5,8
Mahindra XUV700,NO CONTROLS,RAIN,DAYLIGHT,NOT DIVIDED,WET,NO DEFECTS,17,7,11
Kia Seltos,NO CONTROLS,OTHER,DAYLIGHT,UNKNOWN INTERSECTION TYPE,OTHER,NO DEFECTS,16,1,10
Kia Seltos,STOP SIGN/FLASHER,RAIN,DAYLIGHT,NOT DIVIDED,WET,NO DEFECTS,7,4,8
Kia Sonet,NO CONTROLS,CLEAR,DAYLIGHT,NOT DIVIDED,DRY,NO DEFECTS,8,2,1
Maruti Suzuki Wagon R,NO CONTROLS,CLEAR,"DARKNESS, LIGHTED ROAD",CENTER TURN LANE,DRY,NO DEFECTS,9,6,2
Nissan Magnite,TRAFFIC SIGNAL,RAIN,DARKNESS,NOT DIVIDED,UNKNOWN,NO DEFECTS,21,7,1
Mahindra Scorpio,STOP SIGN/FLASHER,CLEAR,"DARKNESS, LIGHTED ROAD",NOT DIVIDED,DRY,NO DEFECTS,18,7,5
Tata Punch,YIELD,CLEAR,DAYLIGHT,DIVIDED - W/MEDIAN (NOT RAISED),DRY,WORN SURFACE,15,4,2
Volkswagen Virtus,LANE USE MARKING,CLOUDY/OVERCAST,DAYLIGHT,Y-INTERSECTION,DRY,"RUT, HOLES",9,4,5
Tata Harrier,PEDESTRIAN CROSSING SIGN,CLOUDY/OVERCAST,DUSK,NOT DIVIDED,DRY,OTHER,6,7,6
Hyundai Creta,NO CONTROLS,CLEAR,DARKNESS,NOT DIVIDED,DRY,"RUT, HOLES",21,6,12
Maruti Suzuki Brezza,STOP SIGN/FLASHER,FOG/SMOKE/HAZE,"DARKNESS, LIGHTED ROAD",FOUR WAY,DRY,NO DEFECTS,19,1,8
Tata Altroz,STOP SIGN/FLASHER,FREEZING RAIN/DRIZZLE,DAYLIGHT,NOT DIVIDED,WET,WORN SURFACE,6,1,10
Maruti Suzuki Wagon R,TRAFFIC SIGNAL,RAIN,"DARKNESS, LIGHTED ROAD",NOT DIVIDED,UNKNOWN,NO DEFECTS,19,7,9
Hyundai Venue,STOP SIGN/FLASHER,CLEAR,DAYLIGHT,NOT DIVIDED,"SAND, MUD, DIRT","RUT, HOLES",13,3,2
Tata Punch,NO CONTROLS,CLEAR,DAYLIGHT,UNKNOWN,"SAND, MUD, DIRT",DEBRIS ON ROADWAY,10,2,9
Mahindra Scorpio,STOP SIGN/FLASHER,FOG/SMOKE/HAZE,DAYLIGHT,NOT DIVIDED,DRY,"RUT, HOLES",17,6,5
Mahindra Thar,NO CONTROLS,CLEAR,DAYLIGHT,NOT DIVIDED,DRY,"RUT, HOLES",16,7,8
Toyota Innova,TRAFFIC SIGNAL,RAIN,DUSK,NOT DIVIDED,WET,WORN SURFACE,18,2,6
Tata Nexon,STOP SIGN/FLASHER,OTHER,DARKNESS,FOUR WAY,DRY,WORN SURFACE,4,2,12
Tata Harrier,TRAFFIC SIGNAL,CLEAR,DAYLIGHT,NOT DIVIDED,DRY,"RUT, HOLES",10,7,5
Toyota Innova,NO CONTROLS,CLEAR,"DARKNESS, LIGHTED ROAD",NOT DIVIDED,DRY,NO DEFECTS,10,1,5
Kia Sonet,STOP SIGN/FLASHER,FOG/SMOKE/HAZE,DAYLIGHT,OTHER,DRY,UNKNOWN,7,7,12
Maruti Suzuki Brezza,STOP SIGN/FLASHER,CLEAR,DARKNESS,NOT DIVIDED,DRY,NO DEFECTS,14,1,1
Volkswagen Virtus,TRAFFIC SIGNAL,CLOUDY/OVERCAST,DAYLIGHT,NOT DIVIDED,DRY,NO DEFECTS,9,1,9
Mahindra Thar,TRAFFIC SIGNAL,RAIN,DARKNESS,NOT DIVIDED,WET,UNKNOWN,13,7,9
Mahindra Thar,TRAFFIC SIGNAL,CLEAR,DAYLIGHT,NOT DIVIDED,"SAND, MUD, DIRT",SHOULDER DEFECT,11,2,10
Hyundai Venue,STOP SIGN/FLASHER,CLOUDY/OVERCAST,"DARKNESS, LIGHTED ROAD",T-INTERSECTION,DRY,NO DEFECTS,18,2,12
Mahindra Thar,OTHER,FOG/SMOKE/HAZE,DAYLIGHT,NOT DIVIDED,OTHER,NO DEFECTS,12,7,12
Honda Amaze,NO CONTROLS,RAIN,DAYLIGHT,ONE-WAY,"SAND, MUD, DIRT",WORN SURFACE,17,5,1
Honda Amaze,STOP SIGN/FLASHER,CLOUDY/OVERCAST,DAYLIGHT,OTHER,WET,NO DEFECTS,8,3,10
Kia Seltos,TRAFFIC SIGNAL,UNKNOWN,DAYLIGHT,NOT DIVIDED,UNKNOWN,NO DEFECTS,10,6,8
Mahindra XUV700,STOP SIGN/FLASHER,CLEAR,DARKNESS,ALLEY,DRY,OTHER,0,6,8
Kia Seltos,NO CONTROLS,CLEAR,DUSK,NOT DIVIDED,WET,"RUT, HOLES",6,7,2
Tata Punch,NO CONTROLS,RAIN,"DARKNESS, LIGHTED ROAD",T-INTERSECTION,"SAND, MUD, DIRT",WORN SURFACE,9,1,8
Maruti Suzuki Swift,TRAFFIC SIGNAL,FREEZING RAIN/DRIZZLE,DARKNESS,NOT DIVIDED,WET,WORN SURFACE,3,5,12
Hyundai Venue,NO CONTROLS,CLEAR,DAYLIGHT,NOT DIVIDED,DRY,WORN SURFACE,16,6,11
Hyundai Verna,NO CONTROLS,RAIN,DARKNESS,NOT DIVIDED,WET,DEBRIS ON ROADWAY,23,1,7
Maruti Suzuki Brezza,NO CONTROLS,FOG/SMOKE/HAZE,"DARKNESS, LIGHTED ROAD",NOT DIVIDED,DRY,"RUT, HOLES",5,5,1
Hyundai Verna,TRAFFIC SIGNAL,CLOUDY/OVERCAST,DARKNESS,RAMP,OTHER,WORN SURFACE,19,1,6
Tata Nexon,NO CONTROLS,CLEAR,DUSK,NOT DIVIDED,DRY,WORN SURFACE,6,3,10
Hyundai Verna,OTHER REG. SIGN,RAIN,DUSK,ALLEY,WET,DEBRIS ON ROADWAY,17,2,9
Nissan Magnite,TRAFFIC SIGNAL,RAIN,DAYLIGHT,CENTER TURN LANE,OTHER,WORN SURFACE,16,5,7
Renault Kiger,NO CONTROLS,CLEAR,"DARKNESS, LIGHTED ROAD",NOT DIVIDED,DRY,DEBRIS ON ROADWAY,21,2,1
Mahindra Thar,STOP SIGN/FLASHER,RAIN,DARKNESS,NOT DIVIDED,"SAND, MUD, DIRT",NO DEFECTS,6,6,7
Maruti Suzuki Baleno,NO CONTROLS,RAIN,DAYLIGHT,DIVIDED - W/MEDIAN (NOT RAISED),UNKNOWN,NO DEFECTS,10,1,7
Kia Seltos,TRAFFIC SIGNAL,RAIN,"DARKNESS, LIGHTED ROAD",ONE-WAY,"SAND, MUD, DIRT",NO DEFECTS,5,6,12
Volkswagen Virtus,NO CONTROLS,RAIN,DAYLIGHT,NOT DIVIDED,WET,NO DEFECTS,12,1,8
Maruti Suzuki Baleno,NO CONTROLS,CLEAR,DARKNESS,NOT DIVIDED,WET,NO DEFECTS,21,4,6
Maruti Suzuki Brezza,TRAFFIC SIGNAL,FOG/SMOKE/HAZE,DUSK,NOT DIVIDED,WET,NO DEFECTS,18,6,7
Mahindra XUV700,NO CONTROLS,CLEAR,DAYLIGHT,Y-INTERSECTION,DRY,UNKNOWN,17,2,1
Hyundai Verna,STOP SIGN/FLASHER,FOG/SMOKE/HAZE,DAYLIGHT,NOT DIVIDED,DRY,NO DEFECTS,9,6,12
Hyundai Verna,TRAFFIC SIGNAL,CLEAR,DARKNESS,T-INTERSECTION,DRY,"RUT, HOLES",20,7,6
Mahindra XUV700,TRAFFIC SIGNAL,CLEAR,DAYLIGHT,NOT DIVIDED,WET,WORN SURFACE,13,3,7
Maruti Suzuki Brezza,NO CONTROLS,RAIN,DAYLIGHT,T-INTERSECTION,WET,NO DEFECTS,7,1,6
Mahindra Scorpio,YIELD,RAIN,"DARKNESS, LIGHTED ROAD",ALLEY,WET,NO DEFECTS,19,4,9
Mahindra Thar,NO CONTROLS,RAIN,DAYLIGHT,NOT DIVIDED,WET,NO DEFECTS,9,7,8
Kia Seltos,STOP SIGN/FLASHER,CLEAR,DAWN,NOT DIVIDED,"SAND, MUD, DIRT",NO DEFECTS,2,5,9
Volkswagen Virtus,STOP SIGN/FLASHER,CLEAR,DAYLIGHT,FOUR WAY,WET,OTHER,6,6,5
Maruti Suzuki Brezza,NO CONTROLS,UNKNOWN,DAYLIGHT,DRIVEWAY,DRY,SHOULDER DEFECT,16,6,6
Toyota Fortuner,STOP SIGN/FLASHER,CLEAR,DAYLIGHT,T-INTERSECTION,DRY,SHOULDER DEFECT,16,7,2
Toyota Innova,STOP SIGN/FLASHER,CLEAR,"DARKNESS, LIGHTED ROAD",ONE-WAY,DRY,SHOULDER DEFECT,9,1,8
Nissan Magnite,YIELD,CLEAR,DUSK,FOUR WAY,DRY,NO DEFECTS,18,5,1
Mahindra Thar,NO CONTROLS,OTHER,DUSK,NOT DIVIDED,DRY,WORN SURFACE,18,7,8
Maruti Suzuki Brezza,NO CONTROLS,FOG/SMOKE/HAZE,DARKNESS,FOUR WAY,"SAND, MUD, DIRT",WORN SURFACE,20,6,11
Tata Altroz,STOP SIGN/FLASHER,CLOUDY/OVERCAST,DAYLIGHT,NOT DIVIDED,DRY,DEBRIS ON ROADWAY,16,2,11
Kia Seltos,TRAFFIC SIGNAL,CLOUDY/OVERCAST,DUSK,NOT DIVIDED,DRY,NO DEFECTS,18,7,7
Hyundai i20,STOP SIGN/FLASHER,RAIN,DARKNESS,DIVIDED - W/MEDIAN (NOT RAISED),DRY,NO DEFECTS,18,3,7
Volkswagen Virtus,NO CONTROLS,FOG/SMOKE/HAZE,DAYLIGHT,CENTER TURN LANE,DRY,NO DEFECTS,7,4,1
Volkswagen Virtus,NO CONTROLS,RAIN,DAYLIGHT,CENTER TURN LANE,WET,NO DEFECTS,10,2,9
Nissan Magnite,NO CONTROLS,CLOUDY/OVERCAST,DAYLIGHT,NOT DIVIDED,OTHER,"RUT, HOLES",14,7,10
Nissan Magnite,TRAFFIC SIGNAL,CLEAR,DARKNESS,FOUR WAY,DRY,NO DEFECTS,0,1,4
Hyundai i20,OTHER,RAIN,DARKNESS,ONE-WAY,DRY,"RUT, HOLES",10,7,7
Nissan Magnite,NO CONTROLS,CLEAR,DUSK,DIVIDED - W/MEDIAN (NOT RAISED),"SAND, MUD, DIRT","RUT, HOLES",14,3,11
Maruti Suzuki Wagon R,STOP SIGN/FLASHER,CLOUDY/OVERCAST,DARKNESS,NOT DIVIDED,DRY,NO DEFECTS,5,6,11
Tata Altroz,STOP SIGN/FLASHER,CLEAR,DAYLIGHT,NOT DIVIDED,DRY,NO DEFECTS,6,1,4
Mahindra XUV700,STOP SIGN/FLASHER,RAIN,DAWN,NOT DIVIDED,WET,OTHER,13,4,8
Hyundai Verna,STOP SIGN/FLASHER,CLEAR,DAYLIGHT,FOUR WAY,DRY,WORN SURFACE,18,1,3
Maruti Suzuki Wagon R,TRAFFIC SIGNAL,CLEAR,"DARKNESS, LIGHTED ROAD",NOT DIVIDED,DRY,WORN SURFACE,19,7,2
Kia Seltos,STOP SIGN/FLASHER,FOG/SMOKE/HAZE,DAWN,DIVIDED - W/MEDIAN (NOT RAISED),DRY,SHOULDER DEFECT,9,4,11
Hyundai Verna,PEDESTRIAN CROSSING SIGN,CLOUDY/OVERCAST,DAYLIGHT,NOT DIVIDED,"SAND, MUD, DIRT",NO DEFECTS,14,6,10
Kia Seltos,STOP SIGN/FLASHER,CLOUDY/OVERCAST,DAYLIGHT,NOT DIVIDED,"SAND, MUD, DIRT",NO DEFECTS,12,7,9
Maruti Suzuki Baleno,NO CONTROLS,FOG/SMOKE/HAZE,DAYLIGHT,NOT DIVIDED,DRY,NO DEFECTS,6,1,1
Renault Kiger,UNKNOWN,FOG/SMOKE/HAZE,"DARKNESS, LIGHTED ROAD",NOT DIVIDED,DRY,"RUT, HOLES",6,4,11
Tata Harrier,NO CONTROLS,RAIN,DARKNESS,T-INTERSECTION,WET,"RUT, HOLES",19,2,7
Tata Nexon,TRAFFIC SIGNAL,CLOUDY/OVERCAST,DAYLIGHT,NOT DIVIDED,"SAND, MUD, DIRT",NO DEFECTS,13,1,6
Hyundai Creta,STOP SIGN/FLASHER,CLOUDY/OVERCAST,DARKNESS,NOT DIVIDED,DRY,NO DEFECTS,18,5,8
Kia Sonet,TRAFFIC SIGNAL,FOG/SMOKE/HAZE,DAYLIGHT,FOUR WAY,DRY,WORN SURFACE,16,1,1
Tata Altroz,STOP SIGN/FLASHER,RAIN,DAYLIGHT,UNKNOWN INTERSECTION TYPE,WET,"RUT, HOLES",8,4,9
Nissan Magnite,NO CONTROLS,RAIN,DAYLIGHT,FOUR WAY,WET,UNKNOWN,14,2,8
Renault Kiger,NO CONTROLS,CLEAR,DAYLIGHT,Y-INTERSECTION,WET,NO DEFECTS,13,2,3
Toyota Innova,TRAFFIC SIGNAL,CLEAR,DAYLIGHT,UNKNOWN,DRY,"RUT, HOLES",13,5,3
Maruti Suzuki Brezza,TRAFFIC SIGNAL,CLEAR,DAYLIGHT,Y-INTERSECTION,DRY,WORN SURFACE,15,5,3
Hyundai i20,OTHER REG. SIGN,FOG/SMOKE/HAZE,"DARKNESS, LIGHTED ROAD",UNKNOWN,DRY,SHOULDER DEFECT,22,1,1
Toyota Innova,STOP SIGN/FLASHER,RAIN,DARKNESS,ONE-WAY,OTHER,NO DEFECTS,19,4,8
Honda Amaze,NO CONTROLS,BLOWING SNOW,DARKNESS,ALLEY,SNOW OR SLUSH,NO DEFECTS,21,5,11
Honda Amaze,NO CONTROLS,RAIN,DARKNESS,NOT DIVIDED,WET,NO DEFECTS,1,6,1
Tata Punch,TRAFFIC SIGNAL,UNKNOWN,DUSK,NOT DIVIDED,WET,"RUT, HOLES",6,7,1
Mahindra Thar,OTHER,RAIN,"DARKNESS, LIGHTED ROAD",L-INTERSECTION,WET,"RUT, HOLES",4,7,8
Volkswagen Virtus,STOP SIGN/FLASHER,CLEAR,DAYLIGHT,NOT DIVIDED,DRY,"RUT, HOLES",9,5,10
Hyundai i20,STOP SIGN/FLASHER,CLEAR,DAYLIGHT,TRAFFIC ROUTE,DRY,NO DEFECTS,13,4,6
Hyundai Creta,YIELD,RAIN,DAYLIGHT,NOT DIVIDED,UNKNOWN,NO DEFECTS,16,2,6
Kia Seltos,NO CONTROLS,CLOUDY/OVERCAST,DAYLIGHT,NOT DIVIDED,DRY,NO DEFECTS,14,1,8
Hyundai Venue,NO CONTROLS,FOG/SMOKE/HAZE,DARKNESS,ONE-WAY,DRY,SHOULDER DEFECT,20,5,5
Tata Punch,STOP SIGN/FLASHER,OTHER,DARKNESS,NOT DIVIDED,DRY,WORN SURFACE,22,7,1
Maruti Suzuki Baleno,NO CONTROLS,OTHER,DAYLIGHT,ONE-WAY,DRY,"RUT, HOLES",7,3,9
Maruti Suzuki Brezza,TRAFFIC SIGNAL,OTHER,DARKNESS,NOT DIVIDED,DRY,"RUT, HOLES",20,1,8
Tata Punch,NO CONTROLS,OTHER,DAYLIGHT,UNKNOWN,"SAND, MUD, DIRT",NO DEFECTS,14,4,8
Hyundai i20,NO CONTROLS,RAIN,DAYLIGHT,FOUR WAY,WET,"RUT, HOLES",13,1,9
Toyota Innova,NO CONTROLS,RAIN,DUSK,NOT DIVIDED,"SAND, MUD, DIRT",NO DEFECTS,18,5,9
Maruti Suzuki Wagon R,TRAFFIC SIGNAL,RAIN,DARKNESS,NOT DIVIDED,WET,WORN SURFACE,5,1,4
Tata Punch,NO CONTROLS,RAIN,"DARKNESS, LIGHTED ROAD",FOUR WAY,DRY,"RUT, HOLES",20,7,6
Tata Nexon,NO CONTROLS,CLOUDY/OVERCAST,DAYLIGHT,NOT REPORTED,"SAND, MUD, DIRT",NO DEFECTS,17,7,2
Toyota Fortuner,NO CONTROLS,CLEAR,DUSK,DIVIDED - W/MEDIAN (NOT RAISED),WET,NO DEFECTS,20,1,2
Nissan Magnite,NO CONTROLS,RAIN,DARKNESS,NOT DIVIDED,DRY,NO DEFECTS,23,2,9
Volkswagen Virtus,TRAFFIC SIGNAL,FOG/SMOKE/HAZE,DAYLIGHT,UNKNOWN INTERSECTION TYPE,WET,NO DEFECTS,9,7,11
Mahindra Thar,NO CONTROLS,FOG/SMOKE/HAZE,DARKNESS,NOT REPORTED,DRY,OTHER,5,6,12
Toyota Fortuner,NO CONTROLS,FOG/SMOKE/HAZE,DUSK,ONE-WAY,DRY,"RUT, HOLES",6,7,8
Mahindra Scorpio,TRAFFIC SIGNAL,CLOUDY/OVERCAST,DUSK,T-INTERSECTION,DRY,"RUT, HOLES",10,3,3
Hyundai i20,NO CONTROLS,RAIN,DARKNESS,NOT DIVIDED,"SAND, MUD, DIRT","RUT, HOLES",5,1,2
Tata Punch,OTHER,CLEAR,DARKNESS,NOT DIVIDED,DRY,"RUT, HOLES",19,5,10
Renault Kiger,TRAFFIC SIGNAL,CLOUDY/OVERCAST,DAYLIGHT,CENTER TURN LANE,DRY,NO DEFECTS,10,7,8
Honda City,NO CONTROLS,RAIN,DARKNESS,NOT DIVIDED,WET,NO DEFECTS,23,1,8
Renault Kiger,NO CONTROLS,RAIN,DAYLIGHT,NOT DIVIDED,WET,"RUT, HOLES",17,6,10
Hyundai Verna,UNKNOWN,RAIN,DAYLIGHT,DIVIDED - W/MEDIAN (NOT RAISED),UNKNOWN,WORN SURFACE,7,3,9
Hyundai Creta,STOP SIGN/FLASHER,CLOUDY/OVERCAST,DAYLIGHT,NOT DIVIDED,"SAND, MUD, DIRT",DEBRIS ON ROADWAY,14,1,10
Toyota Fortuner,STOP SIGN/FLASHER,FOG/SMOKE/HAZE,DAYLIGHT,OTHER,DRY,NO DEFECTS,8,4,1
Mahindra Thar,TRAFFIC SIGNAL,RAIN,DAYLIGHT,NOT DIVIDED,WET,NO DEFECTS,14,4,9
Nissan Magnite,STOP SIGN/FLASHER,RAIN,DAYLIGHT,FOUR WAY,WET,DEBRIS ON ROADWAY,15,1,11
Renault Kiger,NO CONTROLS,CLEAR,DARKNESS,T-INTERSECTION,DRY,"RUT, HOLES",1,4,5
Maruti Suzuki Swift,NO CONTROLS,CLOUDY/OVERCAST,DAYLIGHT,Y-INTERSECTION,DRY,OTHER,17,5,8
Honda City,TRAFFIC SIGNAL,CLEAR,DAYLIGHT,NOT DIVIDED,DRY,"RUT, HOLES",14,6,6
Maruti Suzuki Baleno,OTHER,CLOUDY/OVERCAST,DARKNESS,NOT DIVIDED,OTHER,NO DEFECTS,19,1,12
Mahindra XUV700,NO CONTROLS,FOG/SMOKE/HAZE,DUSK,FOUR WAY,DRY,NO DEFECTS,18,7,1
Mahindra Thar,STOP SIGN/FLASHER,OTHER,DAYLIGHT,T-INTERSECTION,DRY,NO DEFECTS,8,2,8
Tata Harrier,OTHER WARNING SIGN,CLEAR,DARKNESS,NOT DIVIDED,OTHER,NO DEFECTS,2,5,3
Maruti Suzuki Baleno,NO CONTROLS,UNKNOWN,DAYLIGHT,NOT DIVIDED,DRY,NO DEFECTS,17,5,9
Toyota Innova,NO CONTROLS,CLOUDY/OVERCAST,DARKNESS,NOT DIVIDED,DRY,"RUT, HOLES",23,7,3
Skoda Slavia,NO CONTROLS,CLEAR,DAYLIGHT,NOT DIVIDED,DRY,SHOULDER DEFECT,13,1,4
Honda City,NO CONTROLS,RAIN,DAYLIGHT,T-INTERSECTION,WET,NO DEFECTS,9,2,7
Hyundai Creta,STOP SIGN/FLASHER,FOG/SMOKE/HAZE,DUSK,DIVIDED - W/MEDIAN (NOT RAISED),WET,NO DEFECTS,6,1,12
Kia Seltos,NO CONTROLS,CLOUDY/OVERCAST,DAYLIGHT,DIVIDED - W/MEDIAN (NOT RAISED),DRY,OTHER,9,3,4
Tata Punch,NO CONTROLS,RAIN,DAYLIGHT,NOT DIVIDED,DRY,NO DEFECTS,10,3,2
Kia Seltos,TRAFFIC SIGNAL,RAIN,DAYLIGHT,RAMP,"SAND, MUD, DIRT","RUT, HOLES",13,1,9
Maruti Suzuki Swift,TRAFFIC SIGNAL,RAIN,DAYLIGHT,DIVIDED - W/MEDIAN BARRIER,WET,WORN SURFACE,17,4,7
Tata Harrier,OTHER,CLEAR,DAYLIGHT,NOT DIVIDED,DRY,NO DEFECTS,9,1,11
Kia Seltos,LANE USE MARKING,RAIN,"DARKNESS, LIGHTED ROAD",NOT DIVIDED,WET,SHOULDER DEFECT,2,1,2
Hyundai Verna,YIELD,RAIN,DAYLIGHT,T-INTERSECTION,WET,"RUT, HOLES",12,1,8
Honda City,NO CONTROLS,CLEAR,DARKNESS,DIVIDED - W/MEDIAN (NOT RAISED),DRY,NO DEFECTS,20,7,4
Mahindra Thar,NO CONTROLS,CLEAR,DAYLIGHT,T-INTERSECTION,WET,SHOULDER DEFECT,14,4,3
Tata Altroz,NO CONTROLS,FOG/SMOKE/HAZE,"DARKNESS, LIGHTED ROAD",T-INTERSECTION,DRY,"RUT, HOLES",21,3,9
Kia Seltos,NO CONTROLS,CLOUDY/OVERCAST,DAYLIGHT,NOT DIVIDED,OTHER,"RUT, HOLES",14,4,8
Mahindra Thar,NO CONTROLS,CLEAR,DAYLIGHT,NOT DIVIDED,DRY,"RUT, HOLES",9,2,9
Volkswagen Virtus,TRAFFIC SIGNAL,RAIN,DAYLIGHT,NOT DIVIDED,WET,NO DEFECTS,8,4,6
Hyundai Verna,TRAFFIC SIGNAL,RAIN,DAYLIGHT,NOT REPORTED,"SAND, MUD, DIRT",NO DEFECTS,17,2,7
Hyundai Creta,NO CONTROLS,RAIN,DUSK,DIVIDED - W/MEDIAN BARRIER,WET,NO DEFECTS,15,3,6
Hyundai Venue,TRAFFIC SIGNAL,CLEAR,DAYLIGHT,UNKNOWN INTERSECTION TYPE,DRY,NO DEFECTS,16,7,12
Honda Amaze,NO CONTROLS,CLEAR,UNKNOWN,NOT DIVIDED,OTHER,NO DEFECTS,18,2,5
Honda Amaze,STOP SIGN/FLASHER,CLOUDY/OVERCAST,DAYLIGHT,DIVIDED - W/MEDIAN (NOT RAISED),DRY,NO DEFECTS,18,4,5
Hyundai i20,NO CONTROLS,RAIN,DARKNESS,T-INTERSECTION,WET,NO DEFECTS,1,5,6
Hyundai Creta,OTHER RAILROAD CROSSING,CLEAR,DARKNESS,NOT DIVIDED,DRY,NO DEFECTS,19,7,8
Hyundai Verna,PEDESTRIAN CROSSING SIGN,FOG/SMOKE/HAZE,DAYLIGHT,ONE-WAY,DRY,WORN SURFACE,9,7,5
Mahindra Scorpio,NO CONTROLS,UNKNOWN,DAYLIGHT,FOUR WAY,WET,NO DEFECTS,12,2,12
Kia Sonet,PEDESTRIAN CROSSING SIGN,CLOUDY/OVERCAST,DAYLIGHT,NOT REPORTED,DRY,"RUT, HOLES",15,7,5
Tata Punch,NO CONTROLS,FOG/SMOKE/HAZE,DAYLIGHT,NOT DIVIDED,WET,"RUT, HOLES",12,3,11
Kia Seltos,STOP SIGN/FLASHER,CLEAR,DAYLIGHT,FOUR WAY,DRY,SHOULDER DEFECT,7,7,2
Maruti Suzuki Wagon R,STOP SIGN/FLASHER,RAIN,"DARKNESS, LIGHTED ROAD","FIVE POINT, OR MORE",OTHER,"RUT, HOLES",12,1,8
Tata Punch,TRAFFIC SIGNAL,UNKNOWN,DAYLIGHT,T-INTERSECTION,DRY,DEBRIS ON ROADWAY,11,2,11
Toyota Fortuner,NO CONTROLS,OTHER,DAYLIGHT,NOT DIVIDED,WET,"RUT, HOLES",11,1,3
Mahindra XUV700,NO CONTROLS,CLEAR,DARKNESS,NOT DIVIDED,OTHER,NO DEFECTS,5,3,12
Tata Punch,NO CONTROLS,CLEAR,DAYLIGHT,TRAFFIC ROUTE,DRY,NO DEFECTS,7,7,7
Maruti Suzuki Baleno,STOP SIGN/FLASHER,CLOUDY/OVERCAST,DAYLIGHT,NOT DIVIDED,DRY,WORN SURFACE,7,2,12
Maruti Suzuki Brezza,STOP SIGN/FLASHER,CLEAR,DAYLIGHT,NOT REPORTED,DRY,"RUT, HOLES",12,2,9
Hyundai Venue,TRAFFIC SIGNAL,UNKNOWN,DARKNESS,NOT DIVIDED,UNKNOWN,NO DEFECTS,20,2,5
Tata Harrier,NO CONTROLS,CLEAR,DAYLIGHT,OTHER,"SAND, MUD, DIRT",WORN SURFACE,8,3,3
Tata Punch,OTHER WARNING SIGN,CLEAR,DAYLIGHT,DIVIDED - W/MEDIAN (NOT RAISED),OTHER,NO DEFECTS,12,1,5
Hyundai i20,OTHER WARNING SIGN,OTHER,UNKNOWN,CENTER TURN LANE,WET,DEBRIS ON ROADWAY,10,4,1
Mahindra Scorpio,NO CONTROLS,CLOUDY/OVERCAST,DUSK,NOT DIVIDED,DRY,NO DEFECTS,18,7,2
Tata Harrier,NO CONTROLS,CLOUDY/OVERCAST,DARKNESS,OTHER,DRY,"RUT, HOLES",2,4,2
Tata Punch,STOP SIGN/FLASHER,RAIN,DUSK,NOT DIVIDED,OTHER,UNKNOWN,8,6,7
Maruti Suzuki Swift,NO CONTROLS,UNKNOWN,DAYLIGHT,NOT DIVIDED,DRY,WORN SURFACE,8,5,10
Maruti Suzuki Baleno,STOP SIGN/FLASHER,CLEAR,DARKNESS,OTHER,DRY,"RUT, HOLES",23,1,2
Nissan Magnite,NO CONTROLS,CLEAR,DAYLIGHT,NOT DIVIDED,DRY,SHOULDER DEFECT,15,5,2
Tata Altroz,TRAFFIC SIGNAL,CLEAR,DARKNESS,T-INTERSECTION,DRY,"RUT, HOLES",6,7,8
Honda City,NO CONTROLS,CLOUDY/OVERCAST,DAYLIGHT,NOT DIVIDED,DRY,"RUT, HOLES",9,5,3
Hyundai Creta,STOP SIGN/FLASHER,FOG/SMOKE/HAZE,DUSK,DIVIDED - W/MEDIAN (NOT RAISED),WET,SHOULDER DEFECT,6,5,2
Maruti Suzuki Brezza,STOP SIGN/FLASHER,FOG/SMOKE/HAZE,DARKNESS,FOUR WAY,DRY,NO DEFECTS,5,6,3
Tata Harrier,OTHER REG. SIGN,UNKNOWN,"DARKNESS, LIGHTED ROAD",NOT DIVIDED,DRY,NO DEFECTS,19,7,12
Volkswagen Virtus,TRAFFIC SIGNAL,UNKNOWN,DAYLIGHT,NOT DIVIDED,DRY,NO DEFECTS,14,5,10
Renault Kiger,NO CONTROLS,RAIN,DAYLIGHT,NOT DIVIDED,WET,WORN SURFACE,16,4,6
Kia Seltos,NO CONTROLS,CLOUDY/OVERCAST,DAYLIGHT,NOT DIVIDED,DRY,NO DEFECTS,11,1,8
Mahindra Thar,STOP SIGN/FLASHER,CLEAR,DAYLIGHT,NOT DIVIDED,DRY,"RUT, HOLES",15,1,7
Honda Amaze,TRAFFIC SIGNAL,SLEET/HAIL,DAYLIGHT,FOUR WAY,OTHER,NO DEFECTS,9,5,9
Hyundai Verna,STOP SIGN/FLASHER,RAIN,DAYLIGHT,T-INTERSECTION,WET,NO DEFECTS,10,5,9
Maruti Suzuki Wagon R,TRAFFIC SIGNAL,RAIN,DAYLIGHT,DIVIDED - W/MEDIAN (NOT RAISED),WET,UNKNOWN,17,2,8
Maruti Suzuki Swift,TRAFFIC SIGNAL,CLEAR,DAYLIGHT,FOUR WAY,DRY,NO DEFECTS,7,6,5
Tata Nexon,NO CONTROLS,FOG/SMOKE/HAZE,DAYLIGHT,DIVIDED - W/MEDIAN (NOT RAISED),DRY,NO DEFECTS,13,3,1
Tata Nexon,TRAFFIC SIGNAL,RAIN,"DARKNESS, LIGHTED ROAD",NOT DIVIDED,WET,NO DEFECTS,20,3,7
Maruti Suzuki Brezza,TRAFFIC SIGNAL,FOG/SMOKE/HAZE,DARKNESS,OTHER,"SAND, MUD, DIRT","RUT, HOLES",5,1,11
Hyundai Verna,TRAFFIC SIGNAL,RAIN,"DARKNESS, LIGHTED ROAD",NOT DIVIDED,WET,WORN SURFACE,20,5,8
Nissan Magnite,UNKNOWN,RAIN,DAWN,NOT DIVIDED,DRY,SHOULDER DEFECT,4,3,10
Hyundai Creta,NO CONTROLS,CLEAR,DAYLIGHT,NOT DIVIDED,OTHER,NO DEFECTS,11,6,12
Maruti Suzuki Swift,STOP SIGN/FLASHER,CLEAR,DAYLIGHT,FOUR WAY,DRY,"RUT, HOLES",16,6,3
Mahindra Scorpio,NO CONTROLS,CLOUDY/OVERCAST,DUSK,NOT DIVIDED,DRY,"RUT, HOLES",15,1,9
Skoda Slavia,NO CONTROLS,FOG/SMOKE/HAZE,DARKNESS,NOT DIVIDED,WET,"RUT, HOLES",5,2,9
Kia Seltos,NO CONTROLS,CLEAR,DARKNESS,NOT DIVIDED,DRY,WORN SURFACE,19,3,12
Kia Sonet,YIELD,CLEAR,DARKNESS,NOT DIVIDED,WET,WORN SURFACE,23,5,12
Maruti Suzuki Wagon R,NO CONTROLS,RAIN,DAYLIGHT,FOUR WAY,DRY,NO DEFECTS,7,3,9
Skoda Slavia,NO CONTROLS,CLEAR,"DARKNESS, LIGHTED ROAD",T-INTERSECTION,DRY,NO DEFECTS,20,3,4
Kia Sonet,STOP SIGN/FLASHER,CLEAR,DAYLIGHT,NOT DIVIDED,DRY,WORN SURFACE,15,2,10
Honda Amaze,TRAFFIC SIGNAL,RAIN,"DARKNESS, LIGHTED ROAD",NOT DIVIDED,WET,"RUT, HOLES",21,3,2
Mahindra Scorpio,TRAFFIC SIGNAL,UNKNOWN,DAYLIGHT,FOUR WAY,DRY,"RUT, HOLES",7,4,10
Volkswagen Virtus,NO CONTROLS,OTHER,DARKNESS,TRAFFIC ROUTE,DRY,"RUT, HOLES",19,7,11
Honda Amaze,STOP SIGN/FLASHER,RAIN,DARKNESS,DIVIDED - W/MEDIAN (NOT RAISED),DRY,NO DEFECTS,2,6,6
Maruti Suzuki Wagon R,NO CONTROLS,RAIN,"DARKNESS, LIGHTED ROAD",T-INTERSECTION,WET,"RUT, HOLES",20,6,8
Maruti Suzuki Brezza,OTHER WARNING SIGN,RAIN,DAYLIGHT,DIVIDED - W/MEDIAN (NOT RAISED),WET,NO DEFECTS,17,5,7
Renault Kiger,OTHER RAILROAD CROSSING,RAIN,DAYLIGHT,NOT DIVIDED,WET,"RUT, HOLES",11,3,7
Toyota Innova,NO CONTROLS,RAIN,DAYLIGHT,"FIVE POINT, OR MORE",DRY,NO DEFECTS,8,7,6
Honda City,TRAFFIC SIGNAL,CLEAR,DARKNESS,NOT DIVIDED,"SAND, MUD, DIRT",WORN SURFACE,19,3,9
Tata Nexon,TRAFFIC SIGNAL,FOG/SMOKE/HAZE,DAYLIGHT,ONE-WAY,"SAND, MUD, DIRT",WORN SURFACE,12,5,12
Kia Sonet,NO CONTROLS,CLEAR,DAYLIGHT,NOT REPORTED,DRY,"RUT, HOLES",11,2,12
Renault Kiger,TRAFFIC SIGNAL,CLEAR,DAYLIGHT,NOT DIVIDED,DRY,NO DEFECTS,13,6,3
Maruti Suzuki Swift,NO CONTROLS,FOG/SMOKE/HAZE,DARKNESS,NOT DIVIDED,DRY,NO DEFECTS,19,4,11
Hyundai i20,NO CONTROLS,RAIN,"DARKNESS, LIGHTED ROAD",DIVIDED - W/MEDIAN (NOT RAISED),WET,NO DEFECTS,11,7,9
Maruti Suzuki Wagon R,PEDESTRIAN CROSSING SIGN,CLEAR,"DARKNESS, LIGHTED ROAD",ONE-WAY,UNKNOWN,NO DEFECTS,5,5,5
Hyundai Creta,TRAFFIC SIGNAL,UNKNOWN,DARKNESS,"FIVE POINT, OR MORE",DRY,NO DEFECTS,21,2,1
Honda City,TRAFFIC SIGNAL,RAIN,DAYLIGHT,T-INTERSECTION,WET,WORN SURFACE,12,7,5
Mahindra Scorpio,STOP SIGN/FLASHER,SLEET/HAIL,DAYLIGHT,NOT DIVIDED,DRY,OTHER,11,4,11
Honda Amaze,NO CONTROLS,RAIN,DAYLIGHT,NOT DIVIDED,WET,NO DEFECTS,8,2,8
Kia Sonet,NO CONTROLS,CLEAR,UNKNOWN,ONE-WAY,DRY,NO DEFECTS,20,3,9
Nissan Magnite,OTHER,CLOUDY/OVERCAST,DAYLIGHT,ONE-WAY,DRY,SHOULDER DEFECT,8,1,5
Mahindra Thar,NO CONTROLS,RAIN,DAYLIGHT,NOT DIVIDED,WET,WORN SURFACE,16,1,9
Kia Sonet,NO CONTROLS,CLEAR,DAWN,FOUR WAY,WET,NO DEFECTS,20,4,1
Skoda Slavia,NO CONTROLS,CLOUDY/OVERCAST,DARKNESS,UNKNOWN,"SAND, MUD, DIRT",UNKNOWN,1,7,6
Honda City,NO CONTROLS,CLOUDY/OVERCAST,"DARKNESS, LIGHTED ROAD",ONE-WAY,DRY,"RUT, HOLES",19,1,8
Volkswagen Virtus,NO CONTROLS,UNKNOWN,DAYLIGHT,NOT DIVIDED,DRY,"RUT, HOLES",12,7,2
Volkswagen Virtus,TRAFFIC SIGNAL,CLEAR,DAYLIGHT,NOT DIVIDED,DRY,"RUT, HOLES",17,6,10
Maruti Suzuki Baleno,NO CONTROLS,CLEAR,DAYLIGHT,NOT DIVIDED,DRY,NO DEFECTS,12,6,4
Toyota Fortuner,TRAFFIC SIGNAL,CLOUDY/OVERCAST,DAYLIGHT,T-INTERSECTION,DRY,"RUT, HOLES",17,6,8
Tata Punch,NO CONTROLS,RAIN,DAYLIGHT,DIVIDED - W/MEDIAN (NOT RAISED),DRY,NO DEFECTS,9,5,6
Tata Harrier,STOP SIGN/FLASHER,RAIN,DAWN,NOT DIVIDED,WET,"RUT, HOLES",0,1,8
Mahindra Thar,STOP SIGN/FLASHER,CLEAR,DARKNESS,T-INTERSECTION,DRY,NO DEFECTS,22,5,2
Mahindra Scorpio,TRAFFIC SIGNAL,FOG/SMOKE/HAZE,DARKNESS,OTHER,DRY,NO DEFECTS,1,3,1
Volkswagen Virtus,TRAFFIC SIGNAL,CLOUDY/OVERCAST,DARKNESS,NOT DIVIDED,WET,NO DEFECTS,19,1,11
Mahindra Scorpio,TRAFFIC SIGNAL,CLEAR,DUSK,NOT DIVIDED,DRY,NO DEFECTS,7,6,5
Tata Nexon,TRAFFIC SIGNAL,CLEAR,DAYLIGHT,ONE-WAY,DRY,NO DEFECTS,12,5,10
Maruti Suzuki Brezza,NO CONTROLS,CLOUDY/OVERCAST,DARKNESS,FOUR WAY,DRY,WORN SURFACE,19,6,12
Mahindra Thar,STOP SIGN/FLASHER,CLEAR,DAYLIGHT,ONE-WAY,DRY,"RUT, HOLES",8,4,4
Hyundai Creta,STOP SIGN/FLASHER,CLEAR,DARKNESS,DIVIDED - W/MEDIAN (NOT RAISED),DRY,WORN SURFACE,20,5,5
Volkswagen Virtus,NO CONTROLS,CLEAR,DAYLIGHT,NOT DIVIDED,"SAND, MUD, DIRT",SHOULDER DEFECT,14,6,8
Renault Kiger,STOP SIGN/FLASHER,FOG/SMOKE/HAZE,DAYLIGHT,TRAFFIC ROUTE,DRY,NO DEFECTS,7,2,12
Maruti Suzuki Wagon R,STOP SIGN/FLASHER,UNKNOWN,DAYLIGHT,ONE-WAY,DRY,"RUT, HOLES",17,7,12
Volkswagen Virtus,STOP SIGN/FLASHER,CLEAR,DAYLIGHT,NOT DIVIDED,DRY,WORN SURFACE,11,4,7
Tata Harrier,NO CONTROLS,CLEAR,DAYLIGHT,CENTER TURN LANE,DRY,"RUT, HOLES",11,6,10
Tata Altroz,STOP SIGN/FLASHER,UNKNOWN,DARKNESS,RAMP,DRY,SHOULDER DEFECT,18,3,2
Honda Amaze,TRAFFIC SIGNAL,FREEZING RAIN/DRIZZLE,DAWN,NOT DIVIDED,"SAND, MUD, DIRT","RUT, HOLES",10,6,12
Mahindra Scorpio,NO CONTROLS,CLEAR,DAYLIGHT,ALLEY,"SAND, MUD, DIRT","RUT, HOLES",8,1,12
Maruti Suzuki Wagon R,STOP SIGN/FLASHER,CLEAR,DARKNESS,NOT DIVIDED,DRY,WORN SURFACE,19,7,3
Mahindra Scorpio,UNKNOWN,CLEAR,"DARKNESS, LIGHTED ROAD",NOT DIVIDED,WET,NO DEFECTS,19,6,5
Mahindra Thar,YIELD,FOG/SMOKE/HAZE,DAYLIGHT,NOT DIVIDED,DRY,"RUT, HOLES",9,5,2
Kia Sonet,PEDESTRIAN CROSSING SIGN,CLOUDY/OVERCAST,DAYLIGHT,NOT DIVIDED,DRY,NO DEFECTS,15,3,5
Kia Seltos,NO CONTROLS,CLOUDY/OVERCAST,DAYLIGHT,DIVIDED - W/MEDIAN (NOT RAISED),DRY,NO DEFECTS,17,7,10
Hyundai Verna,STOP SIGN/FLASHER,RAIN,DUSK,T-INTERSECTION,OTHER,NO DEFECTS,14,6,6
Kia Sonet,NO CONTROLS,CLEAR,DAYLIGHT,ALLEY,WET,"RUT, HOLES",12,4,1
Hyundai Venue,NO CONTROLS,RAIN,DARKNESS,NOT DIVIDED,WET,SHOULDER DEFECT,23,2,6
Honda Amaze,TRAFFIC SIGNAL,FOG/SMOKE/HAZE,DAWN,FOUR WAY,DRY,NO DEFECTS,6,2,12
Renault Kiger,STOP SIGN/FLASHER,RAIN,DAYLIGHT,DIVIDED - W/MEDIAN (NOT RAISED),WET,WORN SURFACE,16,4,8
Toyota Fortuner,STOP SIGN/FLASHER,RAIN,"DARKNESS, LIGHTED ROAD",NOT DIVIDED,WET,NO DEFECTS,20,6,7
Maruti Suzuki Baleno,TRAFFIC SIGNAL,CLOUDY/OVERCAST,DAYLIGHT,T-INTERSECTION,"SAND, MUD, DIRT",NO DEFECTS,17,6,3
Hyundai Creta,TRAFFIC SIGNAL,CLEAR,DARKNESS,DIVIDED - W/MEDIAN (NOT RAISED),DRY,DEBRIS ON ROADWAY,20,4,12
Maruti Suzuki Swift,TRAFFIC SIGNAL,RAIN,DAYLIGHT,DIVIDED - W/MEDIAN (NOT RAISED),WET,NO DEFECTS,11,2,10
Honda City,LANE USE MARKING,FOG/SMOKE/HAZE,DUSK,ALLEY,OTHER,NO DEFECTS,7,2,5
Nissan Magnite,TRAFFIC SIGNAL,CLEAR,"DARKNESS, LIGHTED ROAD",OTHER,"SAND, MUD, DIRT",NO DEFECTS,19,1,1
Skoda Slavia,NO CONTROLS,FOG/SMOKE/HAZE,DAYLIGHT,FOUR WAY,"SAND, MUD, DIRT",NO DEFECTS,8,2,1
Tata Punch,NO CONTROLS,CLOUDY/OVERCAST,DAYLIGHT,NOT DIVIDED,DRY,NO DEFECTS,17,1,2
Toyota Fortuner,NO CONTROLS,CLOUDY/OVERCAST,DUSK,TRAFFIC ROUTE,OTHER,NO DEFECTS,7,6,8
Hyundai i20,NO CONTROLS,FOG/SMOKE/HAZE,DAYLIGHT,FOUR WAY,"SAND, MUD, DIRT","RUT, HOLES",17,5,12
Honda Amaze,TRAFFIC SIGNAL,RAIN,DUSK,DIVIDED - W/MEDIAN BARRIER,"SAND, MUD, DIRT",NO DEFECTS,15,7,7
Tata Punch,NO CONTROLS,FOG/SMOKE/HAZE,DAYLIGHT,NOT DIVIDED,OTHER,"RUT, HOLES",7,6,11
Maruti Suzuki Baleno,TRAFFIC SIGNAL,RAIN,DAYLIGHT,ALLEY,OTHER,SHOULDER DEFECT,14,2,7
Maruti Suzuki Swift,TRAFFIC SIGNAL,CLEAR,DAYLIGHT,T-INTERSECTION,DRY,NO DEFECTS,17,6,9
Kia Seltos,STOP SIGN/FLASHER,RAIN,DARKNESS,T-INTERSECTION,WET,"RUT, HOLES",0,1,9
Honda City,NO CONTROLS,FOG/SMOKE/HAZE,DAYLIGHT,NOT DIVIDED,WET,NO DEFECTS,14,7,3
Hyundai i20,NO CONTROLS,CLEAR,DARKNESS,T-INTERSECTION,DRY,NO DEFECTS,15,5,6
Toyota Innova,NO CONTROLS,CLEAR,DAYLIGHT,NOT DIVIDED,DRY,WORN SURFACE,8,1,8
Tata Nexon,NO CONTROLS,FOG/SMOKE/HAZE,DAYLIGHT,NOT DIVIDED,WET,"RUT, HOLES",17,4,1
Tata Punch,TRAFFIC SIGNAL,RAIN,DAYLIGHT,NOT DIVIDED,WET,NO DEFECTS,10,7,6
Volkswagen Virtus,STOP SIGN/FLASHER,CLEAR,DAYLIGHT,NOT DIVIDED,DRY,NO DEFECTS,9,7,7
Tata Altroz,NO CONTROLS,CLEAR,DAYLIGHT,NOT DIVIDED,DRY,NO DEFECTS,14,3,12
Honda Amaze,NO CONTROLS,CLEAR,DAYLIGHT,T-INTERSECTION,DRY,WORN SURFACE,17,4,7
Tata Altroz,STOP SIGN/FLASHER,CLEAR,"DARKNESS, LIGHTED ROAD",DIVIDED - W/MEDIAN BARRIER,WET,WORN SURFACE,21,7,10
Hyundai Creta,TRAFFIC SIGNAL,RAIN,DAYLIGHT,NOT DIVIDED,OTHER,NO DEFECTS,6,7,7
Skoda Slavia,TRAFFIC SIGNAL,CLEAR,DARKNESS,DIVIDED - W/MEDIAN BARRIER,WET,NO DEFECTS,12,7,10
Kia Sonet,NO CONTROLS,RAIN,DARKNESS,NOT DIVIDED,WET,NO DEFECTS,3,7,8
Toyota Innova,RAILROAD CROSSING GATE,CLEAR,"DARKNESS, LIGHTED ROAD",TRAFFIC ROUTE,DRY,WORN SURFACE,18,4,11
Kia Seltos,STOP SIGN/FLASHER,RAIN,DAYLIGHT,NOT DIVIDED,WET,"RUT, HOLES",13,7,6
Honda Amaze,NO CONTROLS,FOG/SMOKE/HAZE,DAYLIGHT,NOT DIVIDED,"SAND, MUD, DIRT",NO DEFECTS,16,3,8
Nissan Magnite,NO CONTROLS,CLOUDY/OVERCAST,DAYLIGHT,OTHER,WET,NO DEFECTS,10,6,8
Volkswagen Virtus,NO CONTROLS,RAIN,DARKNESS,NOT DIVIDED,WET,NO DEFECTS,19,3,7
Volkswagen Virtus,STOP SIGN/FLASHER,FOG/SMOKE/HAZE,DAYLIGHT,NOT DIVIDED,"SAND, MUD, DIRT",NO DEFECTS,9,5,2
Maruti Suzuki Baleno,TRAFFIC SIGNAL,CLEAR,"DARKNESS, LIGHTED ROAD",DIVIDED - W/MEDIAN (NOT RAISED),UNKNOWN,WORN SURFACE,22,4,1
Toyota Fortuner,NO CONTROLS,FOG/SMOKE/HAZE,DARKNESS,DIVIDED - W/MEDIAN BARRIER,DRY,NO DEFECTS,5,7,1
Hyundai i20,YIELD,CLEAR,DAYLIGHT,NOT DIVIDED,DRY,SHOULDER DEFECT,14,1,11
Hyundai Creta,STOP SIGN/FLASHER,CLEAR,DAWN,DIVIDED - W/MEDIAN (NOT RAISED),DRY,"RUT, HOLES",18,7,4
Hyundai Venue,OTHER,FOG/SMOKE/HAZE,DAYLIGHT,NOT DIVIDED,DRY,NO DEFECTS,12,4,4
Tata Punch,TRAFFIC SIGNAL,CLOUDY/OVERCAST,UNKNOWN,NOT DIVIDED,"SAND, MUD, DIRT","RUT, HOLES",0,4,9
Toyota Fortuner,NO CONTROLS,RAIN,DARKNESS,NOT DIVIDED,OTHER,NO DEFECTS,22,6,6
Skoda Slavia,NO CONTROLS,CLOUDY/OVERCAST,DAYLIGHT,UNKNOWN INTERSECTION TYPE,WET,NO DEFECTS,10,5,7
Tata Nexon,TRAFFIC SIGNAL,CLEAR,DAYLIGHT,NOT DIVIDED,"SAND, MUD, DIRT",OTHER,9,7,3
Hyundai i20,NO CONTROLS,RAIN,DAYLIGHT,NOT DIVIDED,WET,"RUT, HOLES",14,5,12
Toyota Fortuner,NO CONTROLS,CLEAR,DARKNESS,NOT DIVIDED,DRY,NO DEFECTS,15,5,11
Hyundai Verna,YIELD,FREEZING RAIN/DRIZZLE,UNKNOWN,T-INTERSECTION,WET,NO DEFECTS,18,7,11
Tata Harrier,FLASHING CONTROL SIGNAL,CLEAR,DARKNESS,DIVIDED - W/MEDIAN (NOT RAISED),"SAND, MUD, DIRT",NO DEFECTS,12,7,6
Mahindra XUV700,TRAFFIC SIGNAL,RAIN,DUSK,FOUR WAY,"SAND, MUD, DIRT",NO DEFECTS,13,2,9
Maruti Suzuki Swift,TRAFFIC SIGNAL,CLEAR,UNKNOWN,NOT DIVIDED,DRY,NO DEFECTS,15,3,2
Hyundai i20,NO CONTROLS,CLEAR,DAYLIGHT,T-INTERSECTION,DRY,NO DEFECTS,12,5,1
Maruti Suzuki Brezza,NO CONTROLS,CLEAR,DAWN,NOT DIVIDED,DRY,WORN SURFACE,21,7,1
Tata Altroz,TRAFFIC SIGNAL,CLEAR,"DARKNESS, LIGHTED ROAD",NOT DIVIDED,WET,WORN SURFACE,19,5,8
Maruti Suzuki Wagon R,NO CONTROLS,CLEAR,DAYLIGHT,DIVIDED - W/MEDIAN BARRIER,DRY,NO DEFECTS,13,6,7
Nissan Magnite,NO CONTROLS,CLOUDY/OVERCAST,DARKNESS,ONE-WAY,DRY,"RUT, HOLES",0,1,7
Tata Nexon,TRAFFIC SIGNAL,FOG/SMOKE/HAZE,DARKNESS,FOUR WAY,WET,NO DEFECTS,20,5,1
Volkswagen Virtus,NO CONTROLS,RAIN,DARKNESS,DIVIDED - W/MEDIAN (NOT RAISED),WET,NO DEFECTS,6,2,7
Hyundai Creta,TRAFFIC SIGNAL,CLEAR,DAYLIGHT,NOT DIVIDED,DRY,"RUT, HOLES",9,3,9
Hyundai Verna,STOP SIGN/FLASHER,UNKNOWN,DAYLIGHT,Y-INTERSECTION,"SAND, MUD, DIRT",SHOULDER DEFECT,7,2,7
Nissan Magnite,NO CONTROLS,RAIN,DAYLIGHT,NOT DIVIDED,WET,NO DEFECTS,7,2,9
Toyota Fortuner,TRAFFIC SIGNAL,OTHER,DARKNESS,NOT DIVIDED,DRY,NO DEFECTS,19,7,4
Kia Seltos,TRAFFIC SIGNAL,CLEAR,DAYLIGHT,OTHER,DRY,OTHER,15,3,10
Kia Seltos,NO CONTROLS,RAIN,"DARKNESS, LIGHTED ROAD",FOUR WAY,WET,WORN SURFACE,22,5,8
Tata Altroz,OTHER,OTHER,"DARKNESS, LIGHTED ROAD",NOT DIVIDED,DRY,NO DEFECTS,8,1,4
Skoda Slavia,NO CONTROLS,UNKNOWN,DAYLIGHT,ONE-WAY,WET,NO DEFECTS,14,6,4
Tata Harrier,STOP SIGN/FLASHER,RAIN,DUSK,PARKING LOT,WET,DEBRIS ON ROADWAY,23,6,8
Tata Harrier,STOP SIGN/FLASHER,FOG/SMOKE/HAZE,DARKNESS,NOT DIVIDED,DRY,NO DEFECTS,19,2,10
Tata Harrier,NO CONTROLS,CLEAR,DUSK,NOT DIVIDED,DRY,"RUT, HOLES",18,1,7
Nissan Magnite,STOP SIGN/FLASHER,CLEAR,DAYLIGHT,NOT DIVIDED,DRY,NO DEFECTS,7,3,5
Hyundai Verna,TRAFFIC SIGNAL,CLOUDY/OVERCAST,DAWN,NOT DIVIDED,DRY,"RUT, HOLES",18,5,11
Maruti Suzuki Brezza,TRAFFIC SIGNAL,CLEAR,UNKNOWN,FOUR WAY,DRY,NO DEFECTS,11,1,9
Tata Harrier,PEDESTRIAN CROSSING SIGN,RAIN,DAYLIGHT,NOT DIVIDED,WET,"RUT, HOLES",15,1,7
Mahindra Scorpio,YIELD,OTHER,DARKNESS,DIVIDED - W/MEDIAN (NOT RAISED),DRY,NO DEFECTS,16,4,7
Hyundai Verna,OTHER WARNING SIGN,CLOUDY/OVERCAST,DAYLIGHT,NOT DIVIDED,DRY,"RUT, HOLES",16,2,4
Hyundai Venue,STOP SIGN/FLASHER,RAIN,DUSK,NOT DIVIDED,WET,NO DEFECTS,18,5,8
Tata Punch,NO CONTROLS,CLEAR,DAYLIGHT,NOT DIVIDED,WET,NO DEFECTS,17,2,6
Mahindra Thar,NO CONTROLS,RAIN,DARKNESS,NOT DIVIDED,WET,WORN SURFACE,3,7,12
Tata Punch,NO CONTROLS,RAIN,"DARKNESS, LIGHTED ROAD",T-INTERSECTION,WET,OTHER,13,4,7
Hyundai Creta,NO CONTROLS,RAIN,DAYLIGHT,NOT DIVIDED,WET,SHOULDER DEFECT,17,2,7
Honda Amaze,TRAFFIC SIGNAL,RAIN,DAYLIGHT,NOT DIVIDED,WET,NO DEFECTS,10,1,8
Hyundai Creta,TRAFFIC SIGNAL,OTHER,DAYLIGHT,NOT DIVIDED,DRY,"RUT, HOLES",10,4,12
Tata Punch,NO CONTROLS,FOG/SMOKE/HAZE,DARKNESS,RAMP,DRY,WORN SURFACE,5,6,10
Tata Harrier,OTHER,RAIN,DAYLIGHT,NOT DIVIDED,DRY,"RUT, HOLES",12,4,7
Skoda Slavia,STOP SIGN/FLASHER,CLOUDY/OVERCAST,DARKNESS,NOT DIVIDED,WET,WORN SURFACE,23,2,9
Honda City,NO CONTROLS,CLOUDY/OVERCAST,DAYLIGHT,NOT DIVIDED,DRY,OTHER,9,4,8
Kia Seltos,NO CONTROLS,RAIN,UNKNOWN,UNKNOWN,WET,NO DEFECTS,15,3,7
Hyundai Venue,NO CONTROLS,CLOUDY/OVERCAST,DAYLIGHT,NOT DIVIDED,DRY,WORN SURFACE,18,4,3
Toyota Fortuner,NO CONTROLS,RAIN,DARKNESS,DIVIDED - W/MEDIAN (NOT RAISED),DRY,NO DEFECTS,0,4,7
Toyota Fortuner,OTHER,CLOUDY/OVERCAST,DARKNESS,NOT DIVIDED,DRY,SHOULDER DEFECT,21,5,4
Maruti Suzuki Baleno,TRAFFIC SIGNAL,BLOWING SNOW,DAYLIGHT,NOT DIVIDED,SNOW OR SLUSH,WORN SURFACE,12,6,12
Hyundai i20,NO CONTROLS,RAIN,"DARKNESS, LIGHTED ROAD",NOT DIVIDED,WET,"RUT, HOLES",20,7,6
Hyundai Venue,NO CONTROLS,FOG/SMOKE/HAZE,DARKNESS,FOUR WAY,OTHER,WORN SURFACE,4,6,12
Toyota Fortuner,TRAFFIC SIGNAL,CLEAR,DAYLIGHT,T-INTERSECTION,DRY,"RUT, HOLES",7,3,7
Maruti Suzuki Wagon R,YIELD,CLEAR,DAYLIGHT,T-INTERSECTION,DRY,"RUT, HOLES",10,4,8
Tata Harrier,NO CONTROLS,RAIN,DAYLIGHT,OTHER,WET,DEBRIS ON ROADWAY,11,5,8
Toyota Innova,STOP SIGN/FLASHER,UNKNOWN,DARKNESS,NOT DIVIDED,DRY,NO DEFECTS,19,2,2
Honda Amaze,OTHER,CLOUDY/OVERCAST,DARKNESS,NOT DIVIDED,DRY,UNKNOWN,0,6,6
Hyundai Creta,TRAFFIC SIGNAL,CLOUDY/OVERCAST,DUSK,ONE-WAY,WET,NO DEFECTS,16,5,2
Maruti Suzuki Swift,OTHER,RAIN,DAYLIGHT,NOT DIVIDED,"SAND, MUD, DIRT","RUT, HOLES",6,5,8
Honda City,NO CONTROLS,FOG/SMOKE/HAZE,DAYLIGHT,"FIVE POINT, OR MORE",WET,NO DEFECTS,18,3,7
Toyota Innova,TRAFFIC SIGNAL,UNKNOWN,DAWN,UNKNOWN INTERSECTION TYPE,DRY,NO DEFECTS,18,5,10
Nissan Magnite,NO CONTROLS,CLEAR,"DARKNESS, LIGHTED ROAD",NOT DIVIDED,"SAND, MUD, DIRT","RUT, HOLES",14,2,4
Mahindra XUV700,STOP SIGN/FLASHER,CLEAR,DUSK,T-INTERSECTION,"SAND, MUD, DIRT",NO DEFECTS,8,2,3
Honda City,NO CONTROLS,FOG/SMOKE/HAZE,DAYLIGHT,NOT DIVIDED,DRY,DEBRIS ON ROADWAY,14,6,6
Mahindra XUV700,TRAFFIC SIGNAL,CLEAR,DAYLIGHT,NOT DIVIDED,DRY,NO DEFECTS,7,3,12
Volkswagen Virtus,NO CONTROLS,CLOUDY/OVERCAST,DAYLIGHT,OTHER,"SAND, MUD, DIRT",NO DEFECTS,8,5,9
Volkswagen Virtus,TRAFFIC SIGNAL,FOG/SMOKE/HAZE,DAYLIGHT,NOT DIVIDED,DRY,SHOULDER DEFECT,13,3,7
Maruti Suzuki Baleno,TRAFFIC SIGNAL,CLEAR,DARKNESS,NOT DIVIDED,DRY,WORN SURFACE,23,2,7
Maruti Suzuki Swift,TRAFFIC SIGNAL,CLEAR,DARKNESS,NOT DIVIDED,DRY,WORN SURFACE,20,6,1
Mahindra Thar,TRAFFIC SIGNAL,CLEAR,DAYLIGHT,NOT DIVIDED,DRY,NO DEFECTS,16,6,12
Hyundai i20,STOP SIGN/FLASHER,CLEAR,DAYLIGHT,NOT DIVIDED,"SAND, MUD, DIRT",WORN SURFACE,15,6,9
Mahindra Scorpio,TRAFFIC SIGNAL,CLEAR,DARKNESS,T-INTERSECTION,DRY,NO DEFECTS,23,7,5
Tata Punch,NO CONTROLS,CLOUDY/OVERCAST,DAYLIGHT,FOUR WAY,DRY,UNKNOWN,15,4,8
Hyundai i20,TRAFFIC SIGNAL,CLEAR,DAYLIGHT,T-INTERSECTION,WET,WORN SURFACE,13,6,2
Maruti Suzuki Swift,TRAFFIC SIGNAL,FOG/SMOKE/HAZE,DARKNESS,NOT DIVIDED,WET,SHOULDER DEFECT,20,3,12
Honda Amaze,NO CONTROLS,RAIN,DAYLIGHT,NOT DIVIDED,"SAND, MUD, DIRT",WORN SURFACE,8,1,3
Nissan Magnite,OTHER WARNING SIGN,RAIN,DARKNESS,NOT DIVIDED,WET,"RUT, HOLES",5,6,8
Renault Kiger,NO CONTROLS,CLEAR,DAYLIGHT,UNKNOWN INTERSECTION TYPE,DRY,WORN SURFACE,16,2,4
Mahindra Scorpio,NO CONTROLS,RAIN,DAWN,NOT DIVIDED,WET,"RUT, HOLES",5,4,9
Renault Kiger,NO CONTROLS,UNKNOWN,DAYLIGHT,NOT DIVIDED,DRY,NO DEFECTS,12,2,10
Tata Harrier,NO CONTROLS,RAIN,DAYLIGHT,NOT DIVIDED,WET,NO DEFECTS,13,4,9
Toyota Fortuner,NO CONTROLS,CLOUDY/OVERCAST,DAYLIGHT,NOT DIVIDED,"SAND, MUD, DIRT",NO DEFECTS,15,7,8
Tata Harrier,NO CONTROLS,RAIN,DARKNESS,DIVIDED - W/MEDIAN BARRIER,WET,WORN SURFACE,23,5,11
Honda City,STOP SIGN/FLASHER,UNKNOWN,DAYLIGHT,NOT DIVIDED,DRY,"RUT, HOLES",8,2,1
Hyundai Creta,TRAFFIC SIGNAL,RAIN,DAYLIGHT,FOUR WAY,WET,"RUT, HOLES",12,6,6
Tata Nexon,NO CONTROLS,CLEAR,DAWN,UNKNOWN,DRY,SHOULDER DEFECT,6,7,4
Tata Harrier,STOP SIGN/FLASHER,CLEAR,DAYLIGHT,ALLEY,DRY,"RUT, HOLES",16,2,12
Tata Harrier,NO CONTROLS,RAIN,DAYLIGHT,NOT DIVIDED,WET,NO DEFECTS,18,6,6
Maruti Suzuki Swift,OTHER,RAIN,DAYLIGHT,NOT DIVIDED,WET,NO DEFECTS,14,5,9
Nissan Magnite,PEDESTRIAN CROSSING SIGN,RAIN,DAYLIGHT,T-INTERSECTION,UNKNOWN,NO DEFECTS,9,5,9
Mahindra XUV700,STOP SIGN/FLASHER,CLEAR,DAYLIGHT,NOT REPORTED,WET,NO DEFECTS,16,7,4
Tata Nexon,TRAFFIC SIGNAL,CLEAR,DAYLIGHT,T-INTERSECTION,DRY,NO DEFECTS,15,1,4
Maruti Suzuki Wagon R,STOP SIGN/FLASHER,CLEAR,DAYLIGHT,NOT DIVIDED,DRY,"RUT, HOLES",7,5,5
Toyota Fortuner,NO CONTROLS,CLOUDY/OVERCAST,DAYLIGHT,NOT DIVIDED,DRY,NO DEFECTS,12,1,6
Hyundai Creta,NO CONTROLS,CLEAR,DAYLIGHT,NOT DIVIDED,"SAND, MUD, DIRT",NO DEFECTS,13,6,4
Tata Altroz,TRAFFIC SIGNAL,FOG/SMOKE/HAZE,"DARKNESS, LIGHTED ROAD",NOT DIVIDED,OTHER,OTHER,22,7,1
Nissan Magnite,STOP SIGN/FLASHER,FOG/SMOKE/HAZE,DARKNESS,NOT DIVIDED,DRY,UNKNOWN,19,1,11
Hyundai Creta,PEDESTRIAN CROSSING SIGN,CLOUDY/OVERCAST,DAWN,FOUR WAY,OTHER,"RUT, HOLES",18,1,12
Honda Amaze,OTHER REG. SIGN,FOG/SMOKE/HAZE,DARKNESS,DIVIDED - W/MEDIAN (NOT RAISED),DRY,NO DEFECTS,19,7,6
Hyundai Verna,NO CONTROLS,CLEAR,DARKNESS,NOT DIVIDED,DRY,WORN SURFACE,18,7,6
Maruti Suzuki Wagon R,STOP SIGN/FLASHER,FOG/SMOKE/HAZE,DARKNESS,NOT DIVIDED,DRY,"RUT, HOLES",20,7,1
Kia Seltos,STOP SIGN/FLASHER,CLOUDY/OVERCAST,DARKNESS,NOT DIVIDED,"SAND, MUD, DIRT",NO DEFECTS,2,7,9
Volkswagen Virtus,YIELD,CLEAR,DAYLIGHT,NOT DIVIDED,DRY,"RUT, HOLES",13,4,10
Maruti Suzuki Baleno,TRAFFIC SIGNAL,CLOUDY/OVERCAST,DAYLIGHT,ALLEY,"SAND, MUD, DIRT",NO DEFECTS,18,7,2
Toyota Innova,STOP SIGN/FLASHER,CLEAR,DAYLIGHT,ONE-WAY,DRY,OTHER,16,7,3
Tata Punch,TRAFFIC SIGNAL,CLEAR,UNKNOWN,NOT DIVIDED,WET,WORN SURFACE,7,1,10
Honda Amaze,NO CONTROLS,CLOUDY/OVERCAST,DAYLIGHT,T-INTERSECTION,DRY,NO DEFECTS,11,6,8
Tata Punch,UNKNOWN,UNKNOWN,DUSK,NOT DIVIDED,DRY,NO DEFECTS,10,6,1
Kia Sonet,NO CONTROLS,RAIN,DAYLIGHT,ONE-WAY,WET,NO DEFECTS,9,2,8
Maruti Suzuki Brezza,NO CONTROLS,RAIN,DAYLIGHT,NOT DIVIDED,"SAND, MUD, DIRT",SHOULDER DEFECT,11,6,6
Honda Amaze,NO CONTROLS,OTHER,DAYLIGHT,NOT DIVIDED,WET,NO DEFECTS,14,4,6
Mahindra Thar,NO CONTROLS,RAIN,UNKNOWN,NOT DIVIDED,WET,NO DEFECTS,20,7,10
Hyundai Venue,STOP SIGN/FLASHER,CLEAR,DAWN,NOT DIVIDED,DRY,NO DEFECTS,18,6,10
Tata Punch,NO CONTROLS,RAIN,DARKNESS,NOT DIVIDED,DRY,NO DEFECTS,19,7,6
Mahindra XUV700,STOP SIGN/FLASHER,CLOUDY/OVERCAST,DARKNESS,ONE-WAY,DRY,DEBRIS ON ROADWAY,20,1,12
Toyota Innova,NO CONTROLS,RAIN,DAYLIGHT,NOT DIVIDED,OTHER,DEBRIS ON ROADWAY,12,6,6
Mahindra Thar,NO CONTROLS,CLEAR,DAYLIGHT,DIVIDED - W/MEDIAN (NOT RAISED),OTHER,NO DEFECTS,11,3,10
Honda City,STOP SIGN/FLASHER,CLEAR,"DARKNESS, LIGHTED ROAD",T-INTERSECTION,DRY,NO DEFECTS,2,6,7
Mahindra Scorpio,TRAFFIC SIGNAL,CLEAR,DARKNESS,T-INTERSECTION,WET,"RUT, HOLES",21,5,11
Nissan Magnite,TRAFFIC SIGNAL,CLEAR,"DARKNESS, LIGHTED ROAD",NOT DIVIDED,WET,WORN SURFACE,3,4,11
Renault Kiger,NO CONTROLS,FOG/SMOKE/HAZE,DARKNESS,NOT DIVIDED,DRY,NO DEFECTS,17,1,1
Tata Altroz,STOP SIGN/FLASHER,OTHER,DUSK,CENTER TURN LANE,DRY,"RUT, HOLES",12,5,12
Maruti Suzuki Wagon R,LANE USE MARKING,CLEAR,DAWN,FOUR WAY,DRY,NO DEFECTS,22,4,10
Mahindra Thar,STOP SIGN/FLASHER,CLEAR,DAYLIGHT,T-INTERSECTION,OTHER,NO DEFECTS,13,3,10
Mahindra Scorpio,STOP SIGN/FLASHER,CLOUDY/OVERCAST,UNKNOWN,NOT DIVIDED,WET,WORN SURFACE,19,7,3
Hyundai Venue,LANE USE MARKING,CLEAR,DAYLIGHT,NOT DIVIDED,DRY,"RUT, HOLES",9,6,10
Maruti Suzuki Wagon R,NO CONTROLS,CLEAR,DUSK,DIVIDED - W/MEDIAN (NOT RAISED),DRY,"RUT, HOLES",10,5,11
Volkswagen Virtus,TRAFFIC SIGNAL,FOG/SMOKE/HAZE,DAYLIGHT,NOT DIVIDED,DRY,WORN SURFACE,11,7,5
Honda City,NO CONTROLS,SNOW,DARKNESS,ONE-WAY,WET,WORN SURFACE,23,2,12
Hyundai Creta,YIELD,CLEAR,DAYLIGHT,FOUR WAY,DRY,NO DEFECTS,14,5,1
Hyundai Verna,NO CONTROLS,FOG/SMOKE/HAZE,DARKNESS,ONE-WAY,WET,NO DEFECTS,20,7,2
Toyota Innova,OTHER WARNING SIGN,RAIN,"DARKNESS, LIGHTED ROAD",DIVIDED - W/MEDIAN (NOT RAISED),WET,SHOULDER DEFECT,18,1,7
Tata Punch,TRAFFIC SIGNAL,RAIN,"DARKNESS, LIGHTED ROAD",FOUR WAY,WET,"RUT, HOLES",19,2,8
Volkswagen Virtus,NO CONTROLS,RAIN,DAYLIGHT,FOUR WAY,WET,"RUT, HOLES",13,1,8
Volkswagen Virtus,TRAFFIC SIGNAL,CLOUDY/OVERCAST,DAYLIGHT,ONE-WAY,DRY,NO DEFECTS,12,7,1
Toyota Innova,PEDESTRIAN CROSSING SIGN,FOG/SMOKE/HAZE,DARKNESS,NOT DIVIDED,DRY,NO DEFECTS,6,5,12
Skoda Slavia,NO CONTROLS,CLEAR,DARKNESS,T-INTERSECTION,WET,NO DEFECTS,22,4,1
Skoda Slavia,PEDESTRIAN CROSSING SIGN,CLEAR,"DARKNESS, LIGHTED ROAD",DIVIDED - W/MEDIAN (NOT RAISED),UNKNOWN,NO DEFECTS,22,3,2
Renault Kiger,NO CONTROLS,CLOUDY/OVERCAST,DUSK,NOT DIVIDED,WET,NO DEFECTS,18,4,1
Toyota Innova,NO CONTROLS,RAIN,DAYLIGHT,DIVIDED - W/MEDIAN (NOT RAISED),WET,DEBRIS ON ROADWAY,10,6,8
Hyundai Venue,NO CONTROLS,CLOUDY/OVERCAST,"DARKNESS, LIGHTED ROAD",NOT DIVIDED,OTHER,"RUT, HOLES",9,7,12
Mahindra Thar,OTHER,RAIN,DARKNESS,NOT DIVIDED,"SAND, MUD, DIRT","RUT, HOLES",23,1,9
Hyundai Venue,FLASHING CONTROL SIGNAL,SLEET/HAIL,DARKNESS,ONE-WAY,WET,WORN SURFACE,3,3,10
Hyundai Verna,OTHER,CLOUDY/OVERCAST,DUSK,CENTER TURN LANE,DRY,"RUT, HOLES",19,2,1
Skoda Slavia,STOP SIGN/FLASHER,RAIN,DAWN,NOT DIVIDED,OTHER,WORN SURFACE,11,4,8
Mahindra Thar,UNKNOWN,CLOUDY/OVERCAST,UNKNOWN,OTHER,DRY,WORN SURFACE,12,5,7
Hyundai i20,NO CONTROLS,CLEAR,DARKNESS,DIVIDED - W/MEDIAN (NOT RAISED),WET,NO DEFECTS,19,6,7
Hyundai Venue,NO CONTROLS,FOG/SMOKE/HAZE,DARKNESS,UNKNOWN INTERSECTION TYPE,DRY,NO DEFECTS,5,7,1
Honda City,NO CONTROLS,RAIN,DAYLIGHT,DIVIDED - W/MEDIAN (NOT RAISED),DRY,UNKNOWN,11,5,9
Hyundai Venue,OTHER RAILROAD CROSSING,OTHER,DARKNESS,NOT DIVIDED,DRY,"RUT, HOLES",22,4,7
Honda City,TRAFFIC SIGNAL,RAIN,DAYLIGHT,Y-INTERSECTION,WET,WORN SURFACE,17,5,9
Nissan Magnite,NO CONTROLS,RAIN,DAYLIGHT,ONE-WAY,"SAND, MUD, DIRT",WORN SURFACE,18,7,7
Tata Punch,TRAFFIC SIGNAL,CLEAR,DAWN,NOT DIVIDED,WET,"RUT, HOLES",18,5,2
Honda City,STOP SIGN/FLASHER,RAIN,DAWN,OTHER,WET,"RUT, HOLES",2,6,8
Hyundai i20,NO CONTROLS,CLEAR,"DARKNESS, LIGHTED ROAD",NOT DIVIDED,DRY,UNKNOWN,8,6,3
Honda City,NO CONTROLS,FREEZING RAIN/DRIZZLE,DAYLIGHT,ONE-WAY,WET,WORN SURFACE,14,7,11
Kia Seltos,NO CONTROLS,CLOUDY/OVERCAST,DAYLIGHT,T-INTERSECTION,DRY,SHOULDER DEFECT,11,6,8
Hyundai i20,NO CONTROLS,CLEAR,DAYLIGHT,NOT DIVIDED,DRY,"RUT, HOLES",12,3,3
Tata Nexon,TRAFFIC SIGNAL,BLOWING SNOW,DUSK,ONE-WAY,SNOW OR SLUSH,DEBRIS ON ROADWAY,18,7,12
Hyundai Creta,NO CONTROLS,RAIN,"DARKNESS, LIGHTED ROAD",NOT DIVIDED,WET,WORN SURFACE,0,4,7
Nissan Magnite,STOP SIGN/FLASHER,FOG/SMOKE/HAZE,DUSK,NOT DIVIDED,"SAND, MUD, DIRT",WORN SURFACE,15,7,1
Hyundai Creta,TRAFFIC SIGNAL,CLOUDY/OVERCAST,DARKNESS,DIVIDED - W/MEDIAN (NOT RAISED),DRY,NO DEFECTS,0,7,8
Tata Nexon,STOP SIGN/FLASHER,CLEAR,DARKNESS,Y-INTERSECTION,DRY,"RUT, HOLES",3,6,5
Hyundai Verna,NO CONTROLS,CLOUDY/OVERCAST,DAYLIGHT,NOT DIVIDED,OTHER,NO DEFECTS,12,6,10
Kia Sonet,NO CONTROLS,CLEAR,"DARKNESS, LIGHTED ROAD",DIVIDED - W/MEDIAN (NOT RAISED),WET,"RUT, HOLES",19,2,10
Mahindra Thar,STOP SIGN/FLASHER,OTHER,DAYLIGHT,T-INTERSECTION,DRY,"RUT, HOLES",7,3,12
Kia Sonet,NO CONTROLS,CLEAR,DAYLIGHT,T-INTERSECTION,DRY,NO DEFECTS,15,5,7
Hyundai Venue,STOP SIGN/FLASHER,RAIN,DAWN,FOUR WAY,WET,"RUT, HOLES",17,1,7
Maruti Suzuki Wagon R,STOP SIGN/FLASHER,CLOUDY/OVERCAST,DAYLIGHT,UNKNOWN INTERSECTION TYPE,DRY,"RUT, HOLES",8,7,9
Tata Nexon,NO CONTROLS,RAIN,"DARKNESS, LIGHTED ROAD",NOT DIVIDED,DRY,WORN SURFACE,14,3,2
Mahindra XUV700,TRAFFIC SIGNAL,UNKNOWN,"DARKNESS, LIGHTED ROAD",Y-INTERSECTION,DRY,"RUT, HOLES",21,6,8
Volkswagen Virtus,NO CONTROLS,RAIN,DUSK,FOUR WAY,UNKNOWN,"RUT, HOLES",14,6,8
Mahindra Scorpio,STOP SIGN/FLASHER,FOG/SMOKE/HAZE,DAYLIGHT,T-INTERSECTION,WET,WORN SURFACE,6,5,1
Tata Punch,TRAFFIC SIGNAL,RAIN,DAYLIGHT,NOT DIVIDED,WET,"RUT, HOLES",16,6,7
Tata Nexon,TRAFFIC SIGNAL,CLOUDY/OVERCAST,DAYLIGHT,NOT DIVIDED,DRY,UNKNOWN,16,6,11
Tata Harrier,STOP SIGN/FLASHER,FOG/SMOKE/HAZE,DARKNESS,NOT DIVIDED,DRY,NO DEFECTS,3,3,11
Maruti Suzuki Baleno,TRAFFIC SIGNAL,CLOUDY/OVERCAST,DARKNESS,T-INTERSECTION,DRY,WORN SURFACE,5,6,2
Tata Punch,TRAFFIC SIGNAL,SLEET/HAIL,DUSK,NOT DIVIDED,WET,NO DEFECTS,7,5,1
Kia Seltos,NO CONTROLS,CLEAR,DUSK,DIVIDED - W/MEDIAN (NOT RAISED),DRY,WORN SURFACE,6,2,5
Volkswagen Virtus,OTHER,FOG/SMOKE/HAZE,"DARKNESS, LIGHTED ROAD",T-INTERSECTION,DRY,WORN SURFACE,7,6,11
Honda Amaze,NO CONTROLS,CLOUDY/OVERCAST,DAYLIGHT,ONE-WAY,WET,WORN SURFACE,13,6,2
Tata Nexon,NO CONTROLS,CLEAR,DAYLIGHT,DIVIDED - W/MEDIAN (NOT RAISED),DRY,NO DEFECTS,12,3,9
Toyota Fortuner,TRAFFIC SIGNAL,OTHER,DARKNESS,NOT DIVIDED,WET,UNKNOWN,20,7,2
Nissan Magnite,YIELD,CLOUDY/OVERCAST,UNKNOWN,ONE-WAY,DRY,DEBRIS ON ROADWAY,16,3,8
Kia Seltos,NO CONTROLS,RAIN,DARKNESS,NOT DIVIDED,OTHER,NO DEFECTS,20,5,6
Tata Punch,STOP SIGN/FLASHER,CLEAR,DAYLIGHT,UNKNOWN INTERSECTION TYPE,"SAND, MUD, DIRT","RUT, HOLES",15,3,10
Tata Altroz,NO CONTROLS,CLEAR,DAWN,DIVIDED - W/MEDIAN BARRIER,OTHER,DEBRIS ON ROADWAY,5,6,4
Hyundai Venue,NO CONTROLS,RAIN,DAYLIGHT,T-INTERSECTION,UNKNOWN,"RUT, HOLES",13,5,8
Tata Altroz,NO CONTROLS,CLEAR,"DARKNESS, LIGHTED ROAD",NOT DIVIDED,DRY,"RUT, HOLES",19,4,4
Hyundai Verna,TRAFFIC SIGNAL,RAIN,DAYLIGHT,NOT DIVIDED,WET,"RUT, HOLES",8,1,9
Kia Seltos,NO CONTROLS,CLEAR,DARKNESS,OTHER,DRY,"RUT, HOLES",5,5,11
Maruti Suzuki Swift,NO CONTROLS,CLEAR,DAYLIGHT,NOT DIVIDED,DRY,"RUT, HOLES",10,5,2
Volkswagen Virtus,STOP SIGN/FLASHER,CLEAR,DARKNESS,ONE-WAY,DRY,NO DEFECTS,12,2,11
Maruti Suzuki Wagon R,NO CONTROLS,RAIN,DAWN,NOT DIVIDED,WET,"RUT, HOLES",10,3,8
Maruti Suzuki Baleno,NO CONTROLS,CLEAR,DUSK,ONE-WAY,DRY,SHOULDER DEFECT,6,7,2
Honda City,NO CONTROLS,RAIN,DAYLIGHT,DIVIDED - W/MEDIAN (NOT RAISED),WET,SHOULDER DEFECT,9,5,7
Mahindra Thar,OTHER REG. SIGN,CLEAR,DAYLIGHT,DIVIDED - W/MEDIAN (NOT RAISED),DRY,WORN SURFACE,17,4,3
Skoda Slavia,STOP SIGN/FLASHER,FOG/SMOKE/HAZE,DAYLIGHT,T-INTERSECTION,OTHER,NO DEFECTS,8,7,9
Maruti Suzuki Brezza,NO CONTROLS,CLEAR,DAYLIGHT,DIVIDED - W/MEDIAN BARRIER,DRY,WORN SURFACE,16,6,9
Hyundai i20,NO CONTROLS,CLOUDY/OVERCAST,DAYLIGHT,T-INTERSECTION,"SAND, MUD, DIRT",NO DEFECTS,15,1,2
Volkswagen Virtus,NO CONTROLS,RAIN,DAYLIGHT,NOT DIVIDED,WET,"RUT, HOLES",15,7,7
Volkswagen Virtus,NO CONTROLS,CLOUDY/OVERCAST,DAYLIGHT,NOT DIVIDED,WET,"RUT, HOLES",9,2,10
Honda City,YIELD,FOG/SMOKE/HAZE,DAYLIGHT,OTHER,DRY,NO DEFECTS,9,2,12
Tata Punch,TRAFFIC SIGNAL,CLOUDY/OVERCAST,DUSK,DIVIDED - W/MEDIAN (NOT RAISED),DRY,"RUT, HOLES",0,1,7
Tata Punch,NO CONTROLS,CLEAR,DAYLIGHT,ONE-WAY,UNKNOWN,SHOULDER DEFECT,13,4,12
Maruti Suzuki Baleno,TRAFFIC SIGNAL,OTHER,DAYLIGHT,DRIVEWAY,DRY,DEBRIS ON ROADWAY,15,5,7
Tata Nexon,TRAFFIC SIGNAL,RAIN,DAYLIGHT,FOUR WAY,WET,NO DEFECTS,7,6,6
Volkswagen Virtus,STOP SIGN/FLASHER,FOG/SMOKE/HAZE,DAYLIGHT,NOT DIVIDED,DRY,"RUT, HOLES",7,1,11
Tata Punch,NO CONTROLS,RAIN,DAYLIGHT,OTHER,DRY,"RUT, HOLES",8,2,7
Hyundai i20,NO CONTROLS,RAIN,"DARKNESS, LIGHTED ROAD",NOT DIVIDED,UNKNOWN,"RUT, HOLES",3,5,7
Tata Nexon,NO CONTROLS,CLEAR,DAYLIGHT,NOT DIVIDED,WET,OTHER,11,5,7
Toyota Innova,NO CONTROLS,CLOUDY/OVERCAST,DARKNESS,NOT DIVIDED,DRY,"RUT, HOLES",23,1,11
Mahindra Thar,TRAFFIC SIGNAL,CLEAR,DARKNESS,NOT DIVIDED,DRY,SHOULDER DEFECT,11,7,10
Nissan Magnite,STOP SIGN/FLASHER,RAIN,DAYLIGHT,OTHER,WET,"RUT, HOLES",13,6,6
Renault Kiger,NO CONTROLS,SLEET/HAIL,DAYLIGHT,NOT DIVIDED,WET,NO DEFECTS,17,3,6
Maruti Suzuki Baleno,NO CONTROLS,RAIN,DAYLIGHT,NOT DIVIDED,WET,WORN SURFACE,16,5,7
Kia Seltos,STOP SIGN/FLASHER,RAIN,DARKNESS,NOT DIVIDED,WET,"RUT, HOLES",22,3,8
Tata Punch,TRAFFIC SIGNAL,CLEAR,DARKNESS,T-INTERSECTION,DRY,WORN SURFACE,20,4,4
Tata Nexon,TRAFFIC SIGNAL,CLEAR,DAWN,NOT DIVIDED,DRY,NO DEFECTS,19,5,10
Mahindra Scorpio,TRAFFIC SIGNAL,RAIN,DARKNESS,NOT DIVIDED,WET,NO DEFECTS,22,4,7
Toyota Fortuner,TRAFFIC SIGNAL,RAIN,DAYLIGHT,NOT DIVIDED,WET,WORN SURFACE,8,5,6
Kia Sonet,STOP SIGN/FLASHER,CLEAR,DAYLIGHT,NOT DIVIDED,DRY,NO DEFECTS,16,4,2
Toyota Fortuner,YIELD,CLEAR,DARKNESS,NOT DIVIDED,DRY,DEBRIS ON ROADWAY,20,5,4
Tata Altroz,STOP SIGN/FLASHER,FREEZING RAIN/DRIZZLE,DAYLIGHT,PARKING LOT,WET,"RUT, HOLES",16,3,12
Mahindra Thar,NO CONTROLS,OTHER,DARKNESS,ONE-WAY,DRY,NO DEFECTS,23,2,5
Tata Harrier,NO CONTROLS,CLEAR,DARKNESS,NOT DIVIDED,DRY,WORN SURFACE,5,1,3
Tata Nexon,NO CONTROLS,CLEAR,DAYLIGHT,FOUR WAY,DRY,"RUT, HOLES",13,5,7
Hyundai i20,NO CONTROLS,CLEAR,DARKNESS,NOT DIVIDED,"SAND, MUD, DIRT",NO DEFECTS,23,7,5
Maruti Suzuki Swift,TRAFFIC SIGNAL,RAIN,DAYLIGHT,DIVIDED - W/MEDIAN BARRIER,WET,NO DEFECTS,12,4,1
Mahindra Scorpio,TRAFFIC SIGNAL,UNKNOWN,DAYLIGHT,NOT DIVIDED,DRY,NO DEFECTS,18,2,6
Tata Altroz,NO CONTROLS,RAIN,DARKNESS,NOT DIVIDED,WET,NO DEFECTS,1,1,8
Maruti Suzuki Swift,NO CONTROLS,UNKNOWN,DAYLIGHT,ONE-WAY,WET,"RUT, HOLES",17,4,8
Mahindra Scorpio,STOP SIGN/FLASHER,CLEAR,DARKNESS,OTHER,DRY,WORN SURFACE,21,7,6
Hyundai Verna,NO CONTROLS,RAIN,DAYLIGHT,DIVIDED - W/MEDIAN (NOT RAISED),"SAND, MUD, DIRT",NO DEFECTS,12,7,7
Hyundai Creta,TRAFFIC SIGNAL,RAIN,"DARKNESS, LIGHTED ROAD",NOT DIVIDED,UNKNOWN,WORN SURFACE,0,1,12
Maruti Suzuki Swift,NO CONTROLS,CLOUDY/OVERCAST,DARKNESS,ALLEY,DRY,DEBRIS ON ROADWAY,1,6,6
Honda Amaze,TRAFFIC SIGNAL,CLEAR,DARKNESS,NOT DIVIDED,WET,"RUT, HOLES",20,2,5
Skoda Slavia,NO CONTROLS,RAIN,DAYLIGHT,NOT DIVIDED,WET,WORN SURFACE,17,6,4
Mahindra XUV700,NO CONTROLS,RAIN,"DARKNESS, LIGHTED ROAD",DIVIDED - W/MEDIAN BARRIER,WET,NO DEFECTS,5,7,7
Maruti Suzuki Wagon R,TRAFFIC SIGNAL,CLOUDY/OVERCAST,DARKNESS,NOT DIVIDED,DRY,NO DEFECTS,2,1,9
Honda Amaze,STOP SIGN/FLASHER,RAIN,DARKNESS,NOT DIVIDED,"SAND, MUD, DIRT",NO DEFECTS,19,2,4
Nissan Magnite,NO CONTROLS,RAIN,DARKNESS,ONE-WAY,WET,WORN SURFACE,19,1,9
Skoda Slavia,TRAFFIC SIGNAL,FOG/SMOKE/HAZE,UNKNOWN,NOT DIVIDED,DRY,WORN SURFACE,5,4,1
Tata Altroz,STOP SIGN/FLASHER,CLOUDY/OVERCAST,DAYLIGHT,FOUR WAY,DRY,OTHER,10,1,7
Tata Punch,NO CONTROLS,CLEAR,"DARKNESS, LIGHTED ROAD",DIVIDED - W/MEDIAN BARRIER,DRY,"RUT, HOLES",18,5,10
Hyundai Verna,TRAFFIC SIGNAL,RAIN,DAYLIGHT,DIVIDED - W/MEDIAN (NOT RAISED),WET,NO DEFECTS,15,5,6
Tata Nexon,NO CONTROLS,CLEAR,DARKNESS,NOT DIVIDED,"SAND, MUD, DIRT",WORN SURFACE,22,3,8
Maruti Suzuki Swift,UNKNOWN,CLEAR,DAYLIGHT,TRAFFIC ROUTE,DRY,NO DEFECTS,14,4,4
Hyundai i20,STOP SIGN/FLASHER,CLEAR,"DARKNESS, LIGHTED ROAD",NOT DIVIDED,DRY,WORN SURFACE,17,7,9
Tata Punch,TRAFFIC SIGNAL,FOG/SMOKE/HAZE,DAYLIGHT,RAMP,DRY,NO DEFECTS,9,2,1
Skoda Slavia,STOP SIGN/FLASHER,CLEAR,DARKNESS,NOT DIVIDED,OTHER,NO DEFECTS,22,6,11
Honda City,NO CONTROLS,CLEAR,DAYLIGHT,NOT DIVIDED,WET,NO DEFECTS,12,5,3
Hyundai Creta,TRAFFIC SIGNAL,FOG/SMOKE/HAZE,DARKNESS,T-INTERSECTION,DRY,UNKNOWN,6,5,11
Honda Amaze,NO CONTROLS,RAIN,DAYLIGHT,CENTER TURN LANE,WET,"RUT, HOLES",10,3,6
Skoda Slavia,TRAFFIC SIGNAL,RAIN,DARKNESS,ONE-WAY,WET,NO DEFECTS,20,2,9
Toyota Fortuner,NO CONTROLS,RAIN,UNKNOWN,NOT DIVIDED,UNKNOWN,NO DEFECTS,14,5,6
Tata Harrier,NO CONTROLS,OTHER,DAYLIGHT,NOT DIVIDED,DRY,NO DEFECTS,11,7,11
Renault Kiger,STOP SIGN/FLASHER,CLEAR,DAYLIGHT,NOT DIVIDED,DRY,NO DEFECTS,15,7,2
Volkswagen Virtus,TRAFFIC SIGNAL,BLOWING SNOW,DUSK,NOT DIVIDED,SNOW OR SLUSH,NO DEFECTS,6,4,3
Tata Harrier,STOP SIGN/FLASHER,CLOUDY/OVERCAST,"DARKNESS, LIGHTED ROAD",FOUR WAY,DRY,WORN SURFACE,0,4,7
Tata Punch,NO CONTROLS,FOG/SMOKE/HAZE,DAYLIGHT,UNKNOWN INTERSECTION TYPE,DRY,WORN SURFACE,7,3,1
Maruti Suzuki Baleno,TRAFFIC SIGNAL,CLOUDY/OVERCAST,DAYLIGHT,FOUR WAY,DRY,UNKNOWN,16,6,3
Hyundai i20,STOP SIGN/FLASHER,UNKNOWN,DAYLIGHT,DIVIDED - W/MEDIAN (NOT RAISED),DRY,NO DEFECTS,17,2,12
Kia Seltos,TRAFFIC SIGNAL,FOG/SMOKE/HAZE,DARKNESS,DIVIDED - W/MEDIAN (NOT RAISED),DRY,DEBRIS ON ROADWAY,19,4,12
Hyundai i20,NO CONTROLS,RAIN,DAWN,FOUR WAY,WET,NO DEFECTS,21,3,6
Maruti Suzuki Brezza,STOP SIGN/FLASHER,RAIN,DAYLIGHT,T-INTERSECTION,WET,NO DEFECTS,12,7,12
Mahindra Thar,NO CONTROLS,CLOUDY/OVERCAST,DAWN,ONE-WAY,"SAND, MUD, DIRT",NO DEFECTS,18,3,8
Nissan Magnite,NO CONTROLS,CLOUDY/OVERCAST,DARKNESS,T-INTERSECTION,DRY,UNKNOWN,4,6,5
Kia Sonet,TRAFFIC SIGNAL,RAIN,"DARKNESS, LIGHTED ROAD",T-INTERSECTION,WET,UNKNOWN,2,5,9
Mahindra Scorpio,TRAFFIC SIGNAL,RAIN,DAWN,"FIVE POINT, OR MORE",DRY,SHOULDER DEFECT,6,3,8
Honda Amaze,TRAFFIC SIGNAL,FOG/SMOKE/HAZE,DAYLIGHT,ALLEY,"SAND, MUD, DIRT",NO DEFECTS,8,2,12
Toyota Fortuner,NO CONTROLS,CLEAR,DAYLIGHT,DIVIDED - W/MEDIAN BARRIER,DRY,SHOULDER DEFECT,8,6,5
Hyundai Venue,TRAFFIC SIGNAL,RAIN,DARKNESS,NOT DIVIDED,WET,"RUT, HOLES",9,4,9
Tata Punch,NO CONTROLS,FOG/SMOKE/HAZE,DAYLIGHT,FOUR WAY,"SAND, MUD, DIRT",NO DEFECTS,14,5,1
Honda Amaze,TRAFFIC SIGNAL,CLEAR,DAYLIGHT,NOT DIVIDED,DRY,NO DEFECTS,11,7,2
Tata Punch,NO CONTROLS,CLOUDY/OVERCAST,UNKNOWN,FOUR WAY,OTHER,WORN SURFACE,15,4,1
Kia Sonet,NO CONTROLS,FOG/SMOKE/HAZE,DAYLIGHT,T-INTERSECTION,"SAND, MUD, DIRT",WORN SURFACE,8,6,12
Tata Altroz,OTHER,RAIN,DAYLIGHT,T-INTERSECTION,WET,SHOULDER DEFECT,7,5,10
Honda Amaze,NO CONTROLS,CLEAR,DAWN,Y-INTERSECTION,DRY,"RUT, HOLES",3,5,10
Tata Punch,TRAFFIC SIGNAL,RAIN,DAYLIGHT,CENTER TURN LANE,WET,"RUT, HOLES",8,1,7
Maruti Suzuki Swift,NO CONTROLS,SLEET/HAIL,DARKNESS,FOUR WAY,UNKNOWN,WORN SURFACE,2,7,5
Honda City,TRAFFIC SIGNAL,CLEAR,DAYLIGHT,ALLEY,"SAND, MUD, DIRT",WORN SURFACE,16,2,2
Skoda Slavia,NO CONTROLS,CLEAR,DARKNESS,ONE-WAY,DRY,NO DEFECTS,19,4,5
Volkswagen Virtus,STOP SIGN/FLASHER,CLEAR,DAWN,NOT DIVIDED,DRY,WORN SURFACE,11,6,6
Tata Nexon,NO CONTROLS,UNKNOWN,DAYLIGHT,NOT DIVIDED,WET,NO DEFECTS,12,5,9
Kia Seltos,YIELD,RAIN,DARKNESS,NOT DIVIDED,UNKNOWN,NO DEFECTS,19,1,8
Mahindra Scorpio,NO CONTROLS,CLOUDY/OVERCAST,DUSK,FOUR WAY,WET,NO DEFECTS,8,7,1
Tata Altroz,NO CONTROLS,CLEAR,DAYLIGHT,DIVIDED - W/MEDIAN (NOT RAISED),DRY,"RUT, HOLES",6,1,1
Maruti Suzuki Baleno,TRAFFIC SIGNAL,CLOUDY/OVERCAST,DAYLIGHT,T-INTERSECTION,DRY,NO DEFECTS,14,1,2
Toyota Fortuner,STOP SIGN/FLASHER,RAIN,DARKNESS,OTHER,WET,DEBRIS ON ROADWAY,16,2,6
Toyota Innova,YIELD,FOG/SMOKE/HAZE,DUSK,NOT DIVIDED,OTHER,"RUT, HOLES",11,5,12
Renault Kiger,STOP SIGN/FLASHER,RAIN,DAYLIGHT,OTHER,WET,UNKNOWN,17,7,8
Honda Amaze,NO CONTROLS,CLEAR,DARKNESS,NOT DIVIDED,WET,NO DEFECTS,2,7,10
Honda City,STOP SIGN/FLASHER,CLOUDY/OVERCAST,DAYLIGHT,Y-INTERSECTION,DRY,WORN SURFACE,13,5,7
Renault Kiger,YIELD,RAIN,DAYLIGHT,OTHER,WET,OTHER,8,6,6
Maruti Suzuki Brezza,STOP SIGN/FLASHER,CLEAR,DAWN,T-INTERSECTION,WET,NO DEFECTS,18,6,2
Nissan Magnite,TRAFFIC SIGNAL,OTHER,DARKNESS,NOT DIVIDED,"SAND, MUD, DIRT",NO DEFECTS,20,6,11
Hyundai i20,TRAFFIC SIGNAL,CLEAR,DAYLIGHT,NOT DIVIDED,DRY,"RUT, HOLES",9,6,10
Honda City,LANE USE MARKING,CLOUDY/OVERCAST,"DARKNESS, LIGHTED ROAD",ONE-WAY,DRY,NO DEFECTS,5,3,3
Mahindra XUV700,TRAFFIC SIGNAL,CLOUDY/OVERCAST,DAYLIGHT,NOT DIVIDED,DRY,NO DEFECTS,9,2,7
Renault Kiger,PEDESTRIAN CROSSING SIGN,UNKNOWN,DARKNESS,NOT DIVIDED,"SAND, MUD, DIRT",UNKNOWN,5,3,7
Hyundai Creta,NO CONTROLS,RAIN,"DARKNESS, LIGHTED ROAD",DIVIDED - W/MEDIAN (NOT RAISED),WET,WORN SURFACE,10,1,8
Hyundai Venue,NO CONTROLS,CLEAR,DAYLIGHT,T-INTERSECTION,DRY,"RUT, HOLES",15,7,12
Volkswagen Virtus,NO CONTROLS,CLEAR,"DARKNESS, LIGHTED ROAD",NOT DIVIDED,DRY,NO DEFECTS,23,6,8
Hyundai Creta,TRAFFIC SIGNAL,RAIN,DAYLIGHT,T-INTERSECTION,"SAND, MUD, DIRT",NO DEFECTS,12,2,8
Kia Seltos,TRAFFIC SIGNAL,CLOUDY/OVERCAST,DAYLIGHT,DIVIDED - W/MEDIAN BARRIER,"SAND, MUD, DIRT",NO DEFECTS,8,2,1
Mahindra XUV700,TRAFFIC SIGNAL,CLEAR,DAYLIGHT,T-INTERSECTION,DRY,"RUT, HOLES",7,7,1
Tata Altroz,NO CONTROLS,CLEAR,DAYLIGHT,NOT DIVIDED,UNKNOWN,"RUT, HOLES",7,6,3
Skoda Slavia,NO CONTROLS,CLEAR,DAYLIGHT,ALLEY,DRY,NO DEFECTS,8,4,1
Maruti Suzuki Swift,TRAFFIC SIGNAL,RAIN,DAYLIGHT,DIVIDED - W/MEDIAN (NOT RAISED),WET,DEBRIS ON ROADWAY,18,2,9
Volkswagen Virtus,NO CONTROLS,RAIN,DARKNESS,NOT DIVIDED,DRY,"RUT, HOLES",3,1,9
Honda Amaze,TRAFFIC SIGNAL,CLEAR,DARKNESS,DIVIDED - W/MEDIAN (NOT RAISED),DRY,NO DEFECTS,23,5,2
Mahindra XUV700,STOP SIGN/FLASHER,CLOUDY/OVERCAST,DAYLIGHT,NOT DIVIDED,UNKNOWN,WORN SURFACE,15,6,10
Volkswagen Virtus,NO CONTROLS,CLEAR,UNKNOWN,T-INTERSECTION,DRY,NO DEFECTS,15,1,3
Hyundai Verna,LANE USE MARKING,OTHER,DUSK,NOT DIVIDED,DRY,WORN SURFACE,11,1,5
Renault Kiger,NO CONTROLS,CLEAR,DUSK,ONE-WAY,DRY,WORN SURFACE,17,3,4
Tata Nexon,OTHER,RAIN,DAYLIGHT,ONE-WAY,WET,UNKNOWN,14,5,6
Tata Harrier,STOP SIGN/FLASHER,CLOUDY/OVERCAST,DAYLIGHT,NOT DIVIDED,DRY,NO DEFECTS,10,7,5
Mahindra Scorpio,NO CONTROLS,RAIN,DAYLIGHT,NOT DIVIDED,WET,NO DEFECTS,9,7,7
Mahindra Thar,TRAFFIC SIGNAL,RAIN,"DARKNESS, LIGHTED ROAD",OTHER,WET,NO DEFECTS,21,6,6
Volkswagen Virtus,TRAFFIC SIGNAL,FOG/SMOKE/HAZE,DAYLIGHT,NOT DIVIDED,"SAND, MUD, DIRT",NO DEFECTS,7,6,12
Maruti Suzuki Swift,TRAFFIC SIGNAL,FOG/SMOKE/HAZE,DAYLIGHT,NOT DIVIDED,DRY,WORN SURFACE,8,3,1
Hyundai Venue,TRAFFIC SIGNAL,CLEAR,DAYLIGHT,NOT DIVIDED,"SAND, MUD, DIRT",WORN SURFACE,11,2,2
Hyundai i20,TRAFFIC SIGNAL,CLEAR,DARKNESS,NOT DIVIDED,DRY,OTHER,4,1,1
Tata Altroz,OTHER,RAIN,DAYLIGHT,NOT DIVIDED,WET,NO DEFECTS,7,2,8
Renault Kiger,NO CONTROLS,CLEAR,UNKNOWN,NOT DIVIDED,DRY,WORN SURFACE,8,7,1
Mahindra Scorpio,NO CONTROLS,CLOUDY/OVERCAST,DAYLIGHT,T-INTERSECTION,DRY,NO DEFECTS,17,7,10
Mahindra Scorpio,NO CONTROLS,RAIN,DAYLIGHT,ONE-WAY,DRY,DEBRIS ON ROADWAY,12,1,7
Maruti Suzuki Swift,YIELD,CLOUDY/OVERCAST,DAWN,NOT DIVIDED,UNKNOWN,NO DEFECTS,18,4,7
Maruti Suzuki Swift,STOP SIGN/FLASHER,FOG/SMOKE/HAZE,DAYLIGHT,DIVIDED - W/MEDIAN (NOT RAISED),DRY,WORN SURFACE,17,3,8
Maruti Suzuki Baleno,NO CONTROLS,CLOUDY/OVERCAST,DAYLIGHT,NOT DIVIDED,DRY,NO DEFECTS,8,5,3
Hyundai Venue,NO CONTROLS,FOG/SMOKE/HAZE,DAWN,DIVIDED - W/MEDIAN (NOT RAISED),DRY,NO DEFECTS,10,3,3
Honda City,STOP SIGN/FLASHER,RAIN,DAWN,NOT DIVIDED,UNKNOWN,WORN SURFACE,18,3,6
Tata Altroz,TRAFFIC SIGNAL,RAIN,DAYLIGHT,NOT DIVIDED,"SAND, MUD, DIRT",DEBRIS ON ROADWAY,16,6,8
Mahindra Scorpio,TRAFFIC SIGNAL,CLEAR,DAYLIGHT,"FIVE POINT, OR MORE",DRY,WORN SURFACE,16,7,4
Volkswagen Virtus,TRAFFIC SIGNAL,CLEAR,DUSK,TRAFFIC ROUTE,DRY,NO DEFECTS,18,2,2
Renault Kiger,TRAFFIC SIGNAL,FOG/SMOKE/HAZE,"DARKNESS, LIGHTED ROAD",DIVIDED - W/MEDIAN (NOT RAISED),DRY,NO DEFECTS,5,2,12
Toyota Fortuner,NO CONTROLS,CLOUDY/OVERCAST,DARKNESS,NOT DIVIDED,WET,NO DEFECTS,18,4,1
Hyundai Creta,TRAFFIC SIGNAL,CLOUDY/OVERCAST,DAYLIGHT,FOUR WAY,"SAND, MUD, DIRT",WORN SURFACE,9,6,10
Hyundai i20,STOP SIGN/FLASHER,CLEAR,"DARKNESS, LIGHTED ROAD",UNKNOWN INTERSECTION TYPE,UNKNOWN,NO DEFECTS,15,2,10
Skoda Slavia,TRAFFIC SIGNAL,CLEAR,DAYLIGHT,NOT DIVIDED,DRY,DEBRIS ON ROADWAY,8,4,5
Mahindra Scorpio,STOP SIGN/FLASHER,OTHER,"DARKNESS, LIGHTED ROAD",NOT DIVIDED,WET,"RUT, HOLES",19,7,2
Nissan Magnite,STOP SIGN/FLASHER,CLEAR,DAYLIGHT,T-INTERSECTION,DRY,"RUT, HOLES",14,2,2
Hyundai Venue,NO CONTROLS,RAIN,DAYLIGHT,FOUR WAY,WET,SHOULDER DEFECT,16,1,9
Maruti Suzuki Swift,OTHER,OTHER,DARKNESS,NOT DIVIDED,DRY,"RUT, HOLES",19,7,8
Maruti Suzuki Wagon R,NO CONTROLS,UNKNOWN,DARKNESS,OTHER,WET,NO DEFECTS,20,6,10
Tata Altroz,STOP SIGN/FLASHER,CLOUDY/OVERCAST,DUSK,FOUR WAY,DRY,NO DEFECTS,18,6,12
Skoda Slavia,NO CONTROLS,CLOUDY/OVERCAST,DAYLIGHT,NOT DIVIDED,DRY,NO DEFECTS,7,1,9
Toyota Innova,NO CONTROLS,CLEAR,DARKNESS,NOT DIVIDED,WET,"RUT, HOLES",20,7,3
Mahindra Scorpio,YIELD,CLOUDY/OVERCAST,DAYLIGHT,UNKNOWN,OTHER,NO DEFECTS,16,3,4
Hyundai i20,NO CONTROLS,FOG/SMOKE/HAZE,DUSK,T-INTERSECTION,WET,"RUT, HOLES",12,2,11
Mahindra Thar,NO CONTROLS,CLEAR,DARKNESS,NOT DIVIDED,WET,NO DEFECTS,21,4,4
Mahindra XUV700,NO CONTROLS,FOG/SMOKE/HAZE,DAYLIGHT,NOT DIVIDED,"SAND, MUD, DIRT",SHOULDER DEFECT,7,7,1
Maruti Suzuki Swift,STOP SIGN/FLASHER,RAIN,DAYLIGHT,DIVIDED - W/MEDIAN (NOT RAISED),WET,WORN SURFACE,8,7,9
Mahindra Thar,STOP SIGN/FLASHER,RAIN,DAYLIGHT,T-INTERSECTION,WET,DEBRIS ON ROADWAY,14,5,6
Maruti Suzuki Swift,NO CONTROLS,CLEAR,DAWN,NOT DIVIDED,OTHER,NO DEFECTS,18,7,12
Volkswagen Virtus,TRAFFIC SIGNAL,RAIN,"DARKNESS, LIGHTED ROAD",NOT DIVIDED,OTHER,WORN SURFACE,13,4,8
Toyota Fortuner,OTHER,FOG/SMOKE/HAZE,DAYLIGHT,NOT DIVIDED,DRY,DEBRIS ON ROADWAY,14,1,1
Tata Altroz,NO CONTROLS,FOG/SMOKE/HAZE,DUSK,PARKING LOT,DRY,NO DEFECTS,8,3,12
Renault Kiger,TRAFFIC SIGNAL,CLEAR,DAYLIGHT,Y-INTERSECTION,"SAND, MUD, DIRT",UNKNOWN,16,3,5
Nissan Magnite,STOP SIGN/FLASHER,RAIN,DARKNESS,DIVIDED - W/MEDIAN (NOT RAISED),DRY,NO DEFECTS,19,6,6
Hyundai Verna,NO CONTROLS,UNKNOWN,DAYLIGHT,NOT DIVIDED,DRY,NO DEFECTS,7,1,6
Skoda Slavia,STOP SIGN/FLASHER,FOG/SMOKE/HAZE,DAYLIGHT,NOT DIVIDED,DRY,NO DEFECTS,16,2,1
Honda Amaze,NO CONTROLS,OTHER,DUSK,FOUR WAY,UNKNOWN,NO DEFECTS,18,5,7
Renault Kiger,TRAFFIC SIGNAL,UNKNOWN,DAYLIGHT,T-INTERSECTION,DRY,DEBRIS ON ROADWAY,13,2,2
Maruti Suzuki Swift,NO CONTROLS,RAIN,DAYLIGHT,T-INTERSECTION,WET,NO DEFECTS,10,4,6
Honda City,STOP SIGN/FLASHER,RAIN,"DARKNESS, LIGHTED ROAD",NOT DIVIDED,WET,"RUT, HOLES",0,1,6
Maruti Suzuki Swift,NO CONTROLS,CLEAR,DARKNESS,T-INTERSECTION,DRY,"RUT, HOLES",19,5,10
Hyundai i20,OTHER,FOG/SMOKE/HAZE,UNKNOWN,Y-INTERSECTION,DRY,WORN SURFACE,7,7,10
Hyundai Creta,STOP SIGN/FLASHER,CLOUDY/OVERCAST,DAWN,NOT DIVIDED,DRY,NO DEFECTS,11,7,2
Maruti Suzuki Wagon R,TRAFFIC SIGNAL,RAIN,DAYLIGHT,T-INTERSECTION,WET,WORN SURFACE,11,1,6
Honda Amaze,PEDESTRIAN CROSSING SIGN,RAIN,DAYLIGHT,DIVIDED - W/MEDIAN BARRIER,"SAND, MUD, DIRT",NO DEFECTS,14,5,6
Tata Punch,NO CONTROLS,CLEAR,DAYLIGHT,NOT DIVIDED,DRY,WORN SURFACE,17,1,2
Hyundai Creta,OTHER,FOG/SMOKE/HAZE,DARKNESS,T-INTERSECTION,DRY,DEBRIS ON ROADWAY,18,1,10
Maruti Suzuki Brezza,TRAFFIC SIGNAL,OTHER,DUSK,NOT DIVIDED,DRY,NO DEFECTS,12,5,9
Tata Punch,NO CONTROLS,CLEAR,DAYLIGHT,FOUR WAY,DRY,NO DEFECTS,17,5,3
Hyundai Verna,NO CONTROLS,RAIN,DAYLIGHT,DIVIDED - W/MEDIAN (NOT RAISED),WET,"RUT, HOLES",17,1,6
Renault Kiger,TRAFFIC SIGNAL,RAIN,DAYLIGHT,OTHER,DRY,NO DEFECTS,10,3,2
Volkswagen Virtus,STOP SIGN/FLASHER,RAIN,DAYLIGHT,NOT DIVIDED,WET,NO DEFECTS,5,3,8
Hyundai Verna,STOP SIGN/FLASHER,CLEAR,"DARKNESS, LIGHTED ROAD",NOT DIVIDED,DRY,NO DEFECTS,20,3,2
Volkswagen Virtus,OTHER,BLOWING SNOW,DUSK,UNKNOWN INTERSECTION TYPE,WET,"RUT, HOLES",17,3,12
Renault Kiger,OTHER,RAIN,DAYLIGHT,UNKNOWN INTERSECTION TYPE,WET,NO DEFECTS,16,6,10
Honda City,NO CONTROLS,RAIN,DARKNESS,NOT DIVIDED,WET,"RUT, HOLES",2,3,6
Toyota Innova,NO CONTROLS,CLEAR,UNKNOWN,NOT DIVIDED,"SAND, MUD, DIRT","RUT, HOLES",19,3,8
Hyundai Creta,OTHER,CLOUDY/OVERCAST,DAWN,NOT DIVIDED,"SAND, MUD, DIRT",WORN SURFACE,15,1,11
Maruti Suzuki Swift,TRAFFIC SIGNAL,CLOUDY/OVERCAST,DARKNESS,NOT DIVIDED,"SAND, MUD, DIRT",DEBRIS ON ROADWAY,19,6,8
Hyundai Verna,TRAFFIC SIGNAL,CLOUDY/OVERCAST,DARKNESS,FOUR WAY,DRY,"RUT, HOLES",23,5,3
Hyundai i20,NO CONTROLS,RAIN,DARKNESS,NOT DIVIDED,OTHER,NO DEFECTS,22,3,6
Hyundai i20,TRAFFIC SIGNAL,FOG/SMOKE/HAZE,"DARKNESS, LIGHTED ROAD",NOT DIVIDED,"SAND, MUD, DIRT",NO DEFECTS,19,4,11
Volkswagen Virtus,STOP SIGN/FLASHER,RAIN,DARKNESS,T-INTERSECTION,WET,"RUT, HOLES",0,6,8
Hyundai Creta,NO CONTROLS,RAIN,DARKNESS,FOUR WAY,WET,DEBRIS ON ROADWAY,20,3,8
Hyundai i20,TRAFFIC SIGNAL,FOG/SMOKE/HAZE,DARKNESS,ALLEY,DRY,WORN SURFACE,5,4,11
Honda City,NO CONTROLS,CLOUDY/OVERCAST,DARKNESS,DIVIDED - W/MEDIAN (NOT RAISED),DRY,NO DEFECTS,19,1,11
Honda City,TRAFFIC SIGNAL,CLEAR,DAYLIGHT,"FIVE POINT, OR MORE",DRY,DEBRIS ON ROADWAY,9,7,12
Tata Altroz,NO CONTROLS,CLOUDY/OVERCAST,DAYLIGHT,FOUR WAY,DRY,WORN SURFACE,16,3,1
Mahindra Scorpio,NO CONTROLS,UNKNOWN,DAYLIGHT,NOT DIVIDED,DRY,NO DEFECTS,1,3,8
Hyundai Creta,STOP SIGN/FLASHER,RAIN,DAWN,FOUR WAY,WET,WORN SURFACE,18,5,9
Skoda Slavia,NO CONTROLS,RAIN,DAWN,T-INTERSECTION,WET,NO DEFECTS,6,5,9
Maruti Suzuki Swift,NO CONTROLS,RAIN,DAYLIGHT,NOT DIVIDED,WET,"RUT, HOLES",12,4,8
Honda Amaze,NO CONTROLS,CLEAR,DARKNESS,NOT DIVIDED,DRY,NO DEFECTS,19,7,3
Mahindra Thar,STOP SIGN/FLASHER,CLOUDY/OVERCAST,DAYLIGHT,FOUR WAY,"SAND, MUD, DIRT",NO DEFECTS,17,3,10
Mahindra Scorpio,NO CONTROLS,CLEAR,DARKNESS,NOT DIVIDED,DRY,WORN SURFACE,0,7,9
Nissan Magnite,NO CONTROLS,UNKNOWN,DAYLIGHT,DIVIDED - W/MEDIAN (NOT RAISED),WET,WORN SURFACE,12,6,1
Maruti Suzuki Baleno,LANE USE MARKING,RAIN,DAWN,NOT REPORTED,WET,NO DEFECTS,1,7,7
Volkswagen Virtus,NO CONTROLS,CLEAR,DAYLIGHT,NOT DIVIDED,"SAND, MUD, DIRT",NO DEFECTS,17,3,3
Honda Amaze,NO CONTROLS,RAIN,DARKNESS,FOUR WAY,WET,"RUT, HOLES",22,1,6
Honda City,NO CONTROLS,CLEAR,DAWN,CENTER TURN LANE,"SAND, MUD, DIRT",WORN SURFACE,17,4,1
Hyundai Venue,LANE USE MARKING,CLOUDY/OVERCAST,DUSK,NOT DIVIDED,DRY,NO DEFECTS,8,3,6
Toyota Fortuner,STOP SIGN/FLASHER,CLOUDY/OVERCAST,DARKNESS,NOT DIVIDED,DRY,WORN SURFACE,11,1,8
Tata Punch,NO CONTROLS,CLEAR,DARKNESS,NOT DIVIDED,DRY,DEBRIS ON ROADWAY,23,1,8
Toyota Innova,TRAFFIC SIGNAL,OTHER,DAYLIGHT,NOT DIVIDED,DRY,"RUT, HOLES",8,2,9
Volkswagen Virtus,TRAFFIC SIGNAL,CLEAR,DAYLIGHT,DIVIDED - W/MEDIAN (NOT RAISED),DRY,NO DEFECTS,15,3,10
Honda Amaze,OTHER,CLEAR,DAYLIGHT,FOUR WAY,"SAND, MUD, DIRT",NO DEFECTS,12,7,4
Hyundai Venue,TRAFFIC SIGNAL,CLEAR,DUSK,DIVIDED - W/MEDIAN BARRIER,DRY,NO DEFECTS,18,5,2
Nissan Magnite,NO CONTROLS,FOG/SMOKE/HAZE,"DARKNESS, LIGHTED ROAD",NOT DIVIDED,DRY,NO DEFECTS,19,4,11
Nissan Magnite,STOP SIGN/FLASHER,CLEAR,DAYLIGHT,NOT DIVIDED,WET,WORN SURFACE,11,6,3
Renault Kiger,NO CONTROLS,CLOUDY/OVERCAST,DAYLIGHT,ONE-WAY,DRY,NO DEFECTS,17,5,12
Toyota Fortuner,TRAFFIC SIGNAL,OTHER,DAYLIGHT,ONE-WAY,DRY,NO DEFECTS,15,4,11
Maruti Suzuki Brezza,STOP SIGN/FLASHER,RAIN,DAYLIGHT,NOT DIVIDED,WET,"RUT, HOLES",9,2,7
Tata Altroz,TRAFFIC SIGNAL,CLEAR,DAYLIGHT,NOT DIVIDED,DRY,SHOULDER DEFECT,9,7,12
Kia Seltos,NO CONTROLS,CLEAR,DAYLIGHT,ONE-WAY,DRY,NO DEFECTS,15,5,2
Skoda Slavia,STOP SIGN/FLASHER,CLEAR,DAYLIGHT,NOT DIVIDED,DRY,WORN SURFACE,7,4,5
Hyundai i20,STOP SIGN/FLASHER,RAIN,DARKNESS,FOUR WAY,WET,"RUT, HOLES",19,4,8
Mahindra Scorpio,FLASHING CONTROL SIGNAL,UNKNOWN,"DARKNESS, LIGHTED ROAD",NOT DIVIDED,OTHER,WORN SURFACE,3,6,6
Tata Harrier,NO CONTROLS,CLOUDY/OVERCAST,"DARKNESS, LIGHTED ROAD",NOT DIVIDED,UNKNOWN,SHOULDER DEFECT,5,2,12
Hyundai i20,TRAFFIC SIGNAL,FOG/SMOKE/HAZE,DAYLIGHT,NOT DIVIDED,DRY,NO DEFECTS,7,4,1
Nissan Magnite,NO CONTROLS,RAIN,DAWN,T-INTERSECTION,WET,"RUT, HOLES",6,1,8
Mahindra Scorpio,NO CONTROLS,CLOUDY/OVERCAST,DAYLIGHT,FOUR WAY,DRY,WORN SURFACE,14,1,8
Tata Harrier,NO CONTROLS,CLOUDY/OVERCAST,DUSK,NOT DIVIDED,DRY,DEBRIS ON ROADWAY,12,5,8
Toyota Innova,TRAFFIC SIGNAL,CLEAR,DAYLIGHT,NOT DIVIDED,"SAND, MUD, DIRT",NO DEFECTS,17,3,5
Hyundai Verna,TRAFFIC SIGNAL,RAIN,DARKNESS,NOT DIVIDED,WET,NO DEFECTS,22,6,6
Maruti Suzuki Swift,TRAFFIC SIGNAL,FOG/SMOKE/HAZE,DAYLIGHT,NOT DIVIDED,"SAND, MUD, DIRT",NO DEFECTS,17,7,11
Renault Kiger,TRAFFIC SIGNAL,CLEAR,DARKNESS,NOT DIVIDED,WET,SHOULDER DEFECT,7,7,3
Kia Seltos,NO CONTROLS,CLOUDY/OVERCAST,DARKNESS,NOT DIVIDED,WET,SHOULDER DEFECT,21,4,10
Maruti Suzuki Swift,TRAFFIC SIGNAL,RAIN,DAYLIGHT,NOT DIVIDED,WET,"RUT, HOLES",12,3,8
Tata Altroz,TRAFFIC SIGNAL,CLEAR,DAYLIGHT,T-INTERSECTION,WET,NO DEFECTS,14,5,9
Tata Harrier,TRAFFIC SIGNAL,CLEAR,DAYLIGHT,OTHER,UNKNOWN,NO DEFECTS,13,1,9
Tata Nexon,STOP SIGN/FLASHER,CLOUDY/OVERCAST,DAYLIGHT,NOT DIVIDED,DRY,"RUT, HOLES",9,7,4
Mahindra Thar,NO CONTROLS,CLOUDY/OVERCAST,"DARKNESS, LIGHTED ROAD",NOT DIVIDED,DRY,UNKNOWN,20,7,8
Maruti Suzuki Wagon R,PEDESTRIAN CROSSING SIGN,CLOUDY/OVERCAST,DAYLIGHT,NOT DIVIDED,UNKNOWN,SHOULDER DEFECT,11,7,11
Maruti Suzuki Brezza,OTHER REG. SIGN,RAIN,DAYLIGHT,NOT DIVIDED,WET,WORN SURFACE,15,5,7
Volkswagen Virtus,TRAFFIC SIGNAL,UNKNOWN,DAYLIGHT,"FIVE POINT, OR MORE",DRY,NO DEFECTS,8,4,12
Toyota Fortuner,STOP SIGN/FLASHER,RAIN,"DARKNESS, LIGHTED ROAD",NOT DIVIDED,WET,UNKNOWN,19,6,7
Toyota Innova,STOP SIGN/FLASHER,CLEAR,DAYLIGHT,NOT DIVIDED,DRY,WORN SURFACE,18,3,2
Skoda Slavia,NO CONTROLS,RAIN,DUSK,DIVIDED - W/MEDIAN (NOT RAISED),WET,NO DEFECTS,10,7,6
Toyota Fortuner,NO CONTROLS,CLEAR,DAYLIGHT,DIVIDED - W/MEDIAN (NOT RAISED),DRY,WORN SURFACE,17,2,12
Maruti Suzuki Brezza,OTHER REG. SIGN,RAIN,DAYLIGHT,FOUR WAY,WET,"RUT, HOLES",17,6,6
Hyundai Verna,STOP SIGN/FLASHER,CLOUDY/OVERCAST,DAYLIGHT,UNKNOWN,DRY,"RUT, HOLES",15,7,11
Maruti Suzuki Brezza,STOP SIGN/FLASHER,FOG/SMOKE/HAZE,DARKNESS,NOT DIVIDED,DRY,OTHER,12,2,11
Tata Altroz,UNKNOWN,RAIN,DAYLIGHT,NOT DIVIDED,WET,NO DEFECTS,15,4,6
Hyundai i20,OTHER,FOG/SMOKE/HAZE,"DARKNESS, LIGHTED ROAD",NOT DIVIDED,"SAND, MUD, DIRT",WORN SURFACE,5,7,1
Tata Altroz,STOP SIGN/FLASHER,UNKNOWN,DAYLIGHT,FOUR WAY,OTHER,"RUT, HOLES",17,7,9
Mahindra Thar,NO CONTROLS,CLEAR,DAYLIGHT,FOUR WAY,DRY,DEBRIS ON ROADWAY,14,6,6
Maruti Suzuki Baleno,NO CONTROLS,FOG/SMOKE/HAZE,DAYLIGHT,DIVIDED - W/MEDIAN (NOT RAISED),DRY,NO DEFECTS,8,7,10
Honda City,YIELD,CLOUDY/OVERCAST,DAWN,NOT DIVIDED,DRY,WORN SURFACE,20,7,7
Mahindra Scorpio,PEDESTRIAN CROSSING SIGN,RAIN,DARKNESS,NOT DIVIDED,WET,NO DEFECTS,0,7,7
Toyota Fortuner,STOP SIGN/FLASHER,CLOUDY/OVERCAST,DAYLIGHT,ONE-WAY,"SAND, MUD, DIRT",NO DEFECTS,9,4,10
Maruti Suzuki Baleno,NO CONTROLS,RAIN,"DARKNESS, LIGHTED ROAD",FOUR WAY,WET,NO DEFECTS,6,3,6
Hyundai Venue,STOP SIGN/FLASHER,UNKNOWN,DARKNESS,T-INTERSECTION,DRY,"RUT, HOLES",1,5,7
Honda City,NO CONTROLS,RAIN,DAYLIGHT,NOT DIVIDED,WET,OTHER,9,2,6
Maruti Suzuki Brezza,NO CONTROLS,RAIN,DARKNESS,CENTER TURN LANE,WET,NO DEFECTS,23,5,6
Maruti Suzuki Wagon R,PEDESTRIAN CROSSING SIGN,RAIN,DAYLIGHT,NOT DIVIDED,WET,NO DEFECTS,9,5,7
Tata Altroz,NO CONTROLS,CLOUDY/OVERCAST,DAYLIGHT,FOUR WAY,"SAND, MUD, DIRT",NO DEFECTS,17,6,10
Tata Nexon,TRAFFIC SIGNAL,OTHER,DAWN,DIVIDED - W/MEDIAN BARRIER,OTHER,"RUT, HOLES",6,3,6
Hyundai i20,STOP SIGN/FLASHER,OTHER,DAYLIGHT,Y-INTERSECTION,DRY,NO DEFECTS,16,5,7
Maruti Suzuki Swift,TRAFFIC SIGNAL,RAIN,"DARKNESS, LIGHTED ROAD",NOT DIVIDED,WET,OTHER,23,7,9
Nissan Magnite,TRAFFIC SIGNAL,CLEAR,DARKNESS,NOT DIVIDED,DRY,"RUT, HOLES",10,4,5
Tata Harrier,NO CONTROLS,CLEAR,DARKNESS,NOT DIVIDED,DRY,WORN SURFACE,19,5,5
Maruti Suzuki Swift,STOP SIGN/FLASHER,CLEAR,DARKNESS,ONE-WAY,DRY,WORN SURFACE,23,6,12
Mahindra Thar,NO CONTROLS,OTHER,DAYLIGHT,NOT DIVIDED,"SAND, MUD, DIRT","RUT, HOLES",16,2,9
Tata Harrier,TRAFFIC SIGNAL,RAIN,DAYLIGHT,NOT DIVIDED,WET,DEBRIS ON ROADWAY,10,1,8
Tata Nexon,STOP SIGN/FLASHER,RAIN,DAYLIGHT,RAMP,WET,DEBRIS ON ROADWAY,17,6,8
Tata Altroz,NO CONTROLS,FOG/SMOKE/HAZE,DARKNESS,CENTER TURN LANE,DRY,NO DEFECTS,19,3,1
Volkswagen Virtus,NO CONTROLS,CLEAR,DAYLIGHT,NOT DIVIDED,DRY,DEBRIS ON ROADWAY,7,3,8
Tata Altroz,NO CONTROLS,OTHER,"DARKNESS, LIGHTED ROAD",NOT DIVIDED,WET,"RUT, HOLES",13,7,7
Maruti Suzuki Baleno,NO CONTROLS,CLOUDY/OVERCAST,DAYLIGHT,NOT DIVIDED,DRY,NO DEFECTS,10,4,8
Maruti Suzuki Wagon R,TRAFFIC SIGNAL,CLOUDY/OVERCAST,DAYLIGHT,T-INTERSECTION,"SAND, MUD, DIRT","RUT, HOLES",9,7,6
Mahindra Scorpio,STOP SIGN/FLASHER,CLEAR,"DARKNESS, LIGHTED ROAD",T-INTERSECTION,DRY,NO DEFECTS,20,1,1
Honda Amaze,NO CONTROLS,FOG/SMOKE/HAZE,DAYLIGHT,NOT DIVIDED,DRY,"RUT, HOLES",8,3,3
Nissan Magnite,TRAFFIC SIGNAL,FOG/SMOKE/HAZE,DAYLIGHT,NOT DIVIDED,DRY,WORN SURFACE,7,6,12
Renault Kiger,STOP SIGN/FLASHER,CLEAR,UNKNOWN,NOT DIVIDED,DRY,NO DEFECTS,16,1,6
Tata Punch,TRAFFIC SIGNAL,CLEAR,DAYLIGHT,NOT DIVIDED,WET,NO DEFECTS,8,3,7
Kia Seltos,TRAFFIC SIGNAL,CLOUDY/OVERCAST,UNKNOWN,CENTER TURN LANE,DRY,OTHER,8,7,1
Mahindra Thar,TRAFFIC SIGNAL,RAIN,DAYLIGHT,NOT DIVIDED,WET,"RUT, HOLES",15,6,1
Mahindra Thar,TRAFFIC SIGNAL,OTHER,DAYLIGHT,FOUR WAY,DRY,NO DEFECTS,12,3,9
Renault Kiger,TRAFFIC SIGNAL,CLOUDY/OVERCAST,DAYLIGHT,OTHER,DRY,DEBRIS ON ROADWAY,10,3,7
Hyundai Venue,TRAFFIC SIGNAL,UNKNOWN,UNKNOWN,T-INTERSECTION,"SAND, MUD, DIRT",DEBRIS ON ROADWAY,2,4,7
Renault Kiger,TRAFFIC SIGNAL,RAIN,DAYLIGHT,NOT DIVIDED,OTHER,NO DEFECTS,15,6,4
Tata Nexon,NO CONTROLS,SLEET/HAIL,DARKNESS,NOT DIVIDED,WET,NO DEFECTS,19,2,9
Mahindra XUV700,NO CONTROLS,CLEAR,DARKNESS,CENTER TURN LANE,OTHER,DEBRIS ON ROADWAY,20,5,3
Maruti Suzuki Brezza,NO CONTROLS,CLEAR,DAYLIGHT,NOT DIVIDED,"SAND, MUD, DIRT",NO DEFECTS,8,1,3
Tata Nexon,NO CONTROLS,RAIN,DAYLIGHT,PARKING LOT,WET,"RUT, HOLES",16,4,7
Tata Nexon,TRAFFIC SIGNAL,CLOUDY/OVERCAST,"DARKNESS, LIGHTED ROAD",NOT DIVIDED,DRY,NO DEFECTS,20,2,5
Renault Kiger,LANE USE MARKING,CLOUDY/OVERCAST,DAYLIGHT,NOT DIVIDED,DRY,WORN SURFACE,12,3,4
Mahindra Thar,TRAFFIC SIGNAL,CLEAR,DARKNESS,DIVIDED - W/MEDIAN BARRIER,DRY,NO DEFECTS,21,3,8
Mahindra Thar,OTHER,RAIN,DARKNESS,DIVIDED - W/MEDIAN BARRIER,WET,"RUT, HOLES",21,6,8
Mahindra Scorpio,NO CONTROLS,FOG/SMOKE/HAZE,DAWN,NOT DIVIDED,DRY,NO DEFECTS,6,3,10
Toyota Fortuner,TRAFFIC SIGNAL,RAIN,DAYLIGHT,NOT DIVIDED,WET,NO DEFECTS,9,5,7
Maruti Suzuki Baleno,NO CONTROLS,CLEAR,DAYLIGHT,"FIVE POINT, OR MORE",WET,NO DEFECTS,7,5,1
Tata Altroz,OTHER,CLEAR,DAYLIGHT,NOT DIVIDED,DRY,NO DEFECTS,8,6,5
Mahindra Thar,TRAFFIC SIGNAL,FOG/SMOKE/HAZE,DARKNESS,NOT DIVIDED,WET,SHOULDER DEFECT,20,3,12
Tata Punch,FLASHING CONTROL SIGNAL,CLOUDY/OVERCAST,DARKNESS,NOT DIVIDED,OTHER,DEBRIS ON ROADWAY,21,7,8
Renault Kiger,TRAFFIC SIGNAL,RAIN,DARKNESS,T-INTERSECTION,DRY,WORN SURFACE,2,3,9
Hyundai i20,NO CONTROLS,CLEAR,DAYLIGHT,CENTER TURN LANE,DRY,"RUT, HOLES",16,5,1
Volkswagen Virtus,NO CONTROLS,RAIN,DAYLIGHT,NOT DIVIDED,WET,NO DEFECTS,15,5,7
Tata Nexon,YIELD,SNOW,DAYLIGHT,NOT DIVIDED,SNOW OR SLUSH,NO DEFECTS,12,5,1
Hyundai i20,STOP SIGN/FLASHER,OTHER,DAYLIGHT,NOT DIVIDED,OTHER,NO DEFECTS,16,7,8
Kia Seltos,TRAFFIC SIGNAL,CLEAR,"DARKNESS, LIGHTED ROAD",T-INTERSECTION,"SAND, MUD, DIRT",WORN SURFACE,22,1,12
Tata Altroz,NO CONTROLS,FOG/SMOKE/HAZE,DUSK,FOUR WAY,DRY,NO DEFECTS,6,5,12
Tata Altroz,NO CONTROLS,RAIN,DUSK,NOT DIVIDED,WET,OTHER,6,4,8
Maruti Suzuki Brezza,NO CONTROLS,RAIN,"DARKNESS, LIGHTED ROAD",NOT DIVIDED,DRY,WORN SURFACE,1,4,7
Skoda Slavia,TRAFFIC SIGNAL,FOG/SMOKE/HAZE,DAYLIGHT,NOT DIVIDED,"SAND, MUD, DIRT",UNKNOWN,7,3,12
Tata Altroz,NO CONTROLS,UNKNOWN,DAYLIGHT,NOT DIVIDED,OTHER,"RUT, HOLES",11,2,9
Tata Punch,TRAFFIC SIGNAL,FOG/SMOKE/HAZE,DAYLIGHT,NOT DIVIDED,DRY,"RUT, HOLES",8,5,1
Tata Altroz,NO CONTROLS,RAIN,DAYLIGHT,UNKNOWN,WET,NO DEFECTS,14,1,7
Kia Seltos,STOP SIGN/FLASHER,CLEAR,DARKNESS,NOT DIVIDED,DRY,"RUT, HOLES",18,6,4
Maruti Suzuki Baleno,TRAFFIC SIGNAL,RAIN,DAYLIGHT,OTHER,OTHER,OTHER,12,4,7
Mahindra Scorpio,NO CONTROLS,RAIN,DAYLIGHT,NOT DIVIDED,WET,NO DEFECTS,10,5,7
Kia Sonet,NO CONTROLS,RAIN,DUSK,UNKNOWN,WET,NO DEFECTS,19,1,8
Renault Kiger,TRAFFIC SIGNAL,CLOUDY/OVERCAST,DARKNESS,NOT DIVIDED,WET,NO DEFECTS,19,1,6
Tata Nexon,PEDESTRIAN CROSSING SIGN,CLEAR,DAYLIGHT,NOT DIVIDED,"SAND, MUD, DIRT",UNKNOWN,8,2,3
Nissan Magnite,NO CONTROLS,CLEAR,DAYLIGHT,NOT DIVIDED,DRY,NO DEFECTS,10,6,7
Tata Nexon,TRAFFIC SIGNAL,CLEAR,DARKNESS,T-INTERSECTION,DRY,WORN SURFACE,19,4,10
Honda Amaze,UNKNOWN,RAIN,DARKNESS,NOT DIVIDED,DRY,NO DEFECTS,4,3,9
Honda City,TRAFFIC SIGNAL,CLEAR,DAYLIGHT,Y-INTERSECTION,WET,SHOULDER DEFECT,10,7,6
Tata Nexon,OTHER,FOG/SMOKE/HAZE,UNKNOWN,FOUR WAY,DRY,"RUT, HOLES",8,2,12
Maruti Suzuki Baleno,LANE USE MARKING,RAIN,DUSK,FOUR WAY,DRY,NO DEFECTS,7,2,11
Toyota Fortuner,LANE USE MARKING,CLEAR,DAYLIGHT,NOT DIVIDED,DRY,WORN SURFACE,7,6,4
Nissan Magnite,TRAFFIC SIGNAL,RAIN,DUSK,NOT DIVIDED,OTHER,SHOULDER DEFECT,13,1,1
Maruti Suzuki Swift,STOP SIGN/FLASHER,RAIN,DAWN,NOT DIVIDED,UNKNOWN,"RUT, HOLES",18,2,9
Tata Harrier,NO CONTROLS,FOG/SMOKE/HAZE,DARKNESS,NOT DIVIDED,DRY,WORN SURFACE,19,5,10
Honda Amaze,NO CONTROLS,FOG/SMOKE/HAZE,DARKNESS,NOT DIVIDED,UNKNOWN,NO DEFECTS,22,7,12
Tata Punch,NO CONTROLS,FOG/SMOKE/HAZE,"DARKNESS, LIGHTED ROAD",CENTER TURN LANE,DRY,DEBRIS ON ROADWAY,5,3,11
Volkswagen Virtus,NO CONTROLS,RAIN,DAYLIGHT,DIVIDED - W/MEDIAN BARRIER,WET,NO DEFECTS,8,2,8
Mahindra Scorpio,NO CONTROLS,CLOUDY/OVERCAST,DUSK,FOUR WAY,DRY,NO DEFECTS,18,7,7
Mahindra Scorpio,NO CONTROLS,FOG/SMOKE/HAZE,DAYLIGHT,NOT DIVIDED,DRY,NO DEFECTS,9,5,1
Tata Altroz,NO CONTROLS,CLEAR,DAYLIGHT,NOT DIVIDED,"SAND, MUD, DIRT",NO DEFECTS,10,1,4
Mahindra Scorpio,NO CONTROLS,CLEAR,DAYLIGHT,NOT DIVIDED,"SAND, MUD, DIRT",NO DEFECTS,8,3,7
Maruti Suzuki Wagon R,NO CONTROLS,CLOUDY/OVERCAST,DAYLIGHT,T-INTERSECTION,DRY,"RUT, HOLES",9,5,8
Nissan Magnite,NO CONTROLS,RAIN,DAYLIGHT,NOT DIVIDED,WET,"RUT, HOLES",13,1,8
Maruti Suzuki Brezza,TRAFFIC SIGNAL,RAIN,DAYLIGHT,DIVIDED - W/MEDIAN (NOT RAISED),WET,NO DEFECTS,7,6,9
Hyundai Venue,TRAFFIC SIGNAL,RAIN,DARKNESS,DIVIDED - W/MEDIAN BARRIER,"SAND, MUD, DIRT",NO DEFECTS,22,5,5
Maruti Suzuki Baleno,OTHER,RAIN,DARKNESS,DIVIDED - W/MEDIAN (NOT RAISED),WET,WORN SURFACE,5,6,8
Tata Harrier,TRAFFIC SIGNAL,UNKNOWN,DARKNESS,NOT DIVIDED,DRY,WORN SURFACE,23,3,1
Maruti Suzuki Baleno,NO CONTROLS,RAIN,DARKNESS,NOT DIVIDED,DRY,NO DEFECTS,19,4,7
Mahindra XUV700,TRAFFIC SIGNAL,CLOUDY/OVERCAST,UNKNOWN,FOUR WAY,OTHER,"RUT, HOLES",13,7,9
Hyundai i20,TRAFFIC SIGNAL,RAIN,DUSK,UNKNOWN INTERSECTION TYPE,WET,NO DEFECTS,18,2,9
Mahindra Thar,STOP SIGN/FLASHER,CLEAR,DAYLIGHT,ALLEY,"SAND, MUD, DIRT",WORN SURFACE,17,1,12
Mahindra XUV700,TRAFFIC SIGNAL,CLEAR,DAYLIGHT,DIVIDED - W/MEDIAN BARRIER,WET,OTHER,8,7,5
Hyundai Venue,NO CONTROLS,CLEAR,DAYLIGHT,"FIVE POINT, OR MORE",DRY,NO DEFECTS,11,1,7
Hyundai Creta,STOP SIGN/FLASHER,RAIN,DAYLIGHT,NOT DIVIDED,DRY,WORN SURFACE,14,7,6
Skoda Slavia,STOP SIGN/FLASHER,RAIN,DAYLIGHT,NOT DIVIDED,DRY,NO DEFECTS,16,6,7
Toyota Fortuner,TRAFFIC SIGNAL,CLOUDY/OVERCAST,DAYLIGHT,NOT DIVIDED,DRY,NO DEFECTS,15,4,11
Maruti Suzuki Brezza,NO CONTROLS,RAIN,DAYLIGHT,DIVIDED - W/MEDIAN (NOT RAISED),WET,"RUT, HOLES",14,6,9
Tata Punch,NO CONTROLS,CLEAR,DAYLIGHT,NOT DIVIDED,WET,NO DEFECTS,13,1,11
Toyota Fortuner,STOP SIGN/FLASHER,CLEAR,DAYLIGHT,NOT DIVIDED,DRY,WORN SURFACE,14,6,4
Mahindra XUV700,LANE USE MARKING,CLEAR,DAYLIGHT,DIVIDED - W/MEDIAN (NOT RAISED),DRY,WORN SURFACE,13,6,11
Hyundai Verna,NO CONTROLS,FOG/SMOKE/HAZE,DAYLIGHT,NOT DIVIDED,DRY,DEBRIS ON ROADWAY,9,1,1
Toyota Innova,TRAFFIC SIGNAL,FOG/SMOKE/HAZE,DUSK,T-INTERSECTION,DRY,"RUT, HOLES",19,4,11
Nissan Magnite,NO CONTROLS,RAIN,DAYLIGHT,NOT DIVIDED,WET,"RUT, HOLES",16,7,6
Mahindra Thar,NO CONTROLS,OTHER,DAYLIGHT,TRAFFIC ROUTE,DRY,NO DEFECTS,17,7,6
Maruti Suzuki Brezza,NO CONTROLS,RAIN,DAYLIGHT,Y-INTERSECTION,WET,NO DEFECTS,16,7,7
Toyota Fortuner,STOP SIGN/FLASHER,CLEAR,DAYLIGHT,Y-INTERSECTION,DRY,"RUT, HOLES",16,5,12
Kia Seltos,TRAFFIC SIGNAL,CLEAR,DAYLIGHT,ONE-WAY,DRY,WORN SURFACE,15,2,1
Tata Nexon,TRAFFIC SIGNAL,RAIN,DARKNESS,FOUR WAY,DRY,NO DEFECTS,0,4,6
Hyundai Venue,STOP SIGN/FLASHER,FOG/SMOKE/HAZE,DARKNESS,NOT DIVIDED,WET,UNKNOWN,23,6,11
Hyundai Creta,NO CONTROLS,CLEAR,DARKNESS,FOUR WAY,DRY,WORN SURFACE,1,3,6
Tata Altroz,NO CONTROLS,CLEAR,DAYLIGHT,T-INTERSECTION,OTHER,WORN SURFACE,12,6,3
Hyundai Venue,TRAFFIC SIGNAL,CLOUDY/OVERCAST,DARKNESS,NOT DIVIDED,WET,UNKNOWN,5,7,7
Maruti Suzuki Swift,NO CONTROLS,RAIN,DARKNESS,FOUR WAY,WET,"RUT, HOLES",5,6,6
Honda City,NO CONTROLS,FOG/SMOKE/HAZE,"DARKNESS, LIGHTED ROAD",NOT DIVIDED,DRY,NO DEFECTS,18,3,12
Toyota Innova,TRAFFIC SIGNAL,RAIN,DAYLIGHT,NOT DIVIDED,WET,WORN SURFACE,13,6,9
Hyundai Verna,UNKNOWN,CLEAR,DARKNESS,NOT DIVIDED,UNKNOWN,SHOULDER DEFECT,19,1,7
Maruti Suzuki Wagon R,NO CONTROLS,FOG/SMOKE/HAZE,UNKNOWN,T-INTERSECTION,DRY,NO DEFECTS,7,3,12
Hyundai Verna,STOP SIGN/FLASHER,UNKNOWN,DAYLIGHT,CENTER TURN LANE,WET,NO DEFECTS,9,6,7
Hyundai Creta,NO CONTROLS,CLEAR,DAYLIGHT,ONE-WAY,DRY,NO DEFECTS,9,6,1
Maruti Suzuki Wagon R,NO CONTROLS,CLEAR,DAYLIGHT,NOT DIVIDED,OTHER,NO DEFECTS,16,3,5
Hyundai i20,TRAFFIC SIGNAL,OTHER,UNKNOWN,NOT REPORTED,DRY,DEBRIS ON ROADWAY,19,7,7
Toyota Fortuner,STOP SIGN/FLASHER,RAIN,DAYLIGHT,NOT DIVIDED,WET,NO DEFECTS,13,3,3
Tata Altroz,NO CONTROLS,CLEAR,DAYLIGHT,NOT DIVIDED,WET,WORN SURFACE,12,5,12
Honda City,OTHER,RAIN,DAYLIGHT,UNKNOWN,WET,SHOULDER DEFECT,23,7,9
Renault Kiger,STOP SIGN/FLASHER,CLEAR,DAYLIGHT,ONE-WAY,DRY,WORN SURFACE,6,5,5
Mahindra XUV700,TRAFFIC SIGNAL,SLEET/HAIL,DAYLIGHT,ONE-WAY,WET,NO DEFECTS,14,4,8
Hyundai Venue,STOP SIGN/FLASHER,RAIN,UNKNOWN,NOT DIVIDED,WET,WORN SURFACE,12,2,9
Toyota Innova,NO CONTROLS,UNKNOWN,"DARKNESS, LIGHTED ROAD",NOT DIVIDED,DRY,OTHER,5,2,12
Tata Altroz,STOP SIGN/FLASHER,FOG/SMOKE/HAZE,DAYLIGHT,NOT DIVIDED,WET,NO DEFECTS,7,2,11
Maruti Suzuki Brezza,NO CONTROLS,RAIN,"DARKNESS, LIGHTED ROAD",ONE-WAY,DRY,NO DEFECTS,1,4,7
Tata Nexon,NO CONTROLS,CLEAR,DARKNESS,NOT DIVIDED,OTHER,SHOULDER DEFECT,20,5,10
Tata Nexon,TRAFFIC SIGNAL,CLEAR,DAYLIGHT,NOT DIVIDED,DRY,"RUT, HOLES",16,6,8
Tata Nexon,NO CONTROLS,RAIN,"DARKNESS, LIGHTED ROAD",NOT DIVIDED,WET,"RUT, HOLES",19,2,8
Tata Punch,NO CONTROLS,CLEAR,DAYLIGHT,FOUR WAY,"SAND, MUD, DIRT",OTHER,15,6,2
Tata Altroz,STOP SIGN/FLASHER,CLEAR,DAYLIGHT,NOT DIVIDED,"SAND, MUD, DIRT",WORN SURFACE,16,6,2
Mahindra Scorpio,TRAFFIC SIGNAL,RAIN,DAYLIGHT,UNKNOWN INTERSECTION TYPE,WET,NO DEFECTS,17,5,7
Hyundai Verna,TRAFFIC SIGNAL,CLOUDY/OVERCAST,DARKNESS,NOT DIVIDED,DRY,"RUT, HOLES",21,3,5
Kia Sonet,OTHER,FOG/SMOKE/HAZE,DARKNESS,DIVIDED - W/MEDIAN BARRIER,OTHER,NO DEFECTS,5,3,1
Tata Nexon,OTHER WARNING SIGN,RAIN,DAYLIGHT,DIVIDED - W/MEDIAN (NOT RAISED),WET,NO DEFECTS,10,6,9
Honda City,LANE USE MARKING,FOG/SMOKE/HAZE,DAYLIGHT,T-INTERSECTION,DRY,"RUT, HOLES",17,3,1
Renault Kiger,TRAFFIC SIGNAL,RAIN,"DARKNESS, LIGHTED ROAD",NOT DIVIDED,DRY,NO DEFECTS,22,3,8
Toyota Fortuner,TRAFFIC SIGNAL,CLEAR,"DARKNESS, LIGHTED ROAD",T-INTERSECTION,DRY,DEBRIS ON ROADWAY,23,7,8
Mahindra Scorpio,NO CONTROLS,CLEAR,DAYLIGHT,NOT DIVIDED,DRY,NO DEFECTS,16,7,12
Skoda Slavia,STOP SIGN/FLASHER,CLOUDY/OVERCAST,DAYLIGHT,T-INTERSECTION,WET,"RUT, HOLES",8,1,7
Maruti Suzuki Brezza,TRAFFIC SIGNAL,CLEAR,DUSK,NOT DIVIDED,"SAND, MUD, DIRT",WORN SURFACE,6,6,1
Mahindra Thar,NO CONTROLS,RAIN,DARKNESS,NOT DIVIDED,"SAND, MUD, DIRT",WORN SURFACE,22,5,8
Renault Kiger,NO CONTROLS,CLOUDY/OVERCAST,DAYLIGHT,NOT DIVIDED,DRY,"RUT, HOLES",13,4,11
Mahindra Thar,STOP SIGN/FLASHER,FOG/SMOKE/HAZE,DARKNESS,OTHER,DRY,NO DEFECTS,6,3,12
Tata Harrier,OTHER,RAIN,DARKNESS,NOT DIVIDED,WET,DEBRIS ON ROADWAY,21,4,7
Tata Harrier,NO CONTROLS,FOG/SMOKE/HAZE,"DARKNESS, LIGHTED ROAD",NOT DIVIDED,"SAND, MUD, DIRT",NO DEFECTS,5,4,6
Kia Sonet,NO CONTROLS,CLEAR,DARKNESS,DIVIDED - W/MEDIAN (NOT RAISED),DRY,WORN SURFACE,18,4,11
Mahindra Thar,TRAFFIC SIGNAL,CLEAR,DAYLIGHT,FOUR WAY,DRY,DEBRIS ON ROADWAY,16,7,3
Toyota Fortuner,NO CONTROLS,CLEAR,DARKNESS,NOT DIVIDED,DRY,NO DEFECTS,4,3,8
Tata Punch,TRAFFIC SIGNAL,RAIN,DAYLIGHT,NOT DIVIDED,WET,DEBRIS ON ROADWAY,11,5,6
Kia Sonet,TRAFFIC SIGNAL,UNKNOWN,DAYLIGHT,NOT DIVIDED,"SAND, MUD, DIRT",WORN SURFACE,7,7,1
Toyota Fortuner,NO CONTROLS,SLEET/HAIL,DAYLIGHT,NOT DIVIDED,WET,"RUT, HOLES",16,7,6
Maruti Suzuki Brezza,TRAFFIC SIGNAL,CLOUDY/OVERCAST,DAYLIGHT,NOT DIVIDED,"SAND, MUD, DIRT",NO DEFECTS,14,5,5
Hyundai i20,NO CONTROLS,CLEAR,DARKNESS,ALLEY,DRY,DEBRIS ON ROADWAY,0,5,9
Honda City,TRAFFIC SIGNAL,UNKNOWN,DARKNESS,NOT DIVIDED,DRY,NO DEFECTS,23,7,12
Maruti Suzuki Brezza,NO CONTROLS,CLOUDY/OVERCAST,DAYLIGHT,NOT DIVIDED,OTHER,"RUT, HOLES",11,2,5
Kia Seltos,STOP SIGN/FLASHER,CLEAR,DAYLIGHT,PARKING LOT,WET,WORN SURFACE,9,5,10
Toyota Innova,NO CONTROLS,OTHER,DAYLIGHT,UNKNOWN INTERSECTION TYPE,WET,WORN SURFACE,8,1,1
Skoda Slavia,TRAFFIC SIGNAL,RAIN,DAYLIGHT,NOT DIVIDED,DRY,NO DEFECTS,7,5,7
Mahindra Thar,TRAFFIC SIGNAL,CLOUDY/OVERCAST,DARKNESS,DIVIDED - W/MEDIAN (NOT RAISED),DRY,NO DEFECTS,23,6,1
Hyundai Venue,TRAFFIC SIGNAL,UNKNOWN,DAYLIGHT,FOUR WAY,DRY,WORN SURFACE,10,1,12
Hyundai Venue,TRAFFIC SIGNAL,RAIN,DAYLIGHT,NOT DIVIDED,WET,"RUT, HOLES",12,7,9
Maruti Suzuki Baleno,TRAFFIC SIGNAL,RAIN,DARKNESS,T-INTERSECTION,"SAND, MUD, DIRT",NO DEFECTS,20,1,8
Mahindra Scorpio,STOP SIGN/FLASHER,CLEAR,DAYLIGHT,PARKING LOT,DRY,NO DEFECTS,16,2,10
Maruti Suzuki Brezza,TRAFFIC SIGNAL,CLEAR,DAYLIGHT,NOT DIVIDED,DRY,"RUT, HOLES",11,6,8
Mahindra Scorpio,NO CONTROLS,FOG/SMOKE/HAZE,"DARKNESS, LIGHTED ROAD",NOT DIVIDED,"SAND, MUD, DIRT","RUT, HOLES",19,1,12
Tata Harrier,OTHER,RAIN,DUSK,FOUR WAY,WET,SHOULDER DEFECT,18,6,9
Kia Seltos,TRAFFIC SIGNAL,FOG/SMOKE/HAZE,DARKNESS,T-INTERSECTION,DRY,NO DEFECTS,6,3,12
Mahindra Scorpio,YIELD,RAIN,DAYLIGHT,ONE-WAY,WET,SHOULDER DEFECT,16,2,7
Maruti Suzuki Brezza,TRAFFIC SIGNAL,CLOUDY/OVERCAST,"DARKNESS, LIGHTED ROAD",NOT DIVIDED,OTHER,DEBRIS ON ROADWAY,21,5,2
Honda City,NO CONTROLS,RAIN,UNKNOWN,ONE-WAY,OTHER,"RUT, HOLES",14,1,7
Kia Sonet,NO CONTROLS,CLOUDY/OVERCAST,DUSK,OTHER,DRY,NO DEFECTS,18,5,2
Mahindra Thar,TRAFFIC SIGNAL,FOG/SMOKE/HAZE,DAWN,NOT DIVIDED,DRY,DEBRIS ON ROADWAY,21,7,8
Hyundai i20,NO CONTROLS,RAIN,DAYLIGHT,NOT DIVIDED,WET,NO DEFECTS,17,7,7
Renault Kiger,NO CONTROLS,FOG/SMOKE/HAZE,DARKNESS,DIVIDED - W/MEDIAN (NOT RAISED),DRY,"RUT, HOLES",5,7,8
Skoda Slavia,NO CONTROLS,FOG/SMOKE/HAZE,DAYLIGHT,NOT DIVIDED,DRY,"RUT, HOLES",7,3,1
Mahindra Thar,NO CONTROLS,CLEAR,DAYLIGHT,NOT REPORTED,DRY,SHOULDER DEFECT,16,6,3
Renault Kiger,NO CONTROLS,UNKNOWN,DAYLIGHT,NOT DIVIDED,OTHER,"RUT, HOLES",9,6,7
Toyota Innova,TRAFFIC SIGNAL,CLOUDY/OVERCAST,"DARKNESS, LIGHTED ROAD",FOUR WAY,DRY,"RUT, HOLES",22,7,12
Toyota Fortuner,STOP SIGN/FLASHER,RAIN,DAYLIGHT,DIVIDED - W/MEDIAN (NOT RAISED),DRY,DEBRIS ON ROADWAY,12,3,6
Hyundai Venue,NO CONTROLS,RAIN,DAYLIGHT,DIVIDED - W/MEDIAN (NOT RAISED),WET,OTHER,13,6,7
Hyundai i20,STOP SIGN/FLASHER,RAIN,DAYLIGHT,FOUR WAY,WET,"RUT, HOLES",17,2,9
Tata Harrier,NO CONTROLS,FOG/SMOKE/HAZE,DAYLIGHT,DIVIDED - W/MEDIAN (NOT RAISED),DRY,"RUT, HOLES",9,1,8
Hyundai i20,TRAFFIC SIGNAL,CLEAR,DAYLIGHT,NOT DIVIDED,"SAND, MUD, DIRT",SHOULDER DEFECT,12,4,5
Mahindra Scorpio,STOP SIGN/FLASHER,RAIN,DUSK,OTHER,DRY,SHOULDER DEFECT,4,6,6
Mahindra Thar,NO CONTROLS,CLEAR,DAYLIGHT,NOT DIVIDED,DRY,NO DEFECTS,16,2,4
Renault Kiger,NO CONTROLS,OTHER,DARKNESS,NOT DIVIDED,DRY,"RUT, HOLES",20,1,12
Tata Harrier,TRAFFIC SIGNAL,CLEAR,DAYLIGHT,FOUR WAY,"SAND, MUD, DIRT",NO DEFECTS,17,3,2
Tata Punch,NO CONTROLS,RAIN,DAYLIGHT,NOT DIVIDED,DRY,"RUT, HOLES",12,2,6
Maruti Suzuki Wagon R,UNKNOWN,FOG/SMOKE/HAZE,DUSK,DIVIDED - W/MEDIAN (NOT RAISED),WET,SHOULDER DEFECT,6,3,1
Hyundai Creta,OTHER,CLEAR,"DARKNESS, LIGHTED ROAD",NOT DIVIDED,DRY,NO DEFECTS,19,7,4
Mahindra XUV700,TRAFFIC SIGNAL,CLEAR,UNKNOWN,NOT DIVIDED,"SAND, MUD, DIRT",NO DEFECTS,22,6,10
Kia Seltos,NO CONTROLS,CLEAR,DAYLIGHT,NOT DIVIDED,DRY,"RUT, HOLES",12,3,3
Mahindra Scorpio,NO CONTROLS,CLEAR,DAYLIGHT,NOT DIVIDED,DRY,SHOULDER DEFECT,18,3,1
Honda Amaze,NO CONTROLS,RAIN,DAYLIGHT,UNKNOWN,WET,WORN SURFACE,12,7,7
Hyundai Verna,NO CONTROLS,CLOUDY/OVERCAST,DAYLIGHT,DIVIDED - W/MEDIAN (NOT RAISED),DRY,NO DEFECTS,14,7,1
Tata Punch,POLICE/FLAGMAN,UNKNOWN,DARKNESS,NOT DIVIDED,DRY,NO DEFECTS,19,5,1
Kia Seltos,NO CONTROLS,CLEAR,DARKNESS,T-INTERSECTION,DRY,WORN SURFACE,4,3,10
Tata Nexon,NO CONTROLS,CLEAR,DAYLIGHT,Y-INTERSECTION,DRY,"RUT, HOLES",15,6,10
Maruti Suzuki Swift,OTHER,CLEAR,DAYLIGHT,NOT DIVIDED,WET,"RUT, HOLES",8,5,12
Hyundai Creta,NO CONTROLS,FREEZING RAIN/DRIZZLE,DAYLIGHT,NOT DIVIDED,UNKNOWN,"RUT, HOLES",11,5,11
Renault Kiger,STOP SIGN/FLASHER,RAIN,DARKNESS,NOT DIVIDED,WET,"RUT, HOLES",16,6,9
Kia Sonet,OTHER REG. SIGN,FOG/SMOKE/HAZE,DARKNESS,NOT DIVIDED,DRY,"RUT, HOLES",3,2,1
Hyundai Creta,NO CONTROLS,FOG/SMOKE/HAZE,DAYLIGHT,DIVIDED - W/MEDIAN BARRIER,DRY,DEBRIS ON ROADWAY,11,7,10
Hyundai i20,TRAFFIC SIGNAL,FOG/SMOKE/HAZE,DAYLIGHT,FOUR WAY,DRY,SHOULDER DEFECT,7,7,11
Tata Nexon,NO CONTROLS,CLEAR,DAYLIGHT,NOT DIVIDED,DRY,NO DEFECTS,17,3,10
Volkswagen Virtus,STOP SIGN/FLASHER,UNKNOWN,UNKNOWN,DRIVEWAY,DRY,"RUT, HOLES",6,7,7
Toyota Fortuner,NO CONTROLS,OTHER,DUSK,DIVIDED - W/MEDIAN (NOT RAISED),DRY,"RUT, HOLES",18,6,4
Mahindra Thar,TRAFFIC SIGNAL,CLEAR,DARKNESS,ALLEY,"SAND, MUD, DIRT",NO DEFECTS,16,7,11
Skoda Slavia,STOP SIGN/FLASHER,CLOUDY/OVERCAST,DARKNESS,DIVIDED - W/MEDIAN (NOT RAISED),UNKNOWN,"RUT, HOLES",22,7,9
Skoda Slavia,NO CONTROLS,FOG/SMOKE/HAZE,DARKNESS,FOUR WAY,"SAND, MUD, DIRT","RUT, HOLES",20,2,12
Skoda Slavia,STOP SIGN/FLASHER,CLEAR,DAYLIGHT,NOT DIVIDED,DRY,WORN SURFACE,9,3,3
Tata Harrier,NO CONTROLS,CLOUDY/OVERCAST,"DARKNESS, LIGHTED ROAD",NOT DIVIDED,WET,NO DEFECTS,1,3,4
Tata Punch,TRAFFIC SIGNAL,CLEAR,DAYLIGHT,NOT DIVIDED,DRY,NO DEFECTS,17,1,4
Hyundai Verna,TRAFFIC SIGNAL,CLOUDY/OVERCAST,"DARKNESS, LIGHTED ROAD",TRAFFIC ROUTE,DRY,NO DEFECTS,16,4,10
Toyota Fortuner,STOP SIGN/FLASHER,CLEAR,DARKNESS,NOT DIVIDED,OTHER,WORN SURFACE,1,3,3
Maruti Suzuki Swift,NO CONTROLS,FOG/SMOKE/HAZE,DARKNESS,DIVIDED - W/MEDIAN (NOT RAISED),WET,DEBRIS ON ROADWAY,5,3,1
Nissan Magnite,PEDESTRIAN CROSSING SIGN,CLOUDY/OVERCAST,DAYLIGHT,NOT DIVIDED,WET,"RUT, HOLES",16,3,12
Tata Nexon,TRAFFIC SIGNAL,CLOUDY/OVERCAST,DARKNESS,RAMP,DRY,"RUT, HOLES",21,1,1
Mahindra XUV700,NO CONTROLS,CLEAR,DARKNESS,DIVIDED - W/MEDIAN (NOT RAISED),"SAND, MUD, DIRT",NO DEFECTS,21,2,10
Kia Seltos,TRAFFIC SIGNAL,OTHER,DAYLIGHT,DIVIDED - W/MEDIAN BARRIER,"SAND, MUD, DIRT","RUT, HOLES",7,3,6
Hyundai Verna,TRAFFIC SIGNAL,CLOUDY/OVERCAST,DAYLIGHT,DIVIDED - W/MEDIAN (NOT RAISED),DRY,"RUT, HOLES",12,7,11
Mahindra Scorpio,NO CONTROLS,RAIN,DARKNESS,ONE-WAY,WET,NO DEFECTS,1,7,8
Volkswagen Virtus,NO CONTROLS,FOG/SMOKE/HAZE,DAYLIGHT,DIVIDED - W/MEDIAN (NOT RAISED),DRY,WORN SURFACE,8,3,11
Volkswagen Virtus,LANE USE MARKING,CLEAR,DAYLIGHT,NOT DIVIDED,DRY,NO DEFECTS,18,6,12
Hyundai Verna,NO CONTROLS,FOG/SMOKE/HAZE,DUSK,NOT DIVIDED,WET,WORN SURFACE,18,7,1
Honda Amaze,TRAFFIC SIGNAL,FOG/SMOKE/HAZE,DAYLIGHT,NOT DIVIDED,DRY,NO DEFECTS,9,4,1
Toyota Innova,NO CONTROLS,OTHER,"DARKNESS, LIGHTED ROAD",NOT DIVIDED,OTHER,UNKNOWN,5,6,5
Kia Sonet,STOP SIGN/FLASHER,RAIN,DAYLIGHT,"FIVE POINT, OR MORE","SAND, MUD, DIRT",NO DEFECTS,12,7,9
Hyundai Venue,NO CONTROLS,CLEAR,"DARKNESS, LIGHTED ROAD",FOUR WAY,DRY,NO DEFECTS,21,2,11
Kia Seltos,NO CONTROLS,UNKNOWN,DAYLIGHT,CENTER TURN LANE,DRY,OTHER,8,1,7
Renault Kiger,TRAFFIC SIGNAL,RAIN,DAYLIGHT,NOT DIVIDED,WET,NO DEFECTS,10,5,8
Hyundai i20,TRAFFIC SIGNAL,CLEAR,DAYLIGHT,NOT DIVIDED,DRY,"RUT, HOLES",18,4,3
Maruti Suzuki Swift,TRAFFIC SIGNAL,OTHER,DARKNESS,NOT DIVIDED,DRY,NO DEFECTS,18,3,10
Honda Amaze,NO CONTROLS,FOG/SMOKE/HAZE,"DARKNESS, LIGHTED ROAD",T-INTERSECTION,DRY,"RUT, HOLES",20,7,12
Hyundai i20,NO CONTROLS,CLEAR,DAYLIGHT,ONE-WAY,OTHER,"RUT, HOLES",12,7,5
Volkswagen Virtus,NO CONTROLS,UNKNOWN,DAYLIGHT,T-INTERSECTION,OTHER,WORN SURFACE,14,3,7
Tata Harrier,TRAFFIC SIGNAL,FOG/SMOKE/HAZE,DAYLIGHT,NOT DIVIDED,"SAND, MUD, DIRT",NO DEFECTS,8,6,1
Tata Harrier,TRAFFIC SIGNAL,RAIN,"DARKNESS, LIGHTED ROAD",NOT DIVIDED,WET,SHOULDER DEFECT,21,6,8
Honda Amaze,TRAFFIC SIGNAL,RAIN,DARKNESS,FOUR WAY,"SAND, MUD, DIRT","RUT, HOLES",18,3,7
Hyundai Verna,TRAFFIC SIGNAL,CLEAR,DARKNESS,ONE-WAY,DRY,"RUT, HOLES",19,1,2
Mahindra Thar,STOP SIGN/FLASHER,CLOUDY/OVERCAST,DAWN,NOT DIVIDED,DRY,NO DEFECTS,6,7,7
Tata Punch,STOP SIGN/FLASHER,SLEET/HAIL,"DARKNESS, LIGHTED ROAD",NOT DIVIDED,WET,UNKNOWN,19,1,6
Kia Seltos,NO CONTROLS,UNKNOWN,DAYLIGHT,NOT DIVIDED,OTHER,WORN SURFACE,13,4,7
Hyundai Venue,STOP SIGN/FLASHER,RAIN,DARKNESS,NOT DIVIDED,WET,NO DEFECTS,0,2,8
Mahindra Thar,STOP SIGN/FLASHER,CLOUDY/OVERCAST,DARKNESS,DIVIDED - W/MEDIAN (NOT RAISED),DRY,WORN SURFACE,2,7,1
Mahindra Scorpio,STOP SIGN/FLASHER,RAIN,DAYLIGHT,FOUR WAY,WET,"RUT, HOLES",17,1,9
Mahindra Thar,NO CONTROLS,CLOUDY/OVERCAST,"DARKNESS, LIGHTED ROAD",NOT DIVIDED,DRY,SHOULDER DEFECT,12,1,9
Nissan Magnite,NO CONTROLS,CLOUDY/OVERCAST,DAWN,T-INTERSECTION,DRY,NO DEFECTS,20,6,6
Mahindra XUV700,NO CONTROLS,FOG/SMOKE/HAZE,DAYLIGHT,NOT DIVIDED,DRY,NO DEFECTS,17,2,1
Tata Altroz,NO CONTROLS,CLEAR,DARKNESS,T-INTERSECTION,OTHER,"RUT, HOLES",0,2,9
Kia Sonet,TRAFFIC SIGNAL,OTHER,DAYLIGHT,NOT DIVIDED,"SAND, MUD, DIRT",WORN SURFACE,17,2,12
Hyundai Creta,TRAFFIC SIGNAL,CLEAR,DAYLIGHT,Y-INTERSECTION,OTHER,NO DEFECTS,8,5,4
Honda Amaze,STOP SIGN/FLASHER,RAIN,DAYLIGHT,DIVIDED - W/MEDIAN (NOT RAISED),WET,NO DEFECTS,13,2,6
Maruti Suzuki Brezza,STOP SIGN/FLASHER,CLOUDY/OVERCAST,DAYLIGHT,NOT DIVIDED,DRY,WORN SURFACE,16,3,3
Hyundai i20,NO CONTROLS,UNKNOWN,DARKNESS,DIVIDED - W/MEDIAN BARRIER,DRY,NO DEFECTS,20,7,8
Nissan Magnite,TRAFFIC SIGNAL,CLEAR,DAYLIGHT,ONE-WAY,OTHER,NO DEFECTS,13,2,3
Kia Sonet,PEDESTRIAN CROSSING SIGN,CLOUDY/OVERCAST,DARKNESS,NOT DIVIDED,DRY,WORN SURFACE,19,6,6
Tata Altroz,STOP SIGN/FLASHER,CLEAR,DAYLIGHT,NOT DIVIDED,DRY,SHOULDER DEFECT,18,6,9
Hyundai Verna,NO CONTROLS,RAIN,DAWN,NOT DIVIDED,WET,WORN SURFACE,12,6,8
Maruti Suzuki Brezza,NO CONTROLS,RAIN,DARKNESS,OTHER,WET,"RUT, HOLES",14,3,6
Maruti Suzuki Baleno,TRAFFIC SIGNAL,UNKNOWN,DAYLIGHT,NOT DIVIDED,DRY,NO DEFECTS,17,4,7
Tata Punch,STOP SIGN/FLASHER,CLOUDY/OVERCAST,DARKNESS,DIVIDED - W/MEDIAN (NOT RAISED),WET,WORN SURFACE,1,6,8
Hyundai Creta,OTHER WARNING SIGN,CLEAR,DARKNESS,FOUR WAY,DRY,NO DEFECTS,20,1,1
Tata Nexon,STOP SIGN/FLASHER,FREEZING RAIN/DRIZZLE,DARKNESS,T-INTERSECTION,WET,NO DEFECTS,18,5,1
Tata Harrier,NO CONTROLS,FOG/SMOKE/HAZE,DARKNESS,DIVIDED - W/MEDIAN BARRIER,DRY,NO DEFECTS,7,1,11
Mahindra Thar,STOP SIGN/FLASHER,CLEAR,DARKNESS,DIVIDED - W/MEDIAN (NOT RAISED),WET,WORN SURFACE,23,3,1
Tata Punch,FLASHING CONTROL SIGNAL,OTHER,DAYLIGHT,NOT DIVIDED,DRY,"RUT, HOLES",7,6,9
Mahindra Thar,TRAFFIC SIGNAL,FOG/SMOKE/HAZE,DARKNESS,NOT DIVIDED,OTHER,DEBRIS ON ROADWAY,20,5,12
Skoda Slavia,NO CONTROLS,OTHER,DAYLIGHT,FOUR WAY,DRY,NO DEFECTS,10,5,5
Volkswagen Virtus,NO CONTROLS,UNKNOWN,DUSK,DIVIDED - W/MEDIAN (NOT RAISED),DRY,WORN SURFACE,18,2,6
Tata Altroz,NO CONTROLS,CLOUDY/OVERCAST,"DARKNESS, LIGHTED ROAD",NOT DIVIDED,DRY,"RUT, HOLES",13,5,8
Skoda Slavia,TRAFFIC SIGNAL,RAIN,DUSK,NOT DIVIDED,WET,NO DEFECTS,18,2,11
Mahindra Scorpio,STOP SIGN/FLASHER,FOG/SMOKE/HAZE,DUSK,T-INTERSECTION,"SAND, MUD, DIRT","RUT, HOLES",6,7,12
Honda City,TRAFFIC SIGNAL,RAIN,"DARKNESS, LIGHTED ROAD",FOUR WAY,OTHER,WORN SURFACE,9,2,9
Nissan Magnite,NO CONTROLS,FOG/SMOKE/HAZE,DARKNESS,NOT DIVIDED,"SAND, MUD, DIRT","RUT, HOLES",5,6,1
Tata Harrier,OTHER,RAIN,"DARKNESS, LIGHTED ROAD",NOT DIVIDED,WET,NO DEFECTS,20,7,9
Maruti Suzuki Wagon R,NO CONTROLS,RAIN,DAYLIGHT,FOUR WAY,WET,DEBRIS ON ROADWAY,10,2,6
Toyota Innova,NO CONTROLS,RAIN,"DARKNESS, LIGHTED ROAD",FOUR WAY,OTHER,NO DEFECTS,17,1,7
Mahindra Scorpio,NO CONTROLS,RAIN,DARKNESS,NOT DIVIDED,WET,UNKNOWN,19,7,1
Volkswagen Virtus,NO CONTROLS,CLEAR,UNKNOWN,NOT DIVIDED,"SAND, MUD, DIRT",WORN SURFACE,21,6,3
Mahindra XUV700,UNKNOWN,CLOUDY/OVERCAST,DARKNESS,NOT DIVIDED,UNKNOWN,WORN SURFACE,5,2,10
Toyota Fortuner,NO CONTROLS,RAIN,DARKNESS,NOT DIVIDED,WET,NO DEFECTS,20,6,7
Toyota Innova,NO CONTROLS,CLEAR,DAYLIGHT,CENTER TURN LANE,DRY,"RUT, HOLES",8,6,5
Toyota Fortuner,PEDESTRIAN CROSSING SIGN,RAIN,DUSK,T-INTERSECTION,WET,"RUT, HOLES",18,4,6
Kia Sonet,TRAFFIC SIGNAL,FOG/SMOKE/HAZE,DAYLIGHT,ALLEY,DRY,NO DEFECTS,17,7,11
Toyota Innova,NO CONTROLS,RAIN,UNKNOWN,OTHER,WET,NO DEFECTS,0,5,9
Tata Harrier,NO CONTROLS,CLEAR,DAYLIGHT,NOT DIVIDED,DRY,NO DEFECTS,8,4,5
Hyundai Venue,TRAFFIC SIGNAL,CLEAR,DAYLIGHT,DIVIDED - W/MEDIAN (NOT RAISED),DRY,NO DEFECTS,14,1,2
Honda Amaze,STOP SIGN/FLASHER,CLEAR,DAYLIGHT,NOT DIVIDED,DRY,NO DEFECTS,13,7,5
Kia Sonet,NO CONTROLS,FOG/SMOKE/HAZE,"DARKNESS, LIGHTED ROAD",T-INTERSECTION,DRY,NO DEFECTS,20,1,12
Hyundai Venue,NO CONTROLS,RAIN,DAYLIGHT,NOT DIVIDED,DRY,WORN SURFACE,11,3,8
Kia Sonet,STOP SIGN/FLASHER,RAIN,UNKNOWN,NOT DIVIDED,"SAND, MUD, DIRT",WORN SURFACE,21,6,7
Hyundai Creta,STOP SIGN/FLASHER,RAIN,DAYLIGHT,NOT DIVIDED,WET,DEBRIS ON ROADWAY,13,1,8
Mahindra XUV700,TRAFFIC SIGNAL,RAIN,DARKNESS,T-INTERSECTION,DRY,NO DEFECTS,22,5,6
Mahindra XUV700,TRAFFIC SIGNAL,CLEAR,DUSK,NOT DIVIDED,DRY,WORN SURFACE,18,2,10
Nissan Magnite,TRAFFIC SIGNAL,CLOUDY/OVERCAST,"DARKNESS, LIGHTED ROAD",NOT DIVIDED,WET,"RUT, HOLES",19,1,7
Skoda Slavia,TRAFFIC SIGNAL,CLEAR,"DARKNESS, LIGHTED ROAD",DIVIDED - W/MEDIAN BARRIER,"SAND, MUD, DIRT","RUT, HOLES",5,5,2
Skoda Slavia,TRAFFIC SIGNAL,CLEAR,DAYLIGHT,FOUR WAY,DRY,"RUT, HOLES",16,5,2
Hyundai Verna,TRAFFIC SIGNAL,RAIN,DAYLIGHT,NOT DIVIDED,WET,WORN SURFACE,7,6,7
Tata Punch,YIELD,FOG/SMOKE/HAZE,DAYLIGHT,NOT DIVIDED,DRY,NO DEFECTS,7,5,12
Maruti Suzuki Wagon R,STOP SIGN/FLASHER,RAIN,DARKNESS,T-INTERSECTION,DRY,NO DEFECTS,16,4,6
Mahindra Thar,STOP SIGN/FLASHER,CLOUDY/OVERCAST,DAYLIGHT,NOT DIVIDED,WET,NO DEFECTS,18,4,11
Maruti Suzuki Wagon R,TRAFFIC SIGNAL,CLOUDY/OVERCAST,DARKNESS,T-INTERSECTION,"SAND, MUD, DIRT",NO DEFECTS,1,2,9
Skoda Slavia,NO CONTROLS,CLEAR,DAYLIGHT,DIVIDED - W/MEDIAN (NOT RAISED),DRY,"RUT, HOLES",15,1,4
Mahindra Scorpio,TRAFFIC SIGNAL,FOG/SMOKE/HAZE,DAYLIGHT,ONE-WAY,WET,"RUT, HOLES",10,7,1
Nissan Magnite,LANE USE MARKING,CLEAR,"DARKNESS, LIGHTED ROAD",OTHER,DRY,WORN SURFACE,4,6,2
Mahindra Scorpio,NO CONTROLS,CLEAR,DAYLIGHT,ONE-WAY,DRY,NO DEFECTS,14,1,9
Tata Harrier,STOP SIGN/FLASHER,CLEAR,UNKNOWN,NOT DIVIDED,DRY,"RUT, HOLES",17,3,3
Maruti Suzuki Baleno,NO CONTROLS,RAIN,DAYLIGHT,NOT DIVIDED,WET,NO DEFECTS,2,7,6
Hyundai i20,TRAFFIC SIGNAL,CLOUDY/OVERCAST,DAWN,NOT DIVIDED,DRY,NO DEFECTS,18,7,7
Maruti Suzuki Swift,STOP SIGN/FLASHER,UNKNOWN,DAYLIGHT,DIVIDED - W/MEDIAN (NOT RAISED),DRY,WORN SURFACE,15,6,9
Maruti Suzuki Wagon R,TRAFFIC SIGNAL,CLEAR,DARKNESS,UNKNOWN,DRY,WORN SURFACE,19,5,2
Toyota Fortuner,NO CONTROLS,CLEAR,DUSK,NOT DIVIDED,"SAND, MUD, DIRT","RUT, HOLES",8,7,6
Kia Seltos,TRAFFIC SIGNAL,RAIN,"DARKNESS, LIGHTED ROAD",OTHER,"SAND, MUD, DIRT",NO DEFECTS,19,5,7
Maruti Suzuki Wagon R,NO CONTROLS,CLOUDY/OVERCAST,"DARKNESS, LIGHTED ROAD",RAMP,"SAND, MUD, DIRT",DEBRIS ON ROADWAY,5,6,8
Tata Altroz,TRAFFIC SIGNAL,UNKNOWN,DAYLIGHT,PARKING LOT,"SAND, MUD, DIRT",SHOULDER DEFECT,12,6,10
Mahindra XUV700,STOP SIGN/FLASHER,OTHER,DAYLIGHT,ONE-WAY,DRY,"RUT, HOLES",8,3,3
Mahindra Scorpio,TRAFFIC SIGNAL,CLEAR,DARKNESS,NOT DIVIDED,DRY,UNKNOWN,20,6,10
Hyundai Creta,NO CONTROLS,RAIN,DAYLIGHT,NOT DIVIDED,OTHER,NO DEFECTS,17,2,9
Hyundai i20,TRAFFIC SIGNAL,CLOUDY/OVERCAST,"DARKNESS, LIGHTED ROAD",FOUR WAY,WET,"RUT, HOLES",0,2,8
Skoda Slavia,TRAFFIC SIGNAL,SLEET/HAIL,"DARKNESS, LIGHTED ROAD",FOUR WAY,WET,DEBRIS ON ROADWAY,0,6,9
Honda Amaze,STOP SIGN/FLASHER,RAIN,DAYLIGHT,NOT DIVIDED,WET,"RUT, HOLES",10,5,6
Maruti Suzuki Baleno,NO CONTROLS,FREEZING RAIN/DRIZZLE,DAYLIGHT,FOUR WAY,WET,"RUT, HOLES",7,4,2
Hyundai i20,NO CONTROLS,FOG/SMOKE/HAZE,DUSK,NOT DIVIDED,DRY,NO DEFECTS,13,5,9
Tata Nexon,PEDESTRIAN CROSSING SIGN,RAIN,DAYLIGHT,FOUR WAY,WET,NO DEFECTS,17,7,7
Hyundai i20,TRAFFIC SIGNAL,SLEET/HAIL,DARKNESS,ALLEY,"SAND, MUD, DIRT",NO DEFECTS,22,7,8
Mahindra Thar,TRAFFIC SIGNAL,CLOUDY/OVERCAST,DARKNESS,NOT DIVIDED,WET,"RUT, HOLES",22,4,6
Maruti Suzuki Baleno,PEDESTRIAN CROSSING SIGN,CLEAR,DUSK,ONE-WAY,DRY,NO DEFECTS,17,5,11
Renault Kiger,NO CONTROLS,RAIN,DARKNESS,FOUR WAY,WET,NO DEFECTS,0,5,8
Hyundai i20,TRAFFIC SIGNAL,FOG/SMOKE/HAZE,DUSK,NOT DIVIDED,"SAND, MUD, DIRT","RUT, HOLES",7,6,1
Mahindra Scorpio,TRAFFIC SIGNAL,CLOUDY/OVERCAST,DAYLIGHT,NOT DIVIDED,DRY,"RUT, HOLES",14,7,7
Tata Harrier,NO PASSING,RAIN,DAYLIGHT,ONE-WAY,WET,WORN SURFACE,14,2,9
Kia Sonet,STOP SIGN/FLASHER,CLOUDY/OVERCAST,UNKNOWN,NOT DIVIDED,DRY,SHOULDER DEFECT,16,5,10
Volkswagen Virtus,NO CONTROLS,RAIN,"DARKNESS, LIGHTED ROAD",TRAFFIC ROUTE,WET,"RUT, HOLES",22,2,7
Maruti Suzuki Baleno,NO CONTROLS,CLEAR,DARKNESS,ALLEY,DRY,NO DEFECTS,20,5,11
Maruti Suzuki Baleno,NO CONTROLS,CLEAR,DAYLIGHT,NOT DIVIDED,"SAND, MUD, DIRT",WORN SURFACE,6,2,5
Tata Harrier,STOP SIGN/FLASHER,CLEAR,DAYLIGHT,NOT DIVIDED,DRY,NO DEFECTS,9,6,6
Maruti Suzuki Swift,NO CONTROLS,CLOUDY/OVERCAST,DARKNESS,FOUR WAY,DRY,"RUT, HOLES",19,5,11
Maruti Suzuki Swift,NO CONTROLS,CLEAR,DARKNESS,FOUR WAY,DRY,NO DEFECTS,19,7,11
Tata Harrier,UNKNOWN,RAIN,DAYLIGHT,NOT DIVIDED,WET,"RUT, HOLES",9,7,9
Toyota Innova,UNKNOWN,CLEAR,DAYLIGHT,NOT DIVIDED,WET,NO DEFECTS,18,7,11
Renault Kiger,NO CONTROLS,FOG/SMOKE/HAZE,DAYLIGHT,FOUR WAY,DRY,NO DEFECTS,15,2,1
Maruti Suzuki Wagon R,TRAFFIC SIGNAL,FOG/SMOKE/HAZE,DAWN,ONE-WAY,DRY,NO DEFECTS,8,3,11
Maruti Suzuki Baleno,YIELD,CLEAR,DAYLIGHT,NOT DIVIDED,"SAND, MUD, DIRT",NO DEFECTS,8,4,6
Honda City,STOP SIGN/FLASHER,CLEAR,DAWN,T-INTERSECTION,WET,OTHER,20,6,3
Maruti Suzuki Wagon R,NO CONTROLS,OTHER,DAYLIGHT,Y-INTERSECTION,"SAND, MUD, DIRT",DEBRIS ON ROADWAY,17,1,4
Kia Seltos,NO CONTROLS,RAIN,DAYLIGHT,NOT DIVIDED,WET,"RUT, HOLES",7,7,7
Tata Nexon,NO CONTROLS,CLOUDY/OVERCAST,DAYLIGHT,NOT DIVIDED,WET,DEBRIS ON ROADWAY,17,4,5
Maruti Suzuki Brezza,TRAFFIC SIGNAL,RAIN,DUSK,OTHER,WET,WORN SURFACE,18,5,6
Skoda Slavia,NO CONTROLS,RAIN,DARKNESS,NOT DIVIDED,WET,NO DEFECTS,20,7,2
Hyundai Verna,TRAFFIC SIGNAL,FOG/SMOKE/HAZE,DAYLIGHT,NOT DIVIDED,"SAND, MUD, DIRT","RUT, HOLES",6,7,5
Tata Altroz,STOP SIGN/FLASHER,UNKNOWN,DARKNESS,T-INTERSECTION,DRY,NO DEFECTS,23,3,8
Maruti Suzuki Swift,NO CONTROLS,RAIN,DAYLIGHT,NOT DIVIDED,WET,WORN SURFACE,7,4,7
Toyota Fortuner,NO CONTROLS,CLOUDY/OVERCAST,DAYLIGHT,T-INTERSECTION,WET,NO DEFECTS,16,6,6
Hyundai i20,NO CONTROLS,CLOUDY/OVERCAST,DAYLIGHT,NOT DIVIDED,DRY,SHOULDER DEFECT,17,6,9
Tata Altroz,TRAFFIC SIGNAL,FOG/SMOKE/HAZE,DAYLIGHT,DIVIDED - W/MEDIAN (NOT RAISED),WET,"RUT, HOLES",8,6,11
Maruti Suzuki Swift,TRAFFIC SIGNAL,CLOUDY/OVERCAST,DAYLIGHT,NOT DIVIDED,DRY,NO DEFECTS,14,1,9
Toyota Innova,NO CONTROLS,FOG/SMOKE/HAZE,DARKNESS,DRIVEWAY,DRY,SHOULDER DEFECT,19,2,6
Kia Seltos,NO CONTROLS,CLOUDY/OVERCAST,"DARKNESS, LIGHTED ROAD",FOUR WAY,DRY,SHOULDER DEFECT,16,2,9
Hyundai Verna,TRAFFIC SIGNAL,CLEAR,DUSK,T-INTERSECTION,OTHER,SHOULDER DEFECT,14,2,2
Maruti Suzuki Baleno,NO CONTROLS,CLEAR,DAYLIGHT,NOT DIVIDED,OTHER,WORN SURFACE,6,1,2
Tata Harrier,TRAFFIC SIGNAL,RAIN,DARKNESS,RAMP,WET,WORN SURFACE,0,6,6
Mahindra Thar,STOP SIGN/FLASHER,CLEAR,DAWN,NOT DIVIDED,DRY,NO DEFECTS,6,3,10
Mahindra Scorpio,TRAFFIC SIGNAL,CLEAR,DARKNESS,NOT DIVIDED,DRY,NO DEFECTS,22,6,4
Honda Amaze,NO CONTROLS,CLEAR,"DARKNESS, LIGHTED ROAD",NOT DIVIDED,DRY,NO DEFECTS,18,7,1
Honda Amaze,LANE USE MARKING,CLEAR,"DARKNESS, LIGHTED ROAD",Y-INTERSECTION,DRY,NO DEFECTS,22,3,2
Volkswagen Virtus,NO CONTROLS,CLEAR,DARKNESS,T-INTERSECTION,DRY,NO DEFECTS,1,4,11
Hyundai Venue,NO CONTROLS,OTHER,DAYLIGHT,UNKNOWN,"SAND, MUD, DIRT","RUT, HOLES",17,1,8
Nissan Magnite,NO CONTROLS,CLEAR,"DARKNESS, LIGHTED ROAD",NOT DIVIDED,WET,NO DEFECTS,1,3,5
Tata Punch,RAILROAD CROSSING GATE,RAIN,DUSK,T-INTERSECTION,WET,NO DEFECTS,18,5,8
Mahindra XUV700,NO CONTROLS,RAIN,DAYLIGHT,DIVIDED - W/MEDIAN (NOT RAISED),WET,WORN SURFACE,12,2,7
Tata Altroz,YIELD,UNKNOWN,DARKNESS,FOUR WAY,DRY,NO DEFECTS,5,5,8
Mahindra XUV700,NO CONTROLS,CLEAR,DAYLIGHT,DIVIDED - W/MEDIAN (NOT RAISED),DRY,NO DEFECTS,15,3,4
Hyundai Verna,NO CONTROLS,OTHER,DAYLIGHT,FOUR WAY,WET,"RUT, HOLES",9,7,11
Tata Nexon,TRAFFIC SIGNAL,CLOUDY/OVERCAST,DAYLIGHT,CENTER TURN LANE,DRY,NO DEFECTS,17,3,6
Volkswagen Virtus,TRAFFIC SIGNAL,CLEAR,DAYLIGHT,FOUR WAY,DRY,OTHER,17,1,9
Honda City,TRAFFIC SIGNAL,FOG/SMOKE/HAZE,DAYLIGHT,ALLEY,DRY,WORN SURFACE,16,4,1
Skoda Slavia,NO CONTROLS,CLOUDY/OVERCAST,"DARKNESS, LIGHTED ROAD",ONE-WAY,OTHER,"RUT, HOLES",23,3,6
Nissan Magnite,OTHER,CLEAR,DAYLIGHT,OTHER,WET,NO DEFECTS,12,3,6
Renault Kiger,NO CONTROLS,UNKNOWN,DAYLIGHT,FOUR WAY,DRY,NO DEFECTS,13,3,8
Nissan Magnite,NO CONTROLS,CLEAR,"DARKNESS, LIGHTED ROAD",DIVIDED - W/MEDIAN (NOT RAISED),"SAND, MUD, DIRT","RUT, HOLES",19,7,1
Kia Sonet,STOP SIGN/FLASHER,CLEAR,DAYLIGHT,NOT DIVIDED,DRY,OTHER,15,4,10
Mahindra XUV700,NO CONTROLS,CLEAR,DARKNESS,DIVIDED - W/MEDIAN BARRIER,OTHER,"RUT, HOLES",1,2,4
Toyota Innova,STOP SIGN/FLASHER,RAIN,"DARKNESS, LIGHTED ROAD",NOT DIVIDED,WET,WORN SURFACE,19,6,9
Mahindra XUV700,STOP SIGN/FLASHER,CLEAR,"DARKNESS, LIGHTED ROAD",NOT DIVIDED,DRY,NO DEFECTS,2,4,10
Hyundai Venue,OTHER WARNING SIGN,RAIN,DAYLIGHT,DIVIDED - W/MEDIAN (NOT RAISED),DRY,"RUT, HOLES",7,2,8
Renault Kiger,TRAFFIC SIGNAL,RAIN,DARKNESS,FOUR WAY,WET,NO DEFECTS,5,7,9
Hyundai Creta,NO CONTROLS,CLEAR,DARKNESS,FOUR WAY,"SAND, MUD, DIRT",NO DEFECTS,4,1,8
Hyundai i20,TRAFFIC SIGNAL,RAIN,"DARKNESS, LIGHTED ROAD",FOUR WAY,"SAND, MUD, DIRT","RUT, HOLES",0,6,6
Honda City,NO CONTROLS,CLEAR,DARKNESS,FOUR WAY,DRY,NO DEFECTS,2,7,10
Maruti Suzuki Brezza,STOP SIGN/FLASHER,CLEAR,DAYLIGHT,DIVIDED - W/MEDIAN BARRIER,DRY,WORN SURFACE,13,3,5
Hyundai i20,NO CONTROLS,RAIN,DAYLIGHT,ONE-WAY,WET,DEBRIS ON ROADWAY,9,2,8
Mahindra XUV700,NO CONTROLS,RAIN,DUSK,DIVIDED - W/MEDIAN BARRIER,WET,NO DEFECTS,6,4,9
Hyundai Verna,STOP SIGN/FLASHER,UNKNOWN,DAYLIGHT,NOT DIVIDED,DRY,NO DEFECTS,17,4,6
Toyota Innova,TRAFFIC SIGNAL,CLOUDY/OVERCAST,DAYLIGHT,NOT DIVIDED,DRY,NO DEFECTS,8,7,5
Honda Amaze,NO CONTROLS,CLOUDY/OVERCAST,DARKNESS,FOUR WAY,DRY,NO DEFECTS,0,1,7
Mahindra Scorpio,TRAFFIC SIGNAL,OTHER,DAYLIGHT,NOT DIVIDED,"SAND, MUD, DIRT","RUT, HOLES",12,5,10
Maruti Suzuki Baleno,OTHER,CLEAR,DAYLIGHT,OTHER,"SAND, MUD, DIRT",NO DEFECTS,10,6,12
Kia Sonet,NO CONTROLS,RAIN,DAYLIGHT,T-INTERSECTION,WET,"RUT, HOLES",10,5,8
Hyundai Venue,TRAFFIC SIGNAL,RAIN,DAYLIGHT,ONE-WAY,WET,"RUT, HOLES",13,5,8
Kia Sonet,NO CONTROLS,CLEAR,DAYLIGHT,NOT DIVIDED,DRY,NO DEFECTS,17,7,11
Mahindra XUV700,STOP SIGN/FLASHER,CLEAR,DAYLIGHT,FOUR WAY,"SAND, MUD, DIRT",WORN SURFACE,16,5,2
Nissan Magnite,TRAFFIC SIGNAL,CLEAR,"DARKNESS, LIGHTED ROAD",DIVIDED - W/MEDIAN (NOT RAISED),DRY,DEBRIS ON ROADWAY,21,7,4
Skoda Slavia,NO CONTROLS,RAIN,DAYLIGHT,NOT DIVIDED,UNKNOWN,NO DEFECTS,14,2,9
Maruti Suzuki Baleno,NO CONTROLS,RAIN,DAYLIGHT,DIVIDED - W/MEDIAN BARRIER,"SAND, MUD, DIRT","RUT, HOLES",14,4,10
Maruti Suzuki Wagon R,STOP SIGN/FLASHER,RAIN,DAYLIGHT,DIVIDED - W/MEDIAN (NOT RAISED),"SAND, MUD, DIRT","RUT, HOLES",8,1,11
Tata Harrier,TRAFFIC SIGNAL,RAIN,DUSK,NOT DIVIDED,WET,WORN SURFACE,18,6,7
Honda Amaze,NO CONTROLS,FOG/SMOKE/HAZE,"DARKNESS, LIGHTED ROAD",NOT DIVIDED,DRY,NO DEFECTS,6,6,1
Maruti Suzuki Brezza,NO CONTROLS,RAIN,"DARKNESS, LIGHTED ROAD",NOT DIVIDED,UNKNOWN,WORN SURFACE,14,5,7
Mahindra Scorpio,TRAFFIC SIGNAL,CLEAR,DAYLIGHT,NOT DIVIDED,DRY,"RUT, HOLES",13,4,4
Maruti Suzuki Brezza,NO CONTROLS,CLOUDY/OVERCAST,DAYLIGHT,NOT DIVIDED,DRY,NO DEFECTS,17,3,5
Honda Amaze,NO CONTROLS,CLEAR,"DARKNESS, LIGHTED ROAD",NOT DIVIDED,DRY,WORN SURFACE,21,2,10
Tata Altroz,NO CONTROLS,FOG/SMOKE/HAZE,DARKNESS,T-INTERSECTION,DRY,DEBRIS ON ROADWAY,20,4,1
Hyundai Venue,NO CONTROLS,RAIN,DAYLIGHT,TRAFFIC ROUTE,"SAND, MUD, DIRT",WORN SURFACE,7,3,10
Mahindra XUV700,STOP SIGN/FLASHER,FOG/SMOKE/HAZE,DAYLIGHT,NOT DIVIDED,DRY,DEBRIS ON ROADWAY,7,5,7
Tata Punch,STOP SIGN/FLASHER,SLEET/HAIL,DARKNESS,NOT DIVIDED,DRY,NO DEFECTS,19,6,8
Maruti Suzuki Baleno,NO CONTROLS,CLOUDY/OVERCAST,DAYLIGHT,NOT DIVIDED,WET,NO DEFECTS,14,6,1
Volkswagen Virtus,STOP SIGN/FLASHER,RAIN,DAYLIGHT,NOT DIVIDED,WET,"RUT, HOLES",13,4,6
Hyundai Verna,NO CONTROLS,FOG/SMOKE/HAZE,DAYLIGHT,NOT DIVIDED,"SAND, MUD, DIRT",NO DEFECTS,17,7,1
Toyota Fortuner,TRAFFIC SIGNAL,FOG/SMOKE/HAZE,DAYLIGHT,NOT DIVIDED,UNKNOWN,WORN SURFACE,12,2,12
Hyundai Verna,YIELD,OTHER,"DARKNESS, LIGHTED ROAD",NOT DIVIDED,UNKNOWN,NO DEFECTS,22,5,10
Volkswagen Virtus,TRAFFIC SIGNAL,RAIN,UNKNOWN,NOT DIVIDED,DRY,"RUT, HOLES",16,1,7
Hyundai Venue,NO CONTROLS,CLOUDY/OVERCAST,DAYLIGHT,DIVIDED - W/MEDIAN (NOT RAISED),DRY,"RUT, HOLES",13,6,4
Renault Kiger,NO CONTROLS,FOG/SMOKE/HAZE,DAYLIGHT,NOT DIVIDED,DRY,"RUT, HOLES",9,6,12
Hyundai Verna,STOP SIGN/FLASHER,RAIN,DARKNESS,NOT DIVIDED,WET,NO DEFECTS,19,6,6
Tata Punch,TRAFFIC SIGNAL,CLEAR,DAYLIGHT,ALLEY,DRY,DEBRIS ON ROADWAY,16,5,3
Hyundai Verna,NO CONTROLS,RAIN,DAYLIGHT,DIVIDED - W/MEDIAN (NOT RAISED),WET,WORN SURFACE,16,1,8
Tata Nexon,YIELD,FOG/SMOKE/HAZE,DARKNESS,NOT DIVIDED,DRY,"RUT, HOLES",21,1,12
Hyundai Verna,NO CONTROLS,CLEAR,DAYLIGHT,NOT DIVIDED,DRY,WORN SURFACE,16,6,1
Volkswagen Virtus,NO CONTROLS,FOG/SMOKE/HAZE,UNKNOWN,NOT DIVIDED,DRY,NO DEFECTS,8,6,4
Hyundai Venue,PEDESTRIAN CROSSING SIGN,FOG/SMOKE/HAZE,DAWN,OTHER,DRY,NO DEFECTS,16,1,12
Skoda Slavia,NO CONTROLS,RAIN,DAYLIGHT,TRAFFIC ROUTE,WET,NO DEFECTS,17,2,3
Hyundai Venue,STOP SIGN/FLASHER,CLOUDY/OVERCAST,"DARKNESS, LIGHTED ROAD",NOT DIVIDED,WET,WORN SURFACE,0,6,2
Honda Amaze,NO CONTROLS,RAIN,DAYLIGHT,NOT DIVIDED,WET,NO DEFECTS,14,7,8
Maruti Suzuki Swift,NO CONTROLS,CLEAR,DUSK,CENTER TURN LANE,WET,WORN SURFACE,18,5,11
Honda Amaze,TRAFFIC SIGNAL,RAIN,DAYLIGHT,NOT DIVIDED,"SAND, MUD, DIRT",NO DEFECTS,14,2,7
Nissan Magnite,UNKNOWN,CLEAR,DAYLIGHT,NOT DIVIDED,DRY,WORN SURFACE,18,3,12
Maruti Suzuki Swift,TRAFFIC SIGNAL,RAIN,DAYLIGHT,NOT DIVIDED,UNKNOWN,NO DEFECTS,13,6,9
Hyundai i20,NO CONTROLS,CLEAR,"DARKNESS, LIGHTED ROAD",DIVIDED - W/MEDIAN (NOT RAISED),WET,"RUT, HOLES",23,5,1
Toyota Innova,TRAFFIC SIGNAL,FREEZING RAIN/DRIZZLE,DAYLIGHT,NOT DIVIDED,WET,WORN SURFACE,10,1,12
Hyundai Verna,NO CONTROLS,CLEAR,UNKNOWN,NOT DIVIDED,DRY,"RUT, HOLES",5,3,6
Maruti Suzuki Brezza,STOP SIGN/FLASHER,CLEAR,DAYLIGHT,ONE-WAY,"SAND, MUD, DIRT",WORN SURFACE,13,6,5
Hyundai Venue,STOP SIGN/FLASHER,CLEAR,DAYLIGHT,FOUR WAY,DRY,"RUT, HOLES",15,3,8
Tata Nexon,NO CONTROLS,RAIN,DAYLIGHT,DRIVEWAY,WET,"RUT, HOLES",11,4,5
Mahindra XUV700,TRAFFIC SIGNAL,FOG/SMOKE/HAZE,DUSK,NOT DIVIDED,OTHER,NO DEFECTS,7,7,1
Skoda Slavia,NO CONTROLS,OTHER,DAYLIGHT,OTHER,"SAND, MUD, DIRT",NO DEFECTS,17,7,1
Maruti Suzuki Swift,STOP SIGN/FLASHER,CLOUDY/OVERCAST,DAYLIGHT,NOT DIVIDED,WET,WORN SURFACE,12,6,7
Maruti Suzuki Wagon R,TRAFFIC SIGNAL,CLEAR,DAYLIGHT,NOT DIVIDED,"SAND, MUD, DIRT",DEBRIS ON ROADWAY,16,2,11
Maruti Suzuki Wagon R,NO CONTROLS,RAIN,DARKNESS,NOT DIVIDED,DRY,"RUT, HOLES",18,2,8
Honda Amaze,NO CONTROLS,CLOUDY/OVERCAST,DAYLIGHT,DIVIDED - W/MEDIAN (NOT RAISED),DRY,WORN SURFACE,18,3,12
Toyota Fortuner,TRAFFIC SIGNAL,CLEAR,DAYLIGHT,DIVIDED - W/MEDIAN BARRIER,DRY,WORN SURFACE,12,2,5
Maruti Suzuki Wagon R,TRAFFIC SIGNAL,CLEAR,DAYLIGHT,NOT DIVIDED,"SAND, MUD, DIRT",UNKNOWN,15,2,5
Tata Nexon,NO CONTROLS,CLEAR,DAYLIGHT,DIVIDED - W/MEDIAN BARRIER,DRY,WORN SURFACE,13,2,3
Tata Nexon,NO CONTROLS,CLEAR,DARKNESS,T-INTERSECTION,DRY,"RUT, HOLES",20,5,3
Volkswagen Virtus,TRAFFIC SIGNAL,CLOUDY/OVERCAST,DARKNESS,NOT DIVIDED,DRY,NO DEFECTS,20,5,5
Volkswagen Virtus,NO CONTROLS,CLOUDY/OVERCAST,DAWN,NOT DIVIDED,DRY,NO DEFECTS,11,3,10
Tata Altroz,TRAFFIC SIGNAL,CLEAR,DARKNESS,NOT DIVIDED,DRY,NO DEFECTS,5,2,11
Maruti Suzuki Baleno,NO CONTROLS,CLEAR,DAYLIGHT,T-INTERSECTION,"SAND, MUD, DIRT",SHOULDER DEFECT,7,5,12
Tata Harrier,NO CONTROLS,CLEAR,DAYLIGHT,DIVIDED - W/MEDIAN (NOT RAISED),"SAND, MUD, DIRT","RUT, HOLES",11,2,4
Maruti Suzuki Brezza,TRAFFIC SIGNAL,RAIN,"DARKNESS, LIGHTED ROAD",NOT DIVIDED,WET,"RUT, HOLES",15,2,11
Toyota Fortuner,STOP SIGN/FLASHER,FOG/SMOKE/HAZE,DAYLIGHT,NOT DIVIDED,WET,OTHER,15,3,6
Maruti Suzuki Swift,NO CONTROLS,CLOUDY/OVERCAST,DAYLIGHT,NOT DIVIDED,WET,SHOULDER DEFECT,11,5,2
Mahindra Thar,NO CONTROLS,UNKNOWN,DAWN,T-INTERSECTION,DRY,WORN SURFACE,17,6,11
Toyota Fortuner,NO CONTROLS,UNKNOWN,DARKNESS,NOT DIVIDED,DRY,NO DEFECTS,21,6,8
Renault Kiger,NO CONTROLS,OTHER,DAYLIGHT,OTHER,DRY,NO DEFECTS,17,3,3
Honda City,NO CONTROLS,RAIN,DAYLIGHT,NOT DIVIDED,DRY,NO DEFECTS,7,5,7
Mahindra XUV700,NO CONTROLS,CLEAR,DAYLIGHT,FOUR WAY,DRY,WORN SURFACE,15,2,5
Tata Punch,UNKNOWN,RAIN,DAYLIGHT,NOT DIVIDED,WET,NO DEFECTS,15,4,9
Renault Kiger,TRAFFIC SIGNAL,RAIN,"DARKNESS, LIGHTED ROAD",NOT DIVIDED,WET,NO DEFECTS,20,5,7
Skoda Slavia,LANE USE MARKING,FOG/SMOKE/HAZE,DAYLIGHT,NOT DIVIDED,OTHER,WORN SURFACE,7,6,12
Toyota Innova,NO CONTROLS,FOG/SMOKE/HAZE,DAYLIGHT,FOUR WAY,WET,NO DEFECTS,8,1,1
Tata Harrier,STOP SIGN/FLASHER,RAIN,DAYLIGHT,NOT DIVIDED,WET,"RUT, HOLES",16,1,6
Toyota Fortuner,NO CONTROLS,RAIN,DAYLIGHT,NOT DIVIDED,OTHER,WORN SURFACE,15,1,7
Tata Altroz,NO CONTROLS,CLOUDY/OVERCAST,DAYLIGHT,NOT DIVIDED,DRY,"RUT, HOLES",17,5,7
Maruti Suzuki Swift,STOP SIGN/FLASHER,RAIN,DARKNESS,NOT DIVIDED,WET,UNKNOWN,1,5,6
Maruti Suzuki Swift,TRAFFIC SIGNAL,RAIN,DAYLIGHT,UNKNOWN INTERSECTION TYPE,WET,"RUT, HOLES",15,1,9
Honda City,NO CONTROLS,CLEAR,DAYLIGHT,NOT DIVIDED,DRY,NO DEFECTS,6,5,11
Skoda Slavia,NO CONTROLS,UNKNOWN,DAYLIGHT,RAMP,"SAND, MUD, DIRT",NO DEFECTS,10,6,12
Tata Punch,NO CONTROLS,CLEAR,DUSK,DIVIDED - W/MEDIAN (NOT RAISED),"SAND, MUD, DIRT","RUT, HOLES",17,1,10
Hyundai i20,NO CONTROLS,FOG/SMOKE/HAZE,DUSK,OTHER,DRY,SHOULDER DEFECT,6,3,11
Honda City,STOP SIGN/FLASHER,RAIN,DAYLIGHT,NOT DIVIDED,WET,DEBRIS ON ROADWAY,10,7,8
Tata Altroz,NO CONTROLS,CLEAR,DAYLIGHT,NOT DIVIDED,DRY,OTHER,17,6,10
Maruti Suzuki Baleno,STOP SIGN/FLASHER,CLEAR,DAYLIGHT,NOT DIVIDED,"SAND, MUD, DIRT","RUT, HOLES",17,3,5
Hyundai Venue,STOP SIGN/FLASHER,UNKNOWN,DARKNESS,DIVIDED - W/MEDIAN (NOT RAISED),DRY,"RUT, HOLES",5,6,6
Tata Harrier,NO CONTROLS,RAIN,DAYLIGHT,UNKNOWN INTERSECTION TYPE,WET,"RUT, HOLES",15,7,6
Maruti Suzuki Baleno,NO CONTROLS,CLOUDY/OVERCAST,DAYLIGHT,NOT DIVIDED,"SAND, MUD, DIRT","RUT, HOLES",7,3,7
Volkswagen Virtus,STOP SIGN/FLASHER,CLEAR,DUSK,T-INTERSECTION,DRY,NO DEFECTS,9,6,5
Maruti Suzuki Swift,NO CONTROLS,CLOUDY/OVERCAST,DAYLIGHT,DIVIDED - W/MEDIAN (NOT RAISED),"SAND, MUD, DIRT",NO DEFECTS,13,1,12
Maruti Suzuki Swift,TRAFFIC SIGNAL,RAIN,DUSK,FOUR WAY,WET,"RUT, HOLES",6,1,6
Maruti Suzuki Wagon R,NO CONTROLS,CLEAR,DARKNESS,NOT DIVIDED,WET,NO DEFECTS,23,5,2
Volkswagen Virtus,TRAFFIC SIGNAL,RAIN,DAYLIGHT,NOT DIVIDED,DRY,DEBRIS ON ROADWAY,7,4,7
Tata Nexon,NO CONTROLS,CLOUDY/OVERCAST,DAYLIGHT,NOT DIVIDED,DRY,WORN SURFACE,18,6,1
Hyundai Creta,TRAFFIC SIGNAL,CLEAR,"DARKNESS, LIGHTED ROAD",NOT DIVIDED,DRY,"RUT, HOLES",19,6,2
Honda Amaze,OTHER,UNKNOWN,DARKNESS,NOT DIVIDED,OTHER,NO DEFECTS,23,3,4
Skoda Slavia,OTHER,CLOUDY/OVERCAST,DAYLIGHT,NOT DIVIDED,DRY,"RUT, HOLES",13,4,7
Volkswagen Virtus,STOP SIGN/FLASHER,RAIN,"DARKNESS, LIGHTED ROAD",NOT DIVIDED,WET,"RUT, HOLES",20,6,7
Volkswagen Virtus,NO CONTROLS,CLOUDY/OVERCAST,DARKNESS,DIVIDED - W/MEDIAN (NOT RAISED),DRY,"RUT, HOLES",22,3,10
Maruti Suzuki Baleno,STOP SIGN/FLASHER,RAIN,DAYLIGHT,"FIVE POINT, OR MORE",WET,"RUT, HOLES",7,3,9
Hyundai Verna,NO CONTROLS,RAIN,DAYLIGHT,CENTER TURN LANE,WET,SHOULDER DEFECT,14,1,7
Renault Kiger,TRAFFIC SIGNAL,CLOUDY/OVERCAST,"DARKNESS, LIGHTED ROAD",NOT DIVIDED,DRY,WORN SURFACE,2,2,6
Mahindra Scorpio,TRAFFIC SIGNAL,CLEAR,DAYLIGHT,NOT DIVIDED,DRY,"RUT, HOLES",16,5,6
Hyundai Creta,TRAFFIC SIGNAL,CLEAR,DAYLIGHT,DRIVEWAY,WET,NO DEFECTS,16,4,10
Mahindra Thar,STOP SIGN/FLASHER,CLOUDY/OVERCAST,DAYLIGHT,NOT DIVIDED,DRY,"RUT, HOLES",8,2,1
Kia Sonet,STOP SIGN/FLASHER,CLEAR,"DARKNESS, LIGHTED ROAD",NOT REPORTED,DRY,DEBRIS ON ROADWAY,19,1,1
Tata Harrier,NO CONTROLS,CLEAR,DAWN,DIVIDED - W/MEDIAN (NOT RAISED),DRY,WORN SURFACE,1,2,10
Maruti Suzuki Baleno,TRAFFIC SIGNAL,RAIN,DARKNESS,ALLEY,WET,NO DEFECTS,19,6,7
Maruti Suzuki Swift,STOP SIGN/FLASHER,CLEAR,DARKNESS,NOT DIVIDED,DRY,WORN SURFACE,0,1,2
Hyundai Creta,STOP SIGN/FLASHER,CLEAR,DAYLIGHT,FOUR WAY,DRY,NO DEFECTS,17,4,4
Renault Kiger,TRAFFIC SIGNAL,CLEAR,DARKNESS,DIVIDED - W/MEDIAN (NOT RAISED),DRY,"RUT, HOLES",4,2,12
Tata Punch,TRAFFIC SIGNAL,SLEET/HAIL,DAYLIGHT,NOT DIVIDED,WET,WORN SURFACE,9,5,11
Hyundai i20,STOP SIGN/FLASHER,CLOUDY/OVERCAST,DAYLIGHT,ONE-WAY,WET,"RUT, HOLES",17,4,9
Tata Punch,NO CONTROLS,RAIN,DAYLIGHT,NOT DIVIDED,OTHER,NO DEFECTS,9,7,7
Nissan Magnite,STOP SIGN/FLASHER,CLOUDY/OVERCAST,DAYLIGHT,NOT DIVIDED,DRY,NO DEFECTS,14,6,7
Tata Harrier,NO CONTROLS,CLEAR,"DARKNESS, LIGHTED ROAD",Y-INTERSECTION,"SAND, MUD, DIRT",NO DEFECTS,21,7,12
Mahindra Scorpio,NO CONTROLS,CLOUDY/OVERCAST,"DARKNESS, LIGHTED ROAD",DIVIDED - W/MEDIAN (NOT RAISED),DRY,SHOULDER DEFECT,2,5,12
Hyundai Venue,TRAFFIC SIGNAL,CLEAR,DARKNESS,NOT DIVIDED,"SAND, MUD, DIRT",WORN SURFACE,19,6,4
Toyota Fortuner,TRAFFIC SIGNAL,CLEAR,"DARKNESS, LIGHTED ROAD",NOT DIVIDED,WET,WORN SURFACE,3,7,10
Mahindra Thar,OTHER REG. SIGN,CLEAR,"DARKNESS, LIGHTED ROAD",NOT DIVIDED,WET,NO DEFECTS,6,1,3
Hyundai Venue,STOP SIGN/FLASHER,CLEAR,DAYLIGHT,NOT DIVIDED,"SAND, MUD, DIRT",WORN SURFACE,6,7,4
Maruti Suzuki Wagon R,DELINEATORS,RAIN,DARKNESS,NOT DIVIDED,WET,NO DEFECTS,23,2,9
Maruti Suzuki Brezza,NO CONTROLS,CLOUDY/OVERCAST,DAYLIGHT,T-INTERSECTION,DRY,NO DEFECTS,7,6,6
Tata Nexon,TRAFFIC SIGNAL,FOG/SMOKE/HAZE,"DARKNESS, LIGHTED ROAD",FOUR WAY,DRY,"RUT, HOLES",19,6,12
Volkswagen Virtus,RAILROAD CROSSING GATE,CLOUDY/OVERCAST,DARKNESS,NOT DIVIDED,WET,NO DEFECTS,23,1,1
Hyundai Creta,TRAFFIC SIGNAL,SLEET/HAIL,DAYLIGHT,NOT DIVIDED,"SAND, MUD, DIRT",NO DEFECTS,12,7,7
Tata Altroz,STOP SIGN/FLASHER,FOG/SMOKE/HAZE,DAYLIGHT,NOT DIVIDED,DRY,NO DEFECTS,13,7,12
Hyundai i20,STOP SIGN/FLASHER,FOG/SMOKE/HAZE,"DARKNESS, LIGHTED ROAD",NOT DIVIDED,DRY,"RUT, HOLES",18,5,11
Maruti Suzuki Swift,TRAFFIC SIGNAL,CLEAR,DAYLIGHT,DIVIDED - W/MEDIAN (NOT RAISED),WET,NO DEFECTS,12,2,3
Hyundai Creta,LANE USE MARKING,UNKNOWN,"DARKNESS, LIGHTED ROAD",ALLEY,DRY,NO DEFECTS,7,5,6
Mahindra XUV700,STOP SIGN/FLASHER,RAIN,DAYLIGHT,ALLEY,WET,"RUT, HOLES",13,3,8
Volkswagen Virtus,TRAFFIC SIGNAL,RAIN,"DARKNESS, LIGHTED ROAD",NOT DIVIDED,WET,NO DEFECTS,18,7,3
Kia Seltos,LANE USE MARKING,CLOUDY/OVERCAST,DAWN,NOT DIVIDED,DRY,"RUT, HOLES",18,4,12
Maruti Suzuki Wagon R,NO CONTROLS,CLEAR,DAWN,DIVIDED - W/MEDIAN (NOT RAISED),DRY,DEBRIS ON ROADWAY,8,6,12
Tata Altroz,STOP SIGN/FLASHER,CLEAR,DAYLIGHT,NOT DIVIDED,DRY,NO DEFECTS,7,5,3
Hyundai Venue,RAILROAD CROSSING GATE,CLEAR,"DARKNESS, LIGHTED ROAD",NOT DIVIDED,DRY,UNKNOWN,21,3,2
Nissan Magnite,NO CONTROLS,CLOUDY/OVERCAST,DARKNESS,FOUR WAY,OTHER,NO DEFECTS,1,5,1
Skoda Slavia,TRAFFIC SIGNAL,FOG/SMOKE/HAZE,DAYLIGHT,FOUR WAY,DRY,NO DEFECTS,17,4,11
Hyundai Creta,TRAFFIC SIGNAL,CLEAR,DARKNESS,NOT DIVIDED,WET,WORN SURFACE,1,3,3
Toyota Fortuner,NO CONTROLS,OTHER,DARKNESS,NOT DIVIDED,WET,WORN SURFACE,19,7,7
Maruti Suzuki Wagon R,TRAFFIC SIGNAL,RAIN,DARKNESS,UNKNOWN INTERSECTION TYPE,OTHER,"RUT, HOLES",21,2,7
Tata Punch,NO CONTROLS,UNKNOWN,UNKNOWN,FOUR WAY,WET,NO DEFECTS,10,4,8
Mahindra XUV700,STOP SIGN/FLASHER,CLEAR,"DARKNESS, LIGHTED ROAD",DIVIDED - W/MEDIAN BARRIER,WET,WORN SURFACE,3,1,1
Tata Nexon,TRAFFIC SIGNAL,UNKNOWN,DAWN,"FIVE POINT, OR MORE","SAND, MUD, DIRT",OTHER,14,3,4
Tata Altroz,NO CONTROLS,CLEAR,UNKNOWN,DIVIDED - W/MEDIAN BARRIER,DRY,UNKNOWN,10,5,12
Maruti Suzuki Wagon R,NO CONTROLS,CLEAR,DAYLIGHT,UNKNOWN INTERSECTION TYPE,DRY,"RUT, HOLES",12,1,11
Kia Seltos,STOP SIGN/FLASHER,RAIN,DAYLIGHT,ONE-WAY,WET,WORN SURFACE,17,3,10
Volkswagen Virtus,NO CONTROLS,FOG/SMOKE/HAZE,DAYLIGHT,NOT DIVIDED,DRY,WORN SURFACE,6,7,1
Tata Altroz,STOP SIGN/FLASHER,RAIN,DAYLIGHT,NOT DIVIDED,WET,WORN SURFACE,11,6,6
Kia Sonet,NO CONTROLS,RAIN,DAWN,NOT DIVIDED,WET,UNKNOWN,18,1,8
Volkswagen Virtus,TRAFFIC SIGNAL,CLEAR,DAYLIGHT,NOT DIVIDED,DRY,WORN SURFACE,16,7,5
Nissan Magnite,NO CONTROLS,CLOUDY/OVERCAST,DAYLIGHT,NOT DIVIDED,WET,"RUT, HOLES",10,7,11
Toyota Innova,NO CONTROLS,RAIN,DAYLIGHT,DIVIDED - W/MEDIAN BARRIER,OTHER,NO DEFECTS,17,2,8
Hyundai Venue,TRAFFIC SIGNAL,RAIN,DUSK,NOT DIVIDED,WET,"RUT, HOLES",18,7,1
Tata Nexon,NO CONTROLS,FOG/SMOKE/HAZE,DAYLIGHT,T-INTERSECTION,DRY,DEBRIS ON ROADWAY,11,5,11
Mahindra Thar,STOP SIGN/FLASHER,FOG/SMOKE/HAZE,"DARKNESS, LIGHTED ROAD",ALLEY,UNKNOWN,NO DEFECTS,6,7,12
Hyundai Venue,TRAFFIC SIGNAL,CLOUDY/OVERCAST,DARKNESS,NOT DIVIDED,WET,NO DEFECTS,0,7,1
Renault Kiger,NO CONTROLS,RAIN,DARKNESS,NOT DIVIDED,"SAND, MUD, DIRT",NO DEFECTS,19,6,7
Hyundai i20,NO CONTROLS,OTHER,DARKNESS,ALLEY,DRY,OTHER,19,3,5
Maruti Suzuki Wagon R,NO CONTROLS,CLEAR,DAYLIGHT,NOT DIVIDED,"SAND, MUD, DIRT",WORN SURFACE,17,7,6
Mahindra XUV700,RAILROAD CROSSING GATE,CLEAR,DARKNESS,NOT DIVIDED,"SAND, MUD, DIRT",NO DEFECTS,4,5,3
Hyundai Verna,TRAFFIC SIGNAL,UNKNOWN,DAYLIGHT,NOT DIVIDED,DRY,NO DEFECTS,16,3,8
Maruti Suzuki Baleno,NO CONTROLS,CLOUDY/OVERCAST,DARKNESS,NOT DIVIDED,DRY,"RUT, HOLES",19,4,12
Honda City,NO CONTROLS,CLOUDY/OVERCAST,DAWN,ONE-WAY,DRY,"RUT, HOLES",12,4,7
Hyundai i20,TRAFFIC SIGNAL,CLOUDY/OVERCAST,DAWN,FOUR WAY,DRY,NO DEFECTS,8,7,1
Maruti Suzuki Swift,STOP SIGN/FLASHER,CLEAR,DAYLIGHT,NOT DIVIDED,UNKNOWN,OTHER,16,6,8
Tata Nexon,NO CONTROLS,CLEAR,"DARKNESS, LIGHTED ROAD",FOUR WAY,DRY,"RUT, HOLES",19,1,6
Volkswagen Virtus,NO CONTROLS,CLOUDY/OVERCAST,DARKNESS,NOT DIVIDED,"SAND, MUD, DIRT","RUT, HOLES",2,1,11
Renault Kiger,TRAFFIC SIGNAL,RAIN,DAYLIGHT,NOT DIVIDED,"SAND, MUD, DIRT",SHOULDER DEFECT,16,1,7
Renault Kiger,OTHER,UNKNOWN,DAYLIGHT,FOUR WAY,DRY,NO DEFECTS,16,5,3
Maruti Suzuki Swift,NO CONTROLS,CLEAR,DAYLIGHT,FOUR WAY,WET,"RUT, HOLES",16,6,3
Kia Seltos,NO CONTROLS,RAIN,DAYLIGHT,NOT DIVIDED,WET,"RUT, HOLES",17,4,9
Mahindra Thar,NO CONTROLS,CLEAR,DARKNESS,ONE-WAY,DRY,OTHER,16,5,5
Tata Altroz,NO CONTROLS,RAIN,DAYLIGHT,OTHER,UNKNOWN,NO DEFECTS,6,2,9
Maruti Suzuki Swift,NO CONTROLS,CLOUDY/OVERCAST,DAYLIGHT,CENTER TURN LANE,DRY,WORN SURFACE,8,4,4
Maruti Suzuki Baleno,NO CONTROLS,RAIN,DAYLIGHT,FOUR WAY,WET,"RUT, HOLES",16,2,6
Mahindra Scorpio,STOP SIGN/FLASHER,RAIN,DARKNESS,NOT DIVIDED,DRY,SHOULDER DEFECT,0,3,7
Tata Altroz,NO CONTROLS,FOG/SMOKE/HAZE,DAWN,T-INTERSECTION,WET,SHOULDER DEFECT,14,4,12
Mahindra Thar,NO CONTROLS,FOG/SMOKE/HAZE,DAWN,NOT DIVIDED,WET,NO DEFECTS,15,1,12
Maruti Suzuki Swift,TRAFFIC SIGNAL,CLEAR,DAYLIGHT,NOT DIVIDED,"SAND, MUD, DIRT",NO DEFECTS,8,7,4
Maruti Suzuki Swift,STOP SIGN/FLASHER,RAIN,DAYLIGHT,DIVIDED - W/MEDIAN BARRIER,WET,NO DEFECTS,16,7,6
Hyundai i20,TRAFFIC SIGNAL,CLOUDY/OVERCAST,DAYLIGHT,CENTER TURN LANE,"SAND, MUD, DIRT","RUT, HOLES",15,6,2
Hyundai i20,NO CONTROLS,RAIN,DAYLIGHT,NOT DIVIDED,"SAND, MUD, DIRT",DEBRIS ON ROADWAY,9,5,7
Skoda Slavia,NO CONTROLS,RAIN,"DARKNESS, LIGHTED ROAD",NOT DIVIDED,WET,NO DEFECTS,13,6,7
Maruti Suzuki Swift,NO CONTROLS,FOG/SMOKE/HAZE,DARKNESS,FOUR WAY,DRY,"RUT, HOLES",20,7,11
Renault Kiger,TRAFFIC SIGNAL,FOG/SMOKE/HAZE,DAYLIGHT,UNKNOWN INTERSECTION TYPE,DRY,DEBRIS ON ROADWAY,8,3,12
Toyota Innova,NO CONTROLS,FOG/SMOKE/HAZE,DAYLIGHT,DIVIDED - W/MEDIAN (NOT RAISED),DRY,DEBRIS ON ROADWAY,13,3,6
Honda Amaze,NO CONTROLS,RAIN,DARKNESS,DIVIDED - W/MEDIAN BARRIER,WET,"RUT, HOLES",1,6,7
Maruti Suzuki Baleno,NO CONTROLS,CLOUDY/OVERCAST,"DARKNESS, LIGHTED ROAD",CENTER TURN LANE,WET,WORN SURFACE,4,5,11
Hyundai Venue,OTHER WARNING SIGN,CLEAR,"DARKNESS, LIGHTED ROAD",DIVIDED - W/MEDIAN (NOT RAISED),OTHER,NO DEFECTS,4,6,10
Hyundai Verna,UNKNOWN,FOG/SMOKE/HAZE,DARKNESS,T-INTERSECTION,WET,NO DEFECTS,18,3,1
Nissan Magnite,TRAFFIC SIGNAL,RAIN,DAYLIGHT,FOUR WAY,"SAND, MUD, DIRT",NO DEFECTS,11,3,6
Kia Seltos,NO CONTROLS,CLOUDY/OVERCAST,DAYLIGHT,FOUR WAY,DRY,"RUT, HOLES",8,5,7
Mahindra XUV700,TRAFFIC SIGNAL,CLOUDY/OVERCAST,"DARKNESS, LIGHTED ROAD",DIVIDED - W/MEDIAN (NOT RAISED),DRY,"RUT, HOLES",18,2,4
Tata Harrier,STOP SIGN/FLASHER,CLEAR,DAYLIGHT,FOUR WAY,UNKNOWN,NO DEFECTS,7,1,3
Tata Punch,TRAFFIC SIGNAL,OTHER,DAYLIGHT,DIVIDED - W/MEDIAN (NOT RAISED),"SAND, MUD, DIRT",NO DEFECTS,9,2,1
Nissan Magnite,YIELD,RAIN,DAYLIGHT,FOUR WAY,WET,NO DEFECTS,13,2,8
Tata Nexon,NO CONTROLS,CLEAR,"DARKNESS, LIGHTED ROAD",DIVIDED - W/MEDIAN (NOT RAISED),WET,NO DEFECTS,11,1,5
Hyundai i20,PEDESTRIAN CROSSING SIGN,RAIN,DAYLIGHT,NOT DIVIDED,WET,DEBRIS ON ROADWAY,16,6,1
Toyota Innova,OTHER,OTHER,DAYLIGHT,T-INTERSECTION,DRY,OTHER,11,5,4
Mahindra Scorpio,STOP SIGN/FLASHER,FOG/SMOKE/HAZE,DAYLIGHT,NOT DIVIDED,"SAND, MUD, DIRT",NO DEFECTS,8,5,10
Tata Punch,TRAFFIC SIGNAL,RAIN,DARKNESS,NOT DIVIDED,DRY,NO DEFECTS,20,2,11
Volkswagen Virtus,NO CONTROLS,RAIN,"DARKNESS, LIGHTED ROAD",OTHER,WET,DEBRIS ON ROADWAY,20,2,7
Hyundai Creta,TRAFFIC SIGNAL,RAIN,DARKNESS,NOT DIVIDED,WET,NO DEFECTS,19,1,7
Honda Amaze,STOP SIGN/FLASHER,UNKNOWN,DAWN,DIVIDED - W/MEDIAN (NOT RAISED),DRY,DEBRIS ON ROADWAY,20,7,12
Kia Seltos,NO CONTROLS,UNKNOWN,DAYLIGHT,T-INTERSECTION,"SAND, MUD, DIRT",NO DEFECTS,15,1,3
Honda Amaze,NO CONTROLS,CLOUDY/OVERCAST,DAYLIGHT,FOUR WAY,DRY,"RUT, HOLES",16,1,4
Mahindra XUV700,TRAFFIC SIGNAL,CLOUDY/OVERCAST,DAYLIGHT,NOT DIVIDED,OTHER,WORN SURFACE,15,5,5
Maruti Suzuki Swift,UNKNOWN,CLEAR,DUSK,NOT DIVIDED,"SAND, MUD, DIRT",NO DEFECTS,18,3,3
Mahindra XUV700,NO CONTROLS,RAIN,DAYLIGHT,NOT DIVIDED,WET,NO DEFECTS,15,7,6
Nissan Magnite,NO CONTROLS,CLEAR,DUSK,NOT DIVIDED,"SAND, MUD, DIRT",WORN SURFACE,6,6,11
Nissan Magnite,TRAFFIC SIGNAL,RAIN,DARKNESS,NOT DIVIDED,WET,UNKNOWN,19,7,8
Hyundai Creta,NO CONTROLS,RAIN,"DARKNESS, LIGHTED ROAD",DIVIDED - W/MEDIAN (NOT RAISED),WET,"RUT, HOLES",18,6,6
Maruti Suzuki Wagon R,RAILROAD CROSSING GATE,RAIN,DARKNESS,NOT DIVIDED,WET,WORN SURFACE,19,2,12
Maruti Suzuki Baleno,TRAFFIC SIGNAL,FOG/SMOKE/HAZE,DARKNESS,UNKNOWN,UNKNOWN,DEBRIS ON ROADWAY,6,1,1
Kia Seltos,PEDESTRIAN CROSSING SIGN,CLEAR,DAYLIGHT,T-INTERSECTION,DRY,NO DEFECTS,9,1,4
Kia Seltos,TRAFFIC SIGNAL,CLOUDY/OVERCAST,DAYLIGHT,FOUR WAY,WET,NO DEFECTS,10,6,8
Mahindra Thar,TRAFFIC SIGNAL,CLOUDY/OVERCAST,DAYLIGHT,T-INTERSECTION,DRY,NO DEFECTS,14,5,8
Maruti Suzuki Wagon R,NO CONTROLS,FOG/SMOKE/HAZE,DUSK,NOT DIVIDED,DRY,NO DEFECTS,6,7,1
Tata Harrier,NO CONTROLS,RAIN,"DARKNESS, LIGHTED ROAD",NOT DIVIDED,DRY,WORN SURFACE,12,5,6
Maruti Suzuki Baleno,NO CONTROLS,RAIN,DAYLIGHT,ALLEY,"SAND, MUD, DIRT",NO DEFECTS,7,2,8
Honda Amaze,YIELD,RAIN,DAYLIGHT,T-INTERSECTION,WET,NO DEFECTS,9,1,9
Hyundai Venue,TRAFFIC SIGNAL,CLEAR,DAYLIGHT,FOUR WAY,DRY,NO DEFECTS,17,3,8
Tata Altroz,NO CONTROLS,RAIN,DARKNESS,"FIVE POINT, OR MORE",WET,NO DEFECTS,20,2,6
Skoda Slavia,NO CONTROLS,CLOUDY/OVERCAST,DAYLIGHT,FOUR WAY,DRY,NO DEFECTS,0,5,1
Maruti Suzuki Wagon R,NO CONTROLS,CLEAR,DAYLIGHT,NOT DIVIDED,"SAND, MUD, DIRT",NO DEFECTS,15,1,7
Maruti Suzuki Swift,TRAFFIC SIGNAL,CLEAR,DARKNESS,NOT DIVIDED,DRY,SHOULDER DEFECT,1,6,2
Toyota Innova,NO CONTROLS,FOG/SMOKE/HAZE,DUSK,NOT DIVIDED,"SAND, MUD, DIRT",WORN SURFACE,5,6,12
Tata Harrier,NO CONTROLS,CLEAR,DAYLIGHT,CENTER TURN LANE,DRY,SHOULDER DEFECT,17,6,7
Maruti Suzuki Baleno,STOP SIGN/FLASHER,RAIN,DAWN,NOT DIVIDED,WET,SHOULDER DEFECT,18,7,6
Maruti Suzuki Brezza,NO CONTROLS,RAIN,DARKNESS,NOT DIVIDED,WET,DEBRIS ON ROADWAY,19,5,9
Kia Seltos,NO CONTROLS,RAIN,DAYLIGHT,DIVIDED - W/MEDIAN BARRIER,WET,NO DEFECTS,14,6,7
Nissan Magnite,NO CONTROLS,RAIN,DARKNESS,NOT DIVIDED,WET,DEBRIS ON ROADWAY,20,1,6
Mahindra XUV700,LANE USE MARKING,CLEAR,DAYLIGHT,NOT DIVIDED,WET,"RUT, HOLES",7,7,10
Maruti Suzuki Swift,NO CONTROLS,FREEZING RAIN/DRIZZLE,"DARKNESS, LIGHTED ROAD",DIVIDED - W/MEDIAN BARRIER,WET,NO DEFECTS,9,2,11
Kia Seltos,STOP SIGN/FLASHER,RAIN,DAYLIGHT,DIVIDED - W/MEDIAN (NOT RAISED),WET,"RUT, HOLES",6,4,9
Honda Amaze,STOP SIGN/FLASHER,CLOUDY/OVERCAST,DARKNESS,DIVIDED - W/MEDIAN (NOT RAISED),DRY,NO DEFECTS,19,7,1
Kia Sonet,TRAFFIC SIGNAL,RAIN,DAYLIGHT,NOT DIVIDED,WET,NO DEFECTS,8,2,8
Maruti Suzuki Swift,NO CONTROLS,RAIN,DAYLIGHT,FOUR WAY,WET,NO DEFECTS,7,1,9
Hyundai Venue,NO CONTROLS,FOG/SMOKE/HAZE,DAYLIGHT,OTHER,WET,"RUT, HOLES",13,3,2
Mahindra XUV700,NO CONTROLS,CLEAR,DARKNESS,T-INTERSECTION,DRY,WORN SURFACE,4,2,4
Honda City,NO CONTROLS,CLOUDY/OVERCAST,DARKNESS,FOUR WAY,WET,NO DEFECTS,1,5,11
Hyundai Creta,STOP SIGN/FLASHER,FOG/SMOKE/HAZE,"DARKNESS, LIGHTED ROAD",NOT DIVIDED,DRY,WORN SURFACE,5,3,1
Honda City,NO CONTROLS,RAIN,"DARKNESS, LIGHTED ROAD",OTHER,WET,NO DEFECTS,0,1,9
Kia Seltos,STOP SIGN/FLASHER,CLEAR,"DARKNESS, LIGHTED ROAD",DIVIDED - W/MEDIAN (NOT RAISED),DRY,NO DEFECTS,17,7,7
Kia Seltos,NO CONTROLS,RAIN,DAYLIGHT,ALLEY,WET,NO DEFECTS,15,1,7
Honda Amaze,TRAFFIC SIGNAL,CLOUDY/OVERCAST,DAYLIGHT,NOT DIVIDED,"SAND, MUD, DIRT",SHOULDER DEFECT,8,3,1
Maruti Suzuki Brezza,YIELD,OTHER,DAYLIGHT,FOUR WAY,DRY,OTHER,8,2,10
Honda City,NO CONTROLS,UNKNOWN,"DARKNESS, LIGHTED ROAD",UNKNOWN INTERSECTION TYPE,DRY,NO DEFECTS,19,1,6
Toyota Innova,NO CONTROLS,UNKNOWN,DAYLIGHT,NOT DIVIDED,WET,UNKNOWN,14,2,8
Skoda Slavia,NO CONTROLS,UNKNOWN,DAYLIGHT,"FIVE POINT, OR MORE",DRY,WORN SURFACE,17,6,9
Honda Amaze,NO CONTROLS,CLEAR,DAYLIGHT,NOT DIVIDED,DRY,NO DEFECTS,13,1,9
Renault Kiger,NO CONTROLS,FOG/SMOKE/HAZE,DARKNESS,NOT DIVIDED,"SAND, MUD, DIRT","RUT, HOLES",6,1,12
Honda Amaze,NO CONTROLS,RAIN,DARKNESS,DIVIDED - W/MEDIAN BARRIER,WET,SHOULDER DEFECT,22,5,7
Tata Punch,PEDESTRIAN CROSSING SIGN,RAIN,DAYLIGHT,NOT DIVIDED,OTHER,"RUT, HOLES",15,1,6
Maruti Suzuki Brezza,TRAFFIC SIGNAL,RAIN,DAYLIGHT,T-INTERSECTION,WET,"RUT, HOLES",6,3,12
Honda Amaze,UNKNOWN,CLOUDY/OVERCAST,DAYLIGHT,NOT DIVIDED,DRY,"RUT, HOLES",12,1,8
Maruti Suzuki Baleno,STOP SIGN/FLASHER,CLEAR,DAYLIGHT,FOUR WAY,OTHER,NO DEFECTS,10,3,5
Hyundai Creta,YIELD,CLOUDY/OVERCAST,DUSK,ONE-WAY,"SAND, MUD, DIRT",NO DEFECTS,8,3,2
Volkswagen Virtus,TRAFFIC SIGNAL,FOG/SMOKE/HAZE,"DARKNESS, LIGHTED ROAD",NOT DIVIDED,DRY,"RUT, HOLES",20,5,11
Kia Seltos,YIELD,CLOUDY/OVERCAST,DARKNESS,NOT DIVIDED,DRY,WORN SURFACE,20,4,6
Honda City,NO CONTROLS,CLEAR,DAYLIGHT,UNKNOWN INTERSECTION TYPE,DRY,WORN SURFACE,8,6,8
Kia Seltos,TRAFFIC SIGNAL,SLEET/HAIL,DAYLIGHT,DIVIDED - W/MEDIAN BARRIER,WET,"RUT, HOLES",11,7,7
Volkswagen Virtus,STOP SIGN/FLASHER,CLEAR,DAYLIGHT,Y-INTERSECTION,WET,NO DEFECTS,18,6,3
Mahindra XUV700,STOP SIGN/FLASHER,RAIN,DUSK,NOT DIVIDED,WET,NO DEFECTS,8,7,8
Maruti Suzuki Wagon R,STOP SIGN/FLASHER,CLOUDY/OVERCAST,DAYLIGHT,T-INTERSECTION,DRY,DEBRIS ON ROADWAY,16,1,1
Tata Harrier,TRAFFIC SIGNAL,RAIN,DAYLIGHT,L-INTERSECTION,WET,"RUT, HOLES",17,7,6
Tata Altroz,UNKNOWN,RAIN,UNKNOWN,NOT DIVIDED,WET,"RUT, HOLES",17,3,8
Volkswagen Virtus,TRAFFIC SIGNAL,RAIN,UNKNOWN,OTHER,WET,NO DEFECTS,17,3,7
Maruti Suzuki Baleno,YIELD,RAIN,DAYLIGHT,NOT DIVIDED,WET,NO DEFECTS,17,4,9
Kia Sonet,STOP SIGN/FLASHER,CLEAR,DARKNESS,DIVIDED - W/MEDIAN (NOT RAISED),WET,NO DEFECTS,22,6,10
Mahindra XUV700,TRAFFIC SIGNAL,UNKNOWN,DAYLIGHT,NOT DIVIDED,DRY,WORN SURFACE,11,7,10
Tata Harrier,NO CONTROLS,FOG/SMOKE/HAZE,DAWN,DIVIDED - W/MEDIAN (NOT RAISED),DRY,"RUT, HOLES",19,5,1
Hyundai Venue,NO CONTROLS,CLEAR,DARKNESS,NOT DIVIDED,OTHER,"RUT, HOLES",0,2,3
Hyundai i20,OTHER,CLOUDY/OVERCAST,UNKNOWN,NOT DIVIDED,WET,DEBRIS ON ROADWAY,9,2,7
Kia Seltos,OTHER,FOG/SMOKE/HAZE,DARKNESS,NOT DIVIDED,DRY,NO DEFECTS,5,4,12
Mahindra Scorpio,TRAFFIC SIGNAL,CLEAR,DAYLIGHT,NOT DIVIDED,UNKNOWN,NO DEFECTS,17,3,10
Kia Seltos,TRAFFIC SIGNAL,CLEAR,DARKNESS,NOT DIVIDED,"SAND, MUD, DIRT",NO DEFECTS,5,2,11
Honda City,NO CONTROLS,CLEAR,DARKNESS,NOT DIVIDED,DRY,"RUT, HOLES",19,7,5
Hyundai i20,STOP SIGN/FLASHER,CLEAR,DARKNESS,"FIVE POINT, OR MORE",WET,SHOULDER DEFECT,16,3,7
Tata Altroz,TRAFFIC SIGNAL,RAIN,"DARKNESS, LIGHTED ROAD",NOT DIVIDED,WET,DEBRIS ON ROADWAY,1,5,7
Mahindra Scorpio,NO CONTROLS,CLEAR,DAYLIGHT,DIVIDED - W/MEDIAN BARRIER,DRY,"RUT, HOLES",17,4,3
Hyundai i20,NO CONTROLS,FOG/SMOKE/HAZE,DARKNESS,NOT DIVIDED,DRY,"RUT, HOLES",19,7,1
Kia Sonet,NO CONTROLS,CLOUDY/OVERCAST,DAYLIGHT,NOT DIVIDED,DRY,DEBRIS ON ROADWAY,17,5,12
Mahindra Thar,NO CONTROLS,CLEAR,DARKNESS,NOT DIVIDED,DRY,"RUT, HOLES",1,3,4
Mahindra Scorpio,NO CONTROLS,CLOUDY/OVERCAST,"DARKNESS, LIGHTED ROAD",ALLEY,"SAND, MUD, DIRT",NO DEFECTS,20,5,4
Honda City,NO CONTROLS,FOG/SMOKE/HAZE,DAYLIGHT,DIVIDED - W/MEDIAN BARRIER,DRY,WORN SURFACE,17,3,1
Mahindra Thar,LANE USE MARKING,FOG/SMOKE/HAZE,DAYLIGHT,NOT DIVIDED,OTHER,WORN SURFACE,8,1,12
Honda Amaze,TRAFFIC SIGNAL,FOG/SMOKE/HAZE,DAYLIGHT,NOT DIVIDED,"SAND, MUD, DIRT","RUT, HOLES",7,4,8
Hyundai i20,STOP SIGN/FLASHER,CLOUDY/OVERCAST,DAYLIGHT,FOUR WAY,WET,NO DEFECTS,14,7,9
Kia Seltos,TRAFFIC SIGNAL,CLEAR,DARKNESS,NOT DIVIDED,DRY,NO DEFECTS,20,7,11
Mahindra Scorpio,NO CONTROLS,CLEAR,UNKNOWN,CENTER TURN LANE,WET,"RUT, HOLES",9,5,6
Toyota Innova,TRAFFIC SIGNAL,RAIN,DARKNESS,ONE-WAY,WET,NO DEFECTS,5,6,8
Hyundai Verna,STOP SIGN/FLASHER,FOG/SMOKE/HAZE,DARKNESS,Y-INTERSECTION,WET,"RUT, HOLES",19,5,1
Mahindra Scorpio,TRAFFIC SIGNAL,CLEAR,DARKNESS,NOT DIVIDED,DRY,NO DEFECTS,0,6,3
Hyundai Creta,TRAFFIC SIGNAL,CLEAR,"DARKNESS, LIGHTED ROAD",NOT DIVIDED,"SAND, MUD, DIRT","RUT, HOLES",21,1,10
Hyundai Venue,NO CONTROLS,OTHER,DAYLIGHT,UNKNOWN INTERSECTION TYPE,DRY,NO DEFECTS,10,4,9
Hyundai Venue,TRAFFIC SIGNAL,CLOUDY/OVERCAST,DAYLIGHT,NOT DIVIDED,WET,DEBRIS ON ROADWAY,14,2,6
Mahindra XUV700,STOP SIGN/FLASHER,RAIN,DAYLIGHT,NOT DIVIDED,"SAND, MUD, DIRT",NO DEFECTS,6,1,6
Maruti Suzuki Wagon R,TRAFFIC SIGNAL,RAIN,"DARKNESS, LIGHTED ROAD",T-INTERSECTION,WET,"RUT, HOLES",21,6,7
Toyota Fortuner,NO CONTROLS,FOG/SMOKE/HAZE,DAYLIGHT,NOT DIVIDED,DRY,NO DEFECTS,17,2,1
Kia Seltos,STOP SIGN/FLASHER,CLEAR,DARKNESS,Y-INTERSECTION,DRY,NO DEFECTS,21,3,4
Tata Harrier,NO CONTROLS,RAIN,DAYLIGHT,TRAFFIC ROUTE,WET,WORN SURFACE,17,7,4
Maruti Suzuki Brezza,YIELD,RAIN,DAYLIGHT,NOT DIVIDED,WET,NO DEFECTS,7,6,5
Hyundai Venue,UNKNOWN,CLEAR,DAYLIGHT,NOT DIVIDED,DRY,"RUT, HOLES",10,5,10
Mahindra Scorpio,NO CONTROLS,CLEAR,DAYLIGHT,NOT DIVIDED,DRY,NO DEFECTS,14,3,5
Hyundai Creta,TRAFFIC SIGNAL,CLEAR,DAYLIGHT,NOT DIVIDED,"SAND, MUD, DIRT","RUT, HOLES",16,4,3
Maruti Suzuki Baleno,NO CONTROLS,FOG/SMOKE/HAZE,DARKNESS,NOT DIVIDED,DRY,WORN SURFACE,20,1,7
Tata Harrier,TRAFFIC SIGNAL,RAIN,DAYLIGHT,NOT DIVIDED,OTHER,DEBRIS ON ROADWAY,12,6,11
Honda City,NO CONTROLS,RAIN,DAYLIGHT,NOT DIVIDED,WET,"RUT, HOLES",17,2,4
Skoda Slavia,NO CONTROLS,FOG/SMOKE/HAZE,DAYLIGHT,DIVIDED - W/MEDIAN (NOT RAISED),WET,SHOULDER DEFECT,21,4,1
Mahindra Scorpio,NO CONTROLS,RAIN,DAYLIGHT,T-INTERSECTION,WET,WORN SURFACE,7,1,6
Renault Kiger,TRAFFIC SIGNAL,RAIN,DARKNESS,NOT REPORTED,OTHER,NO DEFECTS,20,6,9
Hyundai Venue,NO CONTROLS,RAIN,DAYLIGHT,NOT DIVIDED,WET,SHOULDER DEFECT,13,7,8
Honda Amaze,STOP SIGN/FLASHER,CLOUDY/OVERCAST,DARKNESS,T-INTERSECTION,DRY,"RUT, HOLES",18,4,10
Hyundai i20,STOP SIGN/FLASHER,FOG/SMOKE/HAZE,DAYLIGHT,DIVIDED - W/MEDIAN (NOT RAISED),DRY,NO DEFECTS,7,1,12
Tata Nexon,NO CONTROLS,FOG/SMOKE/HAZE,DAYLIGHT,NOT DIVIDED,DRY,DEBRIS ON ROADWAY,7,7,10
Tata Altroz,STOP SIGN/FLASHER,CLOUDY/OVERCAST,"DARKNESS, LIGHTED ROAD",T-INTERSECTION,DRY,NO DEFECTS,1,4,8
Toyota Innova,NO CONTROLS,CLEAR,DARKNESS,NOT DIVIDED,"SAND, MUD, DIRT","RUT, HOLES",22,1,7
Nissan Magnite,YIELD,FOG/SMOKE/HAZE,DUSK,NOT DIVIDED,DRY,"RUT, HOLES",18,2,1
Kia Seltos,NO CONTROLS,CLEAR,DARKNESS,NOT DIVIDED,WET,"RUT, HOLES",5,1,12
Maruti Suzuki Wagon R,OTHER,RAIN,UNKNOWN,NOT DIVIDED,DRY,"RUT, HOLES",23,2,6
Renault Kiger,STOP SIGN/FLASHER,CLEAR,DAYLIGHT,NOT DIVIDED,OTHER,NO DEFECTS,16,2,2
Tata Nexon,STOP SIGN/FLASHER,RAIN,DARKNESS,NOT DIVIDED,WET,NO DEFECTS,20,7,9
Hyundai Creta,NO CONTROLS,CLEAR,DARKNESS,NOT DIVIDED,DRY,NO DEFECTS,3,2,5
Tata Altroz,NO CONTROLS,SLEET/HAIL,DUSK,NOT DIVIDED,WET,NO DEFECTS,12,4,8
Honda City,STOP SIGN/FLASHER,CLEAR,DAYLIGHT,NOT DIVIDED,DRY,WORN SURFACE,17,6,8
Renault Kiger,NO CONTROLS,OTHER,"DARKNESS, LIGHTED ROAD",NOT DIVIDED,DRY,WORN SURFACE,5,6,7
Honda City,STOP SIGN/FLASHER,CLEAR,DAYLIGHT,FOUR WAY,DRY,"RUT, HOLES",14,7,10
Hyundai Verna,STOP SIGN/FLASHER,CLEAR,DAYLIGHT,NOT DIVIDED,DRY,NO DEFECTS,13,7,5
Kia Sonet,NO CONTROLS,RAIN,DAYLIGHT,RAMP,WET,"RUT, HOLES",8,5,7
Nissan Magnite,NO CONTROLS,RAIN,DAYLIGHT,NOT DIVIDED,WET,NO DEFECTS,10,6,7
Mahindra Thar,OTHER REG. SIGN,RAIN,DAWN,NOT DIVIDED,WET,WORN SURFACE,22,3,9
Tata Altroz,STOP SIGN/FLASHER,CLEAR,DAYLIGHT,NOT DIVIDED,DRY,NO DEFECTS,9,4,10
Renault Kiger,TRAFFIC SIGNAL,CLEAR,DARKNESS,FOUR WAY,DRY,"RUT, HOLES",8,1,6
Toyota Innova,NO CONTROLS,RAIN,DAYLIGHT,FOUR WAY,WET,"RUT, HOLES",15,6,8
Mahindra XUV700,NO CONTROLS,CLEAR,DUSK,ALLEY,WET,UNKNOWN,17,3,2
Kia Sonet,STOP SIGN/FLASHER,CLEAR,DAYLIGHT,NOT DIVIDED,OTHER,NO DEFECTS,18,1,12
Hyundai Venue,TRAFFIC SIGNAL,RAIN,DUSK,NOT DIVIDED,DRY,NO DEFECTS,18,1,6
Kia Sonet,STOP SIGN/FLASHER,RAIN,DARKNESS,ALLEY,WET,UNKNOWN,1,6,9
Renault Kiger,STOP SIGN/FLASHER,FOG/SMOKE/HAZE,DAYLIGHT,ONE-WAY,DRY,NO DEFECTS,8,2,1
Honda City,NO CONTROLS,CLOUDY/OVERCAST,DARKNESS,NOT DIVIDED,OTHER,WORN SURFACE,18,6,4
Toyota Innova,FLASHING CONTROL SIGNAL,RAIN,DARKNESS,ALLEY,DRY,WORN SURFACE,21,7,7
Kia Sonet,STOP SIGN/FLASHER,CLOUDY/OVERCAST,DAYLIGHT,T-INTERSECTION,"SAND, MUD, DIRT",NO DEFECTS,16,3,11
Mahindra Thar,NO CONTROLS,CLEAR,"DARKNESS, LIGHTED ROAD",NOT DIVIDED,WET,NO DEFECTS,2,6,7
Hyundai Verna,NO CONTROLS,FOG/SMOKE/HAZE,DAWN,NOT DIVIDED,DRY,NO DEFECTS,8,4,12
Mahindra XUV700,NO CONTROLS,RAIN,"DARKNESS, LIGHTED ROAD",NOT DIVIDED,"SAND, MUD, DIRT",WORN SURFACE,3,6,7
Mahindra Scorpio,NO CONTROLS,CLOUDY/OVERCAST,DARKNESS,T-INTERSECTION,DRY,SHOULDER DEFECT,18,3,7
Hyundai Creta,TRAFFIC SIGNAL,CLEAR,"DARKNESS, LIGHTED ROAD",NOT DIVIDED,DRY,WORN SURFACE,3,7,2
Renault Kiger,NO CONTROLS,RAIN,DUSK,NOT DIVIDED,WET,"RUT, HOLES",7,7,10
Toyota Fortuner,NO CONTROLS,CLEAR,DAYLIGHT,NOT DIVIDED,DRY,NO DEFECTS,12,3,4
Honda Amaze,STOP SIGN/FLASHER,CLEAR,UNKNOWN,OTHER,DRY,"RUT, HOLES",13,2,11
Hyundai i20,STOP SIGN/FLASHER,FOG/SMOKE/HAZE,DAYLIGHT,NOT DIVIDED,DRY,DEBRIS ON ROADWAY,8,6,11
Toyota Innova,STOP SIGN/FLASHER,CLEAR,DAYLIGHT,FOUR WAY,DRY,SHOULDER DEFECT,13,5,12
Tata Punch,STOP SIGN/FLASHER,UNKNOWN,DAYLIGHT,ONE-WAY,DRY,NO DEFECTS,17,7,7
Kia Sonet,NO CONTROLS,RAIN,DAYLIGHT,ONE-WAY,WET,NO DEFECTS,11,6,9
Tata Altroz,STOP SIGN/FLASHER,FOG/SMOKE/HAZE,DAYLIGHT,FOUR WAY,WET,WORN SURFACE,9,6,10
Hyundai Creta,OTHER WARNING SIGN,SNOW,DAYLIGHT,FOUR WAY,WET,"RUT, HOLES",10,6,2
Kia Sonet,TRAFFIC SIGNAL,CLOUDY/OVERCAST,DUSK,NOT DIVIDED,DRY,"RUT, HOLES",11,3,8
Toyota Fortuner,NO CONTROLS,SLEET/HAIL,DAYLIGHT,NOT DIVIDED,WET,"RUT, HOLES",16,7,1
Mahindra Thar,TRAFFIC SIGNAL,UNKNOWN,DAYLIGHT,NOT DIVIDED,DRY,NO DEFECTS,14,4,7
Renault Kiger,NO CONTROLS,OTHER,DAYLIGHT,DIVIDED - W/MEDIAN (NOT RAISED),DRY,NO DEFECTS,18,4,3
Volkswagen Virtus,NO CONTROLS,CLOUDY/OVERCAST,DAYLIGHT,NOT DIVIDED,DRY,NO DEFECTS,15,2,3
Hyundai i20,TRAFFIC SIGNAL,UNKNOWN,DARKNESS,NOT DIVIDED,DRY,NO DEFECTS,19,3,6
Toyota Innova,NO CONTROLS,RAIN,DAYLIGHT,T-INTERSECTION,WET,NO DEFECTS,13,1,7
Hyundai i20,TRAFFIC SIGNAL,RAIN,DAYLIGHT,NOT DIVIDED,WET,NO DEFECTS,14,5,8
Mahindra XUV700,NO CONTROLS,CLEAR,DAYLIGHT,DIVIDED - W/MEDIAN (NOT RAISED),DRY,NO DEFECTS,17,5,1
Maruti Suzuki Baleno,TRAFFIC SIGNAL,RAIN,DAYLIGHT,OTHER,WET,NO DEFECTS,8,4,7
Honda Amaze,NO CONTROLS,RAIN,DAYLIGHT,FOUR WAY,"SAND, MUD, DIRT",NO DEFECTS,12,7,3
Maruti Suzuki Brezza,TRAFFIC SIGNAL,CLEAR,DAYLIGHT,NOT DIVIDED,DRY,"RUT, HOLES",16,6,8
Honda Amaze,NO CONTROLS,CLEAR,"DARKNESS, LIGHTED ROAD",DIVIDED - W/MEDIAN (NOT RAISED),UNKNOWN,DEBRIS ON ROADWAY,1,2,8
Toyota Innova,NO CONTROLS,CLOUDY/OVERCAST,DAYLIGHT,NOT DIVIDED,OTHER,NO DEFECTS,13,3,8
Maruti Suzuki Wagon R,TRAFFIC SIGNAL,RAIN,DAYLIGHT,NOT DIVIDED,DRY,NO DEFECTS,16,4,9
Tata Punch,TRAFFIC SIGNAL,RAIN,DARKNESS,FOUR WAY,"SAND, MUD, DIRT",NO DEFECTS,22,5,6
Honda City,OTHER,CLOUDY/OVERCAST,DARKNESS,NOT DIVIDED,DRY,WORN SURFACE,20,3,9
Toyota Innova,NO CONTROLS,RAIN,DAYLIGHT,ONE-WAY,WET,NO DEFECTS,9,2,7
Volkswagen Virtus,TRAFFIC SIGNAL,CLEAR,DAYLIGHT,FOUR WAY,OTHER,NO DEFECTS,14,3,7
Mahindra Thar,TRAFFIC SIGNAL,RAIN,"DARKNESS, LIGHTED ROAD",NOT DIVIDED,WET,DEBRIS ON ROADWAY,2,7,8
Honda Amaze,NO CONTROLS,FREEZING RAIN/DRIZZLE,DAYLIGHT,NOT DIVIDED,WET,NO DEFECTS,8,3,1
Maruti Suzuki Wagon R,STOP SIGN/FLASHER,RAIN,DAYLIGHT,NOT DIVIDED,WET,OTHER,18,3,8
Hyundai Verna,NO CONTROLS,RAIN,DAYLIGHT,NOT DIVIDED,DRY,SHOULDER DEFECT,6,6,8
Renault Kiger,STOP SIGN/FLASHER,RAIN,DAYLIGHT,ONE-WAY,WET,WORN SURFACE,9,2,6
Hyundai Verna,TRAFFIC SIGNAL,FOG/SMOKE/HAZE,DARKNESS,NOT DIVIDED,DRY,"RUT, HOLES",20,5,1
Kia Sonet,NO CONTROLS,FOG/SMOKE/HAZE,DAYLIGHT,FOUR WAY,"SAND, MUD, DIRT",NO DEFECTS,18,5,1
Hyundai Creta,NO CONTROLS,FOG/SMOKE/HAZE,DAWN,Y-INTERSECTION,DRY,WORN SURFACE,18,1,12
Tata Punch,NO CONTROLS,RAIN,DARKNESS,DIVIDED - W/MEDIAN (NOT RAISED),WET,NO DEFECTS,20,2,9
Hyundai Creta,TRAFFIC SIGNAL,CLEAR,DUSK,NOT DIVIDED,DRY,"RUT, HOLES",18,4,2
Tata Punch,NO CONTROLS,RAIN,DAWN,ONE-WAY,WET,NO DEFECTS,6,6,6
Kia Sonet,NO CONTROLS,RAIN,DAYLIGHT,NOT DIVIDED,WET,NO DEFECTS,14,6,8
Volkswagen Virtus,TRAFFIC SIGNAL,CLEAR,DAYLIGHT,DIVIDED - W/MEDIAN (NOT RAISED),DRY,"RUT, HOLES",13,7,10
Toyota Innova,TRAFFIC SIGNAL,FOG/SMOKE/HAZE,DAYLIGHT,ALLEY,"SAND, MUD, DIRT","RUT, HOLES",7,7,1
Tata Nexon,NO CONTROLS,CLOUDY/OVERCAST,"DARKNESS, LIGHTED ROAD",NOT DIVIDED,WET,NO DEFECTS,19,4,4
Hyundai Venue,UNKNOWN,FOG/SMOKE/HAZE,DAWN,NOT DIVIDED,DRY,"RUT, HOLES",8,5,11
Renault Kiger,TRAFFIC SIGNAL,FOG/SMOKE/HAZE,DARKNESS,T-INTERSECTION,"SAND, MUD, DIRT",WORN SURFACE,5,7,1
Mahindra XUV700,TRAFFIC SIGNAL,CLOUDY/OVERCAST,DAYLIGHT,NOT DIVIDED,DRY,"RUT, HOLES",9,6,3
Hyundai i20,TRAFFIC SIGNAL,CLEAR,DAWN,CENTER TURN LANE,DRY,"RUT, HOLES",8,3,12
Skoda Slavia,NO CONTROLS,RAIN,DAWN,CENTER TURN LANE,"SAND, MUD, DIRT",WORN SURFACE,20,3,8
Maruti Suzuki Swift,STOP SIGN/FLASHER,UNKNOWN,DAYLIGHT,FOUR WAY,DRY,SHOULDER DEFECT,16,3,5
Maruti Suzuki Wagon R,YIELD,FOG/SMOKE/HAZE,DAYLIGHT,NOT DIVIDED,WET,"RUT, HOLES",10,4,1
Skoda Slavia,NO CONTROLS,FOG/SMOKE/HAZE,DAYLIGHT,NOT DIVIDED,DRY,DEBRIS ON ROADWAY,9,3,1
Kia Sonet,TRAFFIC SIGNAL,CLEAR,DAYLIGHT,NOT DIVIDED,DRY,NO DEFECTS,17,2,4
Maruti Suzuki Wagon R,STOP SIGN/FLASHER,FOG/SMOKE/HAZE,DAWN,NOT DIVIDED,DRY,NO DEFECTS,17,5,11
Tata Altroz,STOP SIGN/FLASHER,RAIN,DAYLIGHT,NOT DIVIDED,WET,WORN SURFACE,15,7,7
Tata Altroz,NO CONTROLS,CLEAR,"DARKNESS, LIGHTED ROAD",NOT DIVIDED,DRY,NO DEFECTS,21,4,9
Hyundai i20,STOP SIGN/FLASHER,UNKNOWN,DARKNESS,DIVIDED - W/MEDIAN (NOT RAISED),DRY,DEBRIS ON ROADWAY,23,2,12
Mahindra Scorpio,TRAFFIC SIGNAL,RAIN,DARKNESS,T-INTERSECTION,WET,NO DEFECTS,23,6,6
Volkswagen Virtus,NO CONTROLS,CLEAR,"DARKNESS, LIGHTED ROAD",NOT REPORTED,"SAND, MUD, DIRT",WORN SURFACE,17,6,3
Kia Sonet,STOP SIGN/FLASHER,CLOUDY/OVERCAST,DARKNESS,NOT DIVIDED,"SAND, MUD, DIRT","RUT, HOLES",21,6,7
Maruti Suzuki Wagon R,STOP SIGN/FLASHER,FOG/SMOKE/HAZE,DAYLIGHT,NOT DIVIDED,DRY,NO DEFECTS,8,6,11
Nissan Magnite,TRAFFIC SIGNAL,CLOUDY/OVERCAST,"DARKNESS, LIGHTED ROAD",NOT DIVIDED,DRY,WORN SURFACE,20,6,10
Maruti Suzuki Swift,STOP SIGN/FLASHER,CLOUDY/OVERCAST,DARKNESS,UNKNOWN INTERSECTION TYPE,DRY,WORN SURFACE,21,6,1
Honda City,STOP SIGN/FLASHER,CLEAR,DARKNESS,NOT DIVIDED,WET,UNKNOWN,21,7,9
Maruti Suzuki Baleno,STOP SIGN/FLASHER,CLOUDY/OVERCAST,DARKNESS,CENTER TURN LANE,DRY,NO DEFECTS,19,5,8
Honda Amaze,STOP SIGN/FLASHER,CLEAR,DAYLIGHT,ALLEY,DRY,"RUT, HOLES",12,4,11
Maruti Suzuki Baleno,LANE USE MARKING,UNKNOWN,DAYLIGHT,NOT DIVIDED,"SAND, MUD, DIRT",SHOULDER DEFECT,7,1,2
Volkswagen Virtus,NO CONTROLS,UNKNOWN,DUSK,NOT DIVIDED,DRY,NO DEFECTS,11,6,7
Hyundai Verna,NO CONTROLS,CLEAR,DUSK,NOT DIVIDED,WET,NO DEFECTS,18,2,11
Mahindra Thar,TRAFFIC SIGNAL,RAIN,DAYLIGHT,NOT DIVIDED,WET,NO DEFECTS,8,7,6
Mahindra Thar,STOP SIGN/FLASHER,CLEAR,DAYLIGHT,NOT DIVIDED,"SAND, MUD, DIRT",OTHER,14,4,7
Tata Harrier,PEDESTRIAN CROSSING SIGN,FOG/SMOKE/HAZE,DAYLIGHT,DIVIDED - W/MEDIAN (NOT RAISED),DRY,NO DEFECTS,10,7,1
Maruti Suzuki Swift,NO CONTROLS,CLEAR,DAYLIGHT,ONE-WAY,"SAND, MUD, DIRT",WORN SURFACE,16,4,5
Tata Harrier,STOP SIGN/FLASHER,UNKNOWN,DUSK,NOT DIVIDED,DRY,"RUT, HOLES",21,4,6
Maruti Suzuki Swift,NO CONTROLS,FOG/SMOKE/HAZE,"DARKNESS, LIGHTED ROAD",NOT DIVIDED,"SAND, MUD, DIRT",NO DEFECTS,15,3,12
Hyundai Verna,STOP SIGN/FLASHER,CLEAR,DUSK,FOUR WAY,DRY,DEBRIS ON ROADWAY,18,1,5
Toyota Innova,TRAFFIC SIGNAL,OTHER,DAYLIGHT,NOT DIVIDED,WET,"RUT, HOLES",16,1,7
Hyundai i20,TRAFFIC SIGNAL,RAIN,"DARKNESS, LIGHTED ROAD",NOT DIVIDED,"SAND, MUD, DIRT","RUT, HOLES",19,4,9
Kia Sonet,TRAFFIC SIGNAL,CLEAR,DAYLIGHT,NOT DIVIDED,DRY,NO DEFECTS,9,7,3
Kia Sonet,STOP SIGN/FLASHER,RAIN,DAYLIGHT,NOT DIVIDED,WET,NO DEFECTS,8,5,7
Hyundai i20,TRAFFIC SIGNAL,RAIN,"DARKNESS, LIGHTED ROAD",ONE-WAY,OTHER,WORN SURFACE,21,7,9
Tata Punch,STOP SIGN/FLASHER,CLEAR,DAYLIGHT,T-INTERSECTION,DRY,NO DEFECTS,17,7,11
Tata Nexon,STOP SIGN/FLASHER,CLOUDY/OVERCAST,DAYLIGHT,NOT DIVIDED,WET,"RUT, HOLES",17,2,8
Renault Kiger,OTHER,CLEAR,DAYLIGHT,NOT DIVIDED,DRY,NO DEFECTS,14,5,9
Maruti Suzuki Baleno,NO CONTROLS,CLEAR,DAYLIGHT,NOT DIVIDED,WET,SHOULDER DEFECT,12,4,2
Toyota Innova,STOP SIGN/FLASHER,FOG/SMOKE/HAZE,DAYLIGHT,NOT DIVIDED,DRY,WORN SURFACE,9,2,12
Hyundai Creta,STOP SIGN/FLASHER,CLEAR,DAWN,FOUR WAY,WET,WORN SURFACE,6,2,2
Mahindra XUV700,TRAFFIC SIGNAL,CLEAR,DAYLIGHT,NOT DIVIDED,DRY,NO DEFECTS,13,2,10
Renault Kiger,TRAFFIC SIGNAL,FOG/SMOKE/HAZE,DAWN,NOT DIVIDED,DRY,"RUT, HOLES",8,6,5
Toyota Fortuner,NO CONTROLS,FOG/SMOKE/HAZE,DAYLIGHT,NOT DIVIDED,DRY,NO DEFECTS,9,3,12
Mahindra XUV700,NO CONTROLS,RAIN,DARKNESS,T-INTERSECTION,WET,NO DEFECTS,16,2,9
Kia Sonet,PEDESTRIAN CROSSING SIGN,RAIN,DARKNESS,NOT DIVIDED,WET,NO DEFECTS,22,7,9
Hyundai Venue,NO CONTROLS,CLEAR,"DARKNESS, LIGHTED ROAD",CENTER TURN LANE,DRY,DEBRIS ON ROADWAY,17,1,4
Kia Seltos,NO CONTROLS,CLOUDY/OVERCAST,"DARKNESS, LIGHTED ROAD",NOT DIVIDED,WET,UNKNOWN,20,6,7
Mahindra Thar,NO CONTROLS,RAIN,DAYLIGHT,NOT DIVIDED,WET,"RUT, HOLES",15,7,8
Renault Kiger,OTHER REG. SIGN,CLEAR,DAYLIGHT,OTHER,"SAND, MUD, DIRT","RUT, HOLES",16,5,10
Honda City,NO CONTROLS,CLOUDY/OVERCAST,DARKNESS,DIVIDED - W/MEDIAN (NOT RAISED),WET,"RUT, HOLES",3,5,2
Toyota Fortuner,STOP SIGN/FLASHER,FOG/SMOKE/HAZE,DARKNESS,NOT DIVIDED,DRY,NO DEFECTS,6,1,12
Volkswagen Virtus,TRAFFIC SIGNAL,RAIN,DAYLIGHT,DIVIDED - W/MEDIAN (NOT RAISED),WET,WORN SURFACE,15,4,11
Mahindra Thar,TRAFFIC SIGNAL,UNKNOWN,DAYLIGHT,NOT DIVIDED,WET,WORN SURFACE,12,3,5
Volkswagen Virtus,NO CONTROLS,UNKNOWN,"DARKNESS, LIGHTED ROAD",T-INTERSECTION,DRY,"RUT, HOLES",19,6,10
Kia Sonet,STOP SIGN/FLASHER,OTHER,DAYLIGHT,NOT DIVIDED,"SAND, MUD, DIRT",WORN SURFACE,15,6,7
Volkswagen Virtus,TRAFFIC SIGNAL,CLEAR,DARKNESS,CENTER TURN LANE,DRY,DEBRIS ON ROADWAY,20,2,7
Honda Amaze,TRAFFIC SIGNAL,RAIN,DARKNESS,NOT DIVIDED,WET,NO DEFECTS,22,5,6
Tata Nexon,NO CONTROLS,CLOUDY/OVERCAST,DAYLIGHT,T-INTERSECTION,DRY,"RUT, HOLES",7,7,8
Hyundai Verna,NO CONTROLS,RAIN,DAYLIGHT,T-INTERSECTION,UNKNOWN,OTHER,12,5,9
Hyundai Verna,NO CONTROLS,CLOUDY/OVERCAST,DAYLIGHT,NOT DIVIDED,"SAND, MUD, DIRT","RUT, HOLES",17,4,6
Toyota Innova,NO CONTROLS,UNKNOWN,DAYLIGHT,Y-INTERSECTION,DRY,SHOULDER DEFECT,10,7,8
Toyota Innova,STOP SIGN/FLASHER,OTHER,DAYLIGHT,NOT DIVIDED,UNKNOWN,NO DEFECTS,9,7,9
Renault Kiger,NO CONTROLS,RAIN,DARKNESS,NOT DIVIDED,WET,NO DEFECTS,19,2,9
Toyota Fortuner,TRAFFIC SIGNAL,CLEAR,DARKNESS,DIVIDED - W/MEDIAN (NOT RAISED),WET,NO DEFECTS,23,2,1
Maruti Suzuki Brezza,STOP SIGN/FLASHER,CLEAR,UNKNOWN,NOT REPORTED,WET,NO DEFECTS,18,7,11
Renault Kiger,STOP SIGN/FLASHER,RAIN,DAYLIGHT,NOT DIVIDED,"SAND, MUD, DIRT",DEBRIS ON ROADWAY,15,2,7
Toyota Innova,STOP SIGN/FLASHER,CLEAR,"DARKNESS, LIGHTED ROAD",TRAFFIC ROUTE,DRY,"RUT, HOLES",13,7,5
Maruti Suzuki Baleno,NO CONTROLS,UNKNOWN,DAYLIGHT,NOT DIVIDED,DRY,OTHER,15,3,4
Tata Altroz,TRAFFIC SIGNAL,RAIN,DAYLIGHT,DIVIDED - W/MEDIAN BARRIER,WET,NO DEFECTS,13,1,7
Toyota Fortuner,NO CONTROLS,CLEAR,DAYLIGHT,DIVIDED - W/MEDIAN (NOT RAISED),DRY,NO DEFECTS,14,4,11
Kia Seltos,TRAFFIC SIGNAL,RAIN,DAYLIGHT,NOT DIVIDED,WET,NO DEFECTS,8,1,6
Tata Nexon,STOP SIGN/FLASHER,RAIN,"DARKNESS, LIGHTED ROAD",Y-INTERSECTION,DRY,NO DEFECTS,21,2,9
Mahindra Scorpio,NO CONTROLS,CLEAR,"DARKNESS, LIGHTED ROAD",NOT DIVIDED,WET,"RUT, HOLES",18,4,2
Mahindra Scorpio,NO CONTROLS,RAIN,DAYLIGHT,T-INTERSECTION,WET,NO DEFECTS,17,1,7
Skoda Slavia,NO CONTROLS,RAIN,"DARKNESS, LIGHTED ROAD",DIVIDED - W/MEDIAN BARRIER,WET,NO DEFECTS,22,1,12
Nissan Magnite,TRAFFIC SIGNAL,CLOUDY/OVERCAST,DAYLIGHT,DIVIDED - W/MEDIAN BARRIER,DRY,WORN SURFACE,9,2,10
Nissan Magnite,NO CONTROLS,CLOUDY/OVERCAST,"DARKNESS, LIGHTED ROAD",FOUR WAY,WET,NO DEFECTS,4,4,4
Maruti Suzuki Swift,TRAFFIC SIGNAL,RAIN,DARKNESS,NOT DIVIDED,DRY,NO DEFECTS,19,7,7
Hyundai Verna,STOP SIGN/FLASHER,CLEAR,DARKNESS,DIVIDED - W/MEDIAN (NOT RAISED),"SAND, MUD, DIRT","RUT, HOLES",23,1,4
Hyundai Creta,NO CONTROLS,RAIN,DAYLIGHT,FOUR WAY,DRY,WORN SURFACE,15,5,6
Kia Seltos,TRAFFIC SIGNAL,CLEAR,DAWN,ALLEY,WET,DEBRIS ON ROADWAY,2,4,10
Nissan Magnite,LANE USE MARKING,CLEAR,DAYLIGHT,NOT DIVIDED,DRY,"RUT, HOLES",18,1,10
Tata Harrier,NO CONTROLS,FOG/SMOKE/HAZE,DARKNESS,NOT DIVIDED,DRY,DEBRIS ON ROADWAY,5,1,4
Nissan Magnite,NO CONTROLS,CLEAR,DAYLIGHT,NOT DIVIDED,"SAND, MUD, DIRT",NO DEFECTS,15,2,12
Tata Altroz,TRAFFIC SIGNAL,RAIN,DAYLIGHT,NOT DIVIDED,WET,NO DEFECTS,9,6,8
Toyota Fortuner,DELINEATORS,UNKNOWN,DARKNESS,NOT DIVIDED,UNKNOWN,SHOULDER DEFECT,21,7,6
Kia Sonet,YIELD,CLEAR,DAYLIGHT,NOT DIVIDED,"SAND, MUD, DIRT",WORN SURFACE,13,5,7
Kia Sonet,NO CONTROLS,RAIN,"DARKNESS, LIGHTED ROAD",ONE-WAY,WET,"RUT, HOLES",20,1,8
Tata Altroz,STOP SIGN/FLASHER,RAIN,DAYLIGHT,NOT DIVIDED,WET,"RUT, HOLES",10,2,8
Mahindra XUV700,TRAFFIC SIGNAL,RAIN,DAYLIGHT,DIVIDED - W/MEDIAN (NOT RAISED),WET,NO DEFECTS,12,7,7
Tata Punch,TRAFFIC SIGNAL,RAIN,DARKNESS,ALLEY,DRY,NO DEFECTS,22,1,7
Maruti Suzuki Swift,STOP SIGN/FLASHER,CLEAR,DAYLIGHT,NOT DIVIDED,WET,NO DEFECTS,8,5,3
Honda City,NO CONTROLS,CLOUDY/OVERCAST,DAYLIGHT,NOT DIVIDED,DRY,NO DEFECTS,15,2,10
Toyota Innova,TRAFFIC SIGNAL,RAIN,DAYLIGHT,NOT DIVIDED,"SAND, MUD, DIRT",WORN SURFACE,12,1,8
Kia Sonet,TRAFFIC SIGNAL,CLEAR,DUSK,FOUR WAY,WET,NO DEFECTS,18,2,2
Toyota Innova,STOP SIGN/FLASHER,CLEAR,DARKNESS,DIVIDED - W/MEDIAN (NOT RAISED),DRY,NO DEFECTS,6,7,9
Tata Nexon,STOP SIGN/FLASHER,CLEAR,DAYLIGHT,NOT DIVIDED,DRY,OTHER,13,6,12
Tata Altroz,NO CONTROLS,UNKNOWN,DAYLIGHT,FOUR WAY,DRY,NO DEFECTS,17,2,12
Maruti Suzuki Brezza,STOP SIGN/FLASHER,CLOUDY/OVERCAST,DAYLIGHT,NOT DIVIDED,DRY,NO DEFECTS,12,1,6
Skoda Slavia,NO CONTROLS,CLEAR,DARKNESS,DIVIDED - W/MEDIAN BARRIER,DRY,WORN SURFACE,2,4,2
Kia Sonet,NO CONTROLS,CLOUDY/OVERCAST,DUSK,NOT DIVIDED,DRY,WORN SURFACE,17,1,7
Skoda Slavia,TRAFFIC SIGNAL,SLEET/HAIL,DAYLIGHT,ALLEY,OTHER,NO DEFECTS,14,4,2
Renault Kiger,TRAFFIC SIGNAL,CLOUDY/OVERCAST,DARKNESS,NOT DIVIDED,DRY,WORN SURFACE,0,6,12
Nissan Magnite,TRAFFIC SIGNAL,CLOUDY/OVERCAST,DUSK,NOT DIVIDED,DRY,NO DEFECTS,16,4,3
Hyundai Verna,PEDESTRIAN CROSSING SIGN,UNKNOWN,"DARKNESS, LIGHTED ROAD",FOUR WAY,DRY,WORN SURFACE,21,7,5
Hyundai i20,NO CONTROLS,RAIN,DARKNESS,NOT DIVIDED,DRY,NO DEFECTS,6,6,6
Kia Seltos,NO CONTROLS,FOG/SMOKE/HAZE,DAYLIGHT,NOT DIVIDED,WET,"RUT, HOLES",11,5,6
Tata Harrier,NO CONTROLS,CLEAR,DAYLIGHT,T-INTERSECTION,"SAND, MUD, DIRT","RUT, HOLES",18,6,10
Tata Harrier,STOP SIGN/FLASHER,UNKNOWN,DAWN,NOT DIVIDED,DRY,WORN SURFACE,3,1,7
Volkswagen Virtus,STOP SIGN/FLASHER,CLEAR,DUSK,NOT DIVIDED,DRY,"RUT, HOLES",0,2,3
Skoda Slavia,TRAFFIC SIGNAL,CLEAR,DAYLIGHT,NOT DIVIDED,DRY,SHOULDER DEFECT,13,6,5
Kia Seltos,NO CONTROLS,RAIN,"DARKNESS, LIGHTED ROAD",ALLEY,WET,NO DEFECTS,19,1,7
Hyundai i20,STOP SIGN/FLASHER,CLEAR,DAYLIGHT,NOT DIVIDED,DRY,"RUT, HOLES",7,1,2
Hyundai i20,STOP SIGN/FLASHER,RAIN,"DARKNESS, LIGHTED ROAD",DIVIDED - W/MEDIAN (NOT RAISED),WET,NO DEFECTS,19,3,8
Tata Nexon,NO CONTROLS,RAIN,DAYLIGHT,NOT DIVIDED,WET,"RUT, HOLES",17,7,8
Hyundai Venue,TRAFFIC SIGNAL,RAIN,DAYLIGHT,NOT DIVIDED,"SAND, MUD, DIRT","RUT, HOLES",11,7,9
Tata Harrier,NO CONTROLS,FOG/SMOKE/HAZE,DAYLIGHT,NOT DIVIDED,DRY,NO DEFECTS,9,5,12
Maruti Suzuki Brezza,STOP SIGN/FLASHER,FOG/SMOKE/HAZE,DARKNESS,NOT DIVIDED,DRY,NO DEFECTS,21,7,11
Mahindra Thar,NO CONTROLS,CLOUDY/OVERCAST,DAYLIGHT,NOT DIVIDED,DRY,SHOULDER DEFECT,8,7,12
Renault Kiger,NO CONTROLS,CLEAR,DAYLIGHT,NOT DIVIDED,"SAND, MUD, DIRT",NO DEFECTS,14,2,4
Mahindra Thar,NO CONTROLS,CLOUDY/OVERCAST,DAYLIGHT,NOT DIVIDED,DRY,NO DEFECTS,16,4,2
Skoda Slavia,STOP SIGN/FLASHER,CLEAR,"DARKNESS, LIGHTED ROAD",NOT DIVIDED,DRY,"RUT, HOLES",6,5,5
Renault Kiger,TRAFFIC SIGNAL,RAIN,DARKNESS,T-INTERSECTION,WET,NO DEFECTS,1,2,11
Renault Kiger,NO CONTROLS,CLEAR,DUSK,FOUR WAY,DRY,NO DEFECTS,0,3,12
Tata Nexon,PEDESTRIAN CROSSING SIGN,CLEAR,DAYLIGHT,NOT DIVIDED,DRY,"RUT, HOLES",10,6,11
Maruti Suzuki Baleno,TRAFFIC SIGNAL,CLEAR,"DARKNESS, LIGHTED ROAD",DIVIDED - W/MEDIAN (NOT RAISED),DRY,NO DEFECTS,3,3,2
Kia Sonet,NO CONTROLS,CLEAR,DARKNESS,DIVIDED - W/MEDIAN BARRIER,"SAND, MUD, DIRT",DEBRIS ON ROADWAY,19,7,12
Maruti Suzuki Swift,NO CONTROLS,CLOUDY/OVERCAST,"DARKNESS, LIGHTED ROAD",OTHER,"SAND, MUD, DIRT",DEBRIS ON ROADWAY,23,4,7
Maruti Suzuki Wagon R,NO CONTROLS,CLEAR,"DARKNESS, LIGHTED ROAD",FOUR WAY,DRY,"RUT, HOLES",3,2,1
Hyundai Creta,NO CONTROLS,RAIN,DAYLIGHT,NOT DIVIDED,WET,NO DEFECTS,13,2,7
Hyundai Verna,STOP SIGN/FLASHER,CLOUDY/OVERCAST,DARKNESS,NOT DIVIDED,DRY,"RUT, HOLES",0,6,1
Tata Harrier,NO CONTROLS,RAIN,"DARKNESS, LIGHTED ROAD",NOT DIVIDED,WET,NO DEFECTS,6,3,8
Tata Altroz,STOP SIGN/FLASHER,RAIN,DAYLIGHT,FOUR WAY,DRY,NO DEFECTS,10,2,6
Kia Sonet,STOP SIGN/FLASHER,RAIN,DAYLIGHT,NOT DIVIDED,WET,NO DEFECTS,12,6,7
Kia Seltos,TRAFFIC SIGNAL,OTHER,DARKNESS,NOT DIVIDED,"SAND, MUD, DIRT",WORN SURFACE,22,4,8
Tata Punch,STOP SIGN/FLASHER,FOG/SMOKE/HAZE,DAYLIGHT,DIVIDED - W/MEDIAN BARRIER,DRY,NO DEFECTS,8,7,11
Honda Amaze,TRAFFIC SIGNAL,CLOUDY/OVERCAST,UNKNOWN,ALLEY,DRY,"RUT, HOLES",14,5,8
Maruti Suzuki Baleno,TRAFFIC SIGNAL,CLOUDY/OVERCAST,DAYLIGHT,OTHER,OTHER,NO DEFECTS,9,7,7
Nissan Magnite,PEDESTRIAN CROSSING SIGN,CLEAR,DAWN,NOT DIVIDED,DRY,"RUT, HOLES",0,3,10
Mahindra Scorpio,TRAFFIC SIGNAL,SLEET/HAIL,DARKNESS,CENTER TURN LANE,WET,NO DEFECTS,21,3,11
Mahindra Scorpio,STOP SIGN/FLASHER,CLEAR,DAWN,T-INTERSECTION,DRY,DEBRIS ON ROADWAY,4,5,2
Toyota Fortuner,NO CONTROLS,RAIN,"DARKNESS, LIGHTED ROAD",FOUR WAY,WET,"RUT, HOLES",22,6,7
Maruti Suzuki Swift,NO CONTROLS,CLOUDY/OVERCAST,DUSK,NOT DIVIDED,DRY,NO DEFECTS,6,1,5
Honda Amaze,NO CONTROLS,CLOUDY/OVERCAST,DAYLIGHT,UNKNOWN INTERSECTION TYPE,"SAND, MUD, DIRT",NO DEFECTS,16,5,1
Toyota Fortuner,NO CONTROLS,CLOUDY/OVERCAST,"DARKNESS, LIGHTED ROAD",NOT DIVIDED,OTHER,NO DEFECTS,23,2,9
Volkswagen Virtus,NO CONTROLS,CLEAR,DAWN,NOT DIVIDED,"SAND, MUD, DIRT","RUT, HOLES",6,7,11
Hyundai Venue,TRAFFIC SIGNAL,CLEAR,DAWN,NOT DIVIDED,DRY,NO DEFECTS,13,5,3
Mahindra Scorpio,NO CONTROLS,CLEAR,DARKNESS,T-INTERSECTION,UNKNOWN,"RUT, HOLES",18,1,10
Hyundai Creta,NO CONTROLS,FOG/SMOKE/HAZE,DARKNESS,FOUR WAY,WET,NO DEFECTS,3,1,11
Hyundai Creta,NO CONTROLS,FOG/SMOKE/HAZE,DARKNESS,UNKNOWN INTERSECTION TYPE,DRY,WORN SURFACE,16,7,12
Renault Kiger,STOP SIGN/FLASHER,CLEAR,"DARKNESS, LIGHTED ROAD",NOT DIVIDED,DRY,"RUT, HOLES",4,7,5
Kia Seltos,STOP SIGN/FLASHER,CLEAR,DAYLIGHT,NOT DIVIDED,WET,SHOULDER DEFECT,8,4,11
Mahindra XUV700,YIELD,RAIN,DAYLIGHT,FOUR WAY,DRY,DEBRIS ON ROADWAY,7,1,6
Hyundai Venue,STOP SIGN/FLASHER,CLOUDY/OVERCAST,DAWN,NOT DIVIDED,DRY,OTHER,21,3,8
Honda Amaze,NO CONTROLS,CLOUDY/OVERCAST,DAYLIGHT,NOT DIVIDED,DRY,NO DEFECTS,7,6,1
Tata Punch,NO CONTROLS,CLEAR,"DARKNESS, LIGHTED ROAD",NOT DIVIDED,UNKNOWN,WORN SURFACE,1,5,1
Maruti Suzuki Baleno,NO CONTROLS,RAIN,DAYLIGHT,FOUR WAY,WET,"RUT, HOLES",16,7,9
Tata Altroz,NO CONTROLS,RAIN,DAYLIGHT,ONE-WAY,WET,"RUT, HOLES",11,6,7
Maruti Suzuki Brezza,TRAFFIC SIGNAL,OTHER,DAYLIGHT,NOT DIVIDED,OTHER,SHOULDER DEFECT,12,3,5
Mahindra XUV700,NO CONTROLS,OTHER,DARKNESS,NOT DIVIDED,DRY,NO DEFECTS,6,3,3
Mahindra Thar,NO CONTROLS,RAIN,DUSK,NOT DIVIDED,OTHER,"RUT, HOLES",18,5,9
Mahindra Scorpio,TRAFFIC SIGNAL,FOG/SMOKE/HAZE,DAYLIGHT,FOUR WAY,"SAND, MUD, DIRT","RUT, HOLES",12,3,1
Tata Harrier,NO CONTROLS,CLOUDY/OVERCAST,DAYLIGHT,DIVIDED - W/MEDIAN (NOT RAISED),DRY,NO DEFECTS,11,7,10
Mahindra XUV700,OTHER REG. SIGN,CLEAR,DAYLIGHT,DIVIDED - W/MEDIAN BARRIER,DRY,SHOULDER DEFECT,7,3,1
Tata Nexon,YIELD,CLEAR,DAYLIGHT,UNKNOWN,DRY,NO DEFECTS,16,4,3
Maruti Suzuki Swift,TRAFFIC SIGNAL,RAIN,DAYLIGHT,NOT REPORTED,WET,"RUT, HOLES",18,1,6
Hyundai Creta,NO CONTROLS,UNKNOWN,DAYLIGHT,NOT DIVIDED,WET,DEBRIS ON ROADWAY,10,1,7
Skoda Slavia,NO CONTROLS,RAIN,DARKNESS,DIVIDED - W/MEDIAN (NOT RAISED),WET,WORN SURFACE,0,2,6
Maruti Suzuki Baleno,NO CONTROLS,RAIN,DAYLIGHT,ONE-WAY,DRY,DEBRIS ON ROADWAY,8,3,6
Toyota Fortuner,NO CONTROLS,RAIN,DAYLIGHT,FOUR WAY,WET,NO DEFECTS,17,1,12
Tata Altroz,NO CONTROLS,RAIN,"DARKNESS, LIGHTED ROAD",ALLEY,WET,"RUT, HOLES",23,4,8
Kia Sonet,NO CONTROLS,FOG/SMOKE/HAZE,"DARKNESS, LIGHTED ROAD",NOT DIVIDED,UNKNOWN,"RUT, HOLES",1,3,1
Mahindra Thar,TRAFFIC SIGNAL,OTHER,DAYLIGHT,NOT DIVIDED,WET,WORN SURFACE,10,3,7
Mahindra Thar,NO CONTROLS,CLEAR,DARKNESS,NOT DIVIDED,OTHER,NO DEFECTS,3,4,11
Tata Nexon,TRAFFIC SIGNAL,CLEAR,DARKNESS,NOT DIVIDED,DRY,"RUT, HOLES",10,7,5
Hyundai i20,STOP SIGN/FLASHER,CLOUDY/OVERCAST,DAYLIGHT,T-INTERSECTION,WET,NO DEFECTS,12,6,1
Hyundai Creta,OTHER,RAIN,"DARKNESS, LIGHTED ROAD",NOT DIVIDED,WET,NO DEFECTS,21,7,9
Tata Nexon,TRAFFIC SIGNAL,CLEAR,"DARKNESS, LIGHTED ROAD",FOUR WAY,OTHER,"RUT, HOLES",4,7,8
Tata Nexon,NO CONTROLS,OTHER,DARKNESS,NOT DIVIDED,DRY,"RUT, HOLES",18,1,8
Skoda Slavia,STOP SIGN/FLASHER,CLEAR,"DARKNESS, LIGHTED ROAD",OTHER,DRY,OTHER,12,6,1
Hyundai Venue,TRAFFIC SIGNAL,CLOUDY/OVERCAST,DARKNESS,ALLEY,DRY,WORN SURFACE,19,1,2
Hyundai Verna,YIELD,RAIN,DAYLIGHT,FOUR WAY,WET,"RUT, HOLES",14,7,8
Kia Sonet,TRAFFIC SIGNAL,SLEET/HAIL,"DARKNESS, LIGHTED ROAD",NOT DIVIDED,WET,NO DEFECTS,1,2,4
Maruti Suzuki Baleno,NO CONTROLS,RAIN,UNKNOWN,NOT DIVIDED,WET,NO DEFECTS,22,3,7
Hyundai i20,NO CONTROLS,RAIN,DUSK,FOUR WAY,"SAND, MUD, DIRT","RUT, HOLES",4,7,8
Tata Harrier,TRAFFIC SIGNAL,FREEZING RAIN/DRIZZLE,DAYLIGHT,UNKNOWN INTERSECTION TYPE,WET,NO DEFECTS,16,7,5
Kia Sonet,PEDESTRIAN CROSSING SIGN,CLOUDY/OVERCAST,"DARKNESS, LIGHTED ROAD",FOUR WAY,DRY,WORN SURFACE,20,1,12
Mahindra Thar,OTHER,CLEAR,DARKNESS,OTHER,"SAND, MUD, DIRT",NO DEFECTS,4,1,11
Hyundai Creta,NO CONTROLS,CLEAR,DAYLIGHT,DIVIDED - W/MEDIAN (NOT RAISED),DRY,NO DEFECTS,15,6,9
Toyota Innova,TRAFFIC SIGNAL,SNOW,DARKNESS,FOUR WAY,UNKNOWN,WORN SURFACE,19,1,1
Tata Punch,STOP SIGN/FLASHER,RAIN,DARKNESS,DIVIDED - W/MEDIAN (NOT RAISED),WET,SHOULDER DEFECT,23,7,2
Kia Sonet,STOP SIGN/FLASHER,RAIN,DAWN,DIVIDED - W/MEDIAN (NOT RAISED),WET,NO DEFECTS,18,7,7
Tata Altroz,NO CONTROLS,CLEAR,DUSK,T-INTERSECTION,DRY,NO DEFECTS,9,1,3
Mahindra Thar,TRAFFIC SIGNAL,FOG/SMOKE/HAZE,DAYLIGHT,NOT DIVIDED,UNKNOWN,OTHER,16,2,12
Volkswagen Virtus,STOP SIGN/FLASHER,UNKNOWN,DAYLIGHT,ALLEY,"SAND, MUD, DIRT",WORN SURFACE,17,1,3
Volkswagen Virtus,NO CONTROLS,RAIN,DAYLIGHT,OTHER,"SAND, MUD, DIRT",WORN SURFACE,17,1,7
Hyundai Venue,TRAFFIC SIGNAL,CLOUDY/OVERCAST,"DARKNESS, LIGHTED ROAD",T-INTERSECTION,DRY,NO DEFECTS,20,5,6
Nissan Magnite,NO CONTROLS,CLOUDY/OVERCAST,DARKNESS,T-INTERSECTION,UNKNOWN,"RUT, HOLES",4,6,8
Hyundai Verna,STOP SIGN/FLASHER,CLOUDY/OVERCAST,DAWN,NOT DIVIDED,OTHER,NO DEFECTS,6,4,2
Hyundai Verna,NO CONTROLS,RAIN,DAYLIGHT,DIVIDED - W/MEDIAN BARRIER,WET,NO DEFECTS,16,3,7
Maruti Suzuki Baleno,NO CONTROLS,RAIN,"DARKNESS, LIGHTED ROAD",UNKNOWN INTERSECTION TYPE,WET,NO DEFECTS,22,2,5
Tata Punch,NO CONTROLS,CLEAR,DAYLIGHT,ONE-WAY,UNKNOWN,NO DEFECTS,13,2,11
Toyota Fortuner,TRAFFIC SIGNAL,FOG/SMOKE/HAZE,DARKNESS,NOT DIVIDED,DRY,UNKNOWN,21,5,1
Hyundai Creta,TRAFFIC SIGNAL,FOG/SMOKE/HAZE,DARKNESS,ONE-WAY,DRY,"RUT, HOLES",20,7,12
Mahindra Scorpio,STOP SIGN/FLASHER,CLEAR,DARKNESS,NOT DIVIDED,"SAND, MUD, DIRT",WORN SURFACE,21,4,10
Tata Nexon,NO CONTROLS,CLEAR,DARKNESS,FOUR WAY,DRY,DEBRIS ON ROADWAY,21,7,5
Toyota Fortuner,NO CONTROLS,CLEAR,"DARKNESS, LIGHTED ROAD",RAMP,UNKNOWN,NO DEFECTS,20,1,10
Toyota Innova,STOP SIGN/FLASHER,FOG/SMOKE/HAZE,DARKNESS,NOT DIVIDED,DRY,NO DEFECTS,18,6,1
Maruti Suzuki Baleno,STOP SIGN/FLASHER,FOG/SMOKE/HAZE,DAWN,NOT DIVIDED,DRY,NO DEFECTS,16,3,12
Tata Punch,NO CONTROLS,RAIN,"DARKNESS, LIGHTED ROAD",NOT DIVIDED,WET,DEBRIS ON ROADWAY,0,7,7
Nissan Magnite,TRAFFIC SIGNAL,CLEAR,DUSK,NOT DIVIDED,WET,"RUT, HOLES",6,7,5
Maruti Suzuki Wagon R,NO CONTROLS,RAIN,DARKNESS,NOT DIVIDED,WET,"RUT, HOLES",6,6,6
Tata Harrier,TRAFFIC SIGNAL,SLEET/HAIL,DARKNESS,DIVIDED - W/MEDIAN (NOT RAISED),WET,WORN SURFACE,0,3,1
Hyundai Creta,NO CONTROLS,OTHER,DAYLIGHT,CENTER TURN LANE,DRY,NO DEFECTS,6,4,12
Tata Harrier,STOP SIGN/FLASHER,FOG/SMOKE/HAZE,"DARKNESS, LIGHTED ROAD",DIVIDED - W/MEDIAN BARRIER,WET,NO DEFECTS,20,5,1
Renault Kiger,TRAFFIC SIGNAL,RAIN,DAYLIGHT,NOT DIVIDED,OTHER,"RUT, HOLES",17,4,8
Toyota Fortuner,NO CONTROLS,RAIN,DAYLIGHT,DIVIDED - W/MEDIAN (NOT RAISED),WET,WORN SURFACE,10,6,7
Mahindra Scorpio,TRAFFIC SIGNAL,CLEAR,"DARKNESS, LIGHTED ROAD",OTHER,WET,NO DEFECTS,19,6,12
Honda Amaze,NO CONTROLS,CLEAR,DAYLIGHT,DIVIDED - W/MEDIAN (NOT RAISED),DRY,NO DEFECTS,14,1,4
Tata Harrier,PEDESTRIAN CROSSING SIGN,FOG/SMOKE/HAZE,DARKNESS,CENTER TURN LANE,DRY,"RUT, HOLES",6,2,7
Toyota Fortuner,NO CONTROLS,RAIN,DARKNESS,CENTER TURN LANE,WET,NO DEFECTS,20,3,7
Maruti Suzuki Swift,TRAFFIC SIGNAL,OTHER,DUSK,NOT DIVIDED,WET,WORN SURFACE,11,6,9
Hyundai Venue,NO CONTROLS,CLEAR,DAYLIGHT,Y-INTERSECTION,"SAND, MUD, DIRT","RUT, HOLES",17,2,1
Renault Kiger,NO CONTROLS,RAIN,DAYLIGHT,FOUR WAY,WET,"RUT, HOLES",10,3,3
Hyundai i20,TRAFFIC SIGNAL,CLEAR,DAYLIGHT,NOT DIVIDED,UNKNOWN,SHOULDER DEFECT,14,4,4
Tata Punch,TRAFFIC SIGNAL,CLOUDY/OVERCAST,DARKNESS,ONE-WAY,"SAND, MUD, DIRT",WORN SURFACE,19,5,9
Toyota Innova,TRAFFIC SIGNAL,CLEAR,DAYLIGHT,ONE-WAY,DRY,NO DEFECTS,7,7,3
Tata Altroz,NO CONTROLS,RAIN,"DARKNESS, LIGHTED ROAD",FOUR WAY,WET,"RUT, HOLES",23,6,8
Mahindra XUV700,TRAFFIC SIGNAL,CLEAR,"DARKNESS, LIGHTED ROAD",DIVIDED - W/MEDIAN BARRIER,OTHER,NO DEFECTS,3,3,4
Honda City,STOP SIGN/FLASHER,RAIN,DAYLIGHT,"FIVE POINT, OR MORE",OTHER,WORN SURFACE,15,6,11
Tata Punch,STOP SIGN/FLASHER,CLEAR,"DARKNESS, LIGHTED ROAD",Y-INTERSECTION,DRY,WORN SURFACE,21,6,12
Tata Harrier,STOP SIGN/FLASHER,CLEAR,DARKNESS,NOT DIVIDED,WET,"RUT, HOLES",22,5,7
Honda City,NO CONTROLS,RAIN,DAYLIGHT,OTHER,WET,WORN SURFACE,8,3,6
Renault Kiger,TRAFFIC SIGNAL,CLEAR,DAYLIGHT,ONE-WAY,DRY,NO DEFECTS,7,7,4
Mahindra Scorpio,YIELD,FOG/SMOKE/HAZE,DAYLIGHT,UNKNOWN INTERSECTION TYPE,"SAND, MUD, DIRT",WORN SURFACE,17,7,1
Volkswagen Virtus,NO CONTROLS,FREEZING RAIN/DRIZZLE,DARKNESS,T-INTERSECTION,OTHER,NO DEFECTS,1,2,5
Tata Altroz,NO CONTROLS,SLEET/HAIL,DAYLIGHT,Y-INTERSECTION,WET,NO DEFECTS,14,6,8
Tata Punch,STOP SIGN/FLASHER,OTHER,DARKNESS,NOT DIVIDED,DRY,WORN SURFACE,19,1,7
Toyota Innova,STOP SIGN/FLASHER,CLOUDY/OVERCAST,DAYLIGHT,NOT REPORTED,"SAND, MUD, DIRT",NO DEFECTS,15,1,12
Mahindra Scorpio,NO CONTROLS,RAIN,UNKNOWN,NOT DIVIDED,WET,WORN SURFACE,7,3,6
Maruti Suzuki Baleno,TRAFFIC SIGNAL,RAIN,DAYLIGHT,OTHER,WET,WORN SURFACE,14,4,9
Nissan Magnite,YIELD,RAIN,"DARKNESS, LIGHTED ROAD",UNKNOWN INTERSECTION TYPE,WET,"RUT, HOLES",21,5,7
Mahindra Scorpio,NO CONTROLS,RAIN,DARKNESS,NOT DIVIDED,WET,WORN SURFACE,16,3,7
Hyundai i20,OTHER,CLEAR,DAYLIGHT,CENTER TURN LANE,WET,"RUT, HOLES",17,1,5
Maruti Suzuki Wagon R,TRAFFIC SIGNAL,RAIN,DAYLIGHT,DIVIDED - W/MEDIAN BARRIER,WET,DEBRIS ON ROADWAY,11,3,7
Nissan Magnite,STOP SIGN/FLASHER,RAIN,"DARKNESS, LIGHTED ROAD",CENTER TURN LANE,WET,"RUT, HOLES",7,6,7
Hyundai Creta,NO CONTROLS,CLOUDY/OVERCAST,DUSK,NOT DIVIDED,OTHER,"RUT, HOLES",9,3,9
Mahindra Thar,NO CONTROLS,CLOUDY/OVERCAST,DAYLIGHT,ONE-WAY,OTHER,"RUT, HOLES",15,5,12
Hyundai i20,STOP SIGN/FLASHER,RAIN,DAYLIGHT,NOT DIVIDED,WET,DEBRIS ON ROADWAY,9,6,6
Maruti Suzuki Brezza,STOP SIGN/FLASHER,CLEAR,DAYLIGHT,NOT DIVIDED,DRY,NO DEFECTS,15,6,1
Tata Punch,TRAFFIC SIGNAL,CLEAR,DAYLIGHT,T-INTERSECTION,DRY,WORN SURFACE,17,4,7
Maruti Suzuki Swift,TRAFFIC SIGNAL,CLEAR,"DARKNESS, LIGHTED ROAD",NOT DIVIDED,DRY,NO DEFECTS,18,1,8
Nissan Magnite,LANE USE MARKING,CLEAR,DAYLIGHT,ALLEY,DRY,NO DEFECTS,7,7,3
Maruti Suzuki Swift,TRAFFIC SIGNAL,RAIN,DAWN,T-INTERSECTION,WET,OTHER,18,3,9
Skoda Slavia,OTHER,UNKNOWN,DAYLIGHT,NOT DIVIDED,OTHER,NO DEFECTS,17,3,12
Hyundai Venue,STOP SIGN/FLASHER,UNKNOWN,DARKNESS,NOT DIVIDED,UNKNOWN,WORN SURFACE,0,6,12
Hyundai Verna,NO CONTROLS,OTHER,DARKNESS,NOT DIVIDED,"SAND, MUD, DIRT","RUT, HOLES",2,6,3
Hyundai i20,NO CONTROLS,CLEAR,DAYLIGHT,NOT DIVIDED,WET,SHOULDER DEFECT,16,7,11
Hyundai Venue,NO CONTROLS,OTHER,DAYLIGHT,FOUR WAY,WET,WORN SURFACE,12,1,9
Hyundai Creta,STOP SIGN/FLASHER,RAIN,DAYLIGHT,ALLEY,WET,NO DEFECTS,7,7,7
Mahindra Thar,NO CONTROLS,RAIN,"DARKNESS, LIGHTED ROAD",FOUR WAY,WET,"RUT, HOLES",1,6,8
Tata Nexon,NO CONTROLS,CLEAR,DAYLIGHT,T-INTERSECTION,WET,NO DEFECTS,7,5,11
Tata Nexon,TRAFFIC SIGNAL,CLOUDY/OVERCAST,DAWN,NOT DIVIDED,WET,"RUT, HOLES",22,2,7
Mahindra XUV700,FLASHING CONTROL SIGNAL,RAIN,DAYLIGHT,DIVIDED - W/MEDIAN (NOT RAISED),WET,WORN SURFACE,18,5,6
Maruti Suzuki Baleno,NO CONTROLS,CLOUDY/OVERCAST,DARKNESS,DIVIDED - W/MEDIAN (NOT RAISED),DRY,NO DEFECTS,15,2,7
Hyundai Verna,NO CONTROLS,OTHER,DARKNESS,T-INTERSECTION,UNKNOWN,WORN SURFACE,22,7,8
Mahindra Scorpio,STOP SIGN/FLASHER,FOG/SMOKE/HAZE,DAYLIGHT,DIVIDED - W/MEDIAN (NOT RAISED),DRY,NO DEFECTS,13,6,3
Tata Harrier,NO CONTROLS,BLOWING SNOW,DAWN,NOT DIVIDED,SNOW OR SLUSH,NO DEFECTS,18,5,11
Kia Seltos,TRAFFIC SIGNAL,UNKNOWN,DAWN,NOT DIVIDED,DRY,NO DEFECTS,9,6,9
Tata Punch,TRAFFIC SIGNAL,CLOUDY/OVERCAST,DAYLIGHT,NOT DIVIDED,DRY,NO DEFECTS,16,5,8
Mahindra Thar,NO CONTROLS,CLEAR,DAYLIGHT,NOT REPORTED,DRY,"RUT, HOLES",7,1,2
Maruti Suzuki Brezza,STOP SIGN/FLASHER,CLEAR,"DARKNESS, LIGHTED ROAD",NOT DIVIDED,DRY,NO DEFECTS,12,2,8
Hyundai Creta,NO CONTROLS,CLOUDY/OVERCAST,DARKNESS,DIVIDED - W/MEDIAN BARRIER,WET,UNKNOWN,1,7,2
Hyundai i20,UNKNOWN,FOG/SMOKE/HAZE,DARKNESS,NOT DIVIDED,DRY,UNKNOWN,6,7,1
Mahindra Thar,STOP SIGN/FLASHER,RAIN,DARKNESS,NOT DIVIDED,WET,"RUT, HOLES",4,7,7
Tata Altroz,PEDESTRIAN CROSSING SIGN,RAIN,DAYLIGHT,T-INTERSECTION,WET,"RUT, HOLES",12,1,6
Hyundai Venue,NO CONTROLS,CLEAR,DARKNESS,NOT DIVIDED,DRY,DEBRIS ON ROADWAY,19,2,8
Hyundai i20,NO CONTROLS,FOG/SMOKE/HAZE,DAYLIGHT,Y-INTERSECTION,"SAND, MUD, DIRT",WORN SURFACE,8,1,1
Nissan Magnite,NO CONTROLS,RAIN,DARKNESS,OTHER,DRY,NO DEFECTS,19,6,7
Toyota Innova,OTHER,CLOUDY/OVERCAST,DAYLIGHT,T-INTERSECTION,WET,WORN SURFACE,17,2,3
Renault Kiger,STOP SIGN/FLASHER,FOG/SMOKE/HAZE,DAYLIGHT,DIVIDED - W/MEDIAN BARRIER,DRY,NO DEFECTS,9,4,12
Honda City,TRAFFIC SIGNAL,RAIN,DAYLIGHT,Y-INTERSECTION,WET,"RUT, HOLES",8,3,8
Toyota Fortuner,NO CONTROLS,RAIN,"DARKNESS, LIGHTED ROAD",ONE-WAY,"SAND, MUD, DIRT","RUT, HOLES",21,7,9
Tata Harrier,NO CONTROLS,CLOUDY/OVERCAST,"DARKNESS, LIGHTED ROAD",DIVIDED - W/MEDIAN (NOT RAISED),DRY,WORN SURFACE,2,5,6
Tata Punch,NO CONTROLS,UNKNOWN,DAYLIGHT,NOT DIVIDED,"SAND, MUD, DIRT",NO DEFECTS,17,6,1
Renault Kiger,TRAFFIC SIGNAL,CLOUDY/OVERCAST,DARKNESS,ONE-WAY,DRY,NO DEFECTS,16,5,12
Tata Nexon,YIELD,CLOUDY/OVERCAST,DAYLIGHT,NOT DIVIDED,WET,SHOULDER DEFECT,13,5,5
Tata Nexon,STOP SIGN/FLASHER,RAIN,DAYLIGHT,NOT DIVIDED,WET,WORN SURFACE,8,3,7
Maruti Suzuki Wagon R,NO CONTROLS,CLOUDY/OVERCAST,DAYLIGHT,NOT DIVIDED,DRY,"RUT, HOLES",13,2,8
Toyota Fortuner,TRAFFIC SIGNAL,FOG/SMOKE/HAZE,"DARKNESS, LIGHTED ROAD",FOUR WAY,DRY,"RUT, HOLES",19,3,1
Tata Altroz,NO CONTROLS,CLEAR,DARKNESS,NOT DIVIDED,WET,WORN SURFACE,19,3,10
Hyundai i20,STOP SIGN/FLASHER,RAIN,DARKNESS,NOT DIVIDED,"SAND, MUD, DIRT","RUT, HOLES",22,6,7
Toyota Fortuner,NO CONTROLS,SLEET/HAIL,DAYLIGHT,T-INTERSECTION,WET,NO DEFECTS,10,4,5
Hyundai Creta,TRAFFIC SIGNAL,FREEZING RAIN/DRIZZLE,DAYLIGHT,ONE-WAY,WET,"RUT, HOLES",12,5,1
Toyota Fortuner,TRAFFIC SIGNAL,CLEAR,DARKNESS,NOT DIVIDED,DRY,OTHER,0,6,3
Maruti Suzuki Swift,STOP SIGN/FLASHER,CLOUDY/OVERCAST,DAWN,OTHER,DRY,SHOULDER DEFECT,22,3,11
Kia Seltos,NO CONTROLS,RAIN,DAYLIGHT,NOT DIVIDED,WET,"RUT, HOLES",10,4,9
Hyundai Creta,NO CONTROLS,CLEAR,DAYLIGHT,PARKING LOT,OTHER,NO DEFECTS,12,4,4
Toyota Fortuner,NO CONTROLS,RAIN,DARKNESS,NOT DIVIDED,WET,DEBRIS ON ROADWAY,21,1,1
Tata Altroz,STOP SIGN/FLASHER,RAIN,DAYLIGHT,NOT DIVIDED,OTHER,"RUT, HOLES",15,2,9
Mahindra Scorpio,NO CONTROLS,RAIN,DAYLIGHT,CENTER TURN LANE,"SAND, MUD, DIRT",NO DEFECTS,15,1,8
Mahindra Scorpio,YIELD,OTHER,DAYLIGHT,NOT DIVIDED,DRY,NO DEFECTS,7,6,6
Renault Kiger,TRAFFIC SIGNAL,RAIN,DAYLIGHT,NOT DIVIDED,WET,WORN SURFACE,14,3,6
Skoda Slavia,NO CONTROLS,CLEAR,"DARKNESS, LIGHTED ROAD",NOT DIVIDED,"SAND, MUD, DIRT",NO DEFECTS,21,4,4
Kia Sonet,TRAFFIC SIGNAL,RAIN,"DARKNESS, LIGHTED ROAD",NOT DIVIDED,WET,"RUT, HOLES",15,6,9
Kia Sonet,TRAFFIC SIGNAL,FOG/SMOKE/HAZE,DAYLIGHT,OTHER,DRY,"RUT, HOLES",7,7,12
Hyundai Venue,NO CONTROLS,CLEAR,DARKNESS,OTHER,OTHER,WORN SURFACE,1,6,3
Volkswagen Virtus,NO CONTROLS,RAIN,DAYLIGHT,FOUR WAY,WET,"RUT, HOLES",11,1,8
Mahindra Scorpio,NO CONTROLS,RAIN,DAYLIGHT,RAMP,WET,"RUT, HOLES",15,3,7
Kia Seltos,TRAFFIC SIGNAL,RAIN,DARKNESS,OTHER,WET,NO DEFECTS,1,1,7
Mahindra Scorpio,NO CONTROLS,OTHER,"DARKNESS, LIGHTED ROAD",T-INTERSECTION,"SAND, MUD, DIRT","RUT, HOLES",16,1,5
Maruti Suzuki Baleno,STOP SIGN/FLASHER,CLEAR,UNKNOWN,NOT DIVIDED,DRY,NO DEFECTS,15,1,10
Mahindra XUV700,YIELD,RAIN,DUSK,DIVIDED - W/MEDIAN (NOT RAISED),WET,NO DEFECTS,18,3,7
Toyota Innova,STOP SIGN/FLASHER,SLEET/HAIL,DARKNESS,NOT DIVIDED,WET,"RUT, HOLES",1,2,8
Tata Altroz,OTHER REG. SIGN,CLEAR,"DARKNESS, LIGHTED ROAD",NOT DIVIDED,"SAND, MUD, DIRT",WORN SURFACE,18,3,5
Mahindra XUV700,TRAFFIC SIGNAL,CLEAR,DAYLIGHT,T-INTERSECTION,"SAND, MUD, DIRT",WORN SURFACE,15,6,3
Volkswagen Virtus,NO CONTROLS,CLEAR,DAYLIGHT,NOT DIVIDED,DRY,WORN SURFACE,11,6,1
Hyundai Verna,TRAFFIC SIGNAL,CLOUDY/OVERCAST,DARKNESS,NOT DIVIDED,WET,NO DEFECTS,22,3,9
Mahindra Scorpio,NO CONTROLS,CLEAR,DAYLIGHT,DIVIDED - W/MEDIAN (NOT RAISED),DRY,NO DEFECTS,7,5,3
Mahindra XUV700,OTHER REG. SIGN,RAIN,DAWN,NOT DIVIDED,WET,NO DEFECTS,15,3,9
Toyota Fortuner,STOP SIGN/FLASHER,RAIN,DAYLIGHT,FOUR WAY,UNKNOWN,NO DEFECTS,10,3,6
Mahindra Scorpio,UNKNOWN,RAIN,DAYLIGHT,ALLEY,WET,"RUT, HOLES",15,6,7
Toyota Innova,NO CONTROLS,RAIN,DAYLIGHT,NOT DIVIDED,UNKNOWN,NO DEFECTS,15,3,7
Renault Kiger,NO CONTROLS,CLOUDY/OVERCAST,DAWN,NOT DIVIDED,WET,"RUT, HOLES",5,5,6
Maruti Suzuki Brezza,NO CONTROLS,UNKNOWN,DAYLIGHT,CENTER TURN LANE,DRY,DEBRIS ON ROADWAY,17,1,2
Kia Sonet,NO CONTROLS,OTHER,DAYLIGHT,T-INTERSECTION,"SAND, MUD, DIRT",WORN SURFACE,16,5,6
Mahindra Scorpio,TRAFFIC SIGNAL,RAIN,DAYLIGHT,NOT DIVIDED,WET,WORN SURFACE,18,6,9
Kia Sonet,NO CONTROLS,CLEAR,DARKNESS,NOT DIVIDED,DRY,SHOULDER DEFECT,5,7,9
Honda Amaze,TRAFFIC SIGNAL,CLEAR,DAYLIGHT,T-INTERSECTION,DRY,NO DEFECTS,10,2,5
Tata Punch,TRAFFIC SIGNAL,RAIN,DAYLIGHT,FOUR WAY,"SAND, MUD, DIRT",WORN SURFACE,17,4,7
Maruti Suzuki Wagon R,TRAFFIC SIGNAL,CLOUDY/OVERCAST,DUSK,NOT DIVIDED,DRY,NO DEFECTS,6,4,3
Toyota Fortuner,TRAFFIC SIGNAL,CLOUDY/OVERCAST,DAYLIGHT,NOT DIVIDED,"SAND, MUD, DIRT",NO DEFECTS,17,7,4
Maruti Suzuki Brezza,NO CONTROLS,CLOUDY/OVERCAST,DARKNESS,T-INTERSECTION,OTHER,NO DEFECTS,2,2,1
Volkswagen Virtus,NO CONTROLS,CLEAR,DAYLIGHT,FOUR WAY,DRY,NO DEFECTS,11,2,11
Tata Punch,NO CONTROLS,CLOUDY/OVERCAST,DARKNESS,NOT DIVIDED,"SAND, MUD, DIRT","RUT, HOLES",19,2,4
Maruti Suzuki Brezza,NO CONTROLS,CLOUDY/OVERCAST,DUSK,UNKNOWN,DRY,NO DEFECTS,18,2,4
Tata Punch,NO CONTROLS,CLEAR,DAYLIGHT,NOT DIVIDED,DRY,OTHER,16,7,5
Honda Amaze,UNKNOWN,FOG/SMOKE/HAZE,DARKNESS,NOT DIVIDED,OTHER,SHOULDER DEFECT,19,5,2
Toyota Innova,NO CONTROLS,RAIN,DAYLIGHT,NOT DIVIDED,WET,UNKNOWN,17,4,8
Honda City,STOP SIGN/FLASHER,CLOUDY/OVERCAST,DAYLIGHT,DIVIDED - W/MEDIAN BARRIER,WET,WORN SURFACE,14,7,1
Nissan Magnite,TRAFFIC SIGNAL,CLOUDY/OVERCAST,DARKNESS,TRAFFIC ROUTE,DRY,OTHER,23,3,2
Volkswagen Virtus,PEDESTRIAN CROSSING SIGN,RAIN,DAYLIGHT,NOT DIVIDED,WET,NO DEFECTS,17,7,8
Tata Harrier,OTHER REG. SIGN,RAIN,DAYLIGHT,NOT DIVIDED,WET,"RUT, HOLES",16,6,6
Toyota Fortuner,TRAFFIC SIGNAL,FOG/SMOKE/HAZE,DAYLIGHT,T-INTERSECTION,DRY,NO DEFECTS,8,1,9
Skoda Slavia,STOP SIGN/FLASHER,RAIN,"DARKNESS, LIGHTED ROAD",DIVIDED - W/MEDIAN (NOT RAISED),WET,"RUT, HOLES",21,4,8
Kia Seltos,NO CONTROLS,CLOUDY/OVERCAST,DAYLIGHT,NOT DIVIDED,OTHER,WORN SURFACE,10,7,5
Renault Kiger,STOP SIGN/FLASHER,RAIN,DARKNESS,UNKNOWN INTERSECTION TYPE,OTHER,"RUT, HOLES",0,4,8
Maruti Suzuki Swift,NO CONTROLS,FREEZING RAIN/DRIZZLE,DAYLIGHT,FOUR WAY,WET,NO DEFECTS,8,7,2
Maruti Suzuki Baleno,NO CONTROLS,UNKNOWN,DARKNESS,NOT DIVIDED,DRY,"RUT, HOLES",6,7,7
Mahindra XUV700,PEDESTRIAN CROSSING SIGN,OTHER,DAYLIGHT,NOT DIVIDED,DRY,NO DEFECTS,10,6,7
Maruti Suzuki Baleno,STOP SIGN/FLASHER,RAIN,"DARKNESS, LIGHTED ROAD",DIVIDED - W/MEDIAN (NOT RAISED),"SAND, MUD, DIRT",WORN SURFACE,19,2,5
Honda Amaze,STOP SIGN/FLASHER,CLEAR,DUSK,DIVIDED - W/MEDIAN (NOT RAISED),DRY,"RUT, HOLES",17,1,8
Tata Altroz,STOP SIGN/FLASHER,RAIN,DAYLIGHT,NOT DIVIDED,WET,DEBRIS ON ROADWAY,7,5,11
Toyota Fortuner,STOP SIGN/FLASHER,FOG/SMOKE/HAZE,DARKNESS,DIVIDED - W/MEDIAN (NOT RAISED),"SAND, MUD, DIRT",DEBRIS ON ROADWAY,18,5,12
Hyundai i20,STOP SIGN/FLASHER,UNKNOWN,DAYLIGHT,NOT DIVIDED,DRY,NO DEFECTS,14,2,8
Maruti Suzuki Baleno,PEDESTRIAN CROSSING SIGN,RAIN,DAYLIGHT,NOT DIVIDED,WET,UNKNOWN,14,7,6
Maruti Suzuki Brezza,TRAFFIC SIGNAL,RAIN,DARKNESS,FOUR WAY,WET,OTHER,11,7,4
Skoda Slavia,NO CONTROLS,UNKNOWN,DAWN,ONE-WAY,"SAND, MUD, DIRT","RUT, HOLES",20,4,5
Honda City,NO CONTROLS,CLEAR,DAYLIGHT,OTHER,DRY,WORN SURFACE,10,5,7
Maruti Suzuki Brezza,TRAFFIC SIGNAL,CLOUDY/OVERCAST,DARKNESS,NOT DIVIDED,DRY,NO DEFECTS,5,4,6
Maruti Suzuki Wagon R,STOP SIGN/FLASHER,RAIN,DUSK,NOT DIVIDED,"SAND, MUD, DIRT",OTHER,10,1,12
Maruti Suzuki Swift,TRAFFIC SIGNAL,OTHER,DAYLIGHT,NOT REPORTED,"SAND, MUD, DIRT","RUT, HOLES",17,1,6
Mahindra Scorpio,TRAFFIC SIGNAL,CLEAR,DAYLIGHT,NOT DIVIDED,DRY,DEBRIS ON ROADWAY,17,6,6
Tata Nexon,TRAFFIC SIGNAL,RAIN,DAYLIGHT,ONE-WAY,WET,NO DEFECTS,7,4,6
Honda City,OTHER,FOG/SMOKE/HAZE,DARKNESS,NOT DIVIDED,DRY,WORN SURFACE,5,5,11
Tata Punch,TRAFFIC SIGNAL,CLEAR,DAYLIGHT,DIVIDED - W/MEDIAN BARRIER,DRY,NO DEFECTS,17,5,8
Skoda Slavia,NO CONTROLS,RAIN,DAYLIGHT,FOUR WAY,WET,NO DEFECTS,17,3,8
Skoda Slavia,YIELD,RAIN,DAYLIGHT,T-INTERSECTION,WET,DEBRIS ON ROADWAY,11,1,6
Tata Punch,NO CONTROLS,CLEAR,DAWN,NOT REPORTED,DRY,WORN SURFACE,19,6,10
Tata Altroz,PEDESTRIAN CROSSING SIGN,FOG/SMOKE/HAZE,DAWN,UNKNOWN INTERSECTION TYPE,DRY,SHOULDER DEFECT,22,4,1
Hyundai i20,TRAFFIC SIGNAL,FOG/SMOKE/HAZE,DARKNESS,NOT DIVIDED,DRY,"RUT, HOLES",6,2,11
Hyundai Venue,NO CONTROLS,RAIN,UNKNOWN,NOT DIVIDED,WET,DEBRIS ON ROADWAY,15,1,7
Toyota Fortuner,TRAFFIC SIGNAL,UNKNOWN,DARKNESS,NOT DIVIDED,UNKNOWN,WORN SURFACE,0,1,6
Toyota Fortuner,STOP SIGN/FLASHER,RAIN,DAYLIGHT,NOT DIVIDED,WET,NO DEFECTS,17,1,7
Toyota Innova,FLASHING CONTROL SIGNAL,RAIN,DAYLIGHT,NOT DIVIDED,WET,WORN SURFACE,12,2,9
Toyota Innova,STOP SIGN/FLASHER,FOG/SMOKE/HAZE,DUSK,NOT REPORTED,DRY,NO DEFECTS,6,2,1
Honda City,NO CONTROLS,FOG/SMOKE/HAZE,DAYLIGHT,NOT DIVIDED,WET,WORN SURFACE,17,2,11
Toyota Innova,NO CONTROLS,RAIN,"DARKNESS, LIGHTED ROAD","FIVE POINT, OR MORE",WET,NO DEFECTS,19,5,7
Kia Sonet,STOP SIGN/FLASHER,UNKNOWN,DAWN,NOT DIVIDED,DRY,"RUT, HOLES",6,2,6
Maruti Suzuki Brezza,STOP SIGN/FLASHER,CLEAR,"DARKNESS, LIGHTED ROAD",NOT DIVIDED,WET,WORN SURFACE,1,6,2
Hyundai i20,NO CONTROLS,RAIN,DAYLIGHT,DIVIDED - W/MEDIAN (NOT RAISED),WET,"RUT, HOLES",11,6,7
Kia Sonet,STOP SIGN/FLASHER,CLEAR,DAYLIGHT,T-INTERSECTION,DRY,WORN SURFACE,16,3,7
Kia Sonet,STOP SIGN/FLASHER,OTHER,"DARKNESS, LIGHTED ROAD",NOT DIVIDED,DRY,DEBRIS ON ROADWAY,19,6,6
Mahindra Scorpio,TRAFFIC SIGNAL,RAIN,DAYLIGHT,DIVIDED - W/MEDIAN (NOT RAISED),WET,NO DEFECTS,15,1,9
Maruti Suzuki Swift,NO CONTROLS,RAIN,DAYLIGHT,Y-INTERSECTION,DRY,"RUT, HOLES",15,3,7
Tata Punch,STOP SIGN/FLASHER,RAIN,"DARKNESS, LIGHTED ROAD",ONE-WAY,WET,NO DEFECTS,19,6,12
Maruti Suzuki Wagon R,NO CONTROLS,CLEAR,DAYLIGHT,NOT DIVIDED,DRY,"RUT, HOLES",15,7,8
Tata Nexon,TRAFFIC SIGNAL,CLEAR,UNKNOWN,NOT DIVIDED,DRY,NO DEFECTS,16,5,10
Renault Kiger,TRAFFIC SIGNAL,CLEAR,DAYLIGHT,NOT DIVIDED,DRY,"RUT, HOLES",14,3,2
Honda Amaze,TRAFFIC SIGNAL,FOG/SMOKE/HAZE,"DARKNESS, LIGHTED ROAD",T-INTERSECTION,DRY,NO DEFECTS,19,3,6
Skoda Slavia,STOP SIGN/FLASHER,CLEAR,"DARKNESS, LIGHTED ROAD",UNKNOWN,DRY,SHOULDER DEFECT,8,4,6
Maruti Suzuki Wagon R,TRAFFIC SIGNAL,RAIN,DAYLIGHT,NOT DIVIDED,WET,NO DEFECTS,9,5,8
Tata Harrier,NO CONTROLS,CLOUDY/OVERCAST,DAYLIGHT,FOUR WAY,"SAND, MUD, DIRT",NO DEFECTS,6,3,11
Mahindra Scorpio,NO CONTROLS,CLEAR,DARKNESS,PARKING LOT,DRY,"RUT, HOLES",19,4,1
Hyundai i20,NO CONTROLS,CLOUDY/OVERCAST,DAYLIGHT,NOT DIVIDED,"SAND, MUD, DIRT",NO DEFECTS,12,6,1
Volkswagen Virtus,STOP SIGN/FLASHER,FOG/SMOKE/HAZE,DAYLIGHT,FOUR WAY,"SAND, MUD, DIRT",NO DEFECTS,7,2,11
Mahindra XUV700,STOP SIGN/FLASHER,RAIN,DARKNESS,NOT DIVIDED,WET,WORN SURFACE,23,6,4
Hyundai i20,TRAFFIC SIGNAL,OTHER,"DARKNESS, LIGHTED ROAD",RAMP,DRY,"RUT, HOLES",21,6,9
Renault Kiger,LANE USE MARKING,RAIN,DARKNESS,NOT DIVIDED,WET,NO DEFECTS,22,7,8
Maruti Suzuki Wagon R,NO CONTROLS,CLOUDY/OVERCAST,DAYLIGHT,NOT DIVIDED,DRY,NO DEFECTS,7,1,10
Nissan Magnite,NO CONTROLS,CLOUDY/OVERCAST,DARKNESS,NOT DIVIDED,WET,"RUT, HOLES",20,1,2
Skoda Slavia,NO CONTROLS,FREEZING RAIN/DRIZZLE,DAYLIGHT,NOT DIVIDED,WET,WORN SURFACE,10,7,2
Maruti Suzuki Brezza,NO CONTROLS,CLOUDY/OVERCAST,DARKNESS,TRAFFIC ROUTE,DRY,NO DEFECTS,0,1,8
Toyota Fortuner,LANE USE MARKING,FOG/SMOKE/HAZE,DAYLIGHT,DIVIDED - W/MEDIAN (NOT RAISED),DRY,NO DEFECTS,8,4,12
Tata Nexon,RAILROAD CROSSING GATE,CLEAR,DAYLIGHT,T-INTERSECTION,"SAND, MUD, DIRT",NO DEFECTS,14,2,7
Hyundai i20,NO CONTROLS,RAIN,DUSK,FOUR WAY,WET,OTHER,6,6,6
Skoda Slavia,NO CONTROLS,CLEAR,DAYLIGHT,NOT DIVIDED,UNKNOWN,"RUT, HOLES",15,1,8
Maruti Suzuki Brezza,TRAFFIC SIGNAL,CLEAR,DARKNESS,NOT DIVIDED,DRY,NO DEFECTS,19,1,12
Hyundai Creta,NO CONTROLS,CLEAR,DAYLIGHT,FOUR WAY,DRY,"RUT, HOLES",12,4,11
Tata Nexon,STOP SIGN/FLASHER,CLOUDY/OVERCAST,DAYLIGHT,ONE-WAY,"SAND, MUD, DIRT",WORN SURFACE,11,2,12
Toyota Innova,TRAFFIC SIGNAL,CLEAR,"DARKNESS, LIGHTED ROAD",FOUR WAY,DRY,NO DEFECTS,11,5,1
Tata Altroz,TRAFFIC SIGNAL,CLEAR,"DARKNESS, LIGHTED ROAD",DIVIDED - W/MEDIAN (NOT RAISED),WET,"RUT, HOLES",21,6,2
Toyota Innova,TRAFFIC SIGNAL,CLOUDY/OVERCAST,DARKNESS,T-INTERSECTION,DRY,SHOULDER DEFECT,2,5,8
Hyundai i20,NO CONTROLS,CLOUDY/OVERCAST,DAYLIGHT,NOT DIVIDED,"SAND, MUD, DIRT",NO DEFECTS,13,6,10
Maruti Suzuki Brezza,NO CONTROLS,CLEAR,DAYLIGHT,T-INTERSECTION,OTHER,DEBRIS ON ROADWAY,9,6,5
Mahindra XUV700,UNKNOWN,CLEAR,"DARKNESS, LIGHTED ROAD",NOT DIVIDED,DRY,"RUT, HOLES",20,2,4
Toyota Fortuner,NO CONTROLS,CLEAR,DARKNESS,FOUR WAY,DRY,"RUT, HOLES",5,1,10
Mahindra XUV700,STOP SIGN/FLASHER,CLOUDY/OVERCAST,DAYLIGHT,NOT DIVIDED,WET,OTHER,12,6,1
Kia Seltos,NO CONTROLS,OTHER,DAYLIGHT,NOT DIVIDED,OTHER,NO DEFECTS,12,6,6
Renault Kiger,NO CONTROLS,RAIN,DARKNESS,NOT DIVIDED,WET,WORN SURFACE,20,7,7
Nissan Magnite,NO CONTROLS,RAIN,DAYLIGHT,ONE-WAY,OTHER,WORN SURFACE,8,2,8
Tata Altroz,NO CONTROLS,CLEAR,DAYLIGHT,NOT DIVIDED,DRY,"RUT, HOLES",16,2,9
Honda City,YIELD,RAIN,DAYLIGHT,NOT DIVIDED,OTHER,NO DEFECTS,6,5,6
Honda Amaze,NO CONTROLS,RAIN,"DARKNESS, LIGHTED ROAD",ONE-WAY,WET,"RUT, HOLES",22,2,8
Kia Sonet,TRAFFIC SIGNAL,SLEET/HAIL,DAYLIGHT,NOT DIVIDED,WET,NO DEFECTS,16,3,8
Honda City,LANE USE MARKING,RAIN,DAYLIGHT,NOT DIVIDED,WET,"RUT, HOLES",16,6,8
Tata Punch,UNKNOWN,UNKNOWN,DAYLIGHT,NOT DIVIDED,WET,WORN SURFACE,13,3,8
Kia Sonet,STOP SIGN/FLASHER,FOG/SMOKE/HAZE,DAYLIGHT,NOT DIVIDED,DRY,"RUT, HOLES",7,1,5
Maruti Suzuki Wagon R,NO CONTROLS,CLOUDY/OVERCAST,DAYLIGHT,DIVIDED - W/MEDIAN (NOT RAISED),OTHER,"RUT, HOLES",8,5,1
Tata Harrier,NO CONTROLS,CLEAR,DAYLIGHT,NOT DIVIDED,OTHER,NO DEFECTS,16,2,2
Maruti Suzuki Swift,TRAFFIC SIGNAL,RAIN,DARKNESS,ALLEY,DRY,NO DEFECTS,22,2,4
Tata Nexon,FLASHING CONTROL SIGNAL,RAIN,DAYLIGHT,NOT DIVIDED,WET,SHOULDER DEFECT,11,1,7
Kia Seltos,NO CONTROLS,SLEET/HAIL,DARKNESS,NOT DIVIDED,WET,NO DEFECTS,20,5,11
Honda City,TRAFFIC SIGNAL,RAIN,DAYLIGHT,T-INTERSECTION,WET,NO DEFECTS,7,5,9
Hyundai Verna,NO CONTROLS,CLEAR,"DARKNESS, LIGHTED ROAD",ALLEY,"SAND, MUD, DIRT",DEBRIS ON ROADWAY,21,1,10
Tata Altroz,NO CONTROLS,CLEAR,DAYLIGHT,NOT DIVIDED,DRY,"RUT, HOLES",11,1,6
Kia Sonet,STOP SIGN/FLASHER,CLOUDY/OVERCAST,DAYLIGHT,FOUR WAY,WET,WORN SURFACE,12,4,6
Toyota Fortuner,NO CONTROLS,CLOUDY/OVERCAST,DAYLIGHT,FOUR WAY,DRY,NO DEFECTS,13,6,6
Renault Kiger,TRAFFIC SIGNAL,CLEAR,DAYLIGHT,NOT DIVIDED,WET,NO DEFECTS,17,7,3
Volkswagen Virtus,NO CONTROLS,FOG/SMOKE/HAZE,DAYLIGHT,T-INTERSECTION,DRY,"RUT, HOLES",17,1,1
Honda Amaze,NO CONTROLS,RAIN,DAYLIGHT,NOT DIVIDED,WET,"RUT, HOLES",14,6,8
Tata Punch,STOP SIGN/FLASHER,CLEAR,DAYLIGHT,ONE-WAY,DRY,OTHER,15,2,12
Skoda Slavia,NO CONTROLS,CLEAR,DARKNESS,Y-INTERSECTION,DRY,"RUT, HOLES",1,1,3
Tata Harrier,TRAFFIC SIGNAL,CLEAR,UNKNOWN,NOT DIVIDED,OTHER,NO DEFECTS,10,3,1
Maruti Suzuki Swift,STOP SIGN/FLASHER,CLEAR,DAYLIGHT,NOT DIVIDED,DRY,NO DEFECTS,11,5,10
Kia Sonet,LANE USE MARKING,UNKNOWN,DAYLIGHT,T-INTERSECTION,UNKNOWN,NO DEFECTS,15,5,5
Kia Seltos,NO CONTROLS,CLEAR,"DARKNESS, LIGHTED ROAD",NOT DIVIDED,DRY,NO DEFECTS,15,1,10
Hyundai i20,TRAFFIC SIGNAL,CLEAR,DAYLIGHT,NOT DIVIDED,DRY,"RUT, HOLES",17,7,9
Honda City,NO CONTROLS,BLOWING SNOW,DAYLIGHT,NOT DIVIDED,SNOW OR SLUSH,NO DEFECTS,17,1,12
Tata Altroz,NO CONTROLS,RAIN,DAYLIGHT,NOT DIVIDED,UNKNOWN,NO DEFECTS,8,2,6
Volkswagen Virtus,NO CONTROLS,RAIN,DARKNESS,T-INTERSECTION,UNKNOWN,OTHER,18,4,8
Maruti Suzuki Wagon R,NO CONTROLS,RAIN,"DARKNESS, LIGHTED ROAD",NOT DIVIDED,WET,"RUT, HOLES",0,7,7
Tata Altroz,STOP SIGN/FLASHER,CLOUDY/OVERCAST,DAYLIGHT,FOUR WAY,DRY,NO DEFECTS,17,7,8
Maruti Suzuki Baleno,NO CONTROLS,RAIN,DARKNESS,DIVIDED - W/MEDIAN (NOT RAISED),DRY,NO DEFECTS,5,1,7
Mahindra Scorpio,TRAFFIC SIGNAL,UNKNOWN,DUSK,T-INTERSECTION,"SAND, MUD, DIRT",WORN SURFACE,18,2,3
Hyundai i20,OTHER,RAIN,DAYLIGHT,T-INTERSECTION,WET,DEBRIS ON ROADWAY,15,4,7
Tata Altroz,NO CONTROLS,RAIN,DAYLIGHT,NOT DIVIDED,"SAND, MUD, DIRT",WORN SURFACE,13,6,7
Hyundai i20,TRAFFIC SIGNAL,UNKNOWN,DAYLIGHT,NOT DIVIDED,DRY,"RUT, HOLES",17,5,10
Honda City,NO CONTROLS,RAIN,DARKNESS,NOT DIVIDED,WET,WORN SURFACE,1,2,9
Volkswagen Virtus,TRAFFIC SIGNAL,RAIN,DAYLIGHT,NOT DIVIDED,DRY,DEBRIS ON ROADWAY,8,2,9
Tata Altroz,STOP SIGN/FLASHER,FREEZING RAIN/DRIZZLE,DAYLIGHT,TRAFFIC ROUTE,WET,NO DEFECTS,16,1,2
Nissan Magnite,NO CONTROLS,CLOUDY/OVERCAST,DARKNESS,"FIVE POINT, OR MORE","SAND, MUD, DIRT",SHOULDER DEFECT,19,7,9
Maruti Suzuki Brezza,STOP SIGN/FLASHER,RAIN,DUSK,NOT DIVIDED,OTHER,SHOULDER DEFECT,12,3,7
Honda Amaze,STOP SIGN/FLASHER,FOG/SMOKE/HAZE,DAYLIGHT,NOT DIVIDED,"SAND, MUD, DIRT",NO DEFECTS,7,7,11
Tata Altroz,TRAFFIC SIGNAL,CLEAR,"DARKNESS, LIGHTED ROAD",NOT DIVIDED,DRY,NO DEFECTS,14,3,12
Toyota Fortuner,STOP SIGN/FLASHER,FOG/SMOKE/HAZE,DAYLIGHT,ALLEY,DRY,"RUT, HOLES",13,6,1
Toyota Fortuner,TRAFFIC SIGNAL,CLEAR,DAYLIGHT,NOT DIVIDED,DRY,NO DEFECTS,13,1,10
Mahindra XUV700,NO CONTROLS,CLEAR,"DARKNESS, LIGHTED ROAD",FOUR WAY,DRY,NO DEFECTS,20,6,1
Mahindra Scorpio,NO CONTROLS,OTHER,DAYLIGHT,NOT DIVIDED,OTHER,OTHER,15,7,6
Tata Nexon,STOP SIGN/FLASHER,CLOUDY/OVERCAST,"DARKNESS, LIGHTED ROAD",DIVIDED - W/MEDIAN BARRIER,DRY,"RUT, HOLES",1,3,8
Nissan Magnite,STOP SIGN/FLASHER,UNKNOWN,DAYLIGHT,ALLEY,"SAND, MUD, DIRT","RUT, HOLES",8,2,2
Mahindra Thar,NO CONTROLS,RAIN,DAYLIGHT,FOUR WAY,WET,NO DEFECTS,13,2,9
Tata Harrier,NO CONTROLS,FOG/SMOKE/HAZE,DUSK,FOUR WAY,DRY,"RUT, HOLES",16,7,1
Tata Punch,NO CONTROLS,CLEAR,DAYLIGHT,NOT DIVIDED,DRY,WORN SURFACE,8,3,3
Tata Altroz,NO CONTROLS,CLOUDY/OVERCAST,"DARKNESS, LIGHTED ROAD",T-INTERSECTION,DRY,NO DEFECTS,23,2,8
Volkswagen Virtus,NO CONTROLS,RAIN,DAYLIGHT,NOT DIVIDED,WET,NO DEFECTS,10,7,9
Hyundai Venue,STOP SIGN/FLASHER,FOG/SMOKE/HAZE,DAYLIGHT,T-INTERSECTION,WET,NO DEFECTS,9,6,12
Tata Nexon,STOP SIGN/FLASHER,CLEAR,DARKNESS,UNKNOWN,"SAND, MUD, DIRT",NO DEFECTS,0,6,9
Tata Nexon,NO CONTROLS,SLEET/HAIL,"DARKNESS, LIGHTED ROAD",DIVIDED - W/MEDIAN BARRIER,WET,SHOULDER DEFECT,20,6,9
Nissan Magnite,TRAFFIC SIGNAL,RAIN,"DARKNESS, LIGHTED ROAD",DIVIDED - W/MEDIAN (NOT RAISED),WET,NO DEFECTS,18,3,6
Tata Altroz,TRAFFIC SIGNAL,CLEAR,DAYLIGHT,NOT REPORTED,WET,NO DEFECTS,8,7,1
Volkswagen Virtus,TRAFFIC SIGNAL,CLEAR,"DARKNESS, LIGHTED ROAD",FOUR WAY,"SAND, MUD, DIRT","RUT, HOLES",21,5,2
Nissan Magnite,NO CONTROLS,CLOUDY/OVERCAST,DAYLIGHT,NOT DIVIDED,DRY,"RUT, HOLES",10,5,7
Maruti Suzuki Swift,TRAFFIC SIGNAL,RAIN,DAYLIGHT,T-INTERSECTION,WET,NO DEFECTS,17,3,9
Tata Punch,NO CONTROLS,RAIN,DARKNESS,DIVIDED - W/MEDIAN BARRIER,WET,"RUT, HOLES",19,7,7
Mahindra Scorpio,NO CONTROLS,OTHER,DARKNESS,NOT DIVIDED,DRY,NO DEFECTS,18,7,9
Skoda Slavia,NO CONTROLS,RAIN,DUSK,T-INTERSECTION,WET,NO DEFECTS,21,2,7
Hyundai i20,NO CONTROLS,FOG/SMOKE/HAZE,DARKNESS,CENTER TURN LANE,DRY,NO DEFECTS,19,2,1
Kia Seltos,NO CONTROLS,CLEAR,DARKNESS,NOT DIVIDED,OTHER,NO DEFECTS,23,6,3
Tata Harrier,STOP SIGN/FLASHER,FOG/SMOKE/HAZE,DAWN,FOUR WAY,DRY,NO DEFECTS,6,1,11
Mahindra Thar,TRAFFIC SIGNAL,RAIN,DAYLIGHT,NOT DIVIDED,DRY,"RUT, HOLES",10,3,9
Skoda Slavia,NO CONTROLS,FOG/SMOKE/HAZE,UNKNOWN,ONE-WAY,DRY,NO DEFECTS,14,5,11
Kia Sonet,NO CONTROLS,OTHER,"DARKNESS, LIGHTED ROAD",FOUR WAY,OTHER,NO DEFECTS,18,2,2
Tata Punch,TRAFFIC SIGNAL,FOG/SMOKE/HAZE,DAYLIGHT,NOT DIVIDED,"SAND, MUD, DIRT",WORN SURFACE,9,7,12
Volkswagen Virtus,NO CONTROLS,CLEAR,DARKNESS,NOT DIVIDED,"SAND, MUD, DIRT",NO DEFECTS,3,7,4
Maruti Suzuki Wagon R,TRAFFIC SIGNAL,OTHER,DARKNESS,UNKNOWN INTERSECTION TYPE,WET,NO DEFECTS,19,7,1
Renault Kiger,NO CONTROLS,CLEAR,DARKNESS,DIVIDED - W/MEDIAN (NOT RAISED),"SAND, MUD, DIRT",NO DEFECTS,22,2,12
Toyota Innova,NO CONTROLS,CLEAR,DAYLIGHT,ONE-WAY,DRY,WORN SURFACE,12,1,5
Mahindra XUV700,TRAFFIC SIGNAL,RAIN,DAYLIGHT,NOT DIVIDED,WET,NO DEFECTS,8,5,9
Tata Punch,YIELD,CLEAR,"DARKNESS, LIGHTED ROAD",OTHER,OTHER,"RUT, HOLES",0,6,3
Hyundai i20,TRAFFIC SIGNAL,CLEAR,DAYLIGHT,NOT DIVIDED,WET,NO DEFECTS,8,3,8
Maruti Suzuki Wagon R,STOP SIGN/FLASHER,RAIN,UNKNOWN,NOT DIVIDED,WET,WORN SURFACE,17,2,11
Volkswagen Virtus,TRAFFIC SIGNAL,RAIN,DARKNESS,NOT DIVIDED,"SAND, MUD, DIRT",WORN SURFACE,21,4,6
Tata Punch,STOP SIGN/FLASHER,FOG/SMOKE/HAZE,"DARKNESS, LIGHTED ROAD",NOT DIVIDED,DRY,WORN SURFACE,5,4,9
Honda Amaze,TRAFFIC SIGNAL,CLEAR,DAYLIGHT,NOT DIVIDED,DRY,NO DEFECTS,15,4,3
Renault Kiger,TRAFFIC SIGNAL,RAIN,DAYLIGHT,NOT DIVIDED,WET,"RUT, HOLES",17,4,8
Renault Kiger,OTHER REG. SIGN,RAIN,DAYLIGHT,NOT DIVIDED,WET,"RUT, HOLES",9,6,6
Tata Harrier,NO CONTROLS,CLEAR,DUSK,NOT DIVIDED,DRY,NO DEFECTS,15,5,4
Toyota Fortuner,NO CONTROLS,CLEAR,DAYLIGHT,NOT DIVIDED,DRY,SHOULDER DEFECT,17,4,6
Tata Altroz,NO CONTROLS,RAIN,DARKNESS,Y-INTERSECTION,OTHER,UNKNOWN,19,6,3
Tata Nexon,TRAFFIC SIGNAL,CLEAR,DAWN,DIVIDED - W/MEDIAN (NOT RAISED),OTHER,NO DEFECTS,13,3,11
Hyundai Venue,TRAFFIC SIGNAL,RAIN,DAYLIGHT,"FIVE POINT, OR MORE",WET,WORN SURFACE,18,7,6
Hyundai Creta,NO CONTROLS,CLEAR,DAYLIGHT,NOT DIVIDED,DRY,"RUT, HOLES",10,3,4
Maruti Suzuki Wagon R,STOP SIGN/FLASHER,CLOUDY/OVERCAST,DAYLIGHT,NOT DIVIDED,DRY,"RUT, HOLES",8,3,7
Toyota Innova,STOP SIGN/FLASHER,RAIN,DAYLIGHT,NOT DIVIDED,"SAND, MUD, DIRT",NO DEFECTS,7,5,6
Maruti Suzuki Swift,TRAFFIC SIGNAL,RAIN,DAYLIGHT,NOT DIVIDED,"SAND, MUD, DIRT",NO DEFECTS,11,3,9
Mahindra XUV700,NO CONTROLS,UNKNOWN,DARKNESS,ONE-WAY,DRY,DEBRIS ON ROADWAY,1,3,12
Tata Altroz,PEDESTRIAN CROSSING SIGN,RAIN,DAYLIGHT,NOT DIVIDED,"SAND, MUD, DIRT",WORN SURFACE,9,1,7
Honda City,NO CONTROLS,CLEAR,DAYLIGHT,NOT DIVIDED,WET,"RUT, HOLES",17,5,11
Honda City,OTHER REG. SIGN,FOG/SMOKE/HAZE,DAYLIGHT,NOT DIVIDED,DRY,WORN SURFACE,14,7,8
Maruti Suzuki Brezza,NO CONTROLS,FOG/SMOKE/HAZE,DARKNESS,UNKNOWN,DRY,WORN SURFACE,5,6,3
Maruti Suzuki Brezza,NO CONTROLS,CLOUDY/OVERCAST,DAYLIGHT,ALLEY,DRY,NO DEFECTS,9,5,9
Hyundai i20,STOP SIGN/FLASHER,CLEAR,DAYLIGHT,NOT DIVIDED,DRY,NO DEFECTS,15,6,7
Honda Amaze,TRAFFIC SIGNAL,RAIN,UNKNOWN,DIVIDED - W/MEDIAN (NOT RAISED),WET,SHOULDER DEFECT,10,7,8
Hyundai Creta,NO CONTROLS,CLEAR,DAYLIGHT,NOT DIVIDED,DRY,WORN SURFACE,12,3,11
Mahindra Thar,NO CONTROLS,CLOUDY/OVERCAST,DAYLIGHT,NOT DIVIDED,DRY,UNKNOWN,17,4,7
Hyundai Creta,UNKNOWN,CLEAR,DARKNESS,DIVIDED - W/MEDIAN (NOT RAISED),DRY,NO DEFECTS,0,3,11
Maruti Suzuki Swift,YIELD,RAIN,DAYLIGHT,NOT DIVIDED,WET,"RUT, HOLES",9,1,9
Kia Seltos,NO CONTROLS,UNKNOWN,DAYLIGHT,NOT DIVIDED,UNKNOWN,WORN SURFACE,7,3,7
Maruti Suzuki Swift,STOP SIGN/FLASHER,CLEAR,DARKNESS,NOT DIVIDED,"SAND, MUD, DIRT","RUT, HOLES",6,1,8
Kia Sonet,NO CONTROLS,CLEAR,DAYLIGHT,FOUR WAY,WET,WORN SURFACE,22,7,6
Tata Punch,STOP SIGN/FLASHER,CLOUDY/OVERCAST,DAYLIGHT,NOT DIVIDED,"SAND, MUD, DIRT",NO DEFECTS,12,6,12
Tata Punch,NO CONTROLS,RAIN,DAYLIGHT,FOUR WAY,WET,NO DEFECTS,15,3,9
Nissan Magnite,NO CONTROLS,CLEAR,"DARKNESS, LIGHTED ROAD",T-INTERSECTION,DRY,NO DEFECTS,18,3,1
Tata Punch,TRAFFIC SIGNAL,RAIN,DARKNESS,DIVIDED - W/MEDIAN (NOT RAISED),WET,NO DEFECTS,2,5,6
Kia Sonet,NO CONTROLS,RAIN,DAYLIGHT,NOT DIVIDED,WET,NO DEFECTS,8,6,8
Honda City,NO CONTROLS,FOG/SMOKE/HAZE,DARKNESS,NOT DIVIDED,WET,SHOULDER DEFECT,19,6,1
Toyota Fortuner,PEDESTRIAN CROSSING SIGN,FOG/SMOKE/HAZE,DARKNESS,NOT DIVIDED,DRY,NO DEFECTS,19,1,1
Maruti Suzuki Brezza,TRAFFIC SIGNAL,FOG/SMOKE/HAZE,DAYLIGHT,NOT DIVIDED,"SAND, MUD, DIRT","RUT, HOLES",7,6,7
Tata Harrier,NO CONTROLS,RAIN,DAYLIGHT,ONE-WAY,WET,OTHER,12,7,6
Tata Harrier,NO CONTROLS,RAIN,DUSK,FOUR WAY,WET,"RUT, HOLES",18,1,7
Hyundai Venue,TRAFFIC SIGNAL,CLOUDY/OVERCAST,DAYLIGHT,NOT DIVIDED,OTHER,NO DEFECTS,10,6,5
Nissan Magnite,TRAFFIC SIGNAL,UNKNOWN,DUSK,T-INTERSECTION,DRY,NO DEFECTS,6,2,3
Hyundai i20,YIELD,RAIN,DAYLIGHT,DIVIDED - W/MEDIAN (NOT RAISED),WET,"RUT, HOLES",9,2,9
Kia Sonet,STOP SIGN/FLASHER,RAIN,DAYLIGHT,NOT DIVIDED,WET,NO DEFECTS,12,5,7
Tata Punch,STOP SIGN/FLASHER,CLEAR,DAWN,T-INTERSECTION,DRY,OTHER,2,5,3
Toyota Fortuner,TRAFFIC SIGNAL,RAIN,DAYLIGHT,DIVIDED - W/MEDIAN BARRIER,WET,"RUT, HOLES",14,4,6
Volkswagen Virtus,NO CONTROLS,OTHER,DAYLIGHT,NOT DIVIDED,WET,WORN SURFACE,18,7,8
Kia Sonet,TRAFFIC SIGNAL,CLEAR,DAYLIGHT,FOUR WAY,DRY,"RUT, HOLES",14,2,1
Kia Sonet,NO CONTROLS,CLOUDY/OVERCAST,DARKNESS,NOT DIVIDED,"SAND, MUD, DIRT",OTHER,3,5,2
Mahindra Thar,STOP SIGN/FLASHER,CLEAR,DAYLIGHT,NOT DIVIDED,WET,"RUT, HOLES",13,4,1
Mahindra XUV700,STOP SIGN/FLASHER,CLEAR,DAYLIGHT,OTHER,DRY,"RUT, HOLES",17,7,10
Honda Amaze,NO CONTROLS,CLOUDY/OVERCAST,DARKNESS,DIVIDED - W/MEDIAN BARRIER,DRY,SHOULDER DEFECT,2,2,9
Mahindra XUV700,NO CONTROLS,OTHER,UNKNOWN,NOT DIVIDED,WET,SHOULDER DEFECT,2,1,9
Tata Punch,TRAFFIC SIGNAL,CLEAR,DAYLIGHT,DIVIDED - W/MEDIAN (NOT RAISED),WET,NO DEFECTS,11,7,9
Tata Harrier,NO CONTROLS,RAIN,DAYLIGHT,DIVIDED - W/MEDIAN (NOT RAISED),WET,NO DEFECTS,8,5,9
Honda City,NO CONTROLS,RAIN,DARKNESS,NOT DIVIDED,WET,NO DEFECTS,21,7,7
Tata Harrier,STOP SIGN/FLASHER,RAIN,DAYLIGHT,NOT DIVIDED,WET,NO DEFECTS,16,4,8
Toyota Innova,LANE USE MARKING,FOG/SMOKE/HAZE,"DARKNESS, LIGHTED ROAD",OTHER,DRY,SHOULDER DEFECT,7,5,1
Mahindra Scorpio,NO CONTROLS,FOG/SMOKE/HAZE,DAYLIGHT,Y-INTERSECTION,DRY,NO DEFECTS,16,6,8
Maruti Suzuki Wagon R,STOP SIGN/FLASHER,CLEAR,DAYLIGHT,T-INTERSECTION,UNKNOWN,NO DEFECTS,12,7,10
Mahindra XUV700,NO CONTROLS,RAIN,DAWN,NOT DIVIDED,DRY,NO DEFECTS,6,1,7
Hyundai Creta,TRAFFIC SIGNAL,RAIN,UNKNOWN,CENTER TURN LANE,DRY,UNKNOWN,8,1,6
Maruti Suzuki Baleno,UNKNOWN,RAIN,DAYLIGHT,NOT REPORTED,WET,WORN SURFACE,16,5,5
Mahindra Scorpio,NO CONTROLS,RAIN,DARKNESS,ONE-WAY,WET,"RUT, HOLES",2,1,8
Honda City,UNKNOWN,RAIN,DAYLIGHT,NOT DIVIDED,WET,WORN SURFACE,9,6,9
Maruti Suzuki Wagon R,YIELD,FOG/SMOKE/HAZE,DAWN,NOT DIVIDED,DRY,WORN SURFACE,6,7,11
Tata Nexon,STOP SIGN/FLASHER,RAIN,DAYLIGHT,Y-INTERSECTION,WET,"RUT, HOLES",8,6,6
Hyundai i20,TRAFFIC SIGNAL,CLOUDY/OVERCAST,DAYLIGHT,NOT DIVIDED,DRY,NO DEFECTS,17,3,10
Maruti Suzuki Wagon R,YIELD,RAIN,DARKNESS,NOT DIVIDED,WET,WORN SURFACE,19,6,8
Tata Harrier,TRAFFIC SIGNAL,CLEAR,DARKNESS,DIVIDED - W/MEDIAN BARRIER,"SAND, MUD, DIRT","RUT, HOLES",17,5,11
Maruti Suzuki Wagon R,NO CONTROLS,CLEAR,DAYLIGHT,NOT DIVIDED,DRY,WORN SURFACE,16,1,7
Toyota Fortuner,TRAFFIC SIGNAL,CLEAR,"DARKNESS, LIGHTED ROAD",CENTER TURN LANE,DRY,"RUT, HOLES",21,5,7
Tata Altroz,NO CONTROLS,RAIN,DARKNESS,FOUR WAY,DRY,OTHER,2,7,8
Volkswagen Virtus,YIELD,RAIN,"DARKNESS, LIGHTED ROAD",DIVIDED - W/MEDIAN (NOT RAISED),DRY,"RUT, HOLES",7,3,9
Toyota Fortuner,NO CONTROLS,RAIN,DAYLIGHT,ONE-WAY,WET,"RUT, HOLES",12,5,12
Maruti Suzuki Swift,STOP SIGN/FLASHER,FOG/SMOKE/HAZE,DAYLIGHT,NOT DIVIDED,DRY,SHOULDER DEFECT,7,1,1
Tata Harrier,TRAFFIC SIGNAL,FOG/SMOKE/HAZE,DARKNESS,T-INTERSECTION,"SAND, MUD, DIRT",NO DEFECTS,8,6,1
Maruti Suzuki Wagon R,STOP SIGN/FLASHER,RAIN,DARKNESS,FOUR WAY,WET,NO DEFECTS,8,2,12
Tata Altroz,TRAFFIC SIGNAL,OTHER,DAYLIGHT,DIVIDED - W/MEDIAN (NOT RAISED),"SAND, MUD, DIRT","RUT, HOLES",7,5,7
Skoda Slavia,PEDESTRIAN CROSSING SIGN,RAIN,DARKNESS,NOT DIVIDED,WET,"RUT, HOLES",14,5,8
Hyundai i20,NO CONTROLS,OTHER,"DARKNESS, LIGHTED ROAD",DIVIDED - W/MEDIAN BARRIER,DRY,NO DEFECTS,21,5,7
Honda City,NO CONTROLS,CLEAR,DAYLIGHT,NOT DIVIDED,DRY,WORN SURFACE,12,2,1
Toyota Innova,TRAFFIC SIGNAL,RAIN,DARKNESS,NOT DIVIDED,WET,WORN SURFACE,1,5,9
Nissan Magnite,STOP SIGN/FLASHER,CLOUDY/OVERCAST,DAYLIGHT,NOT DIVIDED,UNKNOWN,"RUT, HOLES",17,5,9
Maruti Suzuki Wagon R,NO CONTROLS,CLOUDY/OVERCAST,DAYLIGHT,UNKNOWN,DRY,"RUT, HOLES",10,4,6
Mahindra Scorpio,TRAFFIC SIGNAL,RAIN,DAYLIGHT,NOT DIVIDED,WET,NO DEFECTS,9,5,5
Hyundai Verna,TRAFFIC SIGNAL,FOG/SMOKE/HAZE,DAYLIGHT,ONE-WAY,DRY,DEBRIS ON ROADWAY,7,2,11
Maruti Suzuki Baleno,NO CONTROLS,RAIN,DARKNESS,NOT DIVIDED,"SAND, MUD, DIRT",WORN SURFACE,18,4,1
Nissan Magnite,TRAFFIC SIGNAL,CLEAR,"DARKNESS, LIGHTED ROAD",NOT DIVIDED,"SAND, MUD, DIRT","RUT, HOLES",19,6,11
Kia Sonet,TRAFFIC SIGNAL,RAIN,DAYLIGHT,NOT DIVIDED,WET,"RUT, HOLES",16,3,5
Maruti Suzuki Wagon R,NO CONTROLS,CLOUDY/OVERCAST,DARKNESS,OTHER,OTHER,NO DEFECTS,10,4,8
Volkswagen Virtus,OTHER REG. SIGN,CLEAR,DAYLIGHT,T-INTERSECTION,WET,NO DEFECTS,10,2,12
Maruti Suzuki Baleno,NO CONTROLS,OTHER,DAYLIGHT,Y-INTERSECTION,DRY,NO DEFECTS,6,5,9
Hyundai i20,TRAFFIC SIGNAL,RAIN,"DARKNESS, LIGHTED ROAD",NOT DIVIDED,WET,NO DEFECTS,21,1,7
Maruti Suzuki Wagon R,NO CONTROLS,RAIN,"DARKNESS, LIGHTED ROAD",TRAFFIC ROUTE,WET,"RUT, HOLES",16,4,9
Tata Altroz,NO CONTROLS,RAIN,DARKNESS,NOT DIVIDED,"SAND, MUD, DIRT","RUT, HOLES",0,2,6
Maruti Suzuki Brezza,NO CONTROLS,CLEAR,"DARKNESS, LIGHTED ROAD",T-INTERSECTION,DRY,NO DEFECTS,17,2,5
Hyundai Venue,NO CONTROLS,FREEZING RAIN/DRIZZLE,DAYLIGHT,NOT DIVIDED,"SAND, MUD, DIRT","RUT, HOLES",13,1,12
Mahindra Thar,TRAFFIC SIGNAL,CLEAR,DARKNESS,OTHER,"SAND, MUD, DIRT",NO DEFECTS,22,3,9
Tata Punch,STOP SIGN/FLASHER,RAIN,"DARKNESS, LIGHTED ROAD",OTHER,WET,WORN SURFACE,19,7,8
Hyundai Verna,STOP SIGN/FLASHER,CLEAR,DAYLIGHT,DIVIDED - W/MEDIAN (NOT RAISED),DRY,NO DEFECTS,7,5,6
Renault Kiger,LANE USE MARKING,OTHER,DAYLIGHT,NOT DIVIDED,UNKNOWN,"RUT, HOLES",17,6,1
Volkswagen Virtus,NO CONTROLS,FOG/SMOKE/HAZE,DAYLIGHT,ONE-WAY,DRY,"RUT, HOLES",8,1,1
Hyundai i20,YIELD,RAIN,DAYLIGHT,Y-INTERSECTION,OTHER,NO DEFECTS,7,3,8
Hyundai Venue,NO CONTROLS,RAIN,DAYLIGHT,T-INTERSECTION,WET,"RUT, HOLES",17,3,9
Maruti Suzuki Baleno,NO CONTROLS,CLEAR,DAYLIGHT,CENTER TURN LANE,UNKNOWN,WORN SURFACE,15,7,7
Hyundai Venue,TRAFFIC SIGNAL,FOG/SMOKE/HAZE,"DARKNESS, LIGHTED ROAD",FOUR WAY,"SAND, MUD, DIRT",NO DEFECTS,3,5,11
Tata Altroz,OTHER,FOG/SMOKE/HAZE,DAYLIGHT,FOUR WAY,OTHER,NO DEFECTS,14,4,1
Hyundai Venue,NO CONTROLS,RAIN,DAYLIGHT,DIVIDED - W/MEDIAN (NOT RAISED),WET,NO DEFECTS,16,3,6
Hyundai Creta,TRAFFIC SIGNAL,CLOUDY/OVERCAST,DAYLIGHT,NOT DIVIDED,DRY,"RUT, HOLES",7,6,4
Maruti Suzuki Brezza,NO CONTROLS,RAIN,DAYLIGHT,FOUR WAY,WET,WORN SURFACE,11,7,7
Renault Kiger,TRAFFIC SIGNAL,FOG/SMOKE/HAZE,DAYLIGHT,DIVIDED - W/MEDIAN (NOT RAISED),DRY,"RUT, HOLES",11,5,1
Hyundai Creta,TRAFFIC SIGNAL,FOG/SMOKE/HAZE,DAYLIGHT,T-INTERSECTION,DRY,NO DEFECTS,6,1,12
Hyundai Venue,STOP SIGN/FLASHER,CLEAR,DARKNESS,UNKNOWN INTERSECTION TYPE,OTHER,"RUT, HOLES",20,3,4
Hyundai i20,LANE USE MARKING,FOG/SMOKE/HAZE,DARKNESS,NOT DIVIDED,WET,NO DEFECTS,3,6,12
Mahindra Thar,LANE USE MARKING,RAIN,DARKNESS,NOT DIVIDED,WET,SHOULDER DEFECT,5,3,7
Tata Altroz,NO CONTROLS,OTHER,DUSK,NOT DIVIDED,OTHER,DEBRIS ON ROADWAY,6,5,12
Hyundai Venue,STOP SIGN/FLASHER,RAIN,DAYLIGHT,DIVIDED - W/MEDIAN (NOT RAISED),DRY,"RUT, HOLES",15,5,8
Kia Seltos,TRAFFIC SIGNAL,RAIN,DAYLIGHT,NOT DIVIDED,OTHER,DEBRIS ON ROADWAY,16,7,12
Nissan Magnite,TRAFFIC SIGNAL,CLEAR,DAYLIGHT,T-INTERSECTION,OTHER,NO DEFECTS,12,3,1
Volkswagen Virtus,NO CONTROLS,CLOUDY/OVERCAST,DARKNESS,ONE-WAY,WET,NO DEFECTS,9,4,9
Toyota Fortuner,NO CONTROLS,CLEAR,DARKNESS,T-INTERSECTION,DRY,NO DEFECTS,19,1,11
Tata Harrier,TRAFFIC SIGNAL,CLEAR,DUSK,DIVIDED - W/MEDIAN (NOT RAISED),UNKNOWN,WORN SURFACE,3,6,2
Kia Seltos,NO CONTROLS,FOG/SMOKE/HAZE,DAYLIGHT,DIVIDED - W/MEDIAN (NOT RAISED),DRY,"RUT, HOLES",7,3,1
Tata Harrier,NO CONTROLS,CLOUDY/OVERCAST,DARKNESS,FOUR WAY,WET,NO DEFECTS,1,6,7
Skoda Slavia,NO CONTROLS,FOG/SMOKE/HAZE,DARKNESS,DIVIDED - W/MEDIAN (NOT RAISED),"SAND, MUD, DIRT",NO DEFECTS,1,1,12
Maruti Suzuki Wagon R,STOP SIGN/FLASHER,RAIN,UNKNOWN,T-INTERSECTION,WET,WORN SURFACE,11,7,8
Hyundai i20,NO CONTROLS,RAIN,DAYLIGHT,ALLEY,WET,NO DEFECTS,8,7,7
Maruti Suzuki Wagon R,STOP SIGN/FLASHER,CLOUDY/OVERCAST,DAYLIGHT,DIVIDED - W/MEDIAN (NOT RAISED),DRY,NO DEFECTS,9,4,2
Honda Amaze,STOP SIGN/FLASHER,FOG/SMOKE/HAZE,DUSK,NOT DIVIDED,DRY,NO DEFECTS,18,4,1
Hyundai Creta,TRAFFIC SIGNAL,FREEZING RAIN/DRIZZLE,DAYLIGHT,NOT DIVIDED,WET,NO DEFECTS,7,5,10
Hyundai Verna,NO CONTROLS,CLOUDY/OVERCAST,DARKNESS,NOT DIVIDED,"SAND, MUD, DIRT",NO DEFECTS,18,7,1
Tata Altroz,NO CONTROLS,RAIN,DAWN,NOT DIVIDED,WET,"RUT, HOLES",17,5,8
Kia Sonet,TRAFFIC SIGNAL,FOG/SMOKE/HAZE,DAYLIGHT,NOT DIVIDED,"SAND, MUD, DIRT","RUT, HOLES",7,1,12
Hyundai Creta,NO CONTROLS,CLEAR,DAYLIGHT,NOT DIVIDED,DRY,"RUT, HOLES",15,5,4
Toyota Fortuner,STOP SIGN/FLASHER,RAIN,DAYLIGHT,NOT DIVIDED,WET,WORN SURFACE,13,4,9
Mahindra Scorpio,LANE USE MARKING,RAIN,UNKNOWN,NOT DIVIDED,"SAND, MUD, DIRT",DEBRIS ON ROADWAY,6,6,1
Mahindra XUV700,STOP SIGN/FLASHER,UNKNOWN,DARKNESS,T-INTERSECTION,DRY,NO DEFECTS,21,3,8
Tata Punch,NO CONTROLS,CLEAR,DUSK,PARKING LOT,DRY,NO DEFECTS,15,7,3
Hyundai Venue,STOP SIGN/FLASHER,OTHER,DARKNESS,NOT DIVIDED,DRY,NO DEFECTS,20,6,9
Kia Sonet,STOP SIGN/FLASHER,CLEAR,"DARKNESS, LIGHTED ROAD",NOT DIVIDED,DRY,"RUT, HOLES",19,3,5
Tata Altroz,TRAFFIC SIGNAL,RAIN,DARKNESS,NOT DIVIDED,WET,NO DEFECTS,4,3,7
Maruti Suzuki Baleno,NO CONTROLS,RAIN,DAWN,NOT DIVIDED,WET,WORN SURFACE,8,4,8
Mahindra Thar,NO CONTROLS,CLEAR,DAYLIGHT,NOT DIVIDED,DRY,"RUT, HOLES",7,1,3
Hyundai i20,NO CONTROLS,UNKNOWN,"DARKNESS, LIGHTED ROAD",NOT DIVIDED,DRY,WORN SURFACE,19,6,9
Renault Kiger,TRAFFIC SIGNAL,RAIN,DARKNESS,CENTER TURN LANE,"SAND, MUD, DIRT",NO DEFECTS,20,5,5
Hyundai i20,TRAFFIC SIGNAL,RAIN,DAYLIGHT,FOUR WAY,WET,NO DEFECTS,15,3,8
Tata Nexon,STOP SIGN/FLASHER,RAIN,DARKNESS,NOT DIVIDED,OTHER,WORN SURFACE,5,5,3
Tata Punch,STOP SIGN/FLASHER,RAIN,DAYLIGHT,NOT DIVIDED,WET,NO DEFECTS,6,1,9
Maruti Suzuki Wagon R,TRAFFIC SIGNAL,CLOUDY/OVERCAST,DARKNESS,FOUR WAY,"SAND, MUD, DIRT",NO DEFECTS,19,7,2
Mahindra Thar,NO CONTROLS,CLEAR,DARKNESS,T-INTERSECTION,DRY,NO DEFECTS,21,1,7
Hyundai i20,STOP SIGN/FLASHER,FOG/SMOKE/HAZE,DAYLIGHT,NOT DIVIDED,DRY,"RUT, HOLES",6,3,4
Toyota Innova,UNKNOWN,RAIN,DARKNESS,NOT DIVIDED,WET,SHOULDER DEFECT,0,7,9
Maruti Suzuki Swift,TRAFFIC SIGNAL,CLEAR,DAYLIGHT,NOT DIVIDED,DRY,NO DEFECTS,10,4,5
Hyundai Verna,NO CONTROLS,CLEAR,DARKNESS,NOT DIVIDED,OTHER,"RUT, HOLES",1,7,11
Nissan Magnite,NO CONTROLS,FOG/SMOKE/HAZE,DARKNESS,NOT DIVIDED,DRY,SHOULDER DEFECT,19,2,11
Honda Amaze,STOP SIGN/FLASHER,CLEAR,DAYLIGHT,DIVIDED - W/MEDIAN (NOT RAISED),DRY,"RUT, HOLES",14,1,3
Honda City,NO CONTROLS,RAIN,DAYLIGHT,FOUR WAY,"SAND, MUD, DIRT",NO DEFECTS,16,1,8
Maruti Suzuki Baleno,TRAFFIC SIGNAL,FOG/SMOKE/HAZE,DAYLIGHT,NOT DIVIDED,DRY,UNKNOWN,8,7,1
Honda City,TRAFFIC SIGNAL,UNKNOWN,DAYLIGHT,NOT REPORTED,DRY,NO DEFECTS,11,1,6
Tata Nexon,YIELD,CLOUDY/OVERCAST,DAYLIGHT,FOUR WAY,DRY,NO DEFECTS,8,5,9
Maruti Suzuki Brezza,STOP SIGN/FLASHER,RAIN,DAWN,ALLEY,WET,DEBRIS ON ROADWAY,18,4,8
Hyundai i20,TRAFFIC SIGNAL,RAIN,DAYLIGHT,CENTER TURN LANE,WET,NO DEFECTS,17,7,8
Mahindra Thar,NO CONTROLS,CLEAR,"DARKNESS, LIGHTED ROAD",DIVIDED - W/MEDIAN BARRIER,"SAND, MUD, DIRT",WORN SURFACE,11,3,5
Mahindra Thar,NO CONTROLS,RAIN,DAYLIGHT,NOT DIVIDED,WET,NO DEFECTS,10,1,6
Honda Amaze,NO CONTROLS,RAIN,"DARKNESS, LIGHTED ROAD",NOT DIVIDED,WET,WORN SURFACE,0,6,2
Honda Amaze,NO CONTROLS,CLEAR,DARKNESS,NOT DIVIDED,"SAND, MUD, DIRT",WORN SURFACE,3,5,9
Volkswagen Virtus,STOP SIGN/FLASHER,RAIN,DAYLIGHT,NOT DIVIDED,"SAND, MUD, DIRT","RUT, HOLES",16,4,7
Toyota Fortuner,STOP SIGN/FLASHER,RAIN,DAYLIGHT,NOT DIVIDED,WET,"RUT, HOLES",14,3,9
Mahindra Thar,TRAFFIC SIGNAL,CLOUDY/OVERCAST,DAYLIGHT,NOT DIVIDED,DRY,NO DEFECTS,13,7,4
Mahindra Scorpio,NO CONTROLS,UNKNOWN,DARKNESS,OTHER,DRY,NO DEFECTS,19,1,6
Tata Altroz,NO CONTROLS,RAIN,DAYLIGHT,FOUR WAY,"SAND, MUD, DIRT",WORN SURFACE,14,2,6
Mahindra Thar,TRAFFIC SIGNAL,CLEAR,DAWN,L-INTERSECTION,"SAND, MUD, DIRT",SHOULDER DEFECT,12,1,1
Tata Punch,STOP SIGN/FLASHER,RAIN,DAYLIGHT,DIVIDED - W/MEDIAN (NOT RAISED),WET,WORN SURFACE,7,1,6
Tata Altroz,NO CONTROLS,CLOUDY/OVERCAST,DARKNESS,NOT DIVIDED,UNKNOWN,DEBRIS ON ROADWAY,19,7,10
Honda City,TRAFFIC SIGNAL,UNKNOWN,DAYLIGHT,NOT DIVIDED,DRY,DEBRIS ON ROADWAY,15,6,11
Honda City,TRAFFIC SIGNAL,RAIN,"DARKNESS, LIGHTED ROAD",NOT DIVIDED,"SAND, MUD, DIRT",WORN SURFACE,5,1,7
Tata Punch,NO CONTROLS,RAIN,DAYLIGHT,NOT DIVIDED,"SAND, MUD, DIRT",DEBRIS ON ROADWAY,17,6,7
Honda City,NO CONTROLS,CLOUDY/OVERCAST,DAYLIGHT,RAMP,OTHER,NO DEFECTS,13,5,1
Nissan Magnite,STOP SIGN/FLASHER,FOG/SMOKE/HAZE,DUSK,NOT DIVIDED,UNKNOWN,WORN SURFACE,18,3,11
Hyundai Creta,STOP SIGN/FLASHER,CLEAR,DARKNESS,NOT DIVIDED,DRY,WORN SURFACE,21,1,1
Hyundai Verna,TRAFFIC SIGNAL,FOG/SMOKE/HAZE,DAYLIGHT,NOT DIVIDED,DRY,NO DEFECTS,12,5,12
Honda Amaze,NO CONTROLS,RAIN,DAYLIGHT,ALLEY,WET,DEBRIS ON ROADWAY,18,6,7
Maruti Suzuki Swift,STOP SIGN/FLASHER,FOG/SMOKE/HAZE,DARKNESS,T-INTERSECTION,"SAND, MUD, DIRT",NO DEFECTS,5,4,6
Maruti Suzuki Wagon R,STOP SIGN/FLASHER,BLOWING SNOW,DAYLIGHT,ONE-WAY,WET,"RUT, HOLES",15,4,12
Tata Nexon,STOP SIGN/FLASHER,CLOUDY/OVERCAST,DUSK,NOT DIVIDED,DRY,NO DEFECTS,18,6,1
Toyota Innova,NO CONTROLS,OTHER,DAYLIGHT,FOUR WAY,DRY,"RUT, HOLES",14,2,8
Maruti Suzuki Baleno,NO CONTROLS,RAIN,DAYLIGHT,T-INTERSECTION,WET,NO DEFECTS,16,2,8
Nissan Magnite,NO CONTROLS,CLEAR,"DARKNESS, LIGHTED ROAD",NOT DIVIDED,DRY,"RUT, HOLES",21,6,4
Tata Altroz,OTHER WARNING SIGN,RAIN,DAYLIGHT,T-INTERSECTION,WET,WORN SURFACE,8,5,7
Maruti Suzuki Swift,STOP SIGN/FLASHER,CLOUDY/OVERCAST,"DARKNESS, LIGHTED ROAD",FOUR WAY,"SAND, MUD, DIRT",WORN SURFACE,5,7,8
Mahindra Scorpio,STOP SIGN/FLASHER,RAIN,DUSK,NOT DIVIDED,WET,WORN SURFACE,17,3,9
Renault Kiger,STOP SIGN/FLASHER,CLEAR,"DARKNESS, LIGHTED ROAD",NOT DIVIDED,WET,NO DEFECTS,19,2,1
Maruti Suzuki Brezza,PEDESTRIAN CROSSING SIGN,CLEAR,DARKNESS,NOT DIVIDED,DRY,NO DEFECTS,19,4,12
Toyota Fortuner,STOP SIGN/FLASHER,CLEAR,DAYLIGHT,FOUR WAY,"SAND, MUD, DIRT",WORN SURFACE,16,3,3
Kia Seltos,NO CONTROLS,UNKNOWN,DARKNESS,FOUR WAY,WET,"RUT, HOLES",19,7,4
Tata Altroz,PEDESTRIAN CROSSING SIGN,CLEAR,DAYLIGHT,DIVIDED - W/MEDIAN (NOT RAISED),DRY,WORN SURFACE,17,7,5
Hyundai i20,LANE USE MARKING,CLEAR,DARKNESS,NOT DIVIDED,WET,NO DEFECTS,4,4,1
Toyota Fortuner,NO CONTROLS,CLOUDY/OVERCAST,DUSK,NOT DIVIDED,DRY,NO DEFECTS,18,4,2
Volkswagen Virtus,NO CONTROLS,FOG/SMOKE/HAZE,UNKNOWN,NOT DIVIDED,UNKNOWN,OTHER,6,4,12
Skoda Slavia,UNKNOWN,RAIN,DAYLIGHT,FOUR WAY,DRY,SHOULDER DEFECT,8,6,6
Honda City,STOP SIGN/FLASHER,CLEAR,DAYLIGHT,Y-INTERSECTION,"SAND, MUD, DIRT",NO DEFECTS,12,5,2
Mahindra XUV700,STOP SIGN/FLASHER,CLEAR,DAYLIGHT,NOT DIVIDED,DRY,"RUT, HOLES",10,3,2
Maruti Suzuki Baleno,NO CONTROLS,UNKNOWN,DAYLIGHT,NOT DIVIDED,DRY,"RUT, HOLES",10,6,9
Maruti Suzuki Brezza,NO CONTROLS,FOG/SMOKE/HAZE,DUSK,DIVIDED - W/MEDIAN BARRIER,DRY,"RUT, HOLES",6,7,11
Hyundai Creta,TRAFFIC SIGNAL,CLOUDY/OVERCAST,DAYLIGHT,NOT DIVIDED,DRY,"RUT, HOLES",10,6,5
Mahindra XUV700,NO CONTROLS,FOG/SMOKE/HAZE,UNKNOWN,FOUR WAY,"SAND, MUD, DIRT","RUT, HOLES",2,2,1
Honda Amaze,NO CONTROLS,CLEAR,DAYLIGHT,NOT DIVIDED,DRY,OTHER,14,6,4
Toyota Fortuner,NO CONTROLS,OTHER,DARKNESS,T-INTERSECTION,DRY,SHOULDER DEFECT,18,7,1
Maruti Suzuki Swift,NO CONTROLS,CLOUDY/OVERCAST,DAWN,NOT DIVIDED,DRY,SHOULDER DEFECT,20,6,2
Tata Punch,NO CONTROLS,RAIN,DARKNESS,NOT DIVIDED,UNKNOWN,WORN SURFACE,19,2,7
Mahindra XUV700,TRAFFIC SIGNAL,CLOUDY/OVERCAST,DAYLIGHT,UNKNOWN INTERSECTION TYPE,OTHER,NO DEFECTS,12,1,4
Honda Amaze,NO CONTROLS,RAIN,DAYLIGHT,NOT DIVIDED,WET,"RUT, HOLES",18,3,7
Nissan Magnite,TRAFFIC SIGNAL,CLEAR,DAYLIGHT,NOT DIVIDED,DRY,"RUT, HOLES",9,4,5
Mahindra Thar,NO CONTROLS,CLEAR,DARKNESS,TRAFFIC ROUTE,DRY,SHOULDER DEFECT,2,7,12
Tata Punch,STOP SIGN/FLASHER,FOG/SMOKE/HAZE,DAYLIGHT,NOT DIVIDED,DRY,DEBRIS ON ROADWAY,16,5,11
Maruti Suzuki Baleno,STOP SIGN/FLASHER,RAIN,DAYLIGHT,DIVIDED - W/MEDIAN (NOT RAISED),OTHER,"RUT, HOLES",17,3,8
Hyundai i20,NO CONTROLS,RAIN,DARKNESS,FOUR WAY,DRY,NO DEFECTS,19,6,6
Tata Altroz,TRAFFIC SIGNAL,RAIN,DAYLIGHT,ALLEY,OTHER,NO DEFECTS,16,1,6
Hyundai i20,NO CONTROLS,RAIN,DAYLIGHT,T-INTERSECTION,"SAND, MUD, DIRT","RUT, HOLES",7,2,6
Toyota Innova,STOP SIGN/FLASHER,RAIN,"DARKNESS, LIGHTED ROAD",DIVIDED - W/MEDIAN BARRIER,DRY,NO DEFECTS,20,6,9
Kia Sonet,TRAFFIC SIGNAL,CLOUDY/OVERCAST,DAYLIGHT,ONE-WAY,WET,DEBRIS ON ROADWAY,16,3,7
Hyundai Venue,TRAFFIC SIGNAL,UNKNOWN,DARKNESS,NOT DIVIDED,"SAND, MUD, DIRT",NO DEFECTS,19,1,11
Tata Altroz,FLASHING CONTROL SIGNAL,FOG/SMOKE/HAZE,DAWN,T-INTERSECTION,WET,UNKNOWN,18,4,12
Tata Harrier,NO CONTROLS,RAIN,DAYLIGHT,FOUR WAY,WET,NO DEFECTS,10,5,6
Toyota Fortuner,OTHER,RAIN,DARKNESS,NOT DIVIDED,WET,NO DEFECTS,4,6,8
Honda City,STOP SIGN/FLASHER,FOG/SMOKE/HAZE,DUSK,NOT DIVIDED,DRY,"RUT, HOLES",6,3,1
Hyundai i20,NO CONTROLS,CLOUDY/OVERCAST,"DARKNESS, LIGHTED ROAD",T-INTERSECTION,UNKNOWN,SHOULDER DEFECT,5,4,3
Hyundai Creta,STOP SIGN/FLASHER,CLOUDY/OVERCAST,DAYLIGHT,UNKNOWN,DRY,NO DEFECTS,9,5,7
Kia Sonet,TRAFFIC SIGNAL,CLEAR,DAYLIGHT,T-INTERSECTION,DRY,SHOULDER DEFECT,13,1,4
Nissan Magnite,NO CONTROLS,FOG/SMOKE/HAZE,DARKNESS,T-INTERSECTION,DRY,"RUT, HOLES",20,2,11
Nissan Magnite,TRAFFIC SIGNAL,CLEAR,DAWN,NOT DIVIDED,OTHER,SHOULDER DEFECT,20,3,3
Kia Seltos,NO CONTROLS,OTHER,DAYLIGHT,NOT DIVIDED,UNKNOWN,NO DEFECTS,17,3,7
Tata Punch,TRAFFIC SIGNAL,RAIN,DARKNESS,FOUR WAY,DRY,"RUT, HOLES",0,4,8
Mahindra XUV700,STOP SIGN/FLASHER,RAIN,DAWN,NOT DIVIDED,WET,NO DEFECTS,11,5,9
Hyundai Venue,NO CONTROLS,RAIN,DAYLIGHT,FOUR WAY,WET,NO DEFECTS,17,5,6
Maruti Suzuki Wagon R,NO CONTROLS,CLEAR,DUSK,NOT DIVIDED,DRY,"RUT, HOLES",6,6,11
Hyundai Verna,YIELD,CLEAR,DARKNESS,NOT DIVIDED,UNKNOWN,NO DEFECTS,19,5,8
Mahindra Thar,NO CONTROLS,RAIN,UNKNOWN,NOT DIVIDED,"SAND, MUD, DIRT",WORN SURFACE,21,3,7
Toyota Innova,NO CONTROLS,CLEAR,DAYLIGHT,NOT DIVIDED,OTHER,WORN SURFACE,11,1,1
Tata Nexon,STOP SIGN/FLASHER,RAIN,DAYLIGHT,FOUR WAY,WET,NO DEFECTS,17,5,7
Volkswagen Virtus,NO CONTROLS,CLOUDY/OVERCAST,DAYLIGHT,NOT DIVIDED,"SAND, MUD, DIRT",UNKNOWN,7,2,10
Toyota Fortuner,NO CONTROLS,RAIN,DAYLIGHT,NOT DIVIDED,WET,OTHER,17,3,8
Maruti Suzuki Brezza,TRAFFIC SIGNAL,CLEAR,DARKNESS,NOT DIVIDED,DRY,DEBRIS ON ROADWAY,0,6,10
Maruti Suzuki Wagon R,NO CONTROLS,RAIN,DAYLIGHT,FOUR WAY,OTHER,"RUT, HOLES",7,2,7
Mahindra Thar,NO CONTROLS,CLEAR,DAYLIGHT,NOT DIVIDED,DRY,NO DEFECTS,17,5,2
Mahindra Scorpio,TRAFFIC SIGNAL,CLEAR,DAYLIGHT,FOUR WAY,WET,NO DEFECTS,17,1,1
Mahindra Scorpio,UNKNOWN,FOG/SMOKE/HAZE,DAYLIGHT,NOT DIVIDED,WET,NO DEFECTS,14,4,5
Renault Kiger,TRAFFIC SIGNAL,RAIN,DAYLIGHT,NOT DIVIDED,WET,"RUT, HOLES",14,7,9
Skoda Slavia,STOP SIGN/FLASHER,CLEAR,DAYLIGHT,ONE-WAY,DRY,"RUT, HOLES",17,7,10
Maruti Suzuki Brezza,STOP SIGN/FLASHER,FOG/SMOKE/HAZE,DARKNESS,NOT DIVIDED,DRY,"RUT, HOLES",18,7,5
Mahindra Thar,PEDESTRIAN CROSSING SIGN,RAIN,DARKNESS,NOT DIVIDED,DRY,"RUT, HOLES",22,5,7
Tata Harrier,TRAFFIC SIGNAL,CLEAR,"DARKNESS, LIGHTED ROAD",DIVIDED - W/MEDIAN BARRIER,DRY,NO DEFECTS,20,3,7
Renault Kiger,STOP SIGN/FLASHER,CLOUDY/OVERCAST,DARKNESS,CENTER TURN LANE,DRY,WORN SURFACE,19,3,6
Renault Kiger,OTHER,FOG/SMOKE/HAZE,DAYLIGHT,NOT DIVIDED,WET,NO DEFECTS,16,2,4
Mahindra Thar,STOP SIGN/FLASHER,CLEAR,DARKNESS,NOT DIVIDED,DRY,"RUT, HOLES",15,1,2
Kia Sonet,OTHER REG. SIGN,CLEAR,DUSK,DIVIDED - W/MEDIAN (NOT RAISED),DRY,NO DEFECTS,6,2,3
Honda Amaze,TRAFFIC SIGNAL,CLOUDY/OVERCAST,DAYLIGHT,T-INTERSECTION,DRY,NO DEFECTS,7,4,1
Toyota Innova,STOP SIGN/FLASHER,CLEAR,DARKNESS,FOUR WAY,DRY,SHOULDER DEFECT,19,1,3
Kia Seltos,PEDESTRIAN CROSSING SIGN,FOG/SMOKE/HAZE,DAWN,T-INTERSECTION,WET,NO DEFECTS,18,7,1
Mahindra XUV700,NO CONTROLS,RAIN,DAYLIGHT,FOUR WAY,UNKNOWN,"RUT, HOLES",16,5,8
Hyundai i20,TRAFFIC SIGNAL,RAIN,DAYLIGHT,TRAFFIC ROUTE,WET,DEBRIS ON ROADWAY,13,2,6
Nissan Magnite,NO CONTROLS,CLOUDY/OVERCAST,"DARKNESS, LIGHTED ROAD",Y-INTERSECTION,OTHER,NO DEFECTS,0,4,12
Mahindra Thar,OTHER,CLEAR,DAYLIGHT,NOT DIVIDED,DRY,NO DEFECTS,10,3,3
Tata Harrier,NO CONTROLS,RAIN,DAWN,NOT DIVIDED,WET,NO DEFECTS,13,6,6
Toyota Fortuner,LANE USE MARKING,RAIN,DAYLIGHT,NOT DIVIDED,"SAND, MUD, DIRT",NO DEFECTS,14,1,6
Hyundai Creta,NO CONTROLS,FOG/SMOKE/HAZE,DARKNESS,NOT DIVIDED,DRY,"RUT, HOLES",20,4,1
Maruti Suzuki Wagon R,TRAFFIC SIGNAL,CLOUDY/OVERCAST,"DARKNESS, LIGHTED ROAD",UNKNOWN INTERSECTION TYPE,DRY,"RUT, HOLES",6,6,11
Tata Harrier,NO CONTROLS,CLOUDY/OVERCAST,DAYLIGHT,NOT DIVIDED,DRY,NO DEFECTS,14,3,1
Volkswagen Virtus,TRAFFIC SIGNAL,CLOUDY/OVERCAST,DAYLIGHT,FOUR WAY,"SAND, MUD, DIRT","RUT, HOLES",11,3,12
Honda Amaze,STOP SIGN/FLASHER,CLEAR,"DARKNESS, LIGHTED ROAD",ALLEY,DRY,NO DEFECTS,23,3,11
Tata Harrier,PEDESTRIAN CROSSING SIGN,OTHER,DARKNESS,NOT DIVIDED,DRY,DEBRIS ON ROADWAY,20,6,7
Tata Punch,TRAFFIC SIGNAL,SLEET/HAIL,DAYLIGHT,Y-INTERSECTION,WET,"RUT, HOLES",13,1,8
Tata Punch,TRAFFIC SIGNAL,RAIN,DARKNESS,ONE-WAY,WET,NO DEFECTS,23,7,8
Mahindra XUV700,NO CONTROLS,RAIN,DAYLIGHT,NOT DIVIDED,DRY,WORN SURFACE,14,1,6
Maruti Suzuki Wagon R,NO CONTROLS,RAIN,DAYLIGHT,NOT DIVIDED,DRY,NO DEFECTS,7,3,8
Maruti Suzuki Baleno,TRAFFIC SIGNAL,CLOUDY/OVERCAST,DAYLIGHT,NOT DIVIDED,WET,NO DEFECTS,15,3,1
Honda Amaze,NO CONTROLS,FOG/SMOKE/HAZE,DUSK,NOT DIVIDED,DRY,NO DEFECTS,6,4,1
Honda City,YIELD,CLOUDY/OVERCAST,DAYLIGHT,FOUR WAY,DRY,"RUT, HOLES",16,2,7
Maruti Suzuki Wagon R,NO CONTROLS,CLOUDY/OVERCAST,DARKNESS,NOT REPORTED,DRY,NO DEFECTS,21,5,8
Maruti Suzuki Baleno,NO CONTROLS,RAIN,DAYLIGHT,NOT DIVIDED,"SAND, MUD, DIRT",NO DEFECTS,18,4,11
Maruti Suzuki Baleno,PEDESTRIAN CROSSING SIGN,FOG/SMOKE/HAZE,DAYLIGHT,NOT DIVIDED,DRY,"RUT, HOLES",7,5,2
Toyota Innova,TRAFFIC SIGNAL,RAIN,DAYLIGHT,NOT DIVIDED,UNKNOWN,UNKNOWN,10,5,10
Honda City,NO CONTROLS,CLEAR,DARKNESS,UNKNOWN INTERSECTION TYPE,DRY,"RUT, HOLES",3,2,4
Maruti Suzuki Baleno,STOP SIGN/FLASHER,CLEAR,DAYLIGHT,FOUR WAY,UNKNOWN,NO DEFECTS,9,7,6
Volkswagen Virtus,PEDESTRIAN CROSSING SIGN,CLEAR,DARKNESS,NOT DIVIDED,WET,DEBRIS ON ROADWAY,5,6,6
Toyota Innova,NO CONTROLS,RAIN,DAYLIGHT,ONE-WAY,"SAND, MUD, DIRT",NO DEFECTS,14,6,6
Mahindra XUV700,NO CONTROLS,CLOUDY/OVERCAST,DAYLIGHT,CENTER TURN LANE,DRY,NO DEFECTS,17,5,2
Volkswagen Virtus,TRAFFIC SIGNAL,CLOUDY/OVERCAST,DAYLIGHT,NOT DIVIDED,DRY,DEBRIS ON ROADWAY,18,6,7
Maruti Suzuki Wagon R,NO CONTROLS,FREEZING RAIN/DRIZZLE,DAWN,NOT DIVIDED,DRY,"RUT, HOLES",2,5,10
Honda Amaze,STOP SIGN/FLASHER,CLOUDY/OVERCAST,DAYLIGHT,NOT DIVIDED,"SAND, MUD, DIRT",NO DEFECTS,11,4,7
Maruti Suzuki Wagon R,STOP SIGN/FLASHER,RAIN,DAYLIGHT,NOT DIVIDED,WET,WORN SURFACE,9,6,7
Renault Kiger,YIELD,FOG/SMOKE/HAZE,DARKNESS,NOT DIVIDED,DRY,WORN SURFACE,5,5,11
Kia Seltos,UNKNOWN,RAIN,DAYLIGHT,NOT DIVIDED,WET,NO DEFECTS,11,1,9
Tata Altroz,STOP SIGN/FLASHER,CLOUDY/OVERCAST,DAYLIGHT,Y-INTERSECTION,OTHER,NO DEFECTS,10,7,7
Hyundai Verna,STOP SIGN/FLASHER,CLEAR,DAYLIGHT,NOT DIVIDED,DRY,NO DEFECTS,16,4,5
Mahindra Thar,TRAFFIC SIGNAL,FOG/SMOKE/HAZE,DARKNESS,NOT DIVIDED,DRY,"RUT, HOLES",19,5,11
Mahindra Thar,NO CONTROLS,CLOUDY/OVERCAST,DARKNESS,NOT DIVIDED,"SAND, MUD, DIRT","RUT, HOLES",13,4,8
Tata Altroz,LANE USE MARKING,RAIN,DAWN,NOT DIVIDED,WET,NO DEFECTS,18,1,4
Tata Harrier,NO CONTROLS,CLOUDY/OVERCAST,DAYLIGHT,T-INTERSECTION,DRY,WORN SURFACE,7,6,5
Maruti Suzuki Swift,NO CONTROLS,CLEAR,DARKNESS,NOT DIVIDED,DRY,"RUT, HOLES",20,6,10
Toyota Innova,TRAFFIC SIGNAL,CLEAR,DAYLIGHT,L-INTERSECTION,WET,NO DEFECTS,7,6,1
Nissan Magnite,NO CONTROLS,CLOUDY/OVERCAST,DAYLIGHT,NOT DIVIDED,DRY,"RUT, HOLES",8,4,12
Hyundai Venue,NO CONTROLS,CLEAR,DAWN,NOT DIVIDED,DRY,"RUT, HOLES",5,6,2
Tata Harrier,NO CONTROLS,CLOUDY/OVERCAST,DAYLIGHT,ONE-WAY,DRY,"RUT, HOLES",10,6,10
Skoda Slavia,NO CONTROLS,CLOUDY/OVERCAST,UNKNOWN,NOT REPORTED,DRY,DEBRIS ON ROADWAY,15,3,6
Honda Amaze,TRAFFIC SIGNAL,CLOUDY/OVERCAST,DARKNESS,"FIVE POINT, OR MORE",DRY,NO DEFECTS,23,1,7
Volkswagen Virtus,TRAFFIC SIGNAL,FOG/SMOKE/HAZE,DUSK,ONE-WAY,DRY,NO DEFECTS,18,7,11
Toyota Innova,NO CONTROLS,CLEAR,DAYLIGHT,UNKNOWN,WET,WORN SURFACE,12,2,6
Hyundai i20,NO CONTROLS,CLOUDY/OVERCAST,DAYLIGHT,OTHER,DRY,"RUT, HOLES",15,7,7
Toyota Innova,STOP SIGN/FLASHER,UNKNOWN,DAYLIGHT,NOT DIVIDED,DRY,UNKNOWN,16,5,1
Kia Seltos,TRAFFIC SIGNAL,FREEZING RAIN/DRIZZLE,"DARKNESS, LIGHTED ROAD",OTHER,WET,NO DEFECTS,19,5,1
Hyundai i20,TRAFFIC SIGNAL,CLEAR,DUSK,NOT DIVIDED,DRY,NO DEFECTS,18,2,4
Nissan Magnite,YIELD,RAIN,DAYLIGHT,NOT DIVIDED,WET,"RUT, HOLES",15,4,9
Tata Nexon,NO CONTROLS,CLEAR,DAYLIGHT,NOT DIVIDED,OTHER,SHOULDER DEFECT,17,3,2
Honda Amaze,STOP SIGN/FLASHER,CLOUDY/OVERCAST,DAYLIGHT,FOUR WAY,WET,NO DEFECTS,18,2,2
Honda City,TRAFFIC SIGNAL,CLOUDY/OVERCAST,DUSK,FOUR WAY,DRY,WORN SURFACE,6,6,6
Tata Harrier,LANE USE MARKING,RAIN,DAYLIGHT,ONE-WAY,WET,NO DEFECTS,8,1,8
Maruti Suzuki Brezza,NO CONTROLS,RAIN,DAYLIGHT,NOT DIVIDED,WET,NO DEFECTS,17,4,9
Mahindra Scorpio,NO CONTROLS,CLOUDY/OVERCAST,"DARKNESS, LIGHTED ROAD",NOT DIVIDED,DRY,NO DEFECTS,19,5,3
Skoda Slavia,NO CONTROLS,CLEAR,DAYLIGHT,NOT DIVIDED,DRY,DEBRIS ON ROADWAY,12,7,1
Hyundai Venue,STOP SIGN/FLASHER,CLEAR,DAWN,NOT DIVIDED,DRY,NO DEFECTS,23,7,12
Tata Nexon,NO CONTROLS,CLEAR,DUSK,T-INTERSECTION,"SAND, MUD, DIRT",NO DEFECTS,8,4,5
Renault Kiger,YIELD,CLOUDY/OVERCAST,DAYLIGHT,NOT DIVIDED,"SAND, MUD, DIRT",NO DEFECTS,12,7,11
Skoda Slavia,UNKNOWN,FOG/SMOKE/HAZE,DAYLIGHT,NOT DIVIDED,DRY,DEBRIS ON ROADWAY,8,6,11
Maruti Suzuki Wagon R,NO CONTROLS,CLEAR,"DARKNESS, LIGHTED ROAD",NOT DIVIDED,DRY,"RUT, HOLES",21,1,10
Hyundai Venue,TRAFFIC SIGNAL,CLEAR,DUSK,FOUR WAY,"SAND, MUD, DIRT",OTHER,9,7,3
Volkswagen Virtus,NO CONTROLS,CLEAR,DAYLIGHT,NOT DIVIDED,DRY,NO DEFECTS,14,6,10
Maruti Suzuki Wagon R,OTHER,CLEAR,DAWN,NOT DIVIDED,DRY,NO DEFECTS,7,6,10
Hyundai Creta,NO CONTROLS,RAIN,DAWN,NOT DIVIDED,WET,NO DEFECTS,15,6,8
Honda City,OTHER WARNING SIGN,CLOUDY/OVERCAST,DARKNESS,TRAFFIC ROUTE,DRY,"RUT, HOLES",20,2,6
Toyota Fortuner,STOP SIGN/FLASHER,CLEAR,DAYLIGHT,UNKNOWN,DRY,NO DEFECTS,10,1,5
Nissan Magnite,NO CONTROLS,CLEAR,DARKNESS,T-INTERSECTION,DRY,WORN SURFACE,19,2,2
Tata Nexon,STOP SIGN/FLASHER,CLOUDY/OVERCAST,DARKNESS,ONE-WAY,DRY,NO DEFECTS,21,6,7
Hyundai Verna,NO CONTROLS,UNKNOWN,DARKNESS,NOT DIVIDED,"SAND, MUD, DIRT","RUT, HOLES",3,5,8
Maruti Suzuki Wagon R,NO CONTROLS,RAIN,DAYLIGHT,NOT DIVIDED,WET,NO DEFECTS,18,3,6
Mahindra Scorpio,TRAFFIC SIGNAL,RAIN,DAYLIGHT,FOUR WAY,WET,"RUT, HOLES",9,2,7
Tata Harrier,TRAFFIC SIGNAL,RAIN,DAYLIGHT,T-INTERSECTION,WET,"RUT, HOLES",7,6,6
Renault Kiger,LANE USE MARKING,RAIN,DAYLIGHT,NOT DIVIDED,WET,NO DEFECTS,16,4,8
Hyundai Verna,NO CONTROLS,CLEAR,DUSK,NOT DIVIDED,DRY,DEBRIS ON ROADWAY,17,5,11
Honda City,TRAFFIC SIGNAL,CLEAR,DAYLIGHT,NOT DIVIDED,DRY,WORN SURFACE,12,1,3
Kia Seltos,TRAFFIC SIGNAL,CLEAR,DARKNESS,FOUR WAY,DRY,"RUT, HOLES",1,4,6
Mahindra Thar,TRAFFIC SIGNAL,CLEAR,"DARKNESS, LIGHTED ROAD",ONE-WAY,DRY,"RUT, HOLES",21,1,2
Kia Seltos,NO CONTROLS,RAIN,DAYLIGHT,DIVIDED - W/MEDIAN BARRIER,"SAND, MUD, DIRT",NO DEFECTS,18,6,8
Hyundai Creta,NO CONTROLS,CLOUDY/OVERCAST,DAYLIGHT,T-INTERSECTION,DRY,"RUT, HOLES",9,2,9
Maruti Suzuki Brezza,NO CONTROLS,UNKNOWN,DAYLIGHT,NOT DIVIDED,DRY,"RUT, HOLES",14,2,12
Mahindra XUV700,STOP SIGN/FLASHER,CLEAR,"DARKNESS, LIGHTED ROAD",DIVIDED - W/MEDIAN BARRIER,UNKNOWN,NO DEFECTS,1,7,5
Hyundai Venue,YIELD,OTHER,DAYLIGHT,NOT DIVIDED,WET,WORN SURFACE,11,1,12
Volkswagen Virtus,TRAFFIC SIGNAL,UNKNOWN,DAYLIGHT,DIVIDED - W/MEDIAN BARRIER,UNKNOWN,NO DEFECTS,15,2,1
Honda Amaze,TRAFFIC SIGNAL,CLOUDY/OVERCAST,DAYLIGHT,NOT DIVIDED,OTHER,NO DEFECTS,14,2,8
Honda Amaze,NO CONTROLS,FOG/SMOKE/HAZE,DAYLIGHT,NOT DIVIDED,DRY,"RUT, HOLES",6,6,1
Mahindra Scorpio,NO CONTROLS,FOG/SMOKE/HAZE,DUSK,DIVIDED - W/MEDIAN (NOT RAISED),DRY,WORN SURFACE,18,6,11
Volkswagen Virtus,NO CONTROLS,RAIN,DAYLIGHT,NOT DIVIDED,DRY,NO DEFECTS,10,7,7
Tata Punch,TRAFFIC SIGNAL,OTHER,DAYLIGHT,ALLEY,WET,"RUT, HOLES",15,6,9
Maruti Suzuki Swift,NO CONTROLS,CLEAR,DAYLIGHT,DIVIDED - W/MEDIAN (NOT RAISED),DRY,NO DEFECTS,9,2,10
Tata Nexon,NO CONTROLS,CLEAR,DAYLIGHT,NOT DIVIDED,WET,WORN SURFACE,13,2,2
Hyundai i20,NO CONTROLS,FOG/SMOKE/HAZE,DARKNESS,NOT DIVIDED,DRY,"RUT, HOLES",6,6,1
Hyundai Creta,NO CONTROLS,CLEAR,DAYLIGHT,T-INTERSECTION,DRY,SHOULDER DEFECT,16,7,11
Nissan Magnite,NO CONTROLS,RAIN,DAYLIGHT,NOT DIVIDED,WET,NO DEFECTS,13,7,6
Honda Amaze,OTHER REG. SIGN,FOG/SMOKE/HAZE,DAYLIGHT,NOT DIVIDED,DRY,WORN SURFACE,1,6,2
Toyota Fortuner,NO CONTROLS,RAIN,DAWN,DIVIDED - W/MEDIAN (NOT RAISED),"SAND, MUD, DIRT",WORN SURFACE,1,6,7
Tata Punch,TRAFFIC SIGNAL,OTHER,DAYLIGHT,NOT DIVIDED,"SAND, MUD, DIRT",WORN SURFACE,14,5,8
Kia Sonet,RAILROAD CROSSING GATE,FOG/SMOKE/HAZE,DAWN,NOT DIVIDED,DRY,WORN SURFACE,6,6,1
Maruti Suzuki Brezza,STOP SIGN/FLASHER,CLEAR,DAYLIGHT,NOT DIVIDED,DRY,"RUT, HOLES",16,1,5
Kia Sonet,LANE USE MARKING,FOG/SMOKE/HAZE,DARKNESS,NOT DIVIDED,DRY,NO DEFECTS,8,3,1
Renault Kiger,NO CONTROLS,OTHER,DAYLIGHT,NOT DIVIDED,DRY,WORN SURFACE,17,4,7
Maruti Suzuki Swift,FLASHING CONTROL SIGNAL,CLEAR,DAWN,NOT DIVIDED,DRY,NO DEFECTS,22,5,11
Kia Sonet,YIELD,CLOUDY/OVERCAST,DAYLIGHT,NOT DIVIDED,DRY,NO DEFECTS,15,4,12
Kia Seltos,OTHER,RAIN,DUSK,NOT DIVIDED,WET,SHOULDER DEFECT,18,3,8
Maruti Suzuki Swift,NO CONTROLS,CLOUDY/OVERCAST,DARKNESS,UNKNOWN INTERSECTION TYPE,DRY,NO DEFECTS,18,5,3
Hyundai Creta,YIELD,CLOUDY/OVERCAST,"DARKNESS, LIGHTED ROAD",ONE-WAY,WET,NO DEFECTS,21,4,11
Kia Seltos,LANE USE MARKING,RAIN,DAYLIGHT,NOT DIVIDED,OTHER,"RUT, HOLES",8,1,7
Maruti Suzuki Baleno,TRAFFIC SIGNAL,OTHER,"DARKNESS, LIGHTED ROAD",NOT DIVIDED,DRY,DEBRIS ON ROADWAY,19,7,2
Maruti Suzuki Wagon R,NO CONTROLS,RAIN,"DARKNESS, LIGHTED ROAD",Y-INTERSECTION,WET,SHOULDER DEFECT,21,7,12
Nissan Magnite,NO CONTROLS,RAIN,DAYLIGHT,NOT DIVIDED,UNKNOWN,"RUT, HOLES",12,1,9
Honda Amaze,NO CONTROLS,RAIN,DAYLIGHT,OTHER,OTHER,NO DEFECTS,10,5,9
Kia Sonet,TRAFFIC SIGNAL,UNKNOWN,DARKNESS,T-INTERSECTION,DRY,WORN SURFACE,22,6,9
Hyundai Verna,NO CONTROLS,CLEAR,DAYLIGHT,NOT DIVIDED,DRY,"RUT, HOLES",16,5,3
Volkswagen Virtus,UNKNOWN,FOG/SMOKE/HAZE,DAYLIGHT,DIVIDED - W/MEDIAN BARRIER,DRY,NO DEFECTS,8,3,4
Kia Sonet,STOP SIGN/FLASHER,CLOUDY/OVERCAST,DARKNESS,DIVIDED - W/MEDIAN (NOT RAISED),DRY,DEBRIS ON ROADWAY,19,6,9
Tata Altroz,NO CONTROLS,CLEAR,DAYLIGHT,T-INTERSECTION,DRY,NO DEFECTS,10,5,4
Kia Seltos,STOP SIGN/FLASHER,RAIN,DAYLIGHT,NOT DIVIDED,WET,NO DEFECTS,7,2,7
Nissan Magnite,TRAFFIC SIGNAL,CLEAR,DARKNESS,NOT DIVIDED,WET,NO DEFECTS,15,5,10
Volkswagen Virtus,NO CONTROLS,CLEAR,DAYLIGHT,NOT DIVIDED,DRY,DEBRIS ON ROADWAY,15,3,10
Toyota Innova,NO CONTROLS,OTHER,DARKNESS,NOT DIVIDED,WET,NO DEFECTS,19,5,7
Renault Kiger,STOP SIGN/FLASHER,CLEAR,DAYLIGHT,NOT DIVIDED,DRY,"RUT, HOLES",13,6,10
Mahindra XUV700,TRAFFIC SIGNAL,FOG/SMOKE/HAZE,DUSK,NOT DIVIDED,DRY,SHOULDER DEFECT,18,3,11
Tata Punch,TRAFFIC SIGNAL,RAIN,DAYLIGHT,ALLEY,WET,NO DEFECTS,10,3,8
Maruti Suzuki Wagon R,NO CONTROLS,CLEAR,DAYLIGHT,NOT DIVIDED,WET,NO DEFECTS,15,6,4
Maruti Suzuki Baleno,NO CONTROLS,CLEAR,DAYLIGHT,ONE-WAY,DRY,NO DEFECTS,8,4,5
Maruti Suzuki Swift,STOP SIGN/FLASHER,RAIN,DAYLIGHT,UNKNOWN INTERSECTION TYPE,WET,NO DEFECTS,12,2,6
Tata Nexon,STOP SIGN/FLASHER,CLOUDY/OVERCAST,"DARKNESS, LIGHTED ROAD",NOT DIVIDED,DRY,"RUT, HOLES",20,5,2
Hyundai Verna,TRAFFIC SIGNAL,OTHER,DAYLIGHT,NOT DIVIDED,DRY,WORN SURFACE,8,5,5
Hyundai Creta,STOP SIGN/FLASHER,CLEAR,"DARKNESS, LIGHTED ROAD",T-INTERSECTION,DRY,NO DEFECTS,19,4,4
Toyota Fortuner,NO CONTROLS,UNKNOWN,DAYLIGHT,T-INTERSECTION,DRY,WORN SURFACE,9,5,7
Toyota Innova,NO CONTROLS,FOG/SMOKE/HAZE,"DARKNESS, LIGHTED ROAD",NOT DIVIDED,DRY,UNKNOWN,4,3,11
Tata Harrier,NO CONTROLS,CLEAR,DUSK,NOT DIVIDED,DRY,SHOULDER DEFECT,6,7,2
Skoda Slavia,TRAFFIC SIGNAL,CLEAR,DUSK,NOT DIVIDED,WET,"RUT, HOLES",18,2,9
Maruti Suzuki Baleno,STOP SIGN/FLASHER,CLEAR,DAYLIGHT,DIVIDED - W/MEDIAN (NOT RAISED),DRY,DEBRIS ON ROADWAY,9,3,9
Nissan Magnite,NO CONTROLS,CLOUDY/OVERCAST,DAYLIGHT,NOT DIVIDED,DRY,UNKNOWN,17,6,1
Toyota Innova,NO CONTROLS,CLEAR,DAYLIGHT,FOUR WAY,DRY,"RUT, HOLES",17,1,12
Toyota Fortuner,NO CONTROLS,RAIN,DAYLIGHT,NOT DIVIDED,DRY,NO DEFECTS,11,7,8
Maruti Suzuki Baleno,YIELD,CLEAR,DAYLIGHT,FOUR WAY,DRY,DEBRIS ON ROADWAY,14,5,6
Hyundai Verna,STOP SIGN/FLASHER,RAIN,DAYLIGHT,ONE-WAY,WET,SHOULDER DEFECT,12,6,9
Tata Altroz,TRAFFIC SIGNAL,CLEAR,DARKNESS,ONE-WAY,WET,NO DEFECTS,22,5,5
Hyundai Venue,PEDESTRIAN CROSSING SIGN,CLOUDY/OVERCAST,DAYLIGHT,NOT DIVIDED,UNKNOWN,DEBRIS ON ROADWAY,10,6,9
Honda Amaze,NO CONTROLS,CLEAR,DUSK,"FIVE POINT, OR MORE",DRY,NO DEFECTS,7,4,1
Hyundai Verna,STOP SIGN/FLASHER,FOG/SMOKE/HAZE,DAYLIGHT,FOUR WAY,WET,NO DEFECTS,7,5,11
Toyota Fortuner,STOP SIGN/FLASHER,SLEET/HAIL,DAYLIGHT,ALLEY,OTHER,NO DEFECTS,17,5,7
Volkswagen Virtus,TRAFFIC SIGNAL,RAIN,DAYLIGHT,FOUR WAY,WET,NO DEFECTS,17,7,8
Hyundai i20,RAILROAD CROSSING GATE,CLEAR,DARKNESS,NOT DIVIDED,DRY,"RUT, HOLES",21,1,4
Honda Amaze,TRAFFIC SIGNAL,CLEAR,"DARKNESS, LIGHTED ROAD",T-INTERSECTION,WET,"RUT, HOLES",20,1,9
Renault Kiger,TRAFFIC SIGNAL,CLOUDY/OVERCAST,DAYLIGHT,NOT DIVIDED,DRY,"RUT, HOLES",9,6,10
Toyota Innova,PEDESTRIAN CROSSING SIGN,RAIN,DAYLIGHT,NOT DIVIDED,WET,NO DEFECTS,13,3,7
Toyota Fortuner,TRAFFIC SIGNAL,RAIN,DAYLIGHT,NOT DIVIDED,WET,WORN SURFACE,18,6,8
Mahindra Scorpio,YIELD,CLEAR,DARKNESS,OTHER,DRY,NO DEFECTS,21,2,7
Maruti Suzuki Wagon R,NO CONTROLS,FOG/SMOKE/HAZE,DAYLIGHT,CENTER TURN LANE,DRY,DEBRIS ON ROADWAY,7,5,11
Skoda Slavia,STOP SIGN/FLASHER,RAIN,DAYLIGHT,DIVIDED - W/MEDIAN BARRIER,DRY,WORN SURFACE,13,4,7
Tata Nexon,TRAFFIC SIGNAL,CLEAR,DARKNESS,ALLEY,OTHER,WORN SURFACE,21,1,11
Renault Kiger,NO CONTROLS,CLEAR,DAYLIGHT,NOT REPORTED,DRY,"RUT, HOLES",11,7,10
Kia Seltos,TRAFFIC SIGNAL,CLOUDY/OVERCAST,DAYLIGHT,DIVIDED - W/MEDIAN (NOT RAISED),DRY,OTHER,14,6,6
Hyundai Creta,NO CONTROLS,CLEAR,DARKNESS,NOT DIVIDED,WET,NO DEFECTS,21,6,4
Hyundai i20,STOP SIGN/FLASHER,RAIN,DARKNESS,FOUR WAY,WET,NO DEFECTS,19,6,6
Tata Altroz,TRAFFIC SIGNAL,CLOUDY/OVERCAST,DAYLIGHT,NOT DIVIDED,WET,WORN SURFACE,9,1,10
Volkswagen Virtus,STOP SIGN/FLASHER,FOG/SMOKE/HAZE,DAYLIGHT,NOT DIVIDED,WET,WORN SURFACE,7,4,4
Honda City,TRAFFIC SIGNAL,UNKNOWN,DAYLIGHT,T-INTERSECTION,OTHER,NO DEFECTS,11,6,7
Maruti Suzuki Baleno,STOP SIGN/FLASHER,CLEAR,"DARKNESS, LIGHTED ROAD",NOT DIVIDED,DRY,"RUT, HOLES",21,2,10
Tata Harrier,TRAFFIC SIGNAL,RAIN,"DARKNESS, LIGHTED ROAD",NOT DIVIDED,WET,"RUT, HOLES",23,5,6
Hyundai Verna,STOP SIGN/FLASHER,RAIN,DARKNESS,T-INTERSECTION,WET,"RUT, HOLES",18,7,8
Toyota Innova,STOP SIGN/FLASHER,CLEAR,DAYLIGHT,NOT DIVIDED,DRY,"RUT, HOLES",14,6,4
Kia Sonet,TRAFFIC SIGNAL,CLEAR,DARKNESS,NOT DIVIDED,OTHER,UNKNOWN,0,5,2
Tata Punch,NO CONTROLS,CLEAR,DAYLIGHT,NOT DIVIDED,OTHER,UNKNOWN,17,3,10
Tata Punch,STOP SIGN/FLASHER,CLEAR,DUSK,FOUR WAY,"SAND, MUD, DIRT",UNKNOWN,12,5,2
Renault Kiger,NO CONTROLS,CLEAR,DAWN,NOT DIVIDED,DRY,"RUT, HOLES",16,6,5
Tata Punch,STOP SIGN/FLASHER,RAIN,DAYLIGHT,T-INTERSECTION,DRY,NO DEFECTS,16,5,11
Mahindra Thar,UNKNOWN,RAIN,DAYLIGHT,CENTER TURN LANE,WET,"RUT, HOLES",14,6,6
Volkswagen Virtus,NO CONTROLS,UNKNOWN,"DARKNESS, LIGHTED ROAD",OTHER,OTHER,"RUT, HOLES",22,3,12
Honda Amaze,STOP SIGN/FLASHER,CLEAR,DUSK,CENTER TURN LANE,DRY,NO DEFECTS,0,4,12
Toyota Innova,TRAFFIC SIGNAL,OTHER,DAYLIGHT,UNKNOWN INTERSECTION TYPE,DRY,"RUT, HOLES",17,5,5
Mahindra Thar,NO CONTROLS,CLEAR,DAYLIGHT,NOT DIVIDED,"SAND, MUD, DIRT","RUT, HOLES",12,1,1
Toyota Innova,STOP SIGN/FLASHER,UNKNOWN,DAYLIGHT,ONE-WAY,WET,DEBRIS ON ROADWAY,17,2,9
Honda Amaze,NO CONTROLS,CLEAR,DAYLIGHT,NOT DIVIDED,"SAND, MUD, DIRT",NO DEFECTS,17,3,7
Volkswagen Virtus,NO CONTROLS,CLEAR,DARKNESS,NOT DIVIDED,DRY,WORN SURFACE,0,1,2
Nissan Magnite,TRAFFIC SIGNAL,CLEAR,DUSK,T-INTERSECTION,"SAND, MUD, DIRT","RUT, HOLES",9,2,9
Skoda Slavia,TRAFFIC SIGNAL,RAIN,DUSK,NOT DIVIDED,WET,NO DEFECTS,7,5,1
Mahindra Thar,TRAFFIC SIGNAL,CLEAR,DARKNESS,NOT DIVIDED,WET,NO DEFECTS,7,5,11
Renault Kiger,TRAFFIC SIGNAL,CLEAR,DUSK,T-INTERSECTION,DRY,NO DEFECTS,18,2,2
Honda City,STOP SIGN/FLASHER,CLEAR,DAYLIGHT,NOT DIVIDED,"SAND, MUD, DIRT",NO DEFECTS,8,7,2
Mahindra XUV700,TRAFFIC SIGNAL,CLEAR,DAYLIGHT,NOT DIVIDED,DRY,NO DEFECTS,14,4,3
Kia Seltos,FLASHING CONTROL SIGNAL,CLEAR,DAYLIGHT,Y-INTERSECTION,DRY,DEBRIS ON ROADWAY,9,5,12
Honda Amaze,NO CONTROLS,RAIN,DAYLIGHT,NOT DIVIDED,WET,NO DEFECTS,15,1,9
Renault Kiger,STOP SIGN/FLASHER,CLOUDY/OVERCAST,DAYLIGHT,ONE-WAY,WET,WORN SURFACE,17,4,10
Tata Altroz,NO CONTROLS,RAIN,DAYLIGHT,NOT DIVIDED,WET,DEBRIS ON ROADWAY,10,5,6
Honda Amaze,STOP SIGN/FLASHER,RAIN,DAYLIGHT,ALLEY,WET,"RUT, HOLES",16,3,6
Hyundai Verna,STOP SIGN/FLASHER,CLEAR,DARKNESS,NOT DIVIDED,WET,NO DEFECTS,19,2,4
Skoda Slavia,TRAFFIC SIGNAL,CLOUDY/OVERCAST,DAWN,NOT DIVIDED,DRY,"RUT, HOLES",5,2,7
Maruti Suzuki Brezza,STOP SIGN/FLASHER,RAIN,DAYLIGHT,NOT DIVIDED,WET,NO DEFECTS,17,4,8
Skoda Slavia,NO CONTROLS,UNKNOWN,DAYLIGHT,OTHER,"SAND, MUD, DIRT",NO DEFECTS,10,1,8
Tata Altroz,NO CONTROLS,CLEAR,"DARKNESS, LIGHTED ROAD",NOT DIVIDED,DRY,"RUT, HOLES",6,2,5
Mahindra XUV700,NO CONTROLS,UNKNOWN,DAYLIGHT,T-INTERSECTION,DRY,NO DEFECTS,15,6,12
Tata Nexon,NO CONTROLS,CLEAR,DAYLIGHT,NOT DIVIDED,DRY,WORN SURFACE,8,2,3
Kia Sonet,STOP SIGN/FLASHER,CLOUDY/OVERCAST,DARKNESS,Y-INTERSECTION,DRY,"RUT, HOLES",19,1,12
Maruti Suzuki Swift,NO CONTROLS,UNKNOWN,DARKNESS,NOT DIVIDED,DRY,WORN SURFACE,1,1,1
Skoda Slavia,NO CONTROLS,CLEAR,DARKNESS,NOT DIVIDED,OTHER,NO DEFECTS,5,7,7
Maruti Suzuki Wagon R,TRAFFIC SIGNAL,RAIN,DUSK,T-INTERSECTION,WET,NO DEFECTS,15,1,6
Tata Nexon,TRAFFIC SIGNAL,RAIN,DAYLIGHT,T-INTERSECTION,WET,"RUT, HOLES",16,4,7
Hyundai Creta,NO CONTROLS,CLEAR,DAWN,FOUR WAY,DRY,DEBRIS ON ROADWAY,18,4,8
Mahindra XUV700,TRAFFIC SIGNAL,RAIN,DAYLIGHT,NOT DIVIDED,WET,WORN SURFACE,9,7,7
Kia Sonet,OTHER WARNING SIGN,RAIN,DARKNESS,FOUR WAY,WET,WORN SURFACE,19,7,7
Honda Amaze,NO CONTROLS,RAIN,DARKNESS,NOT DIVIDED,OTHER,"RUT, HOLES",22,2,9
Honda City,NO CONTROLS,CLOUDY/OVERCAST,DAYLIGHT,"FIVE POINT, OR MORE",DRY,"RUT, HOLES",14,1,9
Nissan Magnite,OTHER WARNING SIGN,CLEAR,DUSK,NOT DIVIDED,WET,NO DEFECTS,18,4,10
Honda City,NO CONTROLS,CLEAR,DAYLIGHT,NOT DIVIDED,"SAND, MUD, DIRT","RUT, HOLES",15,1,4
Maruti Suzuki Wagon R,NO CONTROLS,CLEAR,DARKNESS,OTHER,"SAND, MUD, DIRT","RUT, HOLES",3,7,8
Tata Nexon,STOP SIGN/FLASHER,RAIN,DAYLIGHT,NOT DIVIDED,WET,NO DEFECTS,10,6,8
Toyota Fortuner,STOP SIGN/FLASHER,RAIN,DARKNESS,DRIVEWAY,WET,DEBRIS ON ROADWAY,4,7,6
Tata Harrier,NO CONTROLS,RAIN,DARKNESS,T-INTERSECTION,WET,WORN SURFACE,23,5,7
Hyundai Verna,NO CONTROLS,CLEAR,DAYLIGHT,FOUR WAY,"SAND, MUD, DIRT",NO DEFECTS,8,3,6
Honda Amaze,NO CONTROLS,CLEAR,DAYLIGHT,NOT DIVIDED,DRY,UNKNOWN,16,4,2
Nissan Magnite,TRAFFIC SIGNAL,CLEAR,DUSK,FOUR WAY,DRY,NO DEFECTS,9,2,4
Mahindra Scorpio,TRAFFIC SIGNAL,CLEAR,DAYLIGHT,NOT DIVIDED,WET,NO DEFECTS,17,4,2
Kia Sonet,PEDESTRIAN CROSSING SIGN,RAIN,"DARKNESS, LIGHTED ROAD",ONE-WAY,WET,DEBRIS ON ROADWAY,8,7,9
Toyota Fortuner,NO CONTROLS,RAIN,DUSK,NOT DIVIDED,WET,"RUT, HOLES",18,6,8
Skoda Slavia,NO CONTROLS,FOG/SMOKE/HAZE,DAWN,NOT DIVIDED,DRY,WORN SURFACE,5,1,12
Mahindra Scorpio,STOP SIGN/FLASHER,UNKNOWN,"DARKNESS, LIGHTED ROAD",NOT DIVIDED,DRY,NO DEFECTS,20,6,9
Hyundai Venue,NO CONTROLS,CLEAR,"DARKNESS, LIGHTED ROAD",ONE-WAY,OTHER,SHOULDER DEFECT,19,1,1
Maruti Suzuki Brezza,NO CONTROLS,RAIN,DAWN,FOUR WAY,WET,SHOULDER DEFECT,17,4,11
Honda City,NO CONTROLS,FOG/SMOKE/HAZE,DARKNESS,T-INTERSECTION,DRY,"RUT, HOLES",5,6,11
Tata Punch,NO CONTROLS,UNKNOWN,DUSK,NOT DIVIDED,OTHER,WORN SURFACE,8,1,7
Maruti Suzuki Brezza,STOP SIGN/FLASHER,SLEET/HAIL,DARKNESS,NOT DIVIDED,WET,OTHER,20,3,8
Hyundai i20,OTHER,CLOUDY/OVERCAST,DAWN,NOT DIVIDED,DRY,"RUT, HOLES",6,2,12
Mahindra XUV700,NO CONTROLS,CLEAR,DAYLIGHT,NOT DIVIDED,DRY,"RUT, HOLES",7,7,7
Kia Sonet,TRAFFIC SIGNAL,FOG/SMOKE/HAZE,DAYLIGHT,DIVIDED - W/MEDIAN BARRIER,OTHER,WORN SURFACE,9,2,11
Hyundai Venue,OTHER,RAIN,DAYLIGHT,NOT DIVIDED,"SAND, MUD, DIRT",NO DEFECTS,9,5,1
Kia Sonet,NO CONTROLS,CLEAR,"DARKNESS, LIGHTED ROAD",NOT DIVIDED,DRY,OTHER,8,3,3
Honda City,PEDESTRIAN CROSSING SIGN,RAIN,DAYLIGHT,Y-INTERSECTION,WET,NO DEFECTS,15,4,7
Kia Sonet,TRAFFIC SIGNAL,RAIN,DAYLIGHT,UNKNOWN,OTHER,NO DEFECTS,12,2,8
Maruti Suzuki Brezza,NO CONTROLS,CLOUDY/OVERCAST,DAWN,FOUR WAY,DRY,WORN SURFACE,6,6,10
Toyota Innova,OTHER,CLEAR,DAYLIGHT,NOT DIVIDED,DRY,"RUT, HOLES",15,5,12
Kia Seltos,TRAFFIC SIGNAL,RAIN,DAYLIGHT,NOT DIVIDED,WET,NO DEFECTS,12,1,6
Maruti Suzuki Swift,NO CONTROLS,FOG/SMOKE/HAZE,DAYLIGHT,NOT DIVIDED,"SAND, MUD, DIRT",NO DEFECTS,17,7,1
Maruti Suzuki Brezza,TRAFFIC SIGNAL,CLOUDY/OVERCAST,DARKNESS,T-INTERSECTION,OTHER,DEBRIS ON ROADWAY,5,7,10
Nissan Magnite,STOP SIGN/FLASHER,RAIN,DAYLIGHT,NOT DIVIDED,"SAND, MUD, DIRT","RUT, HOLES",16,3,8
Volkswagen Virtus,TRAFFIC SIGNAL,CLOUDY/OVERCAST,DAYLIGHT,NOT DIVIDED,OTHER,NO DEFECTS,13,3,3
Tata Harrier,STOP SIGN/FLASHER,UNKNOWN,DAYLIGHT,NOT DIVIDED,"SAND, MUD, DIRT",WORN SURFACE,12,4,7
Hyundai i20,NO CONTROLS,CLEAR,DAYLIGHT,FOUR WAY,DRY,"RUT, HOLES",8,5,9
Maruti Suzuki Swift,STOP SIGN/FLASHER,RAIN,DARKNESS,NOT DIVIDED,WET,"RUT, HOLES",1,3,10
Honda City,TRAFFIC SIGNAL,CLEAR,DARKNESS,NOT DIVIDED,"SAND, MUD, DIRT",NO DEFECTS,19,6,7
Tata Altroz,TRAFFIC SIGNAL,CLEAR,DAYLIGHT,DIVIDED - W/MEDIAN (NOT RAISED),DRY,NO DEFECTS,10,1,5
Kia Seltos,TRAFFIC SIGNAL,CLEAR,DAYLIGHT,NOT DIVIDED,"SAND, MUD, DIRT","RUT, HOLES",17,4,12
Maruti Suzuki Swift,TRAFFIC SIGNAL,RAIN,DARKNESS,NOT DIVIDED,"SAND, MUD, DIRT",NO DEFECTS,22,5,8
Toyota Innova,OTHER WARNING SIGN,FOG/SMOKE/HAZE,DAWN,NOT DIVIDED,DRY,"RUT, HOLES",10,6,6
Mahindra XUV700,TRAFFIC SIGNAL,FOG/SMOKE/HAZE,DAYLIGHT,ONE-WAY,DRY,NO DEFECTS,8,7,5
Hyundai i20,PEDESTRIAN CROSSING SIGN,CLEAR,DAYLIGHT,OTHER,DRY,NO DEFECTS,9,2,9
Honda City,NO CONTROLS,CLEAR,"DARKNESS, LIGHTED ROAD",Y-INTERSECTION,DRY,WORN SURFACE,21,2,4
Maruti Suzuki Wagon R,NO CONTROLS,CLEAR,DAYLIGHT,DIVIDED - W/MEDIAN (NOT RAISED),WET,"RUT, HOLES",17,3,3
Honda City,NO CONTROLS,RAIN,DAYLIGHT,"FIVE POINT, OR MORE",WET,NO DEFECTS,17,4,7
Maruti Suzuki Swift,STOP SIGN/FLASHER,CLEAR,DAYLIGHT,NOT DIVIDED,OTHER,NO DEFECTS,13,7,5
Kia Sonet,UNKNOWN,OTHER,DARKNESS,T-INTERSECTION,DRY,NO DEFECTS,19,1,8
Volkswagen Virtus,NO CONTROLS,CLEAR,DAYLIGHT,T-INTERSECTION,"SAND, MUD, DIRT","RUT, HOLES",17,6,2
Hyundai Venue,STOP SIGN/FLASHER,RAIN,DAYLIGHT,NOT DIVIDED,WET,"RUT, HOLES",9,2,8
Toyota Fortuner,NO CONTROLS,UNKNOWN,DAYLIGHT,NOT DIVIDED,DRY,NO DEFECTS,16,7,5
Volkswagen Virtus,TRAFFIC SIGNAL,CLOUDY/OVERCAST,DAYLIGHT,"FIVE POINT, OR MORE",DRY,"RUT, HOLES",13,3,1
Hyundai Venue,NO CONTROLS,CLEAR,DARKNESS,ONE-WAY,DRY,NO DEFECTS,0,5,2
Maruti Suzuki Brezza,STOP SIGN/FLASHER,CLEAR,DARKNESS,NOT DIVIDED,WET,NO DEFECTS,19,3,12
Tata Punch,NO CONTROLS,CLEAR,DARKNESS,DIVIDED - W/MEDIAN (NOT RAISED),OTHER,SHOULDER DEFECT,6,4,11
Hyundai i20,NO CONTROLS,CLEAR,DAYLIGHT,FOUR WAY,DRY,"RUT, HOLES",14,5,4
Maruti Suzuki Wagon R,NO CONTROLS,CLEAR,DAYLIGHT,UNKNOWN,DRY,WORN SURFACE,11,6,10
Hyundai Creta,TRAFFIC SIGNAL,RAIN,DAYLIGHT,T-INTERSECTION,DRY,NO DEFECTS,11,1,8
Maruti Suzuki Swift,NO CONTROLS,UNKNOWN,DARKNESS,FOUR WAY,"SAND, MUD, DIRT",NO DEFECTS,14,3,12
Tata Harrier,FLASHING CONTROL SIGNAL,CLOUDY/OVERCAST,"DARKNESS, LIGHTED ROAD",CENTER TURN LANE,DRY,"RUT, HOLES",23,5,6
Hyundai Verna,NO CONTROLS,CLOUDY/OVERCAST,DAYLIGHT,FOUR WAY,DRY,"RUT, HOLES",12,5,9
Toyota Innova,NO CONTROLS,CLEAR,DAYLIGHT,UNKNOWN INTERSECTION TYPE,DRY,"RUT, HOLES",7,6,1
Hyundai Creta,TRAFFIC SIGNAL,RAIN,DAYLIGHT,NOT DIVIDED,WET,"RUT, HOLES",16,7,6
Mahindra Scorpio,NO CONTROLS,CLEAR,DUSK,T-INTERSECTION,DRY,NO DEFECTS,8,1,12
Mahindra Thar,STOP SIGN/FLASHER,RAIN,DARKNESS,FOUR WAY,WET,"RUT, HOLES",5,6,8
Nissan Magnite,NO CONTROLS,CLEAR,"DARKNESS, LIGHTED ROAD",DIVIDED - W/MEDIAN (NOT RAISED),DRY,WORN SURFACE,2,3,5
Maruti Suzuki Swift,TRAFFIC SIGNAL,CLEAR,"DARKNESS, LIGHTED ROAD",NOT DIVIDED,DRY,"RUT, HOLES",0,4,2
Maruti Suzuki Wagon R,NO CONTROLS,SLEET/HAIL,DAYLIGHT,ALLEY,WET,NO DEFECTS,13,5,9
Honda City,TRAFFIC SIGNAL,CLOUDY/OVERCAST,DAYLIGHT,NOT DIVIDED,DRY,NO DEFECTS,13,2,8
Honda Amaze,STOP SIGN/FLASHER,CLEAR,DAYLIGHT,NOT DIVIDED,DRY,WORN SURFACE,7,3,6
Hyundai Verna,STOP SIGN/FLASHER,FOG/SMOKE/HAZE,DARKNESS,T-INTERSECTION,DRY,NO DEFECTS,18,7,12
Maruti Suzuki Wagon R,LANE USE MARKING,UNKNOWN,UNKNOWN,DIVIDED - W/MEDIAN (NOT RAISED),DRY,"RUT, HOLES",6,2,1
Hyundai i20,TRAFFIC SIGNAL,CLEAR,DAWN,NOT DIVIDED,DRY,OTHER,21,1,5
Hyundai Creta,TRAFFIC SIGNAL,FOG/SMOKE/HAZE,DAYLIGHT,Y-INTERSECTION,"SAND, MUD, DIRT",NO DEFECTS,11,6,12
Tata Punch,TRAFFIC SIGNAL,RAIN,DARKNESS,NOT DIVIDED,WET,NO DEFECTS,1,4,6
Mahindra XUV700,NO CONTROLS,CLEAR,"DARKNESS, LIGHTED ROAD",NOT DIVIDED,WET,"RUT, HOLES",22,6,5
Honda Amaze,TRAFFIC SIGNAL,RAIN,DAYLIGHT,NOT DIVIDED,WET,NO DEFECTS,10,3,7
Honda Amaze,NO CONTROLS,FOG/SMOKE/HAZE,DAYLIGHT,CENTER TURN LANE,DRY,NO DEFECTS,8,2,10
Volkswagen Virtus,NO CONTROLS,CLEAR,DAYLIGHT,NOT DIVIDED,WET,NO DEFECTS,9,2,2
Hyundai i20,NO CONTROLS,CLEAR,DAWN,NOT DIVIDED,DRY,NO DEFECTS,18,2,12
Tata Punch,OTHER,CLEAR,DAYLIGHT,DIVIDED - W/MEDIAN (NOT RAISED),DRY,SHOULDER DEFECT,14,2,10
Hyundai Venue,TRAFFIC SIGNAL,CLOUDY/OVERCAST,"DARKNESS, LIGHTED ROAD",NOT DIVIDED,DRY,WORN SURFACE,6,2,3
Hyundai Creta,NO CONTROLS,RAIN,DARKNESS,L-INTERSECTION,WET,NO DEFECTS,5,6,9
Tata Harrier,NO CONTROLS,RAIN,DUSK,ALLEY,WET,DEBRIS ON ROADWAY,18,5,6
Skoda Slavia,STOP SIGN/FLASHER,RAIN,DAYLIGHT,NOT DIVIDED,WET,"RUT, HOLES",8,3,6
Maruti Suzuki Wagon R,STOP SIGN/FLASHER,FREEZING RAIN/DRIZZLE,"DARKNESS, LIGHTED ROAD",T-INTERSECTION,WET,"RUT, HOLES",6,3,10
Mahindra Scorpio,STOP SIGN/FLASHER,RAIN,DARKNESS,NOT DIVIDED,OTHER,NO DEFECTS,14,7,12
Maruti Suzuki Baleno,STOP SIGN/FLASHER,CLEAR,DARKNESS,NOT DIVIDED,DRY,WORN SURFACE,19,2,2
Honda Amaze,TRAFFIC SIGNAL,RAIN,DAYLIGHT,NOT DIVIDED,WET,NO DEFECTS,9,7,7
Tata Altroz,OTHER,CLOUDY/OVERCAST,DAYLIGHT,FOUR WAY,OTHER,NO DEFECTS,9,6,7
Tata Nexon,NO CONTROLS,RAIN,"DARKNESS, LIGHTED ROAD",DIVIDED - W/MEDIAN (NOT RAISED),WET,NO DEFECTS,19,5,6
Mahindra Thar,YIELD,CLEAR,DAYLIGHT,T-INTERSECTION,UNKNOWN,NO DEFECTS,7,5,6
Maruti Suzuki Wagon R,NO CONTROLS,FOG/SMOKE/HAZE,DAYLIGHT,NOT DIVIDED,DRY,WORN SURFACE,13,4,1
Honda City,NO CONTROLS,RAIN,DARKNESS,NOT DIVIDED,WET,NO DEFECTS,22,4,9
Hyundai Verna,NO CONTROLS,RAIN,DARKNESS,OTHER,WET,"RUT, HOLES",19,6,7
Volkswagen Virtus,NO CONTROLS,CLEAR,DARKNESS,NOT DIVIDED,DRY,NO DEFECTS,3,6,3
Hyundai Venue,OTHER WARNING SIGN,UNKNOWN,DAYLIGHT,FOUR WAY,DRY,"RUT, HOLES",10,5,10
Mahindra XUV700,NO CONTROLS,CLEAR,DAYLIGHT,ONE-WAY,DRY,NO DEFECTS,7,6,10
Tata Harrier,TRAFFIC SIGNAL,RAIN,"DARKNESS, LIGHTED ROAD",NOT DIVIDED,WET,"RUT, HOLES",22,6,7
Renault Kiger,TRAFFIC SIGNAL,CLEAR,DARKNESS,Y-INTERSECTION,DRY,NO DEFECTS,23,3,5
Hyundai Venue,STOP SIGN/FLASHER,RAIN,DAYLIGHT,T-INTERSECTION,WET,NO DEFECTS,8,5,8
Renault Kiger,NO CONTROLS,CLEAR,DAYLIGHT,FOUR WAY,OTHER,NO DEFECTS,17,4,5
Nissan Magnite,STOP SIGN/FLASHER,OTHER,DUSK,NOT DIVIDED,DRY,"RUT, HOLES",19,1,4
Toyota Innova,STOP SIGN/FLASHER,RAIN,DAYLIGHT,FOUR WAY,DRY,NO DEFECTS,8,5,9
Mahindra Thar,UNKNOWN,CLEAR,UNKNOWN,DIVIDED - W/MEDIAN BARRIER,DRY,"RUT, HOLES",7,5,1
Maruti Suzuki Swift,STOP SIGN/FLASHER,FOG/SMOKE/HAZE,DARKNESS,T-INTERSECTION,DRY,NO DEFECTS,1,1,1
Honda Amaze,OTHER REG. SIGN,CLOUDY/OVERCAST,DAYLIGHT,DIVIDED - W/MEDIAN (NOT RAISED),DRY,DEBRIS ON ROADWAY,12,1,1
Maruti Suzuki Brezza,STOP SIGN/FLASHER,UNKNOWN,DARKNESS,T-INTERSECTION,"SAND, MUD, DIRT",NO DEFECTS,21,2,2
Kia Sonet,NO CONTROLS,CLEAR,"DARKNESS, LIGHTED ROAD",NOT REPORTED,"SAND, MUD, DIRT",NO DEFECTS,21,6,1
Maruti Suzuki Swift,NO CONTROLS,RAIN,DUSK,NOT DIVIDED,WET,NO DEFECTS,6,1,12
Nissan Magnite,TRAFFIC SIGNAL,RAIN,DAYLIGHT,FOUR WAY,WET,NO DEFECTS,8,4,5
Nissan Magnite,STOP SIGN/FLASHER,CLEAR,DAYLIGHT,ONE-WAY,DRY,DEBRIS ON ROADWAY,12,2,2
Tata Altroz,NO CONTROLS,CLEAR,DAYLIGHT,FOUR WAY,WET,NO DEFECTS,18,2,4
Tata Nexon,NO CONTROLS,UNKNOWN,DAYLIGHT,NOT DIVIDED,DRY,WORN SURFACE,16,6,12
Skoda Slavia,NO CONTROLS,UNKNOWN,DAWN,DIVIDED - W/MEDIAN BARRIER,"SAND, MUD, DIRT",NO DEFECTS,14,7,7
Kia Sonet,STOP SIGN/FLASHER,CLEAR,DAYLIGHT,CENTER TURN LANE,DRY,WORN SURFACE,16,5,6
Maruti Suzuki Swift,TRAFFIC SIGNAL,CLEAR,DAWN,T-INTERSECTION,"SAND, MUD, DIRT",SHOULDER DEFECT,5,7,11
Hyundai Venue,STOP SIGN/FLASHER,RAIN,DAYLIGHT,DIVIDED - W/MEDIAN (NOT RAISED),WET,UNKNOWN,14,7,6
Mahindra Scorpio,TRAFFIC SIGNAL,RAIN,"DARKNESS, LIGHTED ROAD",NOT DIVIDED,DRY,NO DEFECTS,23,2,6
Maruti Suzuki Baleno,TRAFFIC SIGNAL,CLEAR,DAWN,NOT DIVIDED,DRY,WORN SURFACE,5,5,4
Kia Sonet,STOP SIGN/FLASHER,CLOUDY/OVERCAST,DAYLIGHT,T-INTERSECTION,DRY,NO DEFECTS,14,6,6
Mahindra Thar,NO CONTROLS,CLEAR,DAYLIGHT,FOUR WAY,DRY,NO DEFECTS,10,5,6
Kia Sonet,OTHER,RAIN,DAYLIGHT,NOT DIVIDED,WET,"RUT, HOLES",15,6,9
Renault Kiger,NO CONTROLS,FOG/SMOKE/HAZE,DAYLIGHT,NOT DIVIDED,DRY,"RUT, HOLES",10,5,5
Kia Sonet,NO CONTROLS,CLOUDY/OVERCAST,DAYLIGHT,NOT DIVIDED,WET,"RUT, HOLES",15,3,8
Tata Altroz,NO CONTROLS,CLOUDY/OVERCAST,"DARKNESS, LIGHTED ROAD",T-INTERSECTION,WET,OTHER,20,6,1
Mahindra Scorpio,NO CONTROLS,OTHER,"DARKNESS, LIGHTED ROAD",NOT DIVIDED,WET,WORN SURFACE,12,5,3
Honda City,STOP SIGN/FLASHER,CLEAR,DAYLIGHT,NOT DIVIDED,DRY,NO DEFECTS,14,5,6
Toyota Innova,NO CONTROLS,CLEAR,DARKNESS,NOT DIVIDED,OTHER,"RUT, HOLES",0,1,12
Hyundai Creta,STOP SIGN/FLASHER,CLEAR,DUSK,DIVIDED - W/MEDIAN BARRIER,DRY,NO DEFECTS,18,1,6
Kia Seltos,STOP SIGN/FLASHER,CLEAR,DAWN,NOT DIVIDED,"SAND, MUD, DIRT","RUT, HOLES",9,6,9
Volkswagen Virtus,STOP SIGN/FLASHER,CLEAR,DARKNESS,FOUR WAY,DRY,"RUT, HOLES",19,4,5
Tata Altroz,NO CONTROLS,CLOUDY/OVERCAST,UNKNOWN,NOT DIVIDED,"SAND, MUD, DIRT",WORN SURFACE,9,2,2
Toyota Innova,TRAFFIC SIGNAL,FOG/SMOKE/HAZE,DARKNESS,DIVIDED - W/MEDIAN (NOT RAISED),DRY,DEBRIS ON ROADWAY,1,1,1
Renault Kiger,STOP SIGN/FLASHER,CLEAR,DAYLIGHT,FOUR WAY,WET,NO DEFECTS,7,3,5
Honda City,NO CONTROLS,CLEAR,DARKNESS,NOT DIVIDED,DRY,DEBRIS ON ROADWAY,23,3,3
Tata Nexon,OTHER,CLOUDY/OVERCAST,DUSK,NOT DIVIDED,WET,"RUT, HOLES",10,7,3
Tata Punch,NO CONTROLS,OTHER,DAWN,DIVIDED - W/MEDIAN (NOT RAISED),DRY,NO DEFECTS,6,6,9
Maruti Suzuki Brezza,TRAFFIC SIGNAL,CLEAR,DAWN,NOT DIVIDED,WET,NO DEFECTS,6,1,1
Maruti Suzuki Wagon R,TRAFFIC SIGNAL,UNKNOWN,DAYLIGHT,NOT DIVIDED,DRY,"RUT, HOLES",10,6,8
Renault Kiger,NO CONTROLS,RAIN,DARKNESS,ALLEY,DRY,NO DEFECTS,1,5,6
Honda Amaze,OTHER,CLOUDY/OVERCAST,DAYLIGHT,T-INTERSECTION,DRY,NO DEFECTS,14,2,7
Maruti Suzuki Baleno,NO CONTROLS,CLEAR,DAYLIGHT,NOT DIVIDED,DRY,"RUT, HOLES",8,6,8
Kia Sonet,TRAFFIC SIGNAL,CLOUDY/OVERCAST,DAYLIGHT,DIVIDED - W/MEDIAN (NOT RAISED),"SAND, MUD, DIRT",NO DEFECTS,14,1,6
Honda Amaze,NO CONTROLS,CLEAR,DARKNESS,TRAFFIC ROUTE,"SAND, MUD, DIRT",DEBRIS ON ROADWAY,6,6,5
Tata Harrier,STOP SIGN/FLASHER,SLEET/HAIL,DAYLIGHT,NOT DIVIDED,WET,SHOULDER DEFECT,13,7,9
Kia Sonet,OTHER REG. SIGN,UNKNOWN,DAYLIGHT,"FIVE POINT, OR MORE",OTHER,"RUT, HOLES",16,7,11
Maruti Suzuki Brezza,STOP SIGN/FLASHER,CLEAR,"DARKNESS, LIGHTED ROAD",T-INTERSECTION,DRY,NO DEFECTS,3,6,3
Mahindra Scorpio,NO CONTROLS,CLEAR,DAYLIGHT,DIVIDED - W/MEDIAN (NOT RAISED),DRY,"RUT, HOLES",12,7,2
Tata Punch,STOP SIGN/FLASHER,CLEAR,DAYLIGHT,NOT REPORTED,DRY,"RUT, HOLES",10,6,11
Hyundai Venue,TRAFFIC SIGNAL,RAIN,DAYLIGHT,NOT DIVIDED,WET,DEBRIS ON ROADWAY,8,6,6
Hyundai Verna,STOP SIGN/FLASHER,RAIN,DAYLIGHT,NOT DIVIDED,WET,NO DEFECTS,16,1,8
Tata Altroz,PEDESTRIAN CROSSING SIGN,RAIN,DARKNESS,NOT DIVIDED,WET,WORN SURFACE,16,2,6
Mahindra Thar,YIELD,RAIN,DAYLIGHT,T-INTERSECTION,WET,"RUT, HOLES",16,6,2
Honda City,NO CONTROLS,RAIN,DUSK,NOT DIVIDED,WET,NO DEFECTS,7,7,8
Tata Harrier,TRAFFIC SIGNAL,RAIN,DAYLIGHT,NOT DIVIDED,WET,NO DEFECTS,9,6,7
Honda City,LANE USE MARKING,FOG/SMOKE/HAZE,DAYLIGHT,FOUR WAY,DRY,WORN SURFACE,6,5,4
Honda Amaze,NO CONTROLS,CLEAR,DAYLIGHT,NOT DIVIDED,DRY,NO DEFECTS,15,2,7
Maruti Suzuki Baleno,NO CONTROLS,UNKNOWN,DAYLIGHT,NOT DIVIDED,DRY,UNKNOWN,13,7,10
Kia Sonet,NO CONTROLS,RAIN,UNKNOWN,NOT DIVIDED,OTHER,DEBRIS ON ROADWAY,10,5,8
Tata Punch,NO CONTROLS,CLOUDY/OVERCAST,DAYLIGHT,DIVIDED - W/MEDIAN BARRIER,DRY,"RUT, HOLES",18,4,2
Tata Nexon,UNKNOWN,CLEAR,DARKNESS,UNKNOWN INTERSECTION TYPE,"SAND, MUD, DIRT","RUT, HOLES",5,7,8
Maruti Suzuki Swift,NO CONTROLS,CLOUDY/OVERCAST,DARKNESS,FOUR WAY,DRY,NO DEFECTS,23,7,9
Honda Amaze,NO CONTROLS,CLEAR,DAYLIGHT,NOT DIVIDED,DRY,DEBRIS ON ROADWAY,6,3,10
Mahindra Thar,NO CONTROLS,RAIN,DAWN,NOT DIVIDED,WET,"RUT, HOLES",18,4,8
Maruti Suzuki Brezza,NO CONTROLS,CLEAR,DAYLIGHT,NOT DIVIDED,WET,"RUT, HOLES",11,1,2
Maruti Suzuki Brezza,STOP SIGN/FLASHER,RAIN,DARKNESS,Y-INTERSECTION,UNKNOWN,SHOULDER DEFECT,20,7,9
Mahindra Scorpio,TRAFFIC SIGNAL,CLOUDY/OVERCAST,DARKNESS,FOUR WAY,DRY,NO DEFECTS,3,1,9
Maruti Suzuki Wagon R,STOP SIGN/FLASHER,FOG/SMOKE/HAZE,DAYLIGHT,NOT DIVIDED,DRY,"RUT, HOLES",7,7,1
Honda Amaze,NO CONTROLS,CLEAR,DAYLIGHT,NOT DIVIDED,DRY,"RUT, HOLES",11,2,6
Tata Altroz,TRAFFIC SIGNAL,OTHER,"DARKNESS, LIGHTED ROAD",DIVIDED - W/MEDIAN (NOT RAISED),DRY,NO DEFECTS,23,7,6
Honda City,LANE USE MARKING,OTHER,"DARKNESS, LIGHTED ROAD",ONE-WAY,"SAND, MUD, DIRT",NO DEFECTS,23,4,9
Toyota Innova,STOP SIGN/FLASHER,BLOWING SNOW,DAYLIGHT,CENTER TURN LANE,SNOW OR SLUSH,"RUT, HOLES",8,5,4
Renault Kiger,NO CONTROLS,UNKNOWN,"DARKNESS, LIGHTED ROAD",NOT DIVIDED,DRY,"RUT, HOLES",16,1,8
Mahindra Scorpio,NO CONTROLS,FOG/SMOKE/HAZE,DUSK,DIVIDED - W/MEDIAN BARRIER,OTHER,NO DEFECTS,9,4,11
Hyundai Creta,NO CONTROLS,CLEAR,DAYLIGHT,NOT DIVIDED,DRY,DEBRIS ON ROADWAY,7,4,10
Renault Kiger,TRAFFIC SIGNAL,CLEAR,DAYLIGHT,NOT DIVIDED,WET,NO DEFECTS,7,1,12
Maruti Suzuki Wagon R,TRAFFIC SIGNAL,FOG/SMOKE/HAZE,DAWN,NOT DIVIDED,WET,"RUT, HOLES",22,5,12
Hyundai Venue,NO CONTROLS,CLEAR,DAYLIGHT,NOT DIVIDED,DRY,NO DEFECTS,13,6,1
Hyundai Verna,NO CONTROLS,CLOUDY/OVERCAST,DUSK,NOT DIVIDED,DRY,NO DEFECTS,6,1,8
Nissan Magnite,STOP SIGN/FLASHER,FOG/SMOKE/HAZE,DAWN,NOT DIVIDED,DRY,"RUT, HOLES",6,4,6
Honda Amaze,NO CONTROLS,CLEAR,UNKNOWN,Y-INTERSECTION,OTHER,"RUT, HOLES",9,1,11
Hyundai Venue,PEDESTRIAN CROSSING SIGN,CLOUDY/OVERCAST,DAYLIGHT,NOT DIVIDED,"SAND, MUD, DIRT",WORN SURFACE,14,7,5
Hyundai Verna,TRAFFIC SIGNAL,CLEAR,DAYLIGHT,NOT DIVIDED,DRY,"RUT, HOLES",11,2,12
Maruti Suzuki Brezza,STOP SIGN/FLASHER,CLEAR,"DARKNESS, LIGHTED ROAD",NOT DIVIDED,DRY,NO DEFECTS,13,1,8
Maruti Suzuki Swift,NO CONTROLS,CLOUDY/OVERCAST,UNKNOWN,DRIVEWAY,DRY,"RUT, HOLES",7,7,10
Volkswagen Virtus,TRAFFIC SIGNAL,FOG/SMOKE/HAZE,DAYLIGHT,NOT DIVIDED,DRY,NO DEFECTS,7,4,1
Mahindra XUV700,STOP SIGN/FLASHER,RAIN,DUSK,NOT DIVIDED,WET,NO DEFECTS,3,1,3
Hyundai Creta,TRAFFIC SIGNAL,OTHER,DAYLIGHT,TRAFFIC ROUTE,WET,DEBRIS ON ROADWAY,20,5,9
Maruti Suzuki Brezza,NO CONTROLS,CLEAR,DAYLIGHT,FOUR WAY,DRY,"RUT, HOLES",8,6,1
Honda City,NO CONTROLS,CLEAR,DAWN,NOT DIVIDED,"SAND, MUD, DIRT",NO DEFECTS,18,5,10
Honda Amaze,TRAFFIC SIGNAL,RAIN,DAYLIGHT,NOT DIVIDED,WET,WORN SURFACE,11,3,1
Honda Amaze,STOP SIGN/FLASHER,RAIN,DAYLIGHT,NOT DIVIDED,WET,WORN SURFACE,14,4,8
Tata Nexon,NO CONTROLS,UNKNOWN,DAWN,DIVIDED - W/MEDIAN (NOT RAISED),"SAND, MUD, DIRT",WORN SURFACE,10,7,6
Tata Harrier,NO CONTROLS,RAIN,DAYLIGHT,T-INTERSECTION,WET,"RUT, HOLES",17,5,8
Tata Altroz,NO CONTROLS,CLEAR,DARKNESS,NOT DIVIDED,"SAND, MUD, DIRT","RUT, HOLES",19,4,9
Toyota Fortuner,TRAFFIC SIGNAL,RAIN,DARKNESS,Y-INTERSECTION,WET,WORN SURFACE,9,6,6
Tata Altroz,NO CONTROLS,CLEAR,"DARKNESS, LIGHTED ROAD",NOT DIVIDED,WET,WORN SURFACE,8,1,2
Nissan Magnite,STOP SIGN/FLASHER,OTHER,DAYLIGHT,NOT DIVIDED,"SAND, MUD, DIRT","RUT, HOLES",17,3,1
Toyota Fortuner,STOP SIGN/FLASHER,RAIN,DARKNESS,NOT DIVIDED,WET,"RUT, HOLES",8,2,8
Toyota Fortuner,TRAFFIC SIGNAL,RAIN,DAYLIGHT,NOT DIVIDED,WET,NO DEFECTS,16,6,7
Hyundai Verna,NO CONTROLS,RAIN,DARKNESS,NOT DIVIDED,WET,NO DEFECTS,5,5,9
Mahindra Scorpio,NO CONTROLS,RAIN,DAYLIGHT,RAMP,WET,DEBRIS ON ROADWAY,16,6,7
Maruti Suzuki Brezza,NO CONTROLS,CLEAR,DAYLIGHT,NOT DIVIDED,DRY,DEBRIS ON ROADWAY,14,4,7
Hyundai i20,NO CONTROLS,RAIN,DARKNESS,DIVIDED - W/MEDIAN (NOT RAISED),UNKNOWN,WORN SURFACE,6,2,6
Toyota Fortuner,STOP SIGN/FLASHER,CLEAR,DAYLIGHT,NOT DIVIDED,WET,NO DEFECTS,17,2,1
Hyundai Verna,NO CONTROLS,RAIN,DAYLIGHT,NOT DIVIDED,WET,NO DEFECTS,13,7,6
Hyundai Verna,OTHER WARNING SIGN,FOG/SMOKE/HAZE,"DARKNESS, LIGHTED ROAD",FOUR WAY,WET,NO DEFECTS,6,1,12
Honda Amaze,STOP SIGN/FLASHER,SLEET/HAIL,DAYLIGHT,DIVIDED - W/MEDIAN (NOT RAISED),WET,WORN SURFACE,11,5,11
Honda Amaze,NO CONTROLS,RAIN,DAYLIGHT,NOT DIVIDED,"SAND, MUD, DIRT",NO DEFECTS,14,2,6
Mahindra XUV700,STOP SIGN/FLASHER,CLOUDY/OVERCAST,"DARKNESS, LIGHTED ROAD",Y-INTERSECTION,DRY,WORN SURFACE,5,2,8
Skoda Slavia,YIELD,CLOUDY/OVERCAST,"DARKNESS, LIGHTED ROAD",DIVIDED - W/MEDIAN (NOT RAISED),DRY,WORN SURFACE,22,1,11
Maruti Suzuki Baleno,YIELD,RAIN,DAYLIGHT,NOT DIVIDED,WET,"RUT, HOLES",17,7,7
Toyota Fortuner,UNKNOWN,FOG/SMOKE/HAZE,DARKNESS,ONE-WAY,UNKNOWN,DEBRIS ON ROADWAY,5,1,1
Hyundai Creta,OTHER,FOG/SMOKE/HAZE,"DARKNESS, LIGHTED ROAD",NOT DIVIDED,DRY,DEBRIS ON ROADWAY,18,2,1
Tata Punch,NO CONTROLS,RAIN,UNKNOWN,NOT DIVIDED,WET,WORN SURFACE,10,3,7
Hyundai Creta,NO CONTROLS,FOG/SMOKE/HAZE,DAYLIGHT,DIVIDED - W/MEDIAN (NOT RAISED),DRY,NO DEFECTS,11,4,12
Mahindra Scorpio,STOP SIGN/FLASHER,RAIN,DAYLIGHT,ONE-WAY,WET,DEBRIS ON ROADWAY,9,7,9
Mahindra Thar,TRAFFIC SIGNAL,FOG/SMOKE/HAZE,DAYLIGHT,NOT DIVIDED,DRY,NO DEFECTS,17,2,1
Hyundai i20,NO CONTROLS,CLOUDY/OVERCAST,DARKNESS,OTHER,DRY,NO DEFECTS,18,6,3
Hyundai i20,NO CONTROLS,FOG/SMOKE/HAZE,DAYLIGHT,T-INTERSECTION,DRY,WORN SURFACE,9,5,10
Hyundai i20,UNKNOWN,FOG/SMOKE/HAZE,DARKNESS,ONE-WAY,DRY,NO DEFECTS,6,4,11
Mahindra Thar,LANE USE MARKING,CLOUDY/OVERCAST,DAYLIGHT,UNKNOWN,DRY,"RUT, HOLES",9,3,8
Kia Sonet,NO CONTROLS,RAIN,DAYLIGHT,OTHER,WET,"RUT, HOLES",12,2,8
Maruti Suzuki Wagon R,NO CONTROLS,UNKNOWN,DUSK,NOT DIVIDED,DRY,"RUT, HOLES",7,2,1
Hyundai Verna,OTHER,CLOUDY/OVERCAST,DAYLIGHT,FOUR WAY,DRY,OTHER,11,3,10
Hyundai i20,STOP SIGN/FLASHER,CLEAR,DAYLIGHT,Y-INTERSECTION,DRY,WORN SURFACE,17,2,10
Hyundai Venue,TRAFFIC SIGNAL,CLEAR,DARKNESS,DIVIDED - W/MEDIAN (NOT RAISED),DRY,NO DEFECTS,19,7,5
Maruti Suzuki Swift,NO CONTROLS,RAIN,DAYLIGHT,T-INTERSECTION,WET,NO DEFECTS,11,4,9
Honda Amaze,TRAFFIC SIGNAL,CLOUDY/OVERCAST,DAYLIGHT,NOT DIVIDED,DRY,OTHER,8,5,4
Tata Punch,NO CONTROLS,CLEAR,DARKNESS,DIVIDED - W/MEDIAN BARRIER,DRY,"RUT, HOLES",19,5,1
Nissan Magnite,OTHER,CLOUDY/OVERCAST,DARKNESS,ONE-WAY,WET,NO DEFECTS,20,2,3
Mahindra Scorpio,NO CONTROLS,CLOUDY/OVERCAST,DAYLIGHT,ALLEY,WET,"RUT, HOLES",12,4,3
Kia Sonet,STOP SIGN/FLASHER,RAIN,DARKNESS,T-INTERSECTION,WET,NO DEFECTS,0,1,6
Honda Amaze,STOP SIGN/FLASHER,UNKNOWN,DUSK,Y-INTERSECTION,DRY,NO DEFECTS,17,7,7
Toyota Innova,TRAFFIC SIGNAL,RAIN,DUSK,NOT DIVIDED,WET,"RUT, HOLES",18,4,7
Maruti Suzuki Wagon R,NO CONTROLS,CLOUDY/OVERCAST,DARKNESS,DIVIDED - W/MEDIAN BARRIER,UNKNOWN,NO DEFECTS,0,1,7
Renault Kiger,TRAFFIC SIGNAL,CLEAR,DAYLIGHT,"FIVE POINT, OR MORE",DRY,NO DEFECTS,16,5,5
Renault Kiger,NO CONTROLS,CLOUDY/OVERCAST,DUSK,DIVIDED - W/MEDIAN BARRIER,DRY,"RUT, HOLES",16,1,1
Volkswagen Virtus,OTHER,RAIN,DAYLIGHT,FOUR WAY,WET,SHOULDER DEFECT,12,6,8
Tata Altroz,NO CONTROLS,RAIN,DAYLIGHT,UNKNOWN INTERSECTION TYPE,WET,WORN SURFACE,18,7,6
Mahindra XUV700,TRAFFIC SIGNAL,OTHER,DAYLIGHT,NOT DIVIDED,DRY,"RUT, HOLES",13,7,5
Tata Altroz,TRAFFIC SIGNAL,RAIN,DAYLIGHT,NOT DIVIDED,"SAND, MUD, DIRT","RUT, HOLES",17,4,11
Hyundai Venue,NO CONTROLS,RAIN,DAYLIGHT,UNKNOWN,WET,WORN SURFACE,14,6,9
Maruti Suzuki Wagon R,NO CONTROLS,CLOUDY/OVERCAST,DAYLIGHT,T-INTERSECTION,DRY,WORN SURFACE,9,2,11
Toyota Innova,UNKNOWN,RAIN,DAYLIGHT,NOT DIVIDED,OTHER,NO DEFECTS,16,1,7
Maruti Suzuki Swift,NO CONTROLS,CLEAR,DUSK,NOT DIVIDED,DRY,NO DEFECTS,18,6,2
Kia Seltos,TRAFFIC SIGNAL,RAIN,"DARKNESS, LIGHTED ROAD",T-INTERSECTION,WET,WORN SURFACE,23,6,9
Tata Harrier,NO CONTROLS,RAIN,DAYLIGHT,T-INTERSECTION,WET,NO DEFECTS,12,7,4
Nissan Magnite,OTHER,RAIN,"DARKNESS, LIGHTED ROAD",NOT DIVIDED,WET,"RUT, HOLES",3,7,7
Kia Sonet,TRAFFIC SIGNAL,UNKNOWN,DARKNESS,NOT DIVIDED,WET,NO DEFECTS,23,3,1
Hyundai Creta,LANE USE MARKING,CLEAR,DAYLIGHT,DIVIDED - W/MEDIAN BARRIER,DRY,NO DEFECTS,16,3,10
Hyundai Venue,YIELD,CLEAR,"DARKNESS, LIGHTED ROAD",UNKNOWN,WET,"RUT, HOLES",22,4,2
Toyota Fortuner,STOP SIGN/FLASHER,SLEET/HAIL,DARKNESS,FOUR WAY,DRY,DEBRIS ON ROADWAY,5,5,11
Maruti Suzuki Brezza,NO CONTROLS,CLEAR,DAYLIGHT,FOUR WAY,DRY,WORN SURFACE,11,1,11
Maruti Suzuki Swift,NO CONTROLS,RAIN,"DARKNESS, LIGHTED ROAD",NOT DIVIDED,WET,NO DEFECTS,6,5,7
Maruti Suzuki Swift,NO CONTROLS,CLOUDY/OVERCAST,UNKNOWN,DIVIDED - W/MEDIAN (NOT RAISED),DRY,SHOULDER DEFECT,19,1,9
Kia Seltos,NO CONTROLS,SLEET/HAIL,DUSK,NOT DIVIDED,"SAND, MUD, DIRT","RUT, HOLES",20,4,8
Skoda Slavia,STOP SIGN/FLASHER,FOG/SMOKE/HAZE,UNKNOWN,NOT DIVIDED,DRY,NO DEFECTS,9,1,10
Tata Altroz,YIELD,RAIN,DUSK,DIVIDED - W/MEDIAN (NOT RAISED),WET,"RUT, HOLES",7,5,7
Hyundai Verna,NO CONTROLS,CLEAR,DARKNESS,NOT DIVIDED,"SAND, MUD, DIRT",NO DEFECTS,6,3,10
Tata Nexon,NO CONTROLS,CLOUDY/OVERCAST,DAYLIGHT,NOT DIVIDED,DRY,NO DEFECTS,16,4,7
Hyundai Venue,STOP SIGN/FLASHER,OTHER,"DARKNESS, LIGHTED ROAD",UNKNOWN,DRY,WORN SURFACE,14,7,12
Toyota Innova,YIELD,UNKNOWN,DUSK,NOT DIVIDED,DRY,"RUT, HOLES",17,3,7
Kia Seltos,NO CONTROLS,CLEAR,DAYLIGHT,NOT DIVIDED,DRY,"RUT, HOLES",10,6,7
Tata Harrier,NO CONTROLS,CLEAR,DAYLIGHT,FOUR WAY,DRY,NO DEFECTS,12,6,10
Tata Altroz,NO CONTROLS,CLEAR,DARKNESS,NOT DIVIDED,"SAND, MUD, DIRT",NO DEFECTS,0,7,10
Tata Punch,NO CONTROLS,RAIN,"DARKNESS, LIGHTED ROAD",FOUR WAY,WET,OTHER,16,3,8
Maruti Suzuki Brezza,TRAFFIC SIGNAL,CLOUDY/OVERCAST,DAYLIGHT,NOT DIVIDED,DRY,NO DEFECTS,13,1,3
Maruti Suzuki Brezza,TRAFFIC SIGNAL,CLEAR,DARKNESS,FOUR WAY,DRY,"RUT, HOLES",21,7,7
Tata Harrier,TRAFFIC SIGNAL,CLOUDY/OVERCAST,DAYLIGHT,OTHER,"SAND, MUD, DIRT","RUT, HOLES",16,3,12
Hyundai Creta,PEDESTRIAN CROSSING SIGN,RAIN,UNKNOWN,FOUR WAY,DRY,NO DEFECTS,12,2,9
Hyundai Verna,OTHER,CLEAR,DAYLIGHT,NOT DIVIDED,DRY,DEBRIS ON ROADWAY,9,7,10
Renault Kiger,STOP SIGN/FLASHER,FOG/SMOKE/HAZE,DARKNESS,ONE-WAY,DRY,NO DEFECTS,20,2,1
Hyundai Creta,NO CONTROLS,RAIN,DARKNESS,NOT DIVIDED,DRY,"RUT, HOLES",0,5,7
Toyota Fortuner,NO CONTROLS,RAIN,DAYLIGHT,FOUR WAY,WET,WORN SURFACE,10,6,8
Renault Kiger,STOP SIGN/FLASHER,CLEAR,DARKNESS,FOUR WAY,DRY,WORN SURFACE,22,6,10
Maruti Suzuki Brezza,PEDESTRIAN CROSSING SIGN,CLOUDY/OVERCAST,DAYLIGHT,ONE-WAY,DRY,WORN SURFACE,17,1,1
Nissan Magnite,STOP SIGN/FLASHER,CLOUDY/OVERCAST,DAYLIGHT,DIVIDED - W/MEDIAN (NOT RAISED),DRY,WORN SURFACE,15,2,11
Maruti Suzuki Wagon R,LANE USE MARKING,RAIN,DAYLIGHT,NOT DIVIDED,WET,"RUT, HOLES",8,7,8
Toyota Fortuner,NO CONTROLS,OTHER,DARKNESS,DIVIDED - W/MEDIAN (NOT RAISED),"SAND, MUD, DIRT",DEBRIS ON ROADWAY,19,5,3
Hyundai i20,NO CONTROLS,RAIN,DAYLIGHT,DIVIDED - W/MEDIAN (NOT RAISED),WET,DEBRIS ON ROADWAY,8,6,6
Maruti Suzuki Swift,TRAFFIC SIGNAL,CLEAR,DARKNESS,DIVIDED - W/MEDIAN BARRIER,DRY,"RUT, HOLES",9,4,5
Tata Punch,OTHER,RAIN,DAYLIGHT,NOT DIVIDED,WET,"RUT, HOLES",8,6,7
Maruti Suzuki Baleno,STOP SIGN/FLASHER,UNKNOWN,DAYLIGHT,OTHER,DRY,"RUT, HOLES",7,3,1
Tata Nexon,NO CONTROLS,CLEAR,DARKNESS,NOT DIVIDED,DRY,NO DEFECTS,22,2,3
Hyundai i20,NO CONTROLS,CLEAR,DAYLIGHT,T-INTERSECTION,DRY,NO DEFECTS,16,7,10
Maruti Suzuki Wagon R,NO CONTROLS,SNOW,DAYLIGHT,NOT DIVIDED,SNOW OR SLUSH,NO DEFECTS,16,2,2
Volkswagen Virtus,STOP SIGN/FLASHER,CLEAR,DARKNESS,T-INTERSECTION,DRY,SHOULDER DEFECT,22,7,4
Toyota Innova,NO CONTROLS,CLOUDY/OVERCAST,DAYLIGHT,ONE-WAY,DRY,"RUT, HOLES",8,7,7
Mahindra Scorpio,STOP SIGN/FLASHER,RAIN,DARKNESS,DIVIDED - W/MEDIAN (NOT RAISED),UNKNOWN,SHOULDER DEFECT,0,6,7
Honda Amaze,STOP SIGN/FLASHER,RAIN,DAYLIGHT,FOUR WAY,WET,WORN SURFACE,16,5,9
Mahindra Scorpio,STOP SIGN/FLASHER,RAIN,DARKNESS,T-INTERSECTION,DRY,NO DEFECTS,14,1,7
Honda Amaze,TRAFFIC SIGNAL,CLOUDY/OVERCAST,DAYLIGHT,T-INTERSECTION,DRY,NO DEFECTS,14,5,10
Kia Seltos,TRAFFIC SIGNAL,RAIN,"DARKNESS, LIGHTED ROAD",T-INTERSECTION,WET,"RUT, HOLES",3,6,8
Maruti Suzuki Baleno,NO CONTROLS,CLEAR,DAYLIGHT,OTHER,DRY,DEBRIS ON ROADWAY,13,6,2
Mahindra XUV700,NO CONTROLS,FOG/SMOKE/HAZE,DAYLIGHT,NOT DIVIDED,DRY,SHOULDER DEFECT,7,2,3
Honda City,NO CONTROLS,CLOUDY/OVERCAST,DAYLIGHT,NOT DIVIDED,DRY,WORN SURFACE,9,5,7
Maruti Suzuki Swift,NO CONTROLS,SLEET/HAIL,DAYLIGHT,UNKNOWN,WET,WORN SURFACE,8,5,6
Mahindra Scorpio,NO CONTROLS,RAIN,DAWN,OTHER,WET,"RUT, HOLES",11,5,9
Tata Harrier,NO CONTROLS,RAIN,DAYLIGHT,FOUR WAY,WET,NO DEFECTS,11,6,8
Toyota Fortuner,NO CONTROLS,OTHER,DAYLIGHT,NOT DIVIDED,WET,NO DEFECTS,10,6,6
Maruti Suzuki Wagon R,TRAFFIC SIGNAL,CLOUDY/OVERCAST,"DARKNESS, LIGHTED ROAD",OTHER,DRY,"RUT, HOLES",23,2,3
Skoda Slavia,OTHER WARNING SIGN,CLEAR,DARKNESS,T-INTERSECTION,DRY,NO DEFECTS,21,1,4
Hyundai Venue,PEDESTRIAN CROSSING SIGN,RAIN,DAYLIGHT,TRAFFIC ROUTE,"SAND, MUD, DIRT",WORN SURFACE,15,2,8
Toyota Fortuner,TRAFFIC SIGNAL,OTHER,DARKNESS,NOT DIVIDED,DRY,NO DEFECTS,23,1,7
Toyota Innova,TRAFFIC SIGNAL,RAIN,"DARKNESS, LIGHTED ROAD",NOT DIVIDED,WET,NO DEFECTS,23,4,7
Tata Punch,LANE USE MARKING,CLEAR,DAYLIGHT,DIVIDED - W/MEDIAN (NOT RAISED),OTHER,WORN SURFACE,11,3,3
Renault Kiger,TRAFFIC SIGNAL,RAIN,DAYLIGHT,OTHER,WET,WORN SURFACE,13,1,8
Renault Kiger,STOP SIGN/FLASHER,FOG/SMOKE/HAZE,DARKNESS,RAMP,DRY,NO DEFECTS,21,1,11
Volkswagen Virtus,STOP SIGN/FLASHER,FOG/SMOKE/HAZE,DAYLIGHT,NOT DIVIDED,UNKNOWN,UNKNOWN,12,4,5
Volkswagen Virtus,NO CONTROLS,RAIN,DAYLIGHT,NOT DIVIDED,WET,NO DEFECTS,8,7,7
Hyundai Verna,NO CONTROLS,CLEAR,DAYLIGHT,NOT DIVIDED,DRY,WORN SURFACE,17,7,12
Maruti Suzuki Baleno,NO CONTROLS,RAIN,"DARKNESS, LIGHTED ROAD",Y-INTERSECTION,WET,DEBRIS ON ROADWAY,8,1,6
Nissan Magnite,NO CONTROLS,RAIN,DAYLIGHT,NOT DIVIDED,WET,NO DEFECTS,11,6,8
Hyundai Creta,TRAFFIC SIGNAL,FOG/SMOKE/HAZE,DAYLIGHT,OTHER,UNKNOWN,SHOULDER DEFECT,6,4,1
Renault Kiger,YIELD,OTHER,DAYLIGHT,NOT DIVIDED,DRY,WORN SURFACE,9,5,8
Maruti Suzuki Wagon R,UNKNOWN,FOG/SMOKE/HAZE,DARKNESS,NOT DIVIDED,DRY,NO DEFECTS,0,4,1
Maruti Suzuki Wagon R,NO CONTROLS,FOG/SMOKE/HAZE,DARKNESS,FOUR WAY,DRY,"RUT, HOLES",19,7,12
Maruti Suzuki Swift,UNKNOWN,CLEAR,DAYLIGHT,NOT DIVIDED,DRY,SHOULDER DEFECT,10,4,9
Honda City,TRAFFIC SIGNAL,CLEAR,DARKNESS,NOT DIVIDED,DRY,WORN SURFACE,4,2,10
Mahindra Scorpio,NO CONTROLS,CLOUDY/OVERCAST,DARKNESS,"FIVE POINT, OR MORE",UNKNOWN,WORN SURFACE,4,6,9
Maruti Suzuki Wagon R,STOP SIGN/FLASHER,CLEAR,DAYLIGHT,NOT DIVIDED,"SAND, MUD, DIRT",NO DEFECTS,15,4,8
Toyota Innova,NO CONTROLS,RAIN,DUSK,ONE-WAY,WET,NO DEFECTS,23,1,7
Tata Nexon,NO CONTROLS,CLEAR,DAYLIGHT,NOT DIVIDED,DRY,"RUT, HOLES",7,4,11
Volkswagen Virtus,STOP SIGN/FLASHER,RAIN,"DARKNESS, LIGHTED ROAD",NOT DIVIDED,WET,"RUT, HOLES",5,6,12
Tata Nexon,STOP SIGN/FLASHER,CLOUDY/OVERCAST,DAYLIGHT,FOUR WAY,DRY,DEBRIS ON ROADWAY,13,3,7
Maruti Suzuki Brezza,NO CONTROLS,FOG/SMOKE/HAZE,DAYLIGHT,NOT DIVIDED,DRY,"RUT, HOLES",10,7,12
Maruti Suzuki Baleno,LANE USE MARKING,RAIN,DAYLIGHT,NOT DIVIDED,DRY,NO DEFECTS,10,7,8
Nissan Magnite,STOP SIGN/FLASHER,CLEAR,DAYLIGHT,T-INTERSECTION,DRY,NO DEFECTS,10,5,7
Maruti Suzuki Swift,NO CONTROLS,RAIN,DUSK,NOT DIVIDED,DRY,NO DEFECTS,13,1,7
Hyundai i20,TRAFFIC SIGNAL,OTHER,DAYLIGHT,NOT DIVIDED,DRY,NO DEFECTS,10,5,4
Mahindra Scorpio,STOP SIGN/FLASHER,CLEAR,"DARKNESS, LIGHTED ROAD",NOT DIVIDED,OTHER,"RUT, HOLES",21,4,1
Kia Seltos,STOP SIGN/FLASHER,CLEAR,DARKNESS,OTHER,DRY,NO DEFECTS,1,6,4
Tata Nexon,TRAFFIC SIGNAL,CLOUDY/OVERCAST,DAYLIGHT,ONE-WAY,"SAND, MUD, DIRT",SHOULDER DEFECT,8,3,7
Honda Amaze,NO CONTROLS,OTHER,"DARKNESS, LIGHTED ROAD",ONE-WAY,WET,"RUT, HOLES",19,5,6
Volkswagen Virtus,STOP SIGN/FLASHER,RAIN,DARKNESS,NOT DIVIDED,UNKNOWN,SHOULDER DEFECT,19,5,7
Hyundai Venue,TRAFFIC SIGNAL,FOG/SMOKE/HAZE,DARKNESS,NOT DIVIDED,WET,"RUT, HOLES",5,5,12
Maruti Suzuki Wagon R,TRAFFIC SIGNAL,RAIN,DARKNESS,NOT DIVIDED,DRY,"RUT, HOLES",23,1,6
Mahindra XUV700,NO CONTROLS,RAIN,DAYLIGHT,FOUR WAY,WET,"RUT, HOLES",17,4,7
Toyota Innova,TRAFFIC SIGNAL,CLOUDY/OVERCAST,DAYLIGHT,T-INTERSECTION,DRY,UNKNOWN,9,5,2
Tata Punch,LANE USE MARKING,FOG/SMOKE/HAZE,DAYLIGHT,NOT DIVIDED,DRY,WORN SURFACE,8,7,1
Hyundai i20,TRAFFIC SIGNAL,CLEAR,DAYLIGHT,DIVIDED - W/MEDIAN (NOT RAISED),DRY,"RUT, HOLES",10,4,10
Hyundai Verna,YIELD,RAIN,DAYLIGHT,NOT DIVIDED,DRY,"RUT, HOLES",7,5,8
Kia Sonet,NO CONTROLS,CLOUDY/OVERCAST,DAYLIGHT,NOT DIVIDED,DRY,NO DEFECTS,10,5,9
Mahindra XUV700,NO CONTROLS,CLOUDY/OVERCAST,"DARKNESS, LIGHTED ROAD",T-INTERSECTION,DRY,WORN SURFACE,15,2,2
Maruti Suzuki Baleno,NO CONTROLS,UNKNOWN,DAYLIGHT,T-INTERSECTION,DRY,UNKNOWN,19,2,8
Hyundai Verna,TRAFFIC SIGNAL,CLEAR,DAYLIGHT,NOT DIVIDED,DRY,NO DEFECTS,11,6,5
Honda City,LANE USE MARKING,CLEAR,DAYLIGHT,UNKNOWN INTERSECTION TYPE,DRY,"RUT, HOLES",11,5,4
Toyota Fortuner,OTHER,CLEAR,DAYLIGHT,NOT DIVIDED,DRY,"RUT, HOLES",14,7,1
Mahindra Scorpio,NO CONTROLS,CLEAR,DAYLIGHT,CENTER TURN LANE,DRY,SHOULDER DEFECT,16,7,2
Hyundai Venue,TRAFFIC SIGNAL,RAIN,DUSK,DIVIDED - W/MEDIAN (NOT RAISED),WET,NO DEFECTS,18,3,6
Toyota Innova,RAILROAD CROSSING GATE,CLEAR,DARKNESS,DIVIDED - W/MEDIAN (NOT RAISED),DRY,NO DEFECTS,10,1,2
Honda Amaze,NO CONTROLS,FOG/SMOKE/HAZE,"DARKNESS, LIGHTED ROAD",NOT DIVIDED,OTHER,NO DEFECTS,11,3,12
Tata Nexon,TRAFFIC SIGNAL,RAIN,DAYLIGHT,CENTER TURN LANE,UNKNOWN,NO DEFECTS,12,1,6
Maruti Suzuki Brezza,OTHER,CLEAR,DAYLIGHT,NOT DIVIDED,DRY,WORN SURFACE,17,6,2
Maruti Suzuki Brezza,OTHER,CLEAR,DAYLIGHT,FOUR WAY,DRY,NO DEFECTS,7,2,3
Toyota Fortuner,NO CONTROLS,CLOUDY/OVERCAST,DAYLIGHT,NOT DIVIDED,DRY,"RUT, HOLES",9,7,8
Volkswagen Virtus,NO CONTROLS,CLEAR,DAYLIGHT,CENTER TURN LANE,OTHER,SHOULDER DEFECT,13,4,1
Skoda Slavia,TRAFFIC SIGNAL,FOG/SMOKE/HAZE,DARKNESS,NOT DIVIDED,DRY,NO DEFECTS,19,3,11
Hyundai i20,LANE USE MARKING,FOG/SMOKE/HAZE,DAYLIGHT,FOUR WAY,DRY,NO DEFECTS,10,4,12
Tata Punch,STOP SIGN/FLASHER,FOG/SMOKE/HAZE,"DARKNESS, LIGHTED ROAD",NOT DIVIDED,"SAND, MUD, DIRT",UNKNOWN,21,5,4
Honda Amaze,STOP SIGN/FLASHER,RAIN,"DARKNESS, LIGHTED ROAD",FOUR WAY,OTHER,WORN SURFACE,5,6,7
Kia Sonet,YIELD,CLEAR,DAYLIGHT,NOT DIVIDED,"SAND, MUD, DIRT",NO DEFECTS,13,3,1
Renault Kiger,STOP SIGN/FLASHER,RAIN,DAYLIGHT,NOT DIVIDED,DRY,NO DEFECTS,13,7,8
Kia Sonet,TRAFFIC SIGNAL,FOG/SMOKE/HAZE,DAYLIGHT,NOT DIVIDED,"SAND, MUD, DIRT",UNKNOWN,12,4,7
Mahindra Thar,NO CONTROLS,CLEAR,"DARKNESS, LIGHTED ROAD",UNKNOWN,"SAND, MUD, DIRT",NO DEFECTS,19,6,5
Toyota Innova,NO CONTROLS,CLOUDY/OVERCAST,DARKNESS,NOT DIVIDED,DRY,WORN SURFACE,19,1,4
Kia Sonet,NO CONTROLS,CLOUDY/OVERCAST,DAYLIGHT,RAMP,UNKNOWN,NO DEFECTS,17,6,8
Kia Seltos,NO CONTROLS,RAIN,DAYLIGHT,NOT DIVIDED,DRY,NO DEFECTS,16,5,7
Maruti Suzuki Baleno,OTHER,CLEAR,DARKNESS,NOT DIVIDED,DRY,DEBRIS ON ROADWAY,22,5,3
Tata Harrier,NO CONTROLS,RAIN,UNKNOWN,NOT DIVIDED,WET,NO DEFECTS,12,3,9
Tata Punch,NO CONTROLS,CLOUDY/OVERCAST,DARKNESS,FOUR WAY,WET,NO DEFECTS,19,5,8
Mahindra Scorpio,STOP SIGN/FLASHER,CLEAR,DAWN,FOUR WAY,DRY,"RUT, HOLES",21,7,11
Toyota Innova,STOP SIGN/FLASHER,CLEAR,DAYLIGHT,DIVIDED - W/MEDIAN (NOT RAISED),"SAND, MUD, DIRT","RUT, HOLES",14,3,2
Honda Amaze,STOP SIGN/FLASHER,CLEAR,DAYLIGHT,NOT DIVIDED,DRY,NO DEFECTS,18,1,10
Hyundai i20,STOP SIGN/FLASHER,CLEAR,DAYLIGHT,NOT DIVIDED,OTHER,NO DEFECTS,12,6,9
Mahindra XUV700,NO CONTROLS,UNKNOWN,DAYLIGHT,NOT DIVIDED,DRY,NO DEFECTS,7,4,2
Tata Harrier,NO CONTROLS,CLEAR,DAYLIGHT,T-INTERSECTION,DRY,NO DEFECTS,16,4,9
Toyota Fortuner,NO CONTROLS,RAIN,DAYLIGHT,NOT DIVIDED,"SAND, MUD, DIRT",NO DEFECTS,8,6,7
Honda City,LANE USE MARKING,FOG/SMOKE/HAZE,DAYLIGHT,DIVIDED - W/MEDIAN (NOT RAISED),DRY,DEBRIS ON ROADWAY,8,5,12
Mahindra Scorpio,STOP SIGN/FLASHER,RAIN,DARKNESS,NOT DIVIDED,"SAND, MUD, DIRT",NO DEFECTS,20,5,2
Hyundai Venue,NO CONTROLS,UNKNOWN,DARKNESS,T-INTERSECTION,DRY,"RUT, HOLES",4,7,8
Kia Sonet,NO CONTROLS,CLOUDY/OVERCAST,DARKNESS,NOT DIVIDED,OTHER,NO DEFECTS,1,1,6
Honda Amaze,TRAFFIC SIGNAL,CLEAR,DAYLIGHT,PARKING LOT,DRY,NO DEFECTS,16,3,12
Renault Kiger,NO CONTROLS,CLOUDY/OVERCAST,DAYLIGHT,FOUR WAY,DRY,NO DEFECTS,10,7,6
Honda City,TRAFFIC SIGNAL,RAIN,DAYLIGHT,NOT DIVIDED,OTHER,"RUT, HOLES",12,6,12
Renault Kiger,NO CONTROLS,CLOUDY/OVERCAST,DAYLIGHT,T-INTERSECTION,DRY,NO DEFECTS,12,2,11
Renault Kiger,NO CONTROLS,CLEAR,"DARKNESS, LIGHTED ROAD",ONE-WAY,OTHER,"RUT, HOLES",4,2,5
Honda City,LANE USE MARKING,CLOUDY/OVERCAST,DAWN,ONE-WAY,"SAND, MUD, DIRT",DEBRIS ON ROADWAY,0,6,10
Tata Nexon,NO CONTROLS,FOG/SMOKE/HAZE,DARKNESS,NOT DIVIDED,DRY,NO DEFECTS,19,5,12
Toyota Fortuner,TRAFFIC SIGNAL,CLEAR,DAYLIGHT,TRAFFIC ROUTE,DRY,WORN SURFACE,8,7,5
Kia Sonet,NO CONTROLS,CLOUDY/OVERCAST,DAYLIGHT,NOT DIVIDED,DRY,NO DEFECTS,13,7,7
Mahindra XUV700,STOP SIGN/FLASHER,RAIN,DARKNESS,NOT DIVIDED,WET,NO DEFECTS,22,1,7
Maruti Suzuki Brezza,NO CONTROLS,CLEAR,UNKNOWN,NOT DIVIDED,DRY,NO DEFECTS,19,7,5
Hyundai i20,NO CONTROLS,CLEAR,"DARKNESS, LIGHTED ROAD",NOT DIVIDED,DRY,"RUT, HOLES",5,6,1
Maruti Suzuki Baleno,NO CONTROLS,CLEAR,DAYLIGHT,NOT DIVIDED,UNKNOWN,NO DEFECTS,14,6,4
Tata Punch,TRAFFIC SIGNAL,CLEAR,DUSK,FOUR WAY,DRY,WORN SURFACE,18,5,5
Toyota Fortuner,UNKNOWN,UNKNOWN,DAYLIGHT,NOT DIVIDED,DRY,NO DEFECTS,17,3,7
Mahindra Thar,NO CONTROLS,CLEAR,DAWN,FOUR WAY,DRY,"RUT, HOLES",18,5,3
Kia Seltos,NO CONTROLS,CLOUDY/OVERCAST,DARKNESS,NOT DIVIDED,DRY,WORN SURFACE,13,4,11
Hyundai Verna,STOP SIGN/FLASHER,RAIN,DAYLIGHT,NOT DIVIDED,DRY,NO DEFECTS,7,7,9
Skoda Slavia,STOP SIGN/FLASHER,FOG/SMOKE/HAZE,DAYLIGHT,NOT DIVIDED,DRY,"RUT, HOLES",8,5,1
Mahindra Thar,TRAFFIC SIGNAL,RAIN,DAYLIGHT,FOUR WAY,OTHER,NO DEFECTS,16,1,8
Kia Sonet,TRAFFIC SIGNAL,CLEAR,DAYLIGHT,FOUR WAY,WET,NO DEFECTS,16,6,8
Maruti Suzuki Wagon R,TRAFFIC SIGNAL,RAIN,DARKNESS,T-INTERSECTION,WET,WORN SURFACE,3,1,12
Mahindra Scorpio,NO CONTROLS,UNKNOWN,DARKNESS,CENTER TURN LANE,WET,NO DEFECTS,3,7,1
Tata Altroz,NO CONTROLS,CLOUDY/OVERCAST,DARKNESS,NOT DIVIDED,"SAND, MUD, DIRT",WORN SURFACE,22,4,4
Kia Seltos,OTHER,RAIN,DAYLIGHT,NOT DIVIDED,"SAND, MUD, DIRT",NO DEFECTS,7,7,12
Maruti Suzuki Brezza,STOP SIGN/FLASHER,RAIN,DAYLIGHT,NOT DIVIDED,WET,NO DEFECTS,10,1,12
Volkswagen Virtus,OTHER REG. SIGN,CLOUDY/OVERCAST,DARKNESS,FOUR WAY,DRY,NO DEFECTS,18,5,9
Volkswagen Virtus,STOP SIGN/FLASHER,CLEAR,DARKNESS,NOT DIVIDED,DRY,"RUT, HOLES",12,2,9
Skoda Slavia,STOP SIGN/FLASHER,CLOUDY/OVERCAST,DAYLIGHT,DIVIDED - W/MEDIAN (NOT RAISED),DRY,NO DEFECTS,7,5,1
Toyota Fortuner,TRAFFIC SIGNAL,RAIN,DUSK,DIVIDED - W/MEDIAN BARRIER,WET,NO DEFECTS,14,4,7
Skoda Slavia,NO CONTROLS,CLEAR,DAYLIGHT,DIVIDED - W/MEDIAN (NOT RAISED),WET,"RUT, HOLES",15,5,4
Maruti Suzuki Swift,NO CONTROLS,CLOUDY/OVERCAST,"DARKNESS, LIGHTED ROAD",OTHER,DRY,NO DEFECTS,13,3,3
Hyundai Venue,OTHER,CLEAR,DARKNESS,FOUR WAY,DRY,SHOULDER DEFECT,21,1,10
Volkswagen Virtus,NO CONTROLS,CLEAR,DAYLIGHT,Y-INTERSECTION,DRY,"RUT, HOLES",9,1,2
Kia Sonet,NO CONTROLS,RAIN,DAYLIGHT,UNKNOWN INTERSECTION TYPE,WET,WORN SURFACE,17,7,7
Hyundai Verna,STOP SIGN/FLASHER,CLEAR,"DARKNESS, LIGHTED ROAD",DIVIDED - W/MEDIAN (NOT RAISED),DRY,WORN SURFACE,6,6,12
Mahindra Thar,TRAFFIC SIGNAL,CLOUDY/OVERCAST,DAYLIGHT,ONE-WAY,"SAND, MUD, DIRT",NO DEFECTS,12,6,3
Maruti Suzuki Swift,NO CONTROLS,CLOUDY/OVERCAST,DARKNESS,NOT DIVIDED,UNKNOWN,NO DEFECTS,18,1,12
Volkswagen Virtus,STOP SIGN/FLASHER,RAIN,DAYLIGHT,T-INTERSECTION,WET,NO DEFECTS,8,1,12
Mahindra Scorpio,NO CONTROLS,FOG/SMOKE/HAZE,DAYLIGHT,NOT DIVIDED,DRY,NO DEFECTS,11,1,8
Tata Harrier,YIELD,RAIN,DAYLIGHT,UNKNOWN,"SAND, MUD, DIRT",NO DEFECTS,7,5,3
Toyota Innova,TRAFFIC SIGNAL,RAIN,"DARKNESS, LIGHTED ROAD",ALLEY,WET,"RUT, HOLES",5,4,6
Skoda Slavia,OTHER,OTHER,DAYLIGHT,ALLEY,DRY,"RUT, HOLES",15,1,7
Skoda Slavia,TRAFFIC SIGNAL,RAIN,DAYLIGHT,NOT DIVIDED,WET,NO DEFECTS,17,3,6
Nissan Magnite,TRAFFIC SIGNAL,FOG/SMOKE/HAZE,"DARKNESS, LIGHTED ROAD",NOT DIVIDED,DRY,NO DEFECTS,5,5,5
Maruti Suzuki Baleno,TRAFFIC SIGNAL,CLOUDY/OVERCAST,DARKNESS,NOT DIVIDED,"SAND, MUD, DIRT",NO DEFECTS,21,6,12
Hyundai Creta,NO CONTROLS,CLEAR,"DARKNESS, LIGHTED ROAD",Y-INTERSECTION,OTHER,NO DEFECTS,8,6,2
Hyundai Creta,NO CONTROLS,CLEAR,DAWN,OTHER,DRY,"RUT, HOLES",6,5,9
Toyota Fortuner,TRAFFIC SIGNAL,FOG/SMOKE/HAZE,DAWN,NOT DIVIDED,DRY,WORN SURFACE,6,1,1
Maruti Suzuki Wagon R,PEDESTRIAN CROSSING SIGN,RAIN,UNKNOWN,DIVIDED - W/MEDIAN (NOT RAISED),WET,NO DEFECTS,7,5,8
Honda City,TRAFFIC SIGNAL,FOG/SMOKE/HAZE,DARKNESS,NOT DIVIDED,DRY,WORN SURFACE,5,1,12
Renault Kiger,NO CONTROLS,CLOUDY/OVERCAST,DARKNESS,FOUR WAY,OTHER,NO DEFECTS,19,5,5
Tata Altroz,LANE USE MARKING,CLOUDY/OVERCAST,DAYLIGHT,NOT DIVIDED,DRY,"RUT, HOLES",14,3,3
Kia Seltos,TRAFFIC SIGNAL,CLOUDY/OVERCAST,DAYLIGHT,NOT DIVIDED,DRY,NO DEFECTS,12,3,8
Skoda Slavia,TRAFFIC SIGNAL,OTHER,DARKNESS,NOT DIVIDED,DRY,NO DEFECTS,22,4,9
Nissan Magnite,TRAFFIC SIGNAL,RAIN,DAWN,NOT DIVIDED,WET,WORN SURFACE,11,3,9
Maruti Suzuki Baleno,TRAFFIC SIGNAL,CLEAR,DAYLIGHT,"FIVE POINT, OR MORE",DRY,OTHER,7,6,6
Hyundai i20,NO CONTROLS,CLEAR,DAYLIGHT,T-INTERSECTION,DRY,WORN SURFACE,9,2,5
Maruti Suzuki Wagon R,NO CONTROLS,UNKNOWN,DAYLIGHT,T-INTERSECTION,WET,NO DEFECTS,8,2,12
Tata Nexon,UNKNOWN,FOG/SMOKE/HAZE,DAYLIGHT,UNKNOWN INTERSECTION TYPE,DRY,NO DEFECTS,9,6,12
Hyundai Verna,NO CONTROLS,CLEAR,DAYLIGHT,NOT DIVIDED,WET,"RUT, HOLES",10,2,7
Kia Sonet,TRAFFIC SIGNAL,CLOUDY/OVERCAST,DAYLIGHT,NOT DIVIDED,"SAND, MUD, DIRT",WORN SURFACE,14,1,11
Kia Sonet,STOP SIGN/FLASHER,CLEAR,DUSK,NOT DIVIDED,"SAND, MUD, DIRT",NO DEFECTS,17,3,7
Maruti Suzuki Brezza,OTHER,FOG/SMOKE/HAZE,DAWN,NOT DIVIDED,DRY,WORN SURFACE,18,6,7
Tata Harrier,STOP SIGN/FLASHER,CLEAR,DAYLIGHT,ONE-WAY,WET,"RUT, HOLES",17,4,3
Mahindra Thar,TRAFFIC SIGNAL,RAIN,DAYLIGHT,CENTER TURN LANE,DRY,WORN SURFACE,8,4,7
Kia Seltos,NO CONTROLS,RAIN,DAWN,DIVIDED - W/MEDIAN BARRIER,WET,"RUT, HOLES",6,1,7
Maruti Suzuki Wagon R,NO CONTROLS,OTHER,DAYLIGHT,NOT DIVIDED,"SAND, MUD, DIRT","RUT, HOLES",15,6,1
Nissan Magnite,TRAFFIC SIGNAL,RAIN,DAYLIGHT,NOT DIVIDED,WET,NO DEFECTS,8,3,7
Nissan Magnite,NO CONTROLS,CLEAR,DUSK,FOUR WAY,"SAND, MUD, DIRT",WORN SURFACE,4,6,10
Kia Seltos,TRAFFIC SIGNAL,RAIN,DAYLIGHT,NOT DIVIDED,WET,SHOULDER DEFECT,15,4,9
Tata Altroz,STOP SIGN/FLASHER,RAIN,DAYLIGHT,NOT DIVIDED,DRY,SHOULDER DEFECT,10,5,8
Renault Kiger,TRAFFIC SIGNAL,CLOUDY/OVERCAST,DARKNESS,DIVIDED - W/MEDIAN (NOT RAISED),DRY,NO DEFECTS,18,5,11
Mahindra Scorpio,NO CONTROLS,SNOW,DAYLIGHT,DIVIDED - W/MEDIAN (NOT RAISED),SNOW OR SLUSH,"RUT, HOLES",10,2,1
Tata Harrier,STOP SIGN/FLASHER,CLOUDY/OVERCAST,DARKNESS,T-INTERSECTION,DRY,UNKNOWN,23,3,8
Toyota Fortuner,STOP SIGN/FLASHER,CLEAR,DAYLIGHT,L-INTERSECTION,DRY,"RUT, HOLES",18,5,10
Skoda Slavia,NO CONTROLS,RAIN,DAWN,FOUR WAY,UNKNOWN,NO DEFECTS,2,6,8
Toyota Fortuner,TRAFFIC SIGNAL,RAIN,DARKNESS,NOT DIVIDED,WET,SHOULDER DEFECT,14,7,6
Mahindra XUV700,NO CONTROLS,CLEAR,DAYLIGHT,TRAFFIC ROUTE,DRY,NO DEFECTS,15,5,2
Nissan Magnite,NO CONTROLS,CLOUDY/OVERCAST,DAYLIGHT,DIVIDED - W/MEDIAN (NOT RAISED),WET,NO DEFECTS,17,1,11
Honda Amaze,NO CONTROLS,RAIN,DAYLIGHT,FOUR WAY,WET,"RUT, HOLES",14,7,7
Kia Sonet,NO CONTROLS,FOG/SMOKE/HAZE,DAYLIGHT,NOT DIVIDED,DRY,NO DEFECTS,8,4,11
Mahindra Scorpio,OTHER,CLEAR,DAYLIGHT,NOT DIVIDED,DRY,NO DEFECTS,11,1,8
Tata Altroz,STOP SIGN/FLASHER,CLOUDY/OVERCAST,DAYLIGHT,NOT DIVIDED,WET,"RUT, HOLES",9,7,9
Volkswagen Virtus,NO CONTROLS,FREEZING RAIN/DRIZZLE,"DARKNESS, LIGHTED ROAD",UNKNOWN INTERSECTION TYPE,OTHER,"RUT, HOLES",22,3,10
Hyundai Creta,NO CONTROLS,RAIN,DAYLIGHT,DIVIDED - W/MEDIAN BARRIER,"SAND, MUD, DIRT",DEBRIS ON ROADWAY,10,5,8
Hyundai Creta,TRAFFIC SIGNAL,OTHER,DARKNESS,NOT DIVIDED,UNKNOWN,WORN SURFACE,3,2,6
Renault Kiger,TRAFFIC SIGNAL,RAIN,DAYLIGHT,NOT DIVIDED,WET,SHOULDER DEFECT,7,6,7
Kia Sonet,NO CONTROLS,CLEAR,"DARKNESS, LIGHTED ROAD",NOT DIVIDED,UNKNOWN,NO DEFECTS,20,7,10
Toyota Innova,NO CONTROLS,SLEET/HAIL,DAYLIGHT,DIVIDED - W/MEDIAN (NOT RAISED),WET,NO DEFECTS,16,7,6
Hyundai Venue,PEDESTRIAN CROSSING SIGN,CLOUDY/OVERCAST,"DARKNESS, LIGHTED ROAD",NOT DIVIDED,DRY,"RUT, HOLES",18,1,6
Maruti Suzuki Brezza,NO CONTROLS,RAIN,DARKNESS,NOT DIVIDED,WET,WORN SURFACE,19,6,1
Renault Kiger,NO CONTROLS,FOG/SMOKE/HAZE,DAYLIGHT,ONE-WAY,DRY,"RUT, HOLES",18,5,12
Tata Punch,NO CONTROLS,CLEAR,DAYLIGHT,NOT DIVIDED,"SAND, MUD, DIRT",NO DEFECTS,15,6,1
Renault Kiger,STOP SIGN/FLASHER,RAIN,DAYLIGHT,NOT DIVIDED,WET,NO DEFECTS,7,3,8
Hyundai Venue,TRAFFIC SIGNAL,CLOUDY/OVERCAST,DAYLIGHT,ONE-WAY,WET,"RUT, HOLES",7,4,6
Nissan Magnite,STOP SIGN/FLASHER,CLEAR,DAYLIGHT,DIVIDED - W/MEDIAN (NOT RAISED),DRY,NO DEFECTS,15,3,6
Maruti Suzuki Wagon R,NO CONTROLS,RAIN,DAYLIGHT,DIVIDED - W/MEDIAN BARRIER,WET,SHOULDER DEFECT,11,6,9
Maruti Suzuki Brezza,STOP SIGN/FLASHER,FOG/SMOKE/HAZE,DAYLIGHT,NOT DIVIDED,DRY,"RUT, HOLES",9,6,1
Hyundai Creta,NO CONTROLS,OTHER,DAYLIGHT,DIVIDED - W/MEDIAN BARRIER,DRY,WORN SURFACE,14,2,8
Tata Nexon,TRAFFIC SIGNAL,CLOUDY/OVERCAST,DAYLIGHT,DIVIDED - W/MEDIAN (NOT RAISED),UNKNOWN,NO DEFECTS,16,5,10
Hyundai Verna,STOP SIGN/FLASHER,CLOUDY/OVERCAST,"DARKNESS, LIGHTED ROAD",NOT DIVIDED,WET,"RUT, HOLES",1,1,10
Tata Nexon,UNKNOWN,CLEAR,DARKNESS,NOT DIVIDED,DRY,DEBRIS ON ROADWAY,1,1,3
Honda City,STOP SIGN/FLASHER,FOG/SMOKE/HAZE,DAYLIGHT,DIVIDED - W/MEDIAN (NOT RAISED),DRY,NO DEFECTS,17,5,11
Maruti Suzuki Baleno,TRAFFIC SIGNAL,RAIN,UNKNOWN,FOUR WAY,WET,NO DEFECTS,8,7,8
Mahindra XUV700,STOP SIGN/FLASHER,CLEAR,DAYLIGHT,UNKNOWN INTERSECTION TYPE,DRY,NO DEFECTS,17,7,11
Maruti Suzuki Baleno,NO CONTROLS,RAIN,DAYLIGHT,NOT DIVIDED,DRY,NO DEFECTS,15,5,7
Maruti Suzuki Wagon R,TRAFFIC SIGNAL,RAIN,DARKNESS,FOUR WAY,WET,"RUT, HOLES",23,6,8
Maruti Suzuki Wagon R,NO CONTROLS,FOG/SMOKE/HAZE,"DARKNESS, LIGHTED ROAD",T-INTERSECTION,DRY,NO DEFECTS,19,4,12
Mahindra XUV700,TRAFFIC SIGNAL,CLEAR,DAYLIGHT,ALLEY,WET,WORN SURFACE,12,7,11
Kia Seltos,NO CONTROLS,RAIN,DAYLIGHT,DIVIDED - W/MEDIAN (NOT RAISED),WET,"RUT, HOLES",16,6,7
Tata Harrier,NO CONTROLS,CLEAR,DAWN,NOT DIVIDED,WET,NO DEFECTS,6,3,5
Maruti Suzuki Brezza,STOP SIGN/FLASHER,RAIN,DAYLIGHT,DIVIDED - W/MEDIAN BARRIER,DRY,DEBRIS ON ROADWAY,12,5,6
Maruti Suzuki Wagon R,TRAFFIC SIGNAL,FOG/SMOKE/HAZE,DAYLIGHT,ALLEY,DRY,NO DEFECTS,17,1,6
Tata Altroz,TRAFFIC SIGNAL,CLEAR,DAYLIGHT,NOT DIVIDED,DRY,"RUT, HOLES",16,2,5
Mahindra Scorpio,TRAFFIC SIGNAL,CLOUDY/OVERCAST,DAYLIGHT,NOT DIVIDED,WET,NO DEFECTS,14,7,5
Nissan Magnite,NO CONTROLS,RAIN,DAWN,Y-INTERSECTION,WET,DEBRIS ON ROADWAY,7,1,11
Maruti Suzuki Swift,OTHER,FOG/SMOKE/HAZE,DAYLIGHT,NOT DIVIDED,DRY,DEBRIS ON ROADWAY,18,2,1
Maruti Suzuki Swift,NO CONTROLS,RAIN,DAYLIGHT,NOT DIVIDED,WET,NO DEFECTS,9,2,9
Maruti Suzuki Baleno,NO CONTROLS,SNOW,"DARKNESS, LIGHTED ROAD",FOUR WAY,DRY,NO DEFECTS,19,6,3
Mahindra Thar,NO CONTROLS,RAIN,DAYLIGHT,NOT DIVIDED,WET,WORN SURFACE,16,1,6
Hyundai i20,TRAFFIC SIGNAL,FOG/SMOKE/HAZE,DAYLIGHT,UNKNOWN,DRY,NO DEFECTS,7,1,1
Renault Kiger,NO CONTROLS,CLEAR,DARKNESS,NOT DIVIDED,DRY,WORN SURFACE,1,7,5
Kia Seltos,NO CONTROLS,RAIN,DAYLIGHT,NOT DIVIDED,WET,DEBRIS ON ROADWAY,8,7,9
Kia Sonet,STOP SIGN/FLASHER,CLOUDY/OVERCAST,"DARKNESS, LIGHTED ROAD",NOT DIVIDED,DRY,"RUT, HOLES",20,3,11
Tata Harrier,STOP SIGN/FLASHER,FOG/SMOKE/HAZE,DAYLIGHT,NOT DIVIDED,DRY,SHOULDER DEFECT,18,1,4
Honda Amaze,STOP SIGN/FLASHER,OTHER,DAYLIGHT,NOT DIVIDED,DRY,NO DEFECTS,15,6,7
Maruti Suzuki Wagon R,STOP SIGN/FLASHER,SLEET/HAIL,"DARKNESS, LIGHTED ROAD",DIVIDED - W/MEDIAN BARRIER,"SAND, MUD, DIRT",DEBRIS ON ROADWAY,14,7,7
Maruti Suzuki Swift,OTHER WARNING SIGN,CLOUDY/OVERCAST,DAYLIGHT,NOT DIVIDED,"SAND, MUD, DIRT",NO DEFECTS,16,7,11
Mahindra Scorpio,YIELD,CLEAR,DAYLIGHT,T-INTERSECTION,DRY,NO DEFECTS,14,2,9
Tata Harrier,NO CONTROLS,UNKNOWN,DAYLIGHT,DIVIDED - W/MEDIAN (NOT RAISED),"SAND, MUD, DIRT",SHOULDER DEFECT,16,5,7
Maruti Suzuki Swift,TRAFFIC SIGNAL,CLEAR,DAYLIGHT,DIVIDED - W/MEDIAN (NOT RAISED),DRY,"RUT, HOLES",10,4,9
Volkswagen Virtus,STOP SIGN/FLASHER,UNKNOWN,DARKNESS,ONE-WAY,WET,WORN SURFACE,19,2,11
Mahindra Scorpio,NO CONTROLS,FOG/SMOKE/HAZE,DAYLIGHT,FOUR WAY,DRY,WORN SURFACE,16,6,1
Maruti Suzuki Wagon R,NO CONTROLS,UNKNOWN,DAYLIGHT,NOT DIVIDED,DRY,"RUT, HOLES",10,6,6
Mahindra Scorpio,TRAFFIC SIGNAL,RAIN,DARKNESS,NOT DIVIDED,WET,NO DEFECTS,19,7,11
Nissan Magnite,STOP SIGN/FLASHER,CLEAR,DAYLIGHT,DIVIDED - W/MEDIAN (NOT RAISED),DRY,WORN SURFACE,14,1,9
Skoda Slavia,STOP SIGN/FLASHER,RAIN,DAYLIGHT,OTHER,DRY,NO DEFECTS,7,2,8
Kia Sonet,NO CONTROLS,RAIN,"DARKNESS, LIGHTED ROAD",NOT DIVIDED,WET,NO DEFECTS,4,6,7
Hyundai i20,LANE USE MARKING,CLOUDY/OVERCAST,DAYLIGHT,NOT DIVIDED,DRY,"RUT, HOLES",17,4,6
Maruti Suzuki Brezza,TRAFFIC SIGNAL,RAIN,UNKNOWN,DIVIDED - W/MEDIAN (NOT RAISED),OTHER,DEBRIS ON ROADWAY,20,4,7
Mahindra XUV700,PEDESTRIAN CROSSING SIGN,RAIN,"DARKNESS, LIGHTED ROAD",NOT DIVIDED,WET,WORN SURFACE,19,5,8
Skoda Slavia,NO CONTROLS,CLOUDY/OVERCAST,DAYLIGHT,RAMP,DRY,NO DEFECTS,17,4,7
Hyundai i20,STOP SIGN/FLASHER,UNKNOWN,DAYLIGHT,NOT DIVIDED,DRY,WORN SURFACE,6,1,9
Hyundai i20,TRAFFIC SIGNAL,CLEAR,"DARKNESS, LIGHTED ROAD",NOT DIVIDED,"SAND, MUD, DIRT",OTHER,5,5,11
Mahindra Scorpio,NO CONTROLS,CLEAR,DARKNESS,NOT DIVIDED,DRY,NO DEFECTS,11,2,3
Hyundai Creta,NO CONTROLS,RAIN,DARKNESS,T-INTERSECTION,WET,NO DEFECTS,20,7,7
Renault Kiger,NO CONTROLS,CLEAR,"DARKNESS, LIGHTED ROAD",FOUR WAY,WET,NO DEFECTS,22,6,6
Maruti Suzuki Wagon R,FLASHING CONTROL SIGNAL,CLEAR,DAYLIGHT,DIVIDED - W/MEDIAN BARRIER,DRY,NO DEFECTS,8,7,9
Mahindra Thar,STOP SIGN/FLASHER,CLOUDY/OVERCAST,DUSK,DIVIDED - W/MEDIAN (NOT RAISED),OTHER,NO DEFECTS,18,7,4
Kia Seltos,NO CONTROLS,UNKNOWN,DAYLIGHT,NOT DIVIDED,DRY,"RUT, HOLES",15,1,8
Kia Seltos,TRAFFIC SIGNAL,CLEAR,DARKNESS,NOT DIVIDED,"SAND, MUD, DIRT",WORN SURFACE,1,2,11
Nissan Magnite,TRAFFIC SIGNAL,UNKNOWN,DAYLIGHT,T-INTERSECTION,DRY,"RUT, HOLES",15,6,7
Skoda Slavia,NO CONTROLS,FOG/SMOKE/HAZE,DAYLIGHT,NOT DIVIDED,DRY,OTHER,18,7,11
Hyundai i20,RAILROAD CROSSING GATE,CLEAR,DAYLIGHT,NOT DIVIDED,UNKNOWN,"RUT, HOLES",9,1,12
Nissan Magnite,TRAFFIC SIGNAL,CLEAR,"DARKNESS, LIGHTED ROAD",NOT DIVIDED,DRY,NO DEFECTS,20,7,2
Maruti Suzuki Baleno,NO CONTROLS,CLEAR,DAWN,NOT DIVIDED,"SAND, MUD, DIRT","RUT, HOLES",8,4,4
Mahindra XUV700,TRAFFIC SIGNAL,FOG/SMOKE/HAZE,DARKNESS,NOT DIVIDED,DRY,DEBRIS ON ROADWAY,5,4,12
Kia Sonet,TRAFFIC SIGNAL,FOG/SMOKE/HAZE,DUSK,ONE-WAY,"SAND, MUD, DIRT",NO DEFECTS,6,7,12
Toyota Innova,NO CONTROLS,CLEAR,DARKNESS,FOUR WAY,"SAND, MUD, DIRT",NO DEFECTS,19,3,2
Maruti Suzuki Swift,YIELD,CLEAR,DUSK,PARKING LOT,UNKNOWN,WORN SURFACE,12,5,1
Honda Amaze,TRAFFIC SIGNAL,CLEAR,DARKNESS,DIVIDED - W/MEDIAN (NOT RAISED),OTHER,NO DEFECTS,19,3,3
Tata Nexon,TRAFFIC SIGNAL,RAIN,DAYLIGHT,DIVIDED - W/MEDIAN (NOT RAISED),WET,WORN SURFACE,15,1,12
Kia Seltos,NO CONTROLS,CLEAR,DAYLIGHT,NOT DIVIDED,DRY,NO DEFECTS,14,3,3
Renault Kiger,NO CONTROLS,CLEAR,DARKNESS,FOUR WAY,OTHER,WORN SURFACE,19,2,7
Tata Punch,NO CONTROLS,CLOUDY/OVERCAST,DAYLIGHT,FOUR WAY,WET,"RUT, HOLES",13,5,11
Honda City,NO CONTROLS,CLEAR,DARKNESS,NOT DIVIDED,DRY,NO DEFECTS,19,5,1
Nissan Magnite,LANE USE MARKING,RAIN,"DARKNESS, LIGHTED ROAD",NOT DIVIDED,WET,NO DEFECTS,5,4,8
Hyundai Verna,TRAFFIC SIGNAL,CLOUDY/OVERCAST,DAYLIGHT,NOT DIVIDED,DRY,NO DEFECTS,16,2,5
Hyundai i20,NO CONTROLS,CLEAR,DAYLIGHT,NOT DIVIDED,WET,WORN SURFACE,17,1,11
Maruti Suzuki Baleno,TRAFFIC SIGNAL,CLEAR,"DARKNESS, LIGHTED ROAD",DIVIDED - W/MEDIAN (NOT RAISED),"SAND, MUD, DIRT","RUT, HOLES",21,1,5
Tata Altroz,NO CONTROLS,RAIN,DAYLIGHT,DIVIDED - W/MEDIAN (NOT RAISED),WET,WORN SURFACE,8,1,9
Hyundai Verna,NO CONTROLS,RAIN,DAYLIGHT,FOUR WAY,WET,NO DEFECTS,16,3,9
Toyota Fortuner,NO CONTROLS,CLOUDY/OVERCAST,DARKNESS,FOUR WAY,WET,WORN SURFACE,13,1,4
Kia Sonet,STOP SIGN/FLASHER,CLEAR,DAYLIGHT,FOUR WAY,OTHER,NO DEFECTS,12,1,1
Toyota Fortuner,NO CONTROLS,CLEAR,"DARKNESS, LIGHTED ROAD",NOT DIVIDED,DRY,NO DEFECTS,5,4,6
Tata Punch,NO CONTROLS,CLEAR,DARKNESS,T-INTERSECTION,OTHER,NO DEFECTS,6,2,5
Maruti Suzuki Wagon R,TRAFFIC SIGNAL,RAIN,DARKNESS,DIVIDED - W/MEDIAN (NOT RAISED),WET,WORN SURFACE,19,3,10
Mahindra Scorpio,NO CONTROLS,RAIN,DUSK,NOT DIVIDED,"SAND, MUD, DIRT","RUT, HOLES",18,3,10
Kia Seltos,STOP SIGN/FLASHER,OTHER,DAYLIGHT,FOUR WAY,"SAND, MUD, DIRT",NO DEFECTS,12,1,7
Tata Punch,OTHER,CLEAR,DARKNESS,DIVIDED - W/MEDIAN (NOT RAISED),UNKNOWN,DEBRIS ON ROADWAY,19,2,8
Mahindra XUV700,NO CONTROLS,RAIN,"DARKNESS, LIGHTED ROAD",DIVIDED - W/MEDIAN (NOT RAISED),DRY,"RUT, HOLES",4,6,8
Renault Kiger,TRAFFIC SIGNAL,CLOUDY/OVERCAST,DAYLIGHT,NOT DIVIDED,DRY,"RUT, HOLES",16,3,10
Tata Punch,NO CONTROLS,CLOUDY/OVERCAST,DARKNESS,ONE-WAY,OTHER,UNKNOWN,20,2,7
Tata Punch,STOP SIGN/FLASHER,CLEAR,DARKNESS,NOT DIVIDED,WET,"RUT, HOLES",19,2,5
Maruti Suzuki Baleno,NO CONTROLS,CLEAR,DAYLIGHT,DIVIDED - W/MEDIAN (NOT RAISED),DRY,WORN SURFACE,12,7,5
Maruti Suzuki Swift,STOP SIGN/FLASHER,RAIN,DAWN,NOT DIVIDED,WET,NO DEFECTS,18,2,7
Kia Seltos,TRAFFIC SIGNAL,RAIN,DAYLIGHT,DIVIDED - W/MEDIAN (NOT RAISED),WET,NO DEFECTS,13,7,7
Maruti Suzuki Baleno,NO CONTROLS,RAIN,"DARKNESS, LIGHTED ROAD",NOT DIVIDED,DRY,SHOULDER DEFECT,19,1,7
Honda Amaze,NO CONTROLS,FREEZING RAIN/DRIZZLE,DAYLIGHT,NOT DIVIDED,WET,DEBRIS ON ROADWAY,15,7,1
Mahindra Scorpio,STOP SIGN/FLASHER,RAIN,DAYLIGHT,FOUR WAY,WET,"RUT, HOLES",18,4,9
Kia Sonet,NO CONTROLS,RAIN,DARKNESS,UNKNOWN INTERSECTION TYPE,WET,"RUT, HOLES",4,5,4
Toyota Fortuner,NO CONTROLS,CLEAR,DAYLIGHT,OTHER,DRY,"RUT, HOLES",16,2,3
Kia Sonet,STOP SIGN/FLASHER,CLEAR,"DARKNESS, LIGHTED ROAD",TRAFFIC ROUTE,DRY,UNKNOWN,15,7,6
Hyundai Venue,NO CONTROLS,CLEAR,DAYLIGHT,ONE-WAY,DRY,DEBRIS ON ROADWAY,16,5,4
Honda Amaze,NO CONTROLS,RAIN,"DARKNESS, LIGHTED ROAD",FOUR WAY,UNKNOWN,NO DEFECTS,17,6,8
Honda Amaze,STOP SIGN/FLASHER,RAIN,"DARKNESS, LIGHTED ROAD",NOT DIVIDED,"SAND, MUD, DIRT",WORN SURFACE,21,5,6
Hyundai i20,STOP SIGN/FLASHER,UNKNOWN,DARKNESS,NOT DIVIDED,DRY,"RUT, HOLES",18,1,7
Hyundai Creta,TRAFFIC SIGNAL,RAIN,DAYLIGHT,NOT DIVIDED,WET,NO DEFECTS,8,6,7
Hyundai Creta,TRAFFIC SIGNAL,CLEAR,DARKNESS,NOT DIVIDED,DRY,"RUT, HOLES",19,2,4
Hyundai Creta,LANE USE MARKING,CLOUDY/OVERCAST,DUSK,NOT DIVIDED,DRY,NO DEFECTS,6,3,3
Nissan Magnite,NO CONTROLS,CLEAR,DAYLIGHT,FOUR WAY,UNKNOWN,SHOULDER DEFECT,16,5,11
Nissan Magnite,TRAFFIC SIGNAL,RAIN,DUSK,FOUR WAY,WET,NO DEFECTS,20,1,7
Hyundai Venue,STOP SIGN/FLASHER,RAIN,"DARKNESS, LIGHTED ROAD",NOT DIVIDED,WET,SHOULDER DEFECT,5,7,6
Maruti Suzuki Brezza,YIELD,FOG/SMOKE/HAZE,"DARKNESS, LIGHTED ROAD",NOT DIVIDED,WET,DEBRIS ON ROADWAY,19,1,1
Mahindra XUV700,OTHER,RAIN,DARKNESS,NOT DIVIDED,WET,NO DEFECTS,19,5,7
Nissan Magnite,TRAFFIC SIGNAL,RAIN,DAYLIGHT,PARKING LOT,WET,WORN SURFACE,14,5,8
Kia Seltos,STOP SIGN/FLASHER,RAIN,DAYLIGHT,UNKNOWN INTERSECTION TYPE,WET,"RUT, HOLES",10,6,8
Tata Altroz,NO CONTROLS,CLOUDY/OVERCAST,DAYLIGHT,NOT DIVIDED,DRY,OTHER,12,4,9
Hyundai i20,NO CONTROLS,CLOUDY/OVERCAST,"DARKNESS, LIGHTED ROAD",FOUR WAY,DRY,WORN SURFACE,22,3,3
Maruti Suzuki Wagon R,STOP SIGN/FLASHER,CLOUDY/OVERCAST,DAYLIGHT,NOT DIVIDED,OTHER,WORN SURFACE,8,7,5
Hyundai Venue,NO CONTROLS,CLEAR,DAYLIGHT,NOT DIVIDED,WET,DEBRIS ON ROADWAY,15,6,10
Tata Altroz,NO CONTROLS,FOG/SMOKE/HAZE,"DARKNESS, LIGHTED ROAD",T-INTERSECTION,"SAND, MUD, DIRT",NO DEFECTS,5,4,12
Hyundai Verna,PEDESTRIAN CROSSING SIGN,CLEAR,DAYLIGHT,ONE-WAY,"SAND, MUD, DIRT",NO DEFECTS,8,2,2
Renault Kiger,UNKNOWN,RAIN,DAWN,NOT DIVIDED,DRY,SHOULDER DEFECT,18,7,7
Kia Seltos,NO CONTROLS,OTHER,DAYLIGHT,NOT DIVIDED,DRY,NO DEFECTS,10,5,4
Tata Harrier,YIELD,CLEAR,DARKNESS,NOT DIVIDED,DRY,DEBRIS ON ROADWAY,23,2,1
Honda City,LANE USE MARKING,RAIN,DAYLIGHT,DIVIDED - W/MEDIAN (NOT RAISED),WET,WORN SURFACE,14,2,6
Skoda Slavia,STOP SIGN/FLASHER,CLEAR,DAYLIGHT,ALLEY,DRY,"RUT, HOLES",14,5,2
Toyota Fortuner,STOP SIGN/FLASHER,OTHER,DARKNESS,FOUR WAY,WET,NO DEFECTS,1,4,9
Honda City,PEDESTRIAN CROSSING SIGN,RAIN,"DARKNESS, LIGHTED ROAD",T-INTERSECTION,WET,NO DEFECTS,22,4,7
Maruti Suzuki Baleno,NO CONTROLS,CLEAR,DAYLIGHT,NOT DIVIDED,DRY,NO DEFECTS,7,4,2
Toyota Fortuner,TRAFFIC SIGNAL,CLEAR,DARKNESS,T-INTERSECTION,DRY,"RUT, HOLES",15,2,1
Hyundai Venue,NO CONTROLS,CLEAR,UNKNOWN,DIVIDED - W/MEDIAN (NOT RAISED),DRY,SHOULDER DEFECT,12,2,10
Hyundai i20,TRAFFIC SIGNAL,CLEAR,DAYLIGHT,DIVIDED - W/MEDIAN BARRIER,WET,"RUT, HOLES",12,4,3
Nissan Magnite,NO CONTROLS,FOG/SMOKE/HAZE,DAYLIGHT,NOT DIVIDED,UNKNOWN,"RUT, HOLES",14,1,8
Kia Seltos,STOP SIGN/FLASHER,RAIN,DAYLIGHT,DIVIDED - W/MEDIAN (NOT RAISED),DRY,NO DEFECTS,17,3,6
Tata Punch,TRAFFIC SIGNAL,RAIN,DAYLIGHT,NOT DIVIDED,"SAND, MUD, DIRT",NO DEFECTS,7,2,8
Kia Sonet,NO CONTROLS,CLEAR,DAYLIGHT,NOT DIVIDED,DRY,UNKNOWN,14,2,6
Kia Seltos,TRAFFIC SIGNAL,FOG/SMOKE/HAZE,DAWN,DIVIDED - W/MEDIAN BARRIER,DRY,NO DEFECTS,18,2,1
Honda Amaze,OTHER,CLEAR,DAYLIGHT,T-INTERSECTION,WET,NO DEFECTS,13,2,4
Hyundai Verna,OTHER,CLEAR,DAYLIGHT,T-INTERSECTION,DRY,WORN SURFACE,7,2,3
Volkswagen Virtus,OTHER,RAIN,DAYLIGHT,NOT DIVIDED,WET,"RUT, HOLES",10,3,7
Kia Sonet,STOP SIGN/FLASHER,RAIN,DAYLIGHT,T-INTERSECTION,DRY,NO DEFECTS,8,1,8
Mahindra XUV700,TRAFFIC SIGNAL,CLEAR,"DARKNESS, LIGHTED ROAD",NOT DIVIDED,OTHER,UNKNOWN,6,7,5
Renault Kiger,STOP SIGN/FLASHER,RAIN,DAYLIGHT,NOT DIVIDED,WET,"RUT, HOLES",12,4,1
Kia Sonet,STOP SIGN/FLASHER,CLOUDY/OVERCAST,DAYLIGHT,NOT DIVIDED,UNKNOWN,NO DEFECTS,15,4,7
Tata Altroz,NO CONTROLS,RAIN,DAWN,OTHER,WET,SHOULDER DEFECT,3,2,8
Honda Amaze,NO CONTROLS,CLOUDY/OVERCAST,DAYLIGHT,NOT DIVIDED,DRY,NO DEFECTS,16,7,12
Kia Seltos,NO CONTROLS,CLEAR,"DARKNESS, LIGHTED ROAD",DIVIDED - W/MEDIAN BARRIER,DRY,"RUT, HOLES",23,6,8
Volkswagen Virtus,STOP SIGN/FLASHER,FOG/SMOKE/HAZE,"DARKNESS, LIGHTED ROAD",UNKNOWN INTERSECTION TYPE,"SAND, MUD, DIRT",SHOULDER DEFECT,21,1,7
Kia Sonet,NO CONTROLS,RAIN,DARKNESS,NOT DIVIDED,WET,UNKNOWN,19,6,8
Renault Kiger,NO CONTROLS,CLOUDY/OVERCAST,DAYLIGHT,L-INTERSECTION,WET,NO DEFECTS,9,2,12
Tata Harrier,NO CONTROLS,CLEAR,"DARKNESS, LIGHTED ROAD",RAMP,DRY,NO DEFECTS,0,5,10
Renault Kiger,NO CONTROLS,CLOUDY/OVERCAST,DARKNESS,FOUR WAY,DRY,"RUT, HOLES",19,7,6
Maruti Suzuki Baleno,OTHER,FOG/SMOKE/HAZE,DARKNESS,NOT DIVIDED,DRY,DEBRIS ON ROADWAY,5,7,4
Hyundai Creta,STOP SIGN/FLASHER,CLEAR,DAYLIGHT,NOT DIVIDED,DRY,"RUT, HOLES",8,2,5
Kia Seltos,STOP SIGN/FLASHER,RAIN,DAYLIGHT,NOT DIVIDED,WET,"RUT, HOLES",15,7,7
Tata Punch,NO CONTROLS,SLEET/HAIL,DAYLIGHT,NOT DIVIDED,WET,NO DEFECTS,7,1,9
Mahindra Thar,STOP SIGN/FLASHER,CLEAR,DAWN,T-INTERSECTION,"SAND, MUD, DIRT","RUT, HOLES",19,7,7
Honda City,TRAFFIC SIGNAL,FOG/SMOKE/HAZE,"DARKNESS, LIGHTED ROAD",FOUR WAY,"SAND, MUD, DIRT",DEBRIS ON ROADWAY,18,6,1
Tata Nexon,NO CONTROLS,FOG/SMOKE/HAZE,DAYLIGHT,DIVIDED - W/MEDIAN (NOT RAISED),DRY,NO DEFECTS,17,7,9
Maruti Suzuki Swift,FLASHING CONTROL SIGNAL,CLEAR,DARKNESS,NOT DIVIDED,DRY,NO DEFECTS,19,3,10
Hyundai Verna,PEDESTRIAN CROSSING SIGN,CLOUDY/OVERCAST,DAYLIGHT,NOT DIVIDED,DRY,"RUT, HOLES",8,7,5
Mahindra Scorpio,RAILROAD CROSSING GATE,RAIN,"DARKNESS, LIGHTED ROAD",PARKING LOT,WET,NO DEFECTS,18,6,9
Mahindra Scorpio,NO CONTROLS,CLEAR,DAYLIGHT,FOUR WAY,WET,"RUT, HOLES",11,3,7
Toyota Innova,TRAFFIC SIGNAL,FOG/SMOKE/HAZE,DAYLIGHT,DIVIDED - W/MEDIAN BARRIER,DRY,NO DEFECTS,15,3,11
Kia Seltos,NO CONTROLS,OTHER,DARKNESS,NOT DIVIDED,OTHER,NO DEFECTS,6,3,11
Mahindra Scorpio,TRAFFIC SIGNAL,RAIN,DAYLIGHT,OTHER,OTHER,WORN SURFACE,17,5,7
Kia Seltos,LANE USE MARKING,RAIN,DARKNESS,T-INTERSECTION,WET,NO DEFECTS,22,2,9
Volkswagen Virtus,NO CONTROLS,RAIN,DARKNESS,NOT DIVIDED,DRY,OTHER,1,4,11
Honda Amaze,NO CONTROLS,UNKNOWN,"DARKNESS, LIGHTED ROAD",T-INTERSECTION,DRY,WORN SURFACE,5,1,7
Tata Nexon,NO CONTROLS,RAIN,DARKNESS,UNKNOWN INTERSECTION TYPE,WET,NO DEFECTS,6,3,6
Kia Seltos,TRAFFIC SIGNAL,UNKNOWN,DAYLIGHT,NOT DIVIDED,OTHER,NO DEFECTS,13,5,9
Hyundai i20,TRAFFIC SIGNAL,UNKNOWN,DAYLIGHT,DIVIDED - W/MEDIAN (NOT RAISED),WET,WORN SURFACE,10,5,4
Mahindra Thar,STOP SIGN/FLASHER,RAIN,DARKNESS,UNKNOWN,WET,NO DEFECTS,19,3,6
Maruti Suzuki Swift,TRAFFIC SIGNAL,FOG/SMOKE/HAZE,DAYLIGHT,DIVIDED - W/MEDIAN BARRIER,WET,DEBRIS ON ROADWAY,8,2,11
Honda Amaze,TRAFFIC SIGNAL,CLEAR,DUSK,FOUR WAY,"SAND, MUD, DIRT",NO DEFECTS,14,3,9
Kia Seltos,UNKNOWN,RAIN,DAYLIGHT,NOT DIVIDED,"SAND, MUD, DIRT",NO DEFECTS,17,1,6
Kia Seltos,NO CONTROLS,CLEAR,DAYLIGHT,NOT DIVIDED,DRY,NO DEFECTS,11,2,4
Skoda Slavia,STOP SIGN/FLASHER,RAIN,DAYLIGHT,FOUR WAY,"SAND, MUD, DIRT","RUT, HOLES",11,6,6
Hyundai Creta,PEDESTRIAN CROSSING SIGN,RAIN,DUSK,NOT DIVIDED,"SAND, MUD, DIRT",SHOULDER DEFECT,18,2,5
Tata Punch,STOP SIGN/FLASHER,CLEAR,DAYLIGHT,DRIVEWAY,DRY,NO DEFECTS,18,2,3
Mahindra Scorpio,STOP SIGN/FLASHER,RAIN,DARKNESS,T-INTERSECTION,WET,"RUT, HOLES",0,7,9
Kia Sonet,LANE USE MARKING,CLEAR,"DARKNESS, LIGHTED ROAD",NOT DIVIDED,DRY,NO DEFECTS,7,2,5
Maruti Suzuki Brezza,TRAFFIC SIGNAL,CLOUDY/OVERCAST,DAYLIGHT,NOT DIVIDED,DRY,"RUT, HOLES",8,2,7
Maruti Suzuki Swift,STOP SIGN/FLASHER,RAIN,DAYLIGHT,NOT DIVIDED,WET,NO DEFECTS,11,4,6
Hyundai Creta,NO CONTROLS,FOG/SMOKE/HAZE,DAYLIGHT,FOUR WAY,"SAND, MUD, DIRT","RUT, HOLES",7,4,12
Volkswagen Virtus,PEDESTRIAN CROSSING SIGN,CLOUDY/OVERCAST,DAYLIGHT,NOT DIVIDED,"SAND, MUD, DIRT","RUT, HOLES",17,2,6
Hyundai Venue,NO CONTROLS,CLEAR,DARKNESS,NOT DIVIDED,DRY,NO DEFECTS,19,5,1
Maruti Suzuki Brezza,NO CONTROLS,FOG/SMOKE/HAZE,DUSK,T-INTERSECTION,"SAND, MUD, DIRT",WORN SURFACE,6,6,1
Hyundai i20,LANE USE MARKING,RAIN,DAYLIGHT,NOT DIVIDED,DRY,"RUT, HOLES",15,4,8
Mahindra Scorpio,STOP SIGN/FLASHER,RAIN,DARKNESS,DIVIDED - W/MEDIAN (NOT RAISED),WET,"RUT, HOLES",11,7,8
Volkswagen Virtus,TRAFFIC SIGNAL,RAIN,DAYLIGHT,NOT DIVIDED,WET,"RUT, HOLES",14,7,7
Maruti Suzuki Wagon R,STOP SIGN/FLASHER,RAIN,DAYLIGHT,UNKNOWN,WET,WORN SURFACE,16,5,7
Hyundai Venue,NO CONTROLS,CLOUDY/OVERCAST,DAWN,NOT DIVIDED,DRY,"RUT, HOLES",20,7,1
Nissan Magnite,TRAFFIC SIGNAL,CLEAR,DAYLIGHT,NOT DIVIDED,DRY,DEBRIS ON ROADWAY,8,5,7
Mahindra Thar,TRAFFIC SIGNAL,OTHER,DARKNESS,T-INTERSECTION,DRY,DEBRIS ON ROADWAY,4,5,7
Maruti Suzuki Baleno,NO CONTROLS,CLEAR,DAYLIGHT,NOT DIVIDED,WET,WORN SURFACE,16,7,2
Kia Sonet,STOP SIGN/FLASHER,CLEAR,"DARKNESS, LIGHTED ROAD",NOT DIVIDED,DRY,DEBRIS ON ROADWAY,12,7,2
Hyundai Venue,NO CONTROLS,CLOUDY/OVERCAST,DAYLIGHT,T-INTERSECTION,DRY,DEBRIS ON ROADWAY,7,7,2
Maruti Suzuki Baleno,STOP SIGN/FLASHER,CLEAR,DUSK,NOT DIVIDED,UNKNOWN,NO DEFECTS,6,6,2
Hyundai Creta,TRAFFIC SIGNAL,RAIN,DAYLIGHT,NOT DIVIDED,DRY,UNKNOWN,15,4,8
Tata Harrier,STOP SIGN/FLASHER,CLEAR,"DARKNESS, LIGHTED ROAD",NOT DIVIDED,WET,NO DEFECTS,10,3,3
Tata Altroz,YIELD,CLOUDY/OVERCAST,"DARKNESS, LIGHTED ROAD",NOT DIVIDED,DRY,NO DEFECTS,23,5,5
Renault Kiger,NO CONTROLS,CLEAR,DAYLIGHT,FOUR WAY,WET,OTHER,12,6,3
Mahindra Scorpio,STOP SIGN/FLASHER,SLEET/HAIL,DAYLIGHT,NOT DIVIDED,WET,NO DEFECTS,8,1,12
Mahindra Thar,NO CONTROLS,FOG/SMOKE/HAZE,DAYLIGHT,NOT DIVIDED,WET,"RUT, HOLES",13,3,11
Honda City,TRAFFIC SIGNAL,FOG/SMOKE/HAZE,DAYLIGHT,NOT DIVIDED,DRY,OTHER,7,3,4
Renault Kiger,STOP SIGN/FLASHER,CLOUDY/OVERCAST,DAYLIGHT,NOT DIVIDED,DRY,NO DEFECTS,14,6,6
Hyundai Verna,STOP SIGN/FLASHER,FOG/SMOKE/HAZE,DAYLIGHT,NOT DIVIDED,UNKNOWN,NO DEFECTS,8,5,4
Renault Kiger,NO CONTROLS,CLEAR,DAYLIGHT,NOT DIVIDED,DRY,"RUT, HOLES",13,4,7
Honda Amaze,DELINEATORS,FOG/SMOKE/HAZE,DARKNESS,NOT DIVIDED,DRY,WORN SURFACE,18,7,1
Mahindra Scorpio,TRAFFIC SIGNAL,RAIN,DAYLIGHT,NOT DIVIDED,WET,WORN SURFACE,8,5,9
Tata Nexon,NO CONTROLS,RAIN,DARKNESS,T-INTERSECTION,WET,DEBRIS ON ROADWAY,21,6,7
Hyundai i20,STOP SIGN/FLASHER,UNKNOWN,DARKNESS,UNKNOWN INTERSECTION TYPE,DRY,NO DEFECTS,19,5,11
Volkswagen Virtus,STOP SIGN/FLASHER,CLEAR,DAYLIGHT,OTHER,"SAND, MUD, DIRT",NO DEFECTS,11,7,3
Mahindra Scorpio,UNKNOWN,UNKNOWN,DAYLIGHT,NOT DIVIDED,DRY,WORN SURFACE,7,6,10
Tata Altroz,TRAFFIC SIGNAL,CLEAR,DAYLIGHT,NOT DIVIDED,DRY,WORN SURFACE,9,7,10
Toyota Innova,NO CONTROLS,CLEAR,DAYLIGHT,NOT DIVIDED,WET,NO DEFECTS,11,3,2
Maruti Suzuki Baleno,FLASHING CONTROL SIGNAL,RAIN,DAYLIGHT,NOT DIVIDED,DRY,NO DEFECTS,15,2,6
Mahindra XUV700,NO CONTROLS,CLEAR,DAWN,DIVIDED - W/MEDIAN (NOT RAISED),UNKNOWN,NO DEFECTS,1,6,3
Hyundai Verna,STOP SIGN/FLASHER,CLOUDY/OVERCAST,DARKNESS,L-INTERSECTION,DRY,DEBRIS ON ROADWAY,21,7,5
Volkswagen Virtus,TRAFFIC SIGNAL,CLOUDY/OVERCAST,DARKNESS,OTHER,DRY,DEBRIS ON ROADWAY,5,1,5
Renault Kiger,NO CONTROLS,RAIN,DAYLIGHT,DIVIDED - W/MEDIAN (NOT RAISED),WET,NO DEFECTS,9,3,8
Mahindra XUV700,UNKNOWN,RAIN,DAYLIGHT,NOT DIVIDED,"SAND, MUD, DIRT",NO DEFECTS,6,6,6
Honda Amaze,NO CONTROLS,FOG/SMOKE/HAZE,DAYLIGHT,NOT DIVIDED,DRY,NO DEFECTS,7,6,12
Maruti Suzuki Wagon R,STOP SIGN/FLASHER,CLEAR,DARKNESS,NOT DIVIDED,"SAND, MUD, DIRT",UNKNOWN,19,6,2
Toyota Fortuner,NO CONTROLS,OTHER,DAYLIGHT,FOUR WAY,UNKNOWN,DEBRIS ON ROADWAY,16,5,12
Toyota Innova,YIELD,CLEAR,DAYLIGHT,FOUR WAY,DRY,"RUT, HOLES",8,3,4
Renault Kiger,NO CONTROLS,CLEAR,DARKNESS,DIVIDED - W/MEDIAN (NOT RAISED),DRY,NO DEFECTS,20,6,10
Maruti Suzuki Brezza,NO CONTROLS,RAIN,DARKNESS,DIVIDED - W/MEDIAN BARRIER,WET,NO DEFECTS,19,5,6
Hyundai Venue,NO CONTROLS,RAIN,DAYLIGHT,DIVIDED - W/MEDIAN (NOT RAISED),WET,"RUT, HOLES",18,4,2
Mahindra XUV700,NO CONTROLS,CLOUDY/OVERCAST,DAWN,NOT DIVIDED,"SAND, MUD, DIRT",OTHER,19,6,11
Hyundai Verna,STOP SIGN/FLASHER,CLOUDY/OVERCAST,DAYLIGHT,NOT DIVIDED,DRY,NO DEFECTS,16,2,6
Renault Kiger,NO CONTROLS,RAIN,DAYLIGHT,NOT DIVIDED,WET,WORN SURFACE,14,5,8
Nissan Magnite,NO CONTROLS,RAIN,DAYLIGHT,NOT DIVIDED,WET,NO DEFECTS,12,3,8
Skoda Slavia,NO CONTROLS,RAIN,DAYLIGHT,NOT DIVIDED,WET,"RUT, HOLES",8,1,7
Mahindra Scorpio,TRAFFIC SIGNAL,RAIN,DAWN,FOUR WAY,WET,WORN SURFACE,15,6,7
Tata Altroz,NO CONTROLS,RAIN,UNKNOWN,DIVIDED - W/MEDIAN (NOT RAISED),WET,WORN SURFACE,20,4,9
Hyundai Venue,STOP SIGN/FLASHER,OTHER,DAYLIGHT,DIVIDED - W/MEDIAN (NOT RAISED),DRY,WORN SURFACE,16,7,1
Kia Sonet,NO CONTROLS,FOG/SMOKE/HAZE,DARKNESS,ONE-WAY,DRY,WORN SURFACE,20,4,9
Hyundai Creta,OTHER,FOG/SMOKE/HAZE,DAYLIGHT,NOT DIVIDED,WET,NO DEFECTS,7,1,11
Toyota Fortuner,NO CONTROLS,FOG/SMOKE/HAZE,DAYLIGHT,T-INTERSECTION,UNKNOWN,NO DEFECTS,16,4,1
Honda City,TRAFFIC SIGNAL,FOG/SMOKE/HAZE,DAYLIGHT,FOUR WAY,"SAND, MUD, DIRT",WORN SURFACE,14,2,2
Maruti Suzuki Swift,TRAFFIC SIGNAL,RAIN,DAYLIGHT,NOT DIVIDED,WET,NO DEFECTS,17,7,9
Tata Nexon,OTHER WARNING SIGN,CLOUDY/OVERCAST,DAYLIGHT,NOT DIVIDED,"SAND, MUD, DIRT","RUT, HOLES",16,4,7
Skoda Slavia,TRAFFIC SIGNAL,RAIN,DAYLIGHT,DIVIDED - W/MEDIAN (NOT RAISED),WET,DEBRIS ON ROADWAY,8,4,6
Maruti Suzuki Brezza,STOP SIGN/FLASHER,CLOUDY/OVERCAST,DAYLIGHT,UNKNOWN INTERSECTION TYPE,DRY,DEBRIS ON ROADWAY,7,3,2
Hyundai Verna,NO CONTROLS,CLOUDY/OVERCAST,"DARKNESS, LIGHTED ROAD",NOT DIVIDED,DRY,WORN SURFACE,23,5,7
Tata Harrier,NO CONTROLS,CLOUDY/OVERCAST,"DARKNESS, LIGHTED ROAD","FIVE POINT, OR MORE",DRY,NO DEFECTS,1,1,2
Hyundai i20,OTHER,CLOUDY/OVERCAST,DAYLIGHT,NOT DIVIDED,WET,DEBRIS ON ROADWAY,14,4,7
Maruti Suzuki Swift,STOP SIGN/FLASHER,RAIN,DARKNESS,T-INTERSECTION,WET,DEBRIS ON ROADWAY,13,5,9
Honda Amaze,TRAFFIC SIGNAL,CLEAR,DAYLIGHT,ONE-WAY,DRY,"RUT, HOLES",11,3,5
Skoda Slavia,STOP SIGN/FLASHER,CLEAR,DAWN,NOT DIVIDED,DRY,NO DEFECTS,18,4,7
Tata Harrier,OTHER,CLEAR,"DARKNESS, LIGHTED ROAD",NOT DIVIDED,"SAND, MUD, DIRT","RUT, HOLES",18,6,12
Kia Sonet,TRAFFIC SIGNAL,RAIN,"DARKNESS, LIGHTED ROAD",NOT DIVIDED,WET,WORN SURFACE,21,5,9
Mahindra XUV700,NO CONTROLS,CLEAR,DAYLIGHT,NOT DIVIDED,DRY,WORN SURFACE,12,5,11
Kia Sonet,TRAFFIC SIGNAL,CLEAR,DAYLIGHT,TRAFFIC ROUTE,"SAND, MUD, DIRT",NO DEFECTS,15,3,7
Nissan Magnite,NO CONTROLS,RAIN,DAYLIGHT,NOT DIVIDED,WET,NO DEFECTS,20,4,9
Kia Sonet,TRAFFIC SIGNAL,FOG/SMOKE/HAZE,DARKNESS,CENTER TURN LANE,OTHER,WORN SURFACE,23,1,1
Tata Punch,LANE USE MARKING,CLEAR,DARKNESS,DIVIDED - W/MEDIAN (NOT RAISED),"SAND, MUD, DIRT",WORN SURFACE,22,4,2
Tata Harrier,LANE USE MARKING,CLEAR,DAYLIGHT,NOT DIVIDED,DRY,"RUT, HOLES",17,6,4
Hyundai Verna,NO CONTROLS,SLEET/HAIL,DAYLIGHT,NOT DIVIDED,WET,"RUT, HOLES",7,2,6
Maruti Suzuki Wagon R,NO CONTROLS,OTHER,"DARKNESS, LIGHTED ROAD",T-INTERSECTION,UNKNOWN,"RUT, HOLES",0,6,11
Tata Punch,TRAFFIC SIGNAL,CLEAR,DARKNESS,FOUR WAY,DRY,NO DEFECTS,19,3,6
Tata Altroz,TRAFFIC SIGNAL,UNKNOWN,DARKNESS,NOT DIVIDED,DRY,NO DEFECTS,19,1,8
Kia Seltos,NO CONTROLS,RAIN,"DARKNESS, LIGHTED ROAD",ALLEY,"SAND, MUD, DIRT","RUT, HOLES",18,7,9
Kia Sonet,TRAFFIC SIGNAL,RAIN,DAYLIGHT,NOT DIVIDED,WET,NO DEFECTS,9,2,8
Mahindra Thar,NO CONTROLS,CLEAR,DUSK,DIVIDED - W/MEDIAN (NOT RAISED),DRY,WORN SURFACE,16,3,6
Volkswagen Virtus,TRAFFIC SIGNAL,OTHER,DAYLIGHT,DIVIDED - W/MEDIAN (NOT RAISED),"SAND, MUD, DIRT",WORN SURFACE,10,4,8
Nissan Magnite,TRAFFIC SIGNAL,UNKNOWN,DAYLIGHT,Y-INTERSECTION,DRY,WORN SURFACE,13,7,6
Hyundai Verna,TRAFFIC SIGNAL,RAIN,DAYLIGHT,NOT DIVIDED,DRY,DEBRIS ON ROADWAY,12,5,1
Kia Seltos,NO CONTROLS,CLOUDY/OVERCAST,DARKNESS,NOT DIVIDED,DRY,NO DEFECTS,21,7,12
Maruti Suzuki Brezza,OTHER WARNING SIGN,CLOUDY/OVERCAST,DAYLIGHT,NOT DIVIDED,WET,NO DEFECTS,8,5,2
Tata Punch,NO CONTROLS,FOG/SMOKE/HAZE,DAYLIGHT,NOT DIVIDED,DRY,NO DEFECTS,10,2,1
Tata Punch,NO CONTROLS,CLOUDY/OVERCAST,DAYLIGHT,FOUR WAY,DRY,WORN SURFACE,11,5,11
Toyota Fortuner,NO CONTROLS,CLEAR,DAYLIGHT,NOT DIVIDED,DRY,"RUT, HOLES",17,1,5
Mahindra Thar,NO CONTROLS,RAIN,DAYLIGHT,DIVIDED - W/MEDIAN (NOT RAISED),WET,NO DEFECTS,15,1,8
Renault Kiger,NO CONTROLS,CLEAR,"DARKNESS, LIGHTED ROAD",ONE-WAY,DRY,NO DEFECTS,21,1,6
Honda City,TRAFFIC SIGNAL,RAIN,DARKNESS,NOT DIVIDED,WET,DEBRIS ON ROADWAY,5,1,6
Hyundai Verna,TRAFFIC SIGNAL,CLEAR,DAYLIGHT,ONE-WAY,OTHER,WORN SURFACE,8,2,5
Mahindra XUV700,STOP SIGN/FLASHER,RAIN,DUSK,ONE-WAY,WET,"RUT, HOLES",18,3,6
Nissan Magnite,YIELD,RAIN,DAYLIGHT,NOT DIVIDED,WET,OTHER,11,1,6
Mahindra Scorpio,DELINEATORS,RAIN,DAYLIGHT,NOT DIVIDED,WET,SHOULDER DEFECT,7,1,9
Tata Punch,NO CONTROLS,UNKNOWN,DAYLIGHT,NOT DIVIDED,UNKNOWN,NO DEFECTS,14,1,7
Tata Altroz,NO CONTROLS,CLOUDY/OVERCAST,DAYLIGHT,DIVIDED - W/MEDIAN BARRIER,WET,"RUT, HOLES",17,7,12
Hyundai Verna,TRAFFIC SIGNAL,CLEAR,"DARKNESS, LIGHTED ROAD",NOT DIVIDED,WET,"RUT, HOLES",1,5,1
Hyundai Creta,TRAFFIC SIGNAL,RAIN,DAYLIGHT,OTHER,WET,SHOULDER DEFECT,10,4,7
Hyundai Verna,NO CONTROLS,CLOUDY/OVERCAST,DARKNESS,DIVIDED - W/MEDIAN (NOT RAISED),DRY,NO DEFECTS,19,4,8
Kia Seltos,TRAFFIC SIGNAL,UNKNOWN,DAYLIGHT,NOT DIVIDED,DRY,"RUT, HOLES",14,5,12
Renault Kiger,TRAFFIC SIGNAL,FOG/SMOKE/HAZE,"DARKNESS, LIGHTED ROAD",T-INTERSECTION,WET,"RUT, HOLES",4,1,1
Renault Kiger,OTHER WARNING SIGN,CLOUDY/OVERCAST,DAYLIGHT,DIVIDED - W/MEDIAN (NOT RAISED),DRY,DEBRIS ON ROADWAY,9,5,8
Hyundai Creta,STOP SIGN/FLASHER,FOG/SMOKE/HAZE,DAYLIGHT,NOT DIVIDED,WET,DEBRIS ON ROADWAY,14,6,11
Toyota Innova,TRAFFIC SIGNAL,UNKNOWN,DAYLIGHT,NOT DIVIDED,DRY,"RUT, HOLES",8,5,4
Mahindra Thar,TRAFFIC SIGNAL,FOG/SMOKE/HAZE,DARKNESS,NOT DIVIDED,DRY,"RUT, HOLES",19,7,11
Mahindra Scorpio,NO CONTROLS,CLOUDY/OVERCAST,DAYLIGHT,NOT DIVIDED,DRY,SHOULDER DEFECT,17,2,1
Maruti Suzuki Baleno,TRAFFIC SIGNAL,RAIN,DAYLIGHT,FOUR WAY,WET,WORN SURFACE,14,6,9
Hyundai i20,STOP SIGN/FLASHER,CLEAR,DARKNESS,T-INTERSECTION,DRY,SHOULDER DEFECT,21,5,12
Mahindra Scorpio,NO CONTROLS,RAIN,DAYLIGHT,FOUR WAY,WET,DEBRIS ON ROADWAY,12,5,8
Honda City,TRAFFIC SIGNAL,CLOUDY/OVERCAST,DAYLIGHT,NOT DIVIDED,DRY,SHOULDER DEFECT,8,5,7
Nissan Magnite,NO CONTROLS,FOG/SMOKE/HAZE,DAYLIGHT,NOT DIVIDED,WET,NO DEFECTS,15,1,1
Tata Nexon,STOP SIGN/FLASHER,FOG/SMOKE/HAZE,DAYLIGHT,T-INTERSECTION,DRY,NO DEFECTS,10,5,12
Honda Amaze,NO CONTROLS,RAIN,DAYLIGHT,FOUR WAY,WET,NO DEFECTS,11,4,7
Maruti Suzuki Brezza,NO CONTROLS,FOG/SMOKE/HAZE,DAYLIGHT,ONE-WAY,DRY,WORN SURFACE,7,1,1
Toyota Fortuner,NO CONTROLS,CLEAR,DUSK,NOT DIVIDED,DRY,NO DEFECTS,12,2,9
Toyota Innova,STOP SIGN/FLASHER,UNKNOWN,DAYLIGHT,NOT DIVIDED,DRY,NO DEFECTS,10,4,7
Skoda Slavia,STOP SIGN/FLASHER,RAIN,DAYLIGHT,NOT DIVIDED,WET,NO DEFECTS,17,7,2
Maruti Suzuki Brezza,NO CONTROLS,CLEAR,DAYLIGHT,NOT DIVIDED,DRY,OTHER,17,4,4
Tata Harrier,NO CONTROLS,FOG/SMOKE/HAZE,DAYLIGHT,TRAFFIC ROUTE,DRY,"RUT, HOLES",8,2,1
Mahindra Thar,YIELD,RAIN,DAYLIGHT,NOT DIVIDED,DRY,NO DEFECTS,12,7,8
Kia Sonet,PEDESTRIAN CROSSING SIGN,RAIN,DAYLIGHT,DIVIDED - W/MEDIAN BARRIER,WET,NO DEFECTS,11,1,8
Kia Sonet,STOP SIGN/FLASHER,RAIN,DAYLIGHT,FOUR WAY,WET,NO DEFECTS,9,1,7
Tata Punch,STOP SIGN/FLASHER,CLOUDY/OVERCAST,DARKNESS,NOT DIVIDED,DRY,DEBRIS ON ROADWAY,4,4,10
Mahindra Scorpio,STOP SIGN/FLASHER,CLEAR,DAYLIGHT,NOT DIVIDED,DRY,OTHER,9,1,11
Honda Amaze,NO CONTROLS,CLEAR,DAYLIGHT,DIVIDED - W/MEDIAN (NOT RAISED),DRY,"RUT, HOLES",10,5,8
Maruti Suzuki Swift,RAILROAD CROSSING GATE,FOG/SMOKE/HAZE,DARKNESS,NOT DIVIDED,DRY,"RUT, HOLES",9,2,1
Mahindra Scorpio,TRAFFIC SIGNAL,RAIN,"DARKNESS, LIGHTED ROAD",NOT DIVIDED,WET,WORN SURFACE,18,5,9
Hyundai i20,NO CONTROLS,RAIN,"DARKNESS, LIGHTED ROAD",NOT DIVIDED,DRY,NO DEFECTS,12,1,7
Skoda Slavia,NO CONTROLS,RAIN,DARKNESS,FOUR WAY,WET,NO DEFECTS,22,6,8
Hyundai i20,TRAFFIC SIGNAL,UNKNOWN,"DARKNESS, LIGHTED ROAD",T-INTERSECTION,WET,"RUT, HOLES",19,6,8
Hyundai Venue,NO CONTROLS,RAIN,"DARKNESS, LIGHTED ROAD",NOT DIVIDED,WET,DEBRIS ON ROADWAY,23,7,6
Nissan Magnite,NO CONTROLS,FOG/SMOKE/HAZE,DUSK,UNKNOWN INTERSECTION TYPE,DRY,WORN SURFACE,19,1,12
Tata Harrier,TRAFFIC SIGNAL,OTHER,DAYLIGHT,T-INTERSECTION,OTHER,NO DEFECTS,16,5,2
Toyota Innova,NO CONTROLS,RAIN,DAYLIGHT,ALLEY,WET,DEBRIS ON ROADWAY,16,6,9
Tata Nexon,TRAFFIC SIGNAL,RAIN,DAYLIGHT,NOT DIVIDED,WET,"RUT, HOLES",6,7,1
Tata Punch,LANE USE MARKING,CLEAR,DAYLIGHT,NOT DIVIDED,WET,SHOULDER DEFECT,17,4,12
Volkswagen Virtus,NO CONTROLS,CLEAR,DAYLIGHT,FOUR WAY,DRY,NO DEFECTS,16,7,2
Maruti Suzuki Wagon R,NO CONTROLS,CLOUDY/OVERCAST,DAWN,DIVIDED - W/MEDIAN BARRIER,UNKNOWN,NO DEFECTS,14,1,1
Honda City,LANE USE MARKING,UNKNOWN,DAYLIGHT,DIVIDED - W/MEDIAN (NOT RAISED),DRY,NO DEFECTS,17,4,6
Maruti Suzuki Wagon R,NO CONTROLS,CLOUDY/OVERCAST,DAYLIGHT,DIVIDED - W/MEDIAN (NOT RAISED),DRY,DEBRIS ON ROADWAY,13,2,6
Mahindra XUV700,NO CONTROLS,CLEAR,DARKNESS,UNKNOWN,DRY,NO DEFECTS,15,2,4
Maruti Suzuki Brezza,YIELD,CLEAR,DAYLIGHT,NOT DIVIDED,DRY,"RUT, HOLES",12,3,8
Mahindra Scorpio,NO CONTROLS,CLOUDY/OVERCAST,DUSK,ONE-WAY,DRY,NO DEFECTS,17,5,7
Toyota Innova,NO CONTROLS,FOG/SMOKE/HAZE,"DARKNESS, LIGHTED ROAD",DIVIDED - W/MEDIAN (NOT RAISED),OTHER,"RUT, HOLES",19,4,1
Hyundai Venue,NO CONTROLS,UNKNOWN,DARKNESS,NOT DIVIDED,DRY,NO DEFECTS,19,2,6
Kia Sonet,PEDESTRIAN CROSSING SIGN,CLEAR,DAYLIGHT,NOT DIVIDED,DRY,NO DEFECTS,18,1,10
Kia Sonet,TRAFFIC SIGNAL,CLOUDY/OVERCAST,DARKNESS,T-INTERSECTION,DRY,NO DEFECTS,0,7,9
Renault Kiger,STOP SIGN/FLASHER,OTHER,UNKNOWN,DIVIDED - W/MEDIAN BARRIER,DRY,NO DEFECTS,21,3,9
Mahindra Thar,STOP SIGN/FLASHER,CLOUDY/OVERCAST,DUSK,NOT DIVIDED,DRY,NO DEFECTS,9,1,9
Maruti Suzuki Brezza,NO CONTROLS,CLEAR,DARKNESS,ONE-WAY,DRY,NO DEFECTS,20,2,6
Kia Seltos,PEDESTRIAN CROSSING SIGN,CLEAR,DAYLIGHT,FOUR WAY,DRY,WORN SURFACE,8,2,2
Maruti Suzuki Swift,TRAFFIC SIGNAL,RAIN,DAYLIGHT,NOT DIVIDED,UNKNOWN,NO DEFECTS,13,2,5
Maruti Suzuki Swift,NO CONTROLS,CLEAR,DARKNESS,CENTER TURN LANE,WET,NO DEFECTS,18,3,10
Nissan Magnite,LANE USE MARKING,FOG/SMOKE/HAZE,DAYLIGHT,T-INTERSECTION,"SAND, MUD, DIRT","RUT, HOLES",14,2,12
Maruti Suzuki Wagon R,LANE USE MARKING,RAIN,DAYLIGHT,Y-INTERSECTION,WET,NO DEFECTS,12,4,7
Mahindra Scorpio,TRAFFIC SIGNAL,CLEAR,DAYLIGHT,NOT DIVIDED,DRY,DEBRIS ON ROADWAY,17,6,1
Maruti Suzuki Swift,FLASHING CONTROL SIGNAL,CLEAR,DAYLIGHT,CENTER TURN LANE,DRY,"RUT, HOLES",15,1,2
Maruti Suzuki Baleno,NO CONTROLS,RAIN,DAYLIGHT,NOT DIVIDED,DRY,OTHER,9,2,6
Honda Amaze,TRAFFIC SIGNAL,CLEAR,DAYLIGHT,NOT DIVIDED,DRY,NO DEFECTS,16,6,8
Volkswagen Virtus,NO CONTROLS,FOG/SMOKE/HAZE,DAWN,NOT DIVIDED,DRY,NO DEFECTS,6,2,1
Tata Punch,TRAFFIC SIGNAL,FOG/SMOKE/HAZE,DAYLIGHT,NOT DIVIDED,DRY,"RUT, HOLES",16,6,12
Hyundai Creta,PEDESTRIAN CROSSING SIGN,RAIN,"DARKNESS, LIGHTED ROAD",NOT DIVIDED,WET,NO DEFECTS,0,4,6
Mahindra Thar,STOP SIGN/FLASHER,RAIN,DAYLIGHT,NOT DIVIDED,DRY,"RUT, HOLES",15,7,11
Maruti Suzuki Baleno,TRAFFIC SIGNAL,CLEAR,DAYLIGHT,NOT DIVIDED,DRY,"RUT, HOLES",12,1,10
Tata Punch,NO CONTROLS,CLOUDY/OVERCAST,DUSK,ALLEY,DRY,"RUT, HOLES",10,6,9
Hyundai Verna,TRAFFIC SIGNAL,RAIN,DAYLIGHT,DIVIDED - W/MEDIAN BARRIER,WET,SHOULDER DEFECT,14,5,8
Nissan Magnite,NO CONTROLS,CLEAR,DAYLIGHT,ONE-WAY,DRY,NO DEFECTS,16,4,8
Skoda Slavia,NO CONTROLS,RAIN,"DARKNESS, LIGHTED ROAD",NOT DIVIDED,DRY,"RUT, HOLES",22,2,8
Hyundai Verna,TRAFFIC SIGNAL,CLEAR,DARKNESS,NOT DIVIDED,"SAND, MUD, DIRT",NO DEFECTS,19,2,8
Hyundai Venue,STOP SIGN/FLASHER,CLOUDY/OVERCAST,DAYLIGHT,NOT DIVIDED,DRY,WORN SURFACE,17,6,8
Mahindra Thar,NO CONTROLS,OTHER,DAYLIGHT,NOT DIVIDED,DRY,NO DEFECTS,14,2,12
Maruti Suzuki Baleno,STOP SIGN/FLASHER,RAIN,DAYLIGHT,FOUR WAY,WET,"RUT, HOLES",12,5,9
Skoda Slavia,TRAFFIC SIGNAL,CLEAR,DARKNESS,NOT DIVIDED,DRY,"RUT, HOLES",1,2,10
Tata Nexon,TRAFFIC SIGNAL,FOG/SMOKE/HAZE,DAYLIGHT,FOUR WAY,WET,OTHER,7,4,11
Hyundai i20,NO CONTROLS,CLEAR,"DARKNESS, LIGHTED ROAD",DIVIDED - W/MEDIAN (NOT RAISED),DRY,WORN SURFACE,19,2,4
Hyundai Creta,TRAFFIC SIGNAL,FOG/SMOKE/HAZE,DAYLIGHT,DIVIDED - W/MEDIAN BARRIER,WET,NO DEFECTS,8,3,1
Toyota Innova,TRAFFIC SIGNAL,RAIN,DAYLIGHT,UNKNOWN,"SAND, MUD, DIRT","RUT, HOLES",13,6,7
Kia Seltos,TRAFFIC SIGNAL,RAIN,DAYLIGHT,Y-INTERSECTION,WET,WORN SURFACE,9,1,7
Maruti Suzuki Brezza,TRAFFIC SIGNAL,CLOUDY/OVERCAST,DAYLIGHT,T-INTERSECTION,WET,"RUT, HOLES",9,7,10
Tata Altroz,STOP SIGN/FLASHER,RAIN,DARKNESS,NOT DIVIDED,DRY,NO DEFECTS,3,3,7
Skoda Slavia,LANE USE MARKING,RAIN,DAYLIGHT,NOT DIVIDED,WET,NO DEFECTS,16,5,8
Toyota Innova,FLASHING CONTROL SIGNAL,RAIN,DAYLIGHT,FOUR WAY,OTHER,NO DEFECTS,13,2,7
Maruti Suzuki Baleno,TRAFFIC SIGNAL,OTHER,DAYLIGHT,NOT DIVIDED,DRY,NO DEFECTS,16,3,1
Mahindra XUV700,NO CONTROLS,SLEET/HAIL,DAYLIGHT,NOT DIVIDED,DRY,WORN SURFACE,15,4,8
Renault Kiger,NO CONTROLS,CLEAR,"DARKNESS, LIGHTED ROAD",DIVIDED - W/MEDIAN (NOT RAISED),WET,"RUT, HOLES",19,6,10
Kia Sonet,TRAFFIC SIGNAL,CLOUDY/OVERCAST,DUSK,NOT DIVIDED,DRY,NO DEFECTS,18,7,3
Toyota Innova,NO CONTROLS,RAIN,DARKNESS,Y-INTERSECTION,WET,"RUT, HOLES",18,7,8
Maruti Suzuki Brezza,NO CONTROLS,CLOUDY/OVERCAST,DAYLIGHT,FOUR WAY,DRY,NO DEFECTS,14,3,8
Volkswagen Virtus,PEDESTRIAN CROSSING SIGN,CLOUDY/OVERCAST,DAYLIGHT,FOUR WAY,DRY,NO DEFECTS,11,1,3
Tata Altroz,STOP SIGN/FLASHER,CLEAR,DARKNESS,ONE-WAY,DRY,WORN SURFACE,21,7,2
Kia Sonet,NO CONTROLS,FOG/SMOKE/HAZE,DARKNESS,NOT DIVIDED,DRY,WORN SURFACE,5,1,12
Mahindra Thar,UNKNOWN,RAIN,DARKNESS,TRAFFIC ROUTE,WET,"RUT, HOLES",7,7,6
Nissan Magnite,TRAFFIC SIGNAL,CLOUDY/OVERCAST,DUSK,NOT DIVIDED,DRY,WORN SURFACE,13,1,4
Mahindra XUV700,STOP SIGN/FLASHER,CLOUDY/OVERCAST,DAYLIGHT,Y-INTERSECTION,DRY,NO DEFECTS,16,7,3
Kia Sonet,NO CONTROLS,CLOUDY/OVERCAST,DARKNESS,CENTER TURN LANE,DRY,NO DEFECTS,0,1,9
Maruti Suzuki Wagon R,TRAFFIC SIGNAL,RAIN,"DARKNESS, LIGHTED ROAD",NOT DIVIDED,WET,"RUT, HOLES",17,1,8
Kia Seltos,TRAFFIC SIGNAL,CLOUDY/OVERCAST,DAYLIGHT,FOUR WAY,"SAND, MUD, DIRT",NO DEFECTS,15,4,8
Mahindra Scorpio,TRAFFIC SIGNAL,CLEAR,DAYLIGHT,T-INTERSECTION,DRY,WORN SURFACE,14,5,1
Toyota Innova,NO CONTROLS,FREEZING RAIN/DRIZZLE,DAYLIGHT,"FIVE POINT, OR MORE",WET,NO DEFECTS,13,3,11
Kia Sonet,TRAFFIC SIGNAL,CLEAR,DAYLIGHT,NOT DIVIDED,UNKNOWN,WORN SURFACE,14,5,6
Mahindra Scorpio,STOP SIGN/FLASHER,CLOUDY/OVERCAST,DAYLIGHT,DIVIDED - W/MEDIAN (NOT RAISED),DRY,"RUT, HOLES",7,7,6
Volkswagen Virtus,TRAFFIC SIGNAL,RAIN,DARKNESS,ONE-WAY,DRY,WORN SURFACE,6,6,7
Renault Kiger,TRAFFIC SIGNAL,CLOUDY/OVERCAST,DAYLIGHT,NOT DIVIDED,DRY,SHOULDER DEFECT,9,7,6
Hyundai i20,NO CONTROLS,FREEZING RAIN/DRIZZLE,DAYLIGHT,OTHER,WET,NO DEFECTS,17,2,11
Toyota Innova,NO CONTROLS,CLEAR,DARKNESS,NOT DIVIDED,WET,NO DEFECTS,16,2,12
Tata Altroz,TRAFFIC SIGNAL,CLEAR,DAYLIGHT,FOUR WAY,UNKNOWN,SHOULDER DEFECT,14,5,5
Tata Harrier,TRAFFIC SIGNAL,FOG/SMOKE/HAZE,DAYLIGHT,NOT DIVIDED,"SAND, MUD, DIRT",NO DEFECTS,10,6,11
Hyundai Creta,NO CONTROLS,CLEAR,DAYLIGHT,NOT DIVIDED,WET,"RUT, HOLES",15,1,10
Hyundai Verna,NO CONTROLS,FOG/SMOKE/HAZE,DAYLIGHT,NOT DIVIDED,DRY,NO DEFECTS,7,2,12
Tata Altroz,NO CONTROLS,CLOUDY/OVERCAST,DARKNESS,NOT DIVIDED,DRY,"RUT, HOLES",5,7,4
Volkswagen Virtus,NO CONTROLS,RAIN,DARKNESS,TRAFFIC ROUTE,WET,NO DEFECTS,20,1,8
Hyundai Verna,NO CONTROLS,UNKNOWN,DAYLIGHT,ONE-WAY,DRY,WORN SURFACE,16,4,5
Hyundai Verna,YIELD,CLEAR,"DARKNESS, LIGHTED ROAD",OTHER,OTHER,NO DEFECTS,17,2,10
Hyundai Creta,TRAFFIC SIGNAL,UNKNOWN,DAYLIGHT,NOT DIVIDED,DRY,NO DEFECTS,13,6,1
Tata Harrier,OTHER REG. SIGN,RAIN,DAYLIGHT,NOT DIVIDED,WET,NO DEFECTS,18,7,8
Hyundai Creta,OTHER,RAIN,DUSK,ONE-WAY,WET,"RUT, HOLES",16,2,6
Tata Altroz,STOP SIGN/FLASHER,RAIN,"DARKNESS, LIGHTED ROAD",NOT DIVIDED,WET,DEBRIS ON ROADWAY,2,5,6
Tata Harrier,STOP SIGN/FLASHER,RAIN,DARKNESS,NOT DIVIDED,WET,NO DEFECTS,20,7,8
Hyundai Venue,OTHER,UNKNOWN,DUSK,DIVIDED - W/MEDIAN (NOT RAISED),DRY,NO DEFECTS,10,5,11
Honda Amaze,NO CONTROLS,CLEAR,DAWN,FOUR WAY,DRY,"RUT, HOLES",6,5,8
Kia Seltos,NO CONTROLS,CLEAR,"DARKNESS, LIGHTED ROAD",FOUR WAY,"SAND, MUD, DIRT",WORN SURFACE,5,4,11
Volkswagen Virtus,NO CONTROLS,CLEAR,DAYLIGHT,T-INTERSECTION,DRY,OTHER,17,5,5
Toyota Innova,NO CONTROLS,RAIN,DAYLIGHT,NOT DIVIDED,WET,NO DEFECTS,17,7,7
Mahindra Scorpio,NO CONTROLS,RAIN,DAYLIGHT,NOT DIVIDED,WET,WORN SURFACE,17,3,7
Mahindra XUV700,NO CONTROLS,CLOUDY/OVERCAST,DARKNESS,CENTER TURN LANE,WET,NO DEFECTS,21,2,1
Mahindra Scorpio,NO CONTROLS,RAIN,DAYLIGHT,DIVIDED - W/MEDIAN BARRIER,WET,NO DEFECTS,11,7,8
Kia Sonet,STOP SIGN/FLASHER,CLOUDY/OVERCAST,DARKNESS,NOT DIVIDED,DRY,NO DEFECTS,15,1,8
Kia Seltos,TRAFFIC SIGNAL,CLOUDY/OVERCAST,DAYLIGHT,DIVIDED - W/MEDIAN (NOT RAISED),"SAND, MUD, DIRT",DEBRIS ON ROADWAY,16,6,8
Maruti Suzuki Wagon R,STOP SIGN/FLASHER,RAIN,DARKNESS,NOT DIVIDED,WET,WORN SURFACE,23,7,9
Toyota Innova,NO CONTROLS,CLEAR,DAYLIGHT,FOUR WAY,DRY,NO DEFECTS,10,2,8
Tata Punch,NO CONTROLS,CLOUDY/OVERCAST,"DARKNESS, LIGHTED ROAD",DIVIDED - W/MEDIAN (NOT RAISED),DRY,DEBRIS ON ROADWAY,22,4,1
Maruti Suzuki Baleno,NO CONTROLS,CLEAR,DAYLIGHT,NOT DIVIDED,"SAND, MUD, DIRT",NO DEFECTS,7,1,2
Tata Punch,TRAFFIC SIGNAL,RAIN,DUSK,T-INTERSECTION,WET,NO DEFECTS,18,3,8
Renault Kiger,TRAFFIC SIGNAL,CLEAR,DAYLIGHT,NOT DIVIDED,OTHER,"RUT, HOLES",16,4,5
Maruti Suzuki Wagon R,NO CONTROLS,CLOUDY/OVERCAST,DAWN,NOT DIVIDED,DRY,UNKNOWN,19,4,1
Tata Altroz,NO CONTROLS,RAIN,"DARKNESS, LIGHTED ROAD",NOT DIVIDED,WET,"RUT, HOLES",1,1,7
Mahindra XUV700,NO CONTROLS,RAIN,DARKNESS,DIVIDED - W/MEDIAN BARRIER,DRY,WORN SURFACE,4,4,8
Skoda Slavia,NO CONTROLS,CLOUDY/OVERCAST,DARKNESS,FOUR WAY,DRY,DEBRIS ON ROADWAY,3,5,6
Skoda Slavia,NO CONTROLS,CLOUDY/OVERCAST,DAYLIGHT,NOT DIVIDED,DRY,NO DEFECTS,16,4,9
Mahindra XUV700,NO CONTROLS,RAIN,DAWN,FOUR WAY,WET,NO DEFECTS,16,7,8
Skoda Slavia,NO CONTROLS,RAIN,UNKNOWN,NOT DIVIDED,WET,NO DEFECTS,21,7,6
Hyundai Creta,UNKNOWN,RAIN,DAYLIGHT,DIVIDED - W/MEDIAN (NOT RAISED),"SAND, MUD, DIRT",WORN SURFACE,14,6,9
Toyota Innova,TRAFFIC SIGNAL,CLOUDY/OVERCAST,"DARKNESS, LIGHTED ROAD",NOT DIVIDED,DRY,"RUT, HOLES",3,1,8
Hyundai Verna,STOP SIGN/FLASHER,OTHER,DAYLIGHT,NOT DIVIDED,DRY,NO DEFECTS,8,2,8
Hyundai Venue,TRAFFIC SIGNAL,RAIN,DARKNESS,DIVIDED - W/MEDIAN (NOT RAISED),WET,"RUT, HOLES",0,1,8
Mahindra XUV700,NO CONTROLS,RAIN,DUSK,NOT DIVIDED,WET,"RUT, HOLES",18,4,1
Mahindra Thar,NO CONTROLS,RAIN,UNKNOWN,T-INTERSECTION,"SAND, MUD, DIRT",WORN SURFACE,19,6,9
Maruti Suzuki Baleno,NO CONTROLS,CLEAR,DARKNESS,NOT DIVIDED,"SAND, MUD, DIRT",WORN SURFACE,23,1,6
Maruti Suzuki Swift,TRAFFIC SIGNAL,CLOUDY/OVERCAST,DAYLIGHT,NOT DIVIDED,DRY,NO DEFECTS,12,3,12
Honda City,OTHER,CLEAR,DAWN,FOUR WAY,"SAND, MUD, DIRT","RUT, HOLES",0,1,10
Hyundai Venue,NO CONTROLS,CLEAR,DAYLIGHT,NOT DIVIDED,DRY,NO DEFECTS,8,4,8
Mahindra Thar,NO CONTROLS,CLEAR,DAYLIGHT,ONE-WAY,DRY,WORN SURFACE,16,7,5
Tata Punch,TRAFFIC SIGNAL,CLEAR,"DARKNESS, LIGHTED ROAD",NOT DIVIDED,DRY,"RUT, HOLES",22,4,4
Tata Altroz,NO CONTROLS,OTHER,"DARKNESS, LIGHTED ROAD",DIVIDED - W/MEDIAN BARRIER,DRY,WORN SURFACE,5,5,6
Volkswagen Virtus,TRAFFIC SIGNAL,CLOUDY/OVERCAST,DUSK,NOT DIVIDED,"SAND, MUD, DIRT",NO DEFECTS,6,3,7
Mahindra XUV700,STOP SIGN/FLASHER,CLEAR,DARKNESS,NOT DIVIDED,WET,"RUT, HOLES",17,6,5
Tata Harrier,NO CONTROLS,OTHER,DAYLIGHT,NOT DIVIDED,WET,SHOULDER DEFECT,17,6,7
Maruti Suzuki Wagon R,TRAFFIC SIGNAL,CLEAR,DAWN,NOT DIVIDED,OTHER,WORN SURFACE,9,2,3
Hyundai i20,STOP SIGN/FLASHER,CLEAR,"DARKNESS, LIGHTED ROAD",TRAFFIC ROUTE,DRY,SHOULDER DEFECT,19,5,12
Tata Nexon,NO CONTROLS,CLEAR,DUSK,T-INTERSECTION,DRY,NO DEFECTS,6,3,2
Nissan Magnite,OTHER,FOG/SMOKE/HAZE,"DARKNESS, LIGHTED ROAD",NOT DIVIDED,WET,NO DEFECTS,20,7,12
Nissan Magnite,NO CONTROLS,CLOUDY/OVERCAST,DAYLIGHT,NOT DIVIDED,"SAND, MUD, DIRT","RUT, HOLES",8,2,12
Honda City,NO CONTROLS,RAIN,DARKNESS,NOT DIVIDED,UNKNOWN,"RUT, HOLES",4,7,7
Maruti Suzuki Swift,NO CONTROLS,RAIN,DARKNESS,NOT DIVIDED,WET,NO DEFECTS,11,4,9
Mahindra Thar,NO CONTROLS,RAIN,DAYLIGHT,NOT DIVIDED,"SAND, MUD, DIRT",NO DEFECTS,7,2,7
Maruti Suzuki Baleno,NO CONTROLS,CLEAR,DAYLIGHT,NOT DIVIDED,"SAND, MUD, DIRT",WORN SURFACE,15,3,8
Skoda Slavia,NO CONTROLS,RAIN,DAYLIGHT,FOUR WAY,WET,"RUT, HOLES",17,1,6
Tata Altroz,STOP SIGN/FLASHER,CLEAR,DAYLIGHT,FOUR WAY,WET,NO DEFECTS,14,7,5
Maruti Suzuki Brezza,NO CONTROLS,RAIN,DUSK,DIVIDED - W/MEDIAN (NOT RAISED),WET,UNKNOWN,17,2,8
Honda Amaze,TRAFFIC SIGNAL,RAIN,DARKNESS,T-INTERSECTION,WET,"RUT, HOLES",11,7,7
Volkswagen Virtus,NO CONTROLS,RAIN,DARKNESS,NOT DIVIDED,"SAND, MUD, DIRT","RUT, HOLES",1,7,8
Hyundai Verna,TRAFFIC SIGNAL,CLEAR,DARKNESS,NOT DIVIDED,"SAND, MUD, DIRT",OTHER,23,3,5
Hyundai Venue,NO CONTROLS,OTHER,DARKNESS,NOT DIVIDED,DRY,NO DEFECTS,19,2,6
Mahindra Scorpio,NO CONTROLS,CLEAR,DARKNESS,FOUR WAY,"SAND, MUD, DIRT","RUT, HOLES",3,4,1
Skoda Slavia,NO CONTROLS,FOG/SMOKE/HAZE,DAYLIGHT,UNKNOWN INTERSECTION TYPE,DRY,WORN SURFACE,8,7,1
Maruti Suzuki Wagon R,TRAFFIC SIGNAL,RAIN,DAYLIGHT,OTHER,WET,NO DEFECTS,16,7,5
Skoda Slavia,NO CONTROLS,RAIN,DAYLIGHT,DIVIDED - W/MEDIAN (NOT RAISED),WET,WORN SURFACE,8,4,1
Maruti Suzuki Brezza,NO CONTROLS,OTHER,DAYLIGHT,FOUR WAY,"SAND, MUD, DIRT",DEBRIS ON ROADWAY,15,5,2
Maruti Suzuki Wagon R,NO CONTROLS,CLEAR,DARKNESS,RAMP,"SAND, MUD, DIRT",NO DEFECTS,15,4,10
Kia Seltos,TRAFFIC SIGNAL,CLOUDY/OVERCAST,DAYLIGHT,DIVIDED - W/MEDIAN (NOT RAISED),DRY,NO DEFECTS,8,7,1
Hyundai Creta,LANE USE MARKING,RAIN,DARKNESS,Y-INTERSECTION,OTHER,NO DEFECTS,6,7,8
Kia Sonet,NO CONTROLS,CLEAR,DUSK,DIVIDED - W/MEDIAN (NOT RAISED),WET,NO DEFECTS,18,3,5
Tata Nexon,STOP SIGN/FLASHER,OTHER,DUSK,NOT DIVIDED,DRY,NO DEFECTS,10,7,11
Kia Seltos,STOP SIGN/FLASHER,RAIN,DARKNESS,UNKNOWN INTERSECTION TYPE,WET,NO DEFECTS,9,7,7
Tata Altroz,OTHER REG. SIGN,CLEAR,"DARKNESS, LIGHTED ROAD",NOT DIVIDED,"SAND, MUD, DIRT",SHOULDER DEFECT,18,4,5
Hyundai Creta,TRAFFIC SIGNAL,CLEAR,DAYLIGHT,T-INTERSECTION,DRY,"RUT, HOLES",18,4,7
Nissan Magnite,NO CONTROLS,RAIN,DAYLIGHT,NOT DIVIDED,WET,NO DEFECTS,9,7,6
Toyota Fortuner,NO CONTROLS,CLOUDY/OVERCAST,"DARKNESS, LIGHTED ROAD",ALLEY,DRY,DEBRIS ON ROADWAY,20,7,8
Honda Amaze,STOP SIGN/FLASHER,CLEAR,DAYLIGHT,NOT DIVIDED,"SAND, MUD, DIRT",WORN SURFACE,17,4,2
Tata Nexon,TRAFFIC SIGNAL,FOG/SMOKE/HAZE,UNKNOWN,NOT DIVIDED,OTHER,NO DEFECTS,7,4,12
Hyundai Venue,NO CONTROLS,CLEAR,DAYLIGHT,NOT DIVIDED,DRY,WORN SURFACE,13,3,7
Skoda Slavia,TRAFFIC SIGNAL,UNKNOWN,DAYLIGHT,NOT DIVIDED,OTHER,"RUT, HOLES",18,2,6
Maruti Suzuki Baleno,STOP SIGN/FLASHER,OTHER,DAYLIGHT,DIVIDED - W/MEDIAN BARRIER,DRY,WORN SURFACE,8,7,9
Honda City,STOP SIGN/FLASHER,RAIN,DAYLIGHT,ONE-WAY,WET,NO DEFECTS,14,2,6
Mahindra XUV700,STOP SIGN/FLASHER,CLEAR,DARKNESS,NOT DIVIDED,"SAND, MUD, DIRT",NO DEFECTS,17,6,10
Maruti Suzuki Swift,PEDESTRIAN CROSSING SIGN,CLOUDY/OVERCAST,DAYLIGHT,NOT DIVIDED,DRY,NO DEFECTS,15,4,7
Toyota Fortuner,NO CONTROLS,RAIN,DAYLIGHT,DIVIDED - W/MEDIAN (NOT RAISED),WET,NO DEFECTS,16,1,9
Hyundai Creta,TRAFFIC SIGNAL,CLEAR,DAYLIGHT,DIVIDED - W/MEDIAN (NOT RAISED),DRY,"RUT, HOLES",15,3,2
Hyundai Creta,NO CONTROLS,CLEAR,DAYLIGHT,OTHER,DRY,NO DEFECTS,8,1,11
Hyundai i20,NO CONTROLS,RAIN,DAYLIGHT,NOT DIVIDED,WET,NO DEFECTS,12,7,9
Tata Punch,UNKNOWN,CLOUDY/OVERCAST,DAYLIGHT,ALLEY,DRY,SHOULDER DEFECT,15,3,4
Nissan Magnite,TRAFFIC SIGNAL,CLEAR,DUSK,NOT DIVIDED,WET,WORN SURFACE,18,6,2
Hyundai Verna,TRAFFIC SIGNAL,RAIN,"DARKNESS, LIGHTED ROAD",Y-INTERSECTION,WET,"RUT, HOLES",17,4,6
Maruti Suzuki Baleno,NO CONTROLS,FOG/SMOKE/HAZE,DAYLIGHT,NOT DIVIDED,DRY,OTHER,8,6,12
Kia Seltos,NO CONTROLS,CLEAR,"DARKNESS, LIGHTED ROAD",ONE-WAY,WET,DEBRIS ON ROADWAY,23,2,5
Hyundai Venue,NO CONTROLS,RAIN,DAWN,DIVIDED - W/MEDIAN (NOT RAISED),UNKNOWN,NO DEFECTS,5,1,7
Hyundai Venue,STOP SIGN/FLASHER,UNKNOWN,DAYLIGHT,Y-INTERSECTION,DRY,"RUT, HOLES",8,6,1
Hyundai Verna,TRAFFIC SIGNAL,OTHER,DAYLIGHT,NOT DIVIDED,DRY,WORN SURFACE,11,6,6
Mahindra Thar,NO CONTROLS,RAIN,DAYLIGHT,T-INTERSECTION,"SAND, MUD, DIRT",NO DEFECTS,8,1,8
Nissan Magnite,STOP SIGN/FLASHER,FOG/SMOKE/HAZE,DAYLIGHT,OTHER,DRY,NO DEFECTS,13,6,12
Kia Seltos,STOP SIGN/FLASHER,CLOUDY/OVERCAST,UNKNOWN,ONE-WAY,DRY,NO DEFECTS,1,5,7
Hyundai Creta,UNKNOWN,CLOUDY/OVERCAST,DAYLIGHT,DIVIDED - W/MEDIAN (NOT RAISED),DRY,NO DEFECTS,7,2,10
Volkswagen Virtus,STOP SIGN/FLASHER,RAIN,DAYLIGHT,FOUR WAY,WET,OTHER,10,6,8
Hyundai Creta,STOP SIGN/FLASHER,CLOUDY/OVERCAST,DAYLIGHT,NOT DIVIDED,DRY,WORN SURFACE,17,6,1
Hyundai Creta,TRAFFIC SIGNAL,RAIN,"DARKNESS, LIGHTED ROAD",NOT DIVIDED,WET,NO DEFECTS,20,4,6
Tata Nexon,NO CONTROLS,UNKNOWN,DARKNESS,NOT DIVIDED,DRY,WORN SURFACE,19,2,8
Toyota Innova,NO CONTROLS,CLOUDY/OVERCAST,DUSK,DIVIDED - W/MEDIAN BARRIER,DRY,NO DEFECTS,7,5,12
Kia Sonet,STOP SIGN/FLASHER,FOG/SMOKE/HAZE,DUSK,NOT DIVIDED,WET,NO DEFECTS,10,2,11
Volkswagen Virtus,TRAFFIC SIGNAL,CLOUDY/OVERCAST,DARKNESS,NOT DIVIDED,"SAND, MUD, DIRT",NO DEFECTS,1,2,4
Hyundai Verna,TRAFFIC SIGNAL,CLEAR,DAYLIGHT,CENTER TURN LANE,DRY,NO DEFECTS,10,2,4
Maruti Suzuki Swift,NO CONTROLS,CLEAR,"DARKNESS, LIGHTED ROAD",T-INTERSECTION,DRY,NO DEFECTS,19,5,3
Tata Punch,NO CONTROLS,OTHER,DAYLIGHT,T-INTERSECTION,WET,WORN SURFACE,13,6,12
Nissan Magnite,STOP SIGN/FLASHER,RAIN,DAYLIGHT,NOT DIVIDED,WET,NO DEFECTS,7,1,11
Hyundai Verna,STOP SIGN/FLASHER,CLEAR,DAYLIGHT,T-INTERSECTION,"SAND, MUD, DIRT",WORN SURFACE,13,5,10
Honda Amaze,NO CONTROLS,RAIN,DAYLIGHT,DIVIDED - W/MEDIAN (NOT RAISED),WET,NO DEFECTS,8,1,6
Hyundai Verna,STOP SIGN/FLASHER,CLOUDY/OVERCAST,DAYLIGHT,NOT DIVIDED,DRY,"RUT, HOLES",12,7,7
Mahindra Scorpio,TRAFFIC SIGNAL,RAIN,DAYLIGHT,DIVIDED - W/MEDIAN (NOT RAISED),WET,SHOULDER DEFECT,14,6,7
Hyundai i20,STOP SIGN/FLASHER,CLEAR,DAYLIGHT,NOT DIVIDED,"SAND, MUD, DIRT",NO DEFECTS,11,6,5
Mahindra Scorpio,STOP SIGN/FLASHER,RAIN,UNKNOWN,NOT DIVIDED,WET,"RUT, HOLES",21,2,7
Tata Nexon,TRAFFIC SIGNAL,FOG/SMOKE/HAZE,DAYLIGHT,NOT DIVIDED,WET,"RUT, HOLES",10,7,1
Maruti Suzuki Wagon R,TRAFFIC SIGNAL,CLEAR,DARKNESS,ALLEY,DRY,NO DEFECTS,19,7,2
Maruti Suzuki Wagon R,STOP SIGN/FLASHER,FOG/SMOKE/HAZE,DUSK,ONE-WAY,DRY,NO DEFECTS,18,4,11
Mahindra XUV700,NO PASSING,RAIN,DAYLIGHT,CENTER TURN LANE,WET,WORN SURFACE,17,1,9
Hyundai Verna,NO CONTROLS,CLEAR,DAYLIGHT,T-INTERSECTION,DRY,NO DEFECTS,14,4,7
Maruti Suzuki Baleno,NO CONTROLS,RAIN,"DARKNESS, LIGHTED ROAD",FOUR WAY,WET,NO DEFECTS,0,2,7
Kia Sonet,NO CONTROLS,RAIN,DAYLIGHT,NOT DIVIDED,WET,WORN SURFACE,16,5,6
Honda Amaze,TRAFFIC SIGNAL,RAIN,DAYLIGHT,NOT DIVIDED,WET,DEBRIS ON ROADWAY,11,7,9
Skoda Slavia,TRAFFIC SIGNAL,CLEAR,DUSK,NOT DIVIDED,DRY,NO DEFECTS,6,6,10
Tata Punch,TRAFFIC SIGNAL,CLEAR,DAYLIGHT,NOT DIVIDED,WET,WORN SURFACE,13,3,9
Nissan Magnite,NO CONTROLS,CLEAR,DUSK,FOUR WAY,WET,OTHER,18,4,9
Kia Sonet,TRAFFIC SIGNAL,CLEAR,"DARKNESS, LIGHTED ROAD",Y-INTERSECTION,DRY,NO DEFECTS,22,7,4
Tata Altroz,NO CONTROLS,CLOUDY/OVERCAST,DAYLIGHT,ALLEY,DRY,"RUT, HOLES",12,1,6
Toyota Innova,YIELD,RAIN,DAYLIGHT,T-INTERSECTION,WET,NO DEFECTS,15,7,7
Hyundai i20,NO CONTROLS,OTHER,DARKNESS,DIVIDED - W/MEDIAN (NOT RAISED),DRY,WORN SURFACE,19,1,6
Volkswagen Virtus,NO CONTROLS,CLEAR,DAYLIGHT,NOT DIVIDED,DRY,NO DEFECTS,11,4,9
Skoda Slavia,UNKNOWN,CLEAR,DUSK,UNKNOWN INTERSECTION TYPE,DRY,NO DEFECTS,7,6,6
Tata Harrier,STOP SIGN/FLASHER,CLOUDY/OVERCAST,DAYLIGHT,FOUR WAY,"SAND, MUD, DIRT",WORN SURFACE,9,4,2
Honda City,STOP SIGN/FLASHER,CLEAR,"DARKNESS, LIGHTED ROAD",DIVIDED - W/MEDIAN (NOT RAISED),"SAND, MUD, DIRT",WORN SURFACE,21,5,6
Hyundai Venue,NO CONTROLS,FOG/SMOKE/HAZE,DUSK,NOT DIVIDED,DRY,NO DEFECTS,6,4,12
Mahindra XUV700,TRAFFIC SIGNAL,CLOUDY/OVERCAST,DAYLIGHT,DIVIDED - W/MEDIAN BARRIER,WET,"RUT, HOLES",10,5,4
Honda City,NO CONTROLS,CLOUDY/OVERCAST,DARKNESS,NOT DIVIDED,DRY,OTHER,13,2,8
Maruti Suzuki Brezza,NO CONTROLS,RAIN,"DARKNESS, LIGHTED ROAD",ALLEY,WET,DEBRIS ON ROADWAY,19,5,7
Honda City,NO CONTROLS,FOG/SMOKE/HAZE,DARKNESS,NOT DIVIDED,"SAND, MUD, DIRT",WORN SURFACE,20,7,1
Renault Kiger,STOP SIGN/FLASHER,OTHER,DAYLIGHT,NOT DIVIDED,DRY,DEBRIS ON ROADWAY,13,2,7
Volkswagen Virtus,PEDESTRIAN CROSSING SIGN,FOG/SMOKE/HAZE,DARKNESS,NOT DIVIDED,WET,SHOULDER DEFECT,20,1,9
Maruti Suzuki Wagon R,UNKNOWN,RAIN,DAYLIGHT,NOT DIVIDED,WET,WORN SURFACE,7,4,7
Hyundai Verna,RAILROAD CROSSING GATE,UNKNOWN,DAYLIGHT,NOT DIVIDED,WET,DEBRIS ON ROADWAY,7,3,11
Tata Nexon,STOP SIGN/FLASHER,CLEAR,DAWN,T-INTERSECTION,DRY,WORN SURFACE,22,1,5
Kia Sonet,TRAFFIC SIGNAL,SLEET/HAIL,DAYLIGHT,NOT DIVIDED,DRY,"RUT, HOLES",14,5,1
Skoda Slavia,STOP SIGN/FLASHER,FOG/SMOKE/HAZE,DARKNESS,FOUR WAY,DRY,"RUT, HOLES",6,4,12
Hyundai Verna,STOP SIGN/FLASHER,RAIN,DAYLIGHT,DIVIDED - W/MEDIAN (NOT RAISED),WET,NO DEFECTS,14,6,6
Tata Nexon,TRAFFIC SIGNAL,UNKNOWN,DUSK,NOT DIVIDED,"SAND, MUD, DIRT",NO DEFECTS,18,4,8
Mahindra Scorpio,TRAFFIC SIGNAL,CLEAR,"DARKNESS, LIGHTED ROAD",NOT DIVIDED,WET,WORN SURFACE,19,7,10
Skoda Slavia,NO CONTROLS,RAIN,DARKNESS,NOT DIVIDED,"SAND, MUD, DIRT","RUT, HOLES",20,6,6
Mahindra Thar,LANE USE MARKING,OTHER,DAYLIGHT,NOT DIVIDED,DRY,WORN SURFACE,15,4,9
Toyota Fortuner,TRAFFIC SIGNAL,CLEAR,DARKNESS,NOT DIVIDED,DRY,DEBRIS ON ROADWAY,20,5,2
Nissan Magnite,TRAFFIC SIGNAL,CLEAR,DAYLIGHT,NOT DIVIDED,DRY,"RUT, HOLES",14,7,5
Tata Nexon,TRAFFIC SIGNAL,CLEAR,DAYLIGHT,NOT DIVIDED,DRY,NO DEFECTS,16,6,2
Skoda Slavia,STOP SIGN/FLASHER,FOG/SMOKE/HAZE,DAYLIGHT,NOT DIVIDED,WET,"RUT, HOLES",18,5,10
Nissan Magnite,TRAFFIC SIGNAL,CLOUDY/OVERCAST,DAYLIGHT,ONE-WAY,"SAND, MUD, DIRT",NO DEFECTS,13,3,4
Kia Seltos,STOP SIGN/FLASHER,RAIN,DAWN,NOT DIVIDED,OTHER,"RUT, HOLES",3,4,9
Mahindra Thar,STOP SIGN/FLASHER,CLEAR,DAYLIGHT,FOUR WAY,DRY,"RUT, HOLES",11,6,12
Hyundai Venue,NO CONTROLS,RAIN,DAYLIGHT,DIVIDED - W/MEDIAN BARRIER,WET,WORN SURFACE,16,5,7
Maruti Suzuki Brezza,TRAFFIC SIGNAL,RAIN,DAYLIGHT,CENTER TURN LANE,"SAND, MUD, DIRT",NO DEFECTS,8,7,8
Kia Sonet,OTHER,RAIN,DAYLIGHT,DIVIDED - W/MEDIAN (NOT RAISED),DRY,NO DEFECTS,7,7,7
Nissan Magnite,OTHER REG. SIGN,RAIN,DAYLIGHT,ONE-WAY,"SAND, MUD, DIRT",NO DEFECTS,10,4,6
Renault Kiger,NO CONTROLS,RAIN,DARKNESS,NOT DIVIDED,WET,WORN SURFACE,1,3,7
Volkswagen Virtus,NO CONTROLS,CLEAR,DAYLIGHT,NOT DIVIDED,"SAND, MUD, DIRT","RUT, HOLES",18,1,8
Tata Punch,TRAFFIC SIGNAL,CLEAR,DAYLIGHT,DIVIDED - W/MEDIAN (NOT RAISED),DRY,"RUT, HOLES",9,4,12
Maruti Suzuki Swift,TRAFFIC SIGNAL,FOG/SMOKE/HAZE,"DARKNESS, LIGHTED ROAD",FOUR WAY,WET,NO DEFECTS,5,2,12
Toyota Innova,TRAFFIC SIGNAL,FOG/SMOKE/HAZE,DAYLIGHT,FOUR WAY,DRY,SHOULDER DEFECT,16,1,11
Maruti Suzuki Wagon R,STOP SIGN/FLASHER,FOG/SMOKE/HAZE,DARKNESS,ONE-WAY,WET,UNKNOWN,19,2,11
Mahindra Scorpio,TRAFFIC SIGNAL,SLEET/HAIL,DARKNESS,FOUR WAY,WET,NO DEFECTS,0,4,7
Maruti Suzuki Baleno,NO CONTROLS,RAIN,DAYLIGHT,Y-INTERSECTION,WET,WORN SURFACE,8,7,8
Honda Amaze,TRAFFIC SIGNAL,CLEAR,DARKNESS,T-INTERSECTION,DRY,NO DEFECTS,22,3,11
Maruti Suzuki Wagon R,NO CONTROLS,RAIN,DAYLIGHT,UNKNOWN INTERSECTION TYPE,WET,WORN SURFACE,12,4,6
Nissan Magnite,NO CONTROLS,CLOUDY/OVERCAST,DARKNESS,T-INTERSECTION,DRY,"RUT, HOLES",21,3,12
Skoda Slavia,TRAFFIC SIGNAL,RAIN,DAYLIGHT,T-INTERSECTION,WET,"RUT, HOLES",9,3,7
Nissan Magnite,STOP SIGN/FLASHER,RAIN,DAYLIGHT,OTHER,WET,NO DEFECTS,8,6,8
Tata Punch,NO CONTROLS,RAIN,DAYLIGHT,FOUR WAY,WET,SHOULDER DEFECT,8,4,9
Honda Amaze,STOP SIGN/FLASHER,CLOUDY/OVERCAST,"DARKNESS, LIGHTED ROAD",NOT DIVIDED,DRY,NO DEFECTS,4,4,12
Maruti Suzuki Swift,NO CONTROLS,FOG/SMOKE/HAZE,DARKNESS,NOT DIVIDED,DRY,DEBRIS ON ROADWAY,19,7,4
Skoda Slavia,NO CONTROLS,RAIN,"DARKNESS, LIGHTED ROAD",NOT DIVIDED,WET,NO DEFECTS,23,3,9
Hyundai Verna,NO CONTROLS,RAIN,DARKNESS,DIVIDED - W/MEDIAN BARRIER,WET,NO DEFECTS,22,6,7
Maruti Suzuki Brezza,NO CONTROLS,CLOUDY/OVERCAST,"DARKNESS, LIGHTED ROAD",NOT DIVIDED,DRY,"RUT, HOLES",20,4,5
Renault Kiger,NO CONTROLS,UNKNOWN,DARKNESS,NOT DIVIDED,DRY,SHOULDER DEFECT,19,4,10
Mahindra XUV700,NO CONTROLS,RAIN,DAYLIGHT,NOT DIVIDED,UNKNOWN,"RUT, HOLES",17,1,8
Skoda Slavia,NO CONTROLS,RAIN,"DARKNESS, LIGHTED ROAD",NOT DIVIDED,WET,NO DEFECTS,19,7,8
Hyundai Creta,STOP SIGN/FLASHER,CLEAR,DAYLIGHT,DIVIDED - W/MEDIAN BARRIER,"SAND, MUD, DIRT",SHOULDER DEFECT,8,3,6
Maruti Suzuki Swift,NO CONTROLS,RAIN,DAYLIGHT,NOT DIVIDED,WET,"RUT, HOLES",12,6,7
Honda Amaze,TRAFFIC SIGNAL,OTHER,DAYLIGHT,T-INTERSECTION,DRY,NO DEFECTS,16,7,8
Maruti Suzuki Wagon R,TRAFFIC SIGNAL,FOG/SMOKE/HAZE,DARKNESS,NOT DIVIDED,DRY,"RUT, HOLES",19,5,6
Toyota Fortuner,TRAFFIC SIGNAL,CLOUDY/OVERCAST,DAYLIGHT,NOT DIVIDED,DRY,WORN SURFACE,17,5,3
Nissan Magnite,STOP SIGN/FLASHER,FOG/SMOKE/HAZE,"DARKNESS, LIGHTED ROAD",NOT DIVIDED,DRY,WORN SURFACE,19,3,12
Hyundai Venue,NO CONTROLS,UNKNOWN,DAYLIGHT,NOT DIVIDED,"SAND, MUD, DIRT",WORN SURFACE,14,6,7
Hyundai i20,NO CONTROLS,UNKNOWN,DAYLIGHT,FOUR WAY,"SAND, MUD, DIRT",DEBRIS ON ROADWAY,17,5,9
Skoda Slavia,TRAFFIC SIGNAL,RAIN,DAWN,NOT DIVIDED,UNKNOWN,WORN SURFACE,23,4,6
Volkswagen Virtus,STOP SIGN/FLASHER,RAIN,DAYLIGHT,NOT DIVIDED,DRY,"RUT, HOLES",7,5,6
Tata Nexon,TRAFFIC SIGNAL,RAIN,"DARKNESS, LIGHTED ROAD",NOT DIVIDED,WET,NO DEFECTS,21,3,6
Kia Sonet,TRAFFIC SIGNAL,CLEAR,DAYLIGHT,FOUR WAY,DRY,WORN SURFACE,15,5,6
Tata Harrier,PEDESTRIAN CROSSING SIGN,OTHER,DUSK,ONE-WAY,"SAND, MUD, DIRT",OTHER,16,6,8
Tata Harrier,LANE USE MARKING,OTHER,DARKNESS,NOT DIVIDED,WET,NO DEFECTS,20,4,8
Tata Nexon,TRAFFIC SIGNAL,RAIN,DAYLIGHT,NOT DIVIDED,WET,"RUT, HOLES",12,2,7
Hyundai i20,NO CONTROLS,UNKNOWN,DAYLIGHT,NOT DIVIDED,WET,WORN SURFACE,12,6,2
Maruti Suzuki Baleno,FLASHING CONTROL SIGNAL,CLEAR,DAYLIGHT,ALLEY,DRY,"RUT, HOLES",15,6,7
Tata Altroz,TRAFFIC SIGNAL,CLEAR,DARKNESS,NOT DIVIDED,DRY,DEBRIS ON ROADWAY,0,1,3
Hyundai Venue,TRAFFIC SIGNAL,CLEAR,DAYLIGHT,UNKNOWN INTERSECTION TYPE,"SAND, MUD, DIRT","RUT, HOLES",14,4,2
Kia Seltos,NO CONTROLS,RAIN,DAYLIGHT,DIVIDED - W/MEDIAN BARRIER,WET,"RUT, HOLES",10,1,12
Maruti Suzuki Wagon R,STOP SIGN/FLASHER,RAIN,DARKNESS,NOT DIVIDED,OTHER,NO DEFECTS,21,3,8
Maruti Suzuki Brezza,TRAFFIC SIGNAL,RAIN,"DARKNESS, LIGHTED ROAD",NOT DIVIDED,"SAND, MUD, DIRT",DEBRIS ON ROADWAY,4,4,8
Toyota Fortuner,NO CONTROLS,CLEAR,DAYLIGHT,FOUR WAY,DRY,NO DEFECTS,13,2,6
Skoda Slavia,NO CONTROLS,CLOUDY/OVERCAST,DARKNESS,FOUR WAY,DRY,OTHER,22,4,11
Mahindra Thar,STOP SIGN/FLASHER,RAIN,DARKNESS,T-INTERSECTION,WET,NO DEFECTS,21,6,8
Tata Nexon,STOP SIGN/FLASHER,SLEET/HAIL,"DARKNESS, LIGHTED ROAD",NOT DIVIDED,"SAND, MUD, DIRT",NO DEFECTS,17,4,9
Hyundai Creta,NO CONTROLS,RAIN,DAYLIGHT,ALLEY,WET,"RUT, HOLES",16,2,6
Hyundai Venue,STOP SIGN/FLASHER,UNKNOWN,DAYLIGHT,NOT DIVIDED,WET,"RUT, HOLES",9,4,12
Nissan Magnite,NO CONTROLS,CLEAR,DAYLIGHT,NOT DIVIDED,DRY,"RUT, HOLES",11,5,10
Kia Seltos,STOP SIGN/FLASHER,CLEAR,DARKNESS,NOT REPORTED,WET,NO DEFECTS,5,7,11
Kia Seltos,NO CONTROLS,UNKNOWN,DUSK,FOUR WAY,DRY,"RUT, HOLES",18,4,3
Renault Kiger,OTHER REG. SIGN,CLEAR,DAYLIGHT,FOUR WAY,DRY,OTHER,10,7,5
Toyota Innova,NO CONTROLS,CLEAR,DAYLIGHT,DIVIDED - W/MEDIAN BARRIER,DRY,OTHER,17,7,5
Hyundai Creta,STOP SIGN/FLASHER,CLEAR,DAYLIGHT,NOT DIVIDED,DRY,NO DEFECTS,11,5,5
Renault Kiger,NO CONTROLS,UNKNOWN,DAYLIGHT,NOT DIVIDED,DRY,WORN SURFACE,13,2,11
Maruti Suzuki Baleno,NO CONTROLS,RAIN,DAWN,"FIVE POINT, OR MORE","SAND, MUD, DIRT",WORN SURFACE,15,7,1
Toyota Fortuner,NO CONTROLS,CLEAR,UNKNOWN,NOT DIVIDED,DRY,"RUT, HOLES",19,7,1
Kia Sonet,RAILROAD CROSSING GATE,CLOUDY/OVERCAST,DAYLIGHT,NOT DIVIDED,WET,NO DEFECTS,8,7,5
Hyundai i20,NO CONTROLS,CLEAR,DAYLIGHT,NOT DIVIDED,OTHER,"RUT, HOLES",12,7,3
Mahindra Thar,STOP SIGN/FLASHER,CLOUDY/OVERCAST,DARKNESS,Y-INTERSECTION,DRY,WORN SURFACE,6,3,4
Honda City,STOP SIGN/FLASHER,UNKNOWN,DARKNESS,NOT DIVIDED,DRY,NO DEFECTS,4,3,10
Tata Altroz,TRAFFIC SIGNAL,OTHER,DAYLIGHT,T-INTERSECTION,"SAND, MUD, DIRT",NO DEFECTS,16,6,8
Renault Kiger,TRAFFIC SIGNAL,FOG/SMOKE/HAZE,"DARKNESS, LIGHTED ROAD",NOT DIVIDED,DRY,NO DEFECTS,6,5,1
Volkswagen Virtus,NO CONTROLS,RAIN,DARKNESS,T-INTERSECTION,WET,DEBRIS ON ROADWAY,2,7,7
Tata Punch,STOP SIGN/FLASHER,CLEAR,DARKNESS,DIVIDED - W/MEDIAN (NOT RAISED),DRY,SHOULDER DEFECT,20,2,6
Kia Sonet,OTHER REG. SIGN,FOG/SMOKE/HAZE,DAYLIGHT,FOUR WAY,DRY,NO DEFECTS,9,5,2
Maruti Suzuki Wagon R,TRAFFIC SIGNAL,CLEAR,DAWN,NOT DIVIDED,DRY,WORN SURFACE,6,7,9
Tata Punch,STOP SIGN/FLASHER,FOG/SMOKE/HAZE,DARKNESS,NOT DIVIDED,DRY,NO DEFECTS,5,2,9
Maruti Suzuki Baleno,STOP SIGN/FLASHER,RAIN,DAYLIGHT,NOT DIVIDED,WET,WORN SURFACE,6,3,9
Tata Altroz,NO CONTROLS,UNKNOWN,DAYLIGHT,DIVIDED - W/MEDIAN BARRIER,DRY,"RUT, HOLES",14,4,9
Skoda Slavia,STOP SIGN/FLASHER,OTHER,DARKNESS,T-INTERSECTION,DRY,"RUT, HOLES",17,1,1
Maruti Suzuki Brezza,NO CONTROLS,CLOUDY/OVERCAST,DARKNESS,NOT DIVIDED,DRY,DEBRIS ON ROADWAY,16,2,12
Volkswagen Virtus,NO CONTROLS,CLEAR,DAYLIGHT,OTHER,DRY,"RUT, HOLES",7,3,10
Mahindra Thar,STOP SIGN/FLASHER,UNKNOWN,DAYLIGHT,DIVIDED - W/MEDIAN BARRIER,DRY,NO DEFECTS,16,1,11
Maruti Suzuki Swift,NO CONTROLS,CLOUDY/OVERCAST,DAYLIGHT,NOT DIVIDED,DRY,NO DEFECTS,12,3,1
Tata Harrier,NO CONTROLS,CLEAR,DAYLIGHT,T-INTERSECTION,WET,DEBRIS ON ROADWAY,13,2,12
Hyundai i20,NO CONTROLS,CLEAR,DARKNESS,NOT DIVIDED,DRY,NO DEFECTS,19,7,10
Maruti Suzuki Swift,OTHER WARNING SIGN,FOG/SMOKE/HAZE,DAYLIGHT,NOT DIVIDED,OTHER,WORN SURFACE,7,5,11
Honda Amaze,TRAFFIC SIGNAL,FOG/SMOKE/HAZE,DUSK,NOT DIVIDED,DRY,"RUT, HOLES",6,7,1
Toyota Innova,STOP SIGN/FLASHER,RAIN,DARKNESS,FOUR WAY,DRY,NO DEFECTS,20,2,9
Tata Punch,NO CONTROLS,SLEET/HAIL,DAYLIGHT,NOT DIVIDED,WET,WORN SURFACE,8,1,12
Toyota Fortuner,STOP SIGN/FLASHER,RAIN,DAYLIGHT,NOT DIVIDED,WET,DEBRIS ON ROADWAY,10,3,9
Tata Punch,TRAFFIC SIGNAL,RAIN,"DARKNESS, LIGHTED ROAD",FOUR WAY,WET,NO DEFECTS,17,1,8
Nissan Magnite,NO CONTROLS,FOG/SMOKE/HAZE,"DARKNESS, LIGHTED ROAD",TRAFFIC ROUTE,DRY,NO DEFECTS,16,7,12
Maruti Suzuki Swift,OTHER WARNING SIGN,CLEAR,"DARKNESS, LIGHTED ROAD",FOUR WAY,DRY,SHOULDER DEFECT,19,2,7
Tata Harrier,TRAFFIC SIGNAL,RAIN,DAYLIGHT,DIVIDED - W/MEDIAN (NOT RAISED),WET,"RUT, HOLES",7,2,8
Renault Kiger,OTHER WARNING SIGN,CLEAR,DAYLIGHT,NOT DIVIDED,"SAND, MUD, DIRT",WORN SURFACE,11,6,7
Renault Kiger,STOP SIGN/FLASHER,FOG/SMOKE/HAZE,DUSK,FOUR WAY,"SAND, MUD, DIRT","RUT, HOLES",6,6,12
Kia Sonet,TRAFFIC SIGNAL,CLOUDY/OVERCAST,DAYLIGHT,FOUR WAY,DRY,NO DEFECTS,15,1,1
Mahindra XUV700,STOP SIGN/FLASHER,CLEAR,DAYLIGHT,FOUR WAY,DRY,NO DEFECTS,10,4,7
Hyundai i20,NO CONTROLS,RAIN,DAYLIGHT,ALLEY,WET,"RUT, HOLES",17,4,9
Renault Kiger,TRAFFIC SIGNAL,CLEAR,DARKNESS,T-INTERSECTION,DRY,NO DEFECTS,0,3,10
Hyundai i20,STOP SIGN/FLASHER,UNKNOWN,"DARKNESS, LIGHTED ROAD",ONE-WAY,DRY,WORN SURFACE,2,1,8
Tata Nexon,STOP SIGN/FLASHER,CLOUDY/OVERCAST,DAYLIGHT,NOT DIVIDED,DRY,"RUT, HOLES",13,6,11
Kia Sonet,NO CONTROLS,FOG/SMOKE/HAZE,DARKNESS,NOT DIVIDED,WET,SHOULDER DEFECT,21,2,12
Kia Sonet,STOP SIGN/FLASHER,FOG/SMOKE/HAZE,"DARKNESS, LIGHTED ROAD",NOT DIVIDED,DRY,DEBRIS ON ROADWAY,19,4,1
Skoda Slavia,TRAFFIC SIGNAL,RAIN,DARKNESS,ONE-WAY,DRY,DEBRIS ON ROADWAY,23,7,6
Maruti Suzuki Wagon R,TRAFFIC SIGNAL,CLEAR,DAYLIGHT,T-INTERSECTION,WET,"RUT, HOLES",12,3,1
Tata Altroz,TRAFFIC SIGNAL,OTHER,DARKNESS,NOT DIVIDED,DRY,NO DEFECTS,1,1,6
Hyundai Venue,OTHER REG. SIGN,RAIN,DAYLIGHT,NOT DIVIDED,WET,NO DEFECTS,10,7,7
Hyundai Verna,NO CONTROLS,FOG/SMOKE/HAZE,DAYLIGHT,OTHER,OTHER,"RUT, HOLES",16,4,11
Hyundai Verna,NO CONTROLS,CLOUDY/OVERCAST,DAWN,NOT DIVIDED,DRY,WORN SURFACE,6,4,11
Honda City,STOP SIGN/FLASHER,CLEAR,DAYLIGHT,NOT DIVIDED,DRY,NO DEFECTS,10,5,2
Hyundai Creta,NO CONTROLS,FOG/SMOKE/HAZE,DARKNESS,NOT DIVIDED,"SAND, MUD, DIRT",UNKNOWN,5,2,1
Volkswagen Virtus,TRAFFIC SIGNAL,RAIN,DAYLIGHT,CENTER TURN LANE,WET,NO DEFECTS,14,6,8
Maruti Suzuki Wagon R,STOP SIGN/FLASHER,RAIN,DAYLIGHT,NOT DIVIDED,WET,"RUT, HOLES",8,2,7
Maruti Suzuki Baleno,NO CONTROLS,CLEAR,DARKNESS,NOT DIVIDED,DRY,"RUT, HOLES",5,3,5
Mahindra XUV700,YIELD,RAIN,DAYLIGHT,FOUR WAY,"SAND, MUD, DIRT","RUT, HOLES",12,5,11
Mahindra XUV700,STOP SIGN/FLASHER,RAIN,DAYLIGHT,NOT DIVIDED,DRY,"RUT, HOLES",11,6,12
Kia Seltos,NO CONTROLS,RAIN,DAYLIGHT,NOT DIVIDED,WET,NO DEFECTS,15,6,6
Honda City,NO CONTROLS,CLOUDY/OVERCAST,DAWN,ONE-WAY,WET,UNKNOWN,18,1,11
Skoda Slavia,OTHER,RAIN,DAYLIGHT,L-INTERSECTION,DRY,UNKNOWN,6,6,6
Hyundai i20,NO CONTROLS,RAIN,DARKNESS,NOT DIVIDED,WET,"RUT, HOLES",19,5,9
Renault Kiger,FLASHING CONTROL SIGNAL,RAIN,DARKNESS,NOT DIVIDED,OTHER,NO DEFECTS,0,5,7
Mahindra Scorpio,STOP SIGN/FLASHER,CLOUDY/OVERCAST,DAYLIGHT,NOT DIVIDED,DRY,NO DEFECTS,13,7,2
Mahindra Scorpio,NO CONTROLS,FOG/SMOKE/HAZE,DAYLIGHT,NOT DIVIDED,"SAND, MUD, DIRT",NO DEFECTS,11,3,12
Kia Sonet,STOP SIGN/FLASHER,RAIN,DARKNESS,NOT DIVIDED,WET,"RUT, HOLES",22,6,7
Hyundai Venue,NO CONTROLS,RAIN,DAYLIGHT,NOT DIVIDED,WET,"RUT, HOLES",15,5,9
Hyundai Creta,TRAFFIC SIGNAL,CLEAR,DAYLIGHT,NOT DIVIDED,DRY,NO DEFECTS,7,3,6
Toyota Innova,TRAFFIC SIGNAL,CLEAR,DAYLIGHT,"FIVE POINT, OR MORE",DRY,"RUT, HOLES",14,6,1
Maruti Suzuki Wagon R,UNKNOWN,CLEAR,DAYLIGHT,NOT DIVIDED,"SAND, MUD, DIRT",SHOULDER DEFECT,12,4,2
Honda City,TRAFFIC SIGNAL,CLOUDY/OVERCAST,DAYLIGHT,FOUR WAY,DRY,NO DEFECTS,14,5,7
Maruti Suzuki Swift,NO CONTROLS,OTHER,DAYLIGHT,NOT DIVIDED,DRY,"RUT, HOLES",8,5,9
Volkswagen Virtus,STOP SIGN/FLASHER,CLOUDY/OVERCAST,DAYLIGHT,T-INTERSECTION,DRY,WORN SURFACE,14,4,6
Hyundai Verna,STOP SIGN/FLASHER,CLOUDY/OVERCAST,DAYLIGHT,NOT DIVIDED,DRY,OTHER,7,4,9
Mahindra XUV700,PEDESTRIAN CROSSING SIGN,CLOUDY/OVERCAST,DUSK,NOT DIVIDED,DRY,WORN SURFACE,18,2,9
Honda Amaze,STOP SIGN/FLASHER,RAIN,DAYLIGHT,Y-INTERSECTION,WET,"RUT, HOLES",16,2,9
Nissan Magnite,STOP SIGN/FLASHER,CLOUDY/OVERCAST,DARKNESS,FOUR WAY,OTHER,WORN SURFACE,4,1,7
Maruti Suzuki Baleno,NO CONTROLS,CLEAR,DARKNESS,DIVIDED - W/MEDIAN (NOT RAISED),DRY,UNKNOWN,20,6,12
Mahindra Scorpio,NO CONTROLS,RAIN,DAYLIGHT,DIVIDED - W/MEDIAN BARRIER,"SAND, MUD, DIRT",DEBRIS ON ROADWAY,16,6,7
Tata Harrier,STOP SIGN/FLASHER,OTHER,DAYLIGHT,NOT REPORTED,WET,NO DEFECTS,10,5,7
Kia Seltos,TRAFFIC SIGNAL,FOG/SMOKE/HAZE,DARKNESS,NOT DIVIDED,DRY,"RUT, HOLES",5,7,3
Maruti Suzuki Swift,STOP SIGN/FLASHER,OTHER,DAYLIGHT,NOT DIVIDED,"SAND, MUD, DIRT",WORN SURFACE,16,3,5
Hyundai Verna,STOP SIGN/FLASHER,FOG/SMOKE/HAZE,DAYLIGHT,T-INTERSECTION,DRY,WORN SURFACE,7,6,1
Mahindra Thar,NO CONTROLS,CLEAR,"DARKNESS, LIGHTED ROAD",NOT DIVIDED,DRY,NO DEFECTS,21,2,8
Maruti Suzuki Swift,TRAFFIC SIGNAL,CLEAR,DARKNESS,NOT DIVIDED,DRY,NO DEFECTS,1,1,4
Maruti Suzuki Swift,NO CONTROLS,UNKNOWN,"DARKNESS, LIGHTED ROAD",NOT DIVIDED,DRY,"RUT, HOLES",1,1,5
Volkswagen Virtus,STOP SIGN/FLASHER,CLOUDY/OVERCAST,DARKNESS,DIVIDED - W/MEDIAN BARRIER,DRY,NO DEFECTS,22,5,10
Tata Nexon,NO CONTROLS,RAIN,DARKNESS,T-INTERSECTION,DRY,NO DEFECTS,22,6,6
Nissan Magnite,STOP SIGN/FLASHER,CLEAR,DARKNESS,OTHER,OTHER,SHOULDER DEFECT,1,6,4
Toyota Fortuner,NO CONTROLS,CLEAR,DAYLIGHT,NOT DIVIDED,WET,NO DEFECTS,17,4,3
Tata Nexon,LANE USE MARKING,CLEAR,DAYLIGHT,NOT DIVIDED,DRY,"RUT, HOLES",8,1,10
Renault Kiger,STOP SIGN/FLASHER,CLEAR,DAYLIGHT,NOT DIVIDED,DRY,SHOULDER DEFECT,17,1,2
Skoda Slavia,TRAFFIC SIGNAL,CLEAR,UNKNOWN,UNKNOWN,"SAND, MUD, DIRT","RUT, HOLES",20,7,7
Toyota Fortuner,TRAFFIC SIGNAL,RAIN,"DARKNESS, LIGHTED ROAD",NOT DIVIDED,WET,"RUT, HOLES",5,1,7
Kia Sonet,NO CONTROLS,RAIN,DAYLIGHT,FOUR WAY,WET,NO DEFECTS,8,6,9
Volkswagen Virtus,STOP SIGN/FLASHER,RAIN,DARKNESS,FOUR WAY,WET,WORN SURFACE,0,1,8
Tata Harrier,YIELD,CLOUDY/OVERCAST,"DARKNESS, LIGHTED ROAD",FOUR WAY,DRY,UNKNOWN,1,2,10
Toyota Fortuner,STOP SIGN/FLASHER,RAIN,DARKNESS,T-INTERSECTION,DRY,WORN SURFACE,1,2,1
Tata Altroz,NO CONTROLS,CLEAR,DARKNESS,NOT DIVIDED,WET,"RUT, HOLES",19,3,5
Kia Sonet,NO CONTROLS,CLOUDY/OVERCAST,DAYLIGHT,NOT DIVIDED,DRY,"RUT, HOLES",10,4,5
Honda City,NO CONTROLS,CLEAR,DAYLIGHT,T-INTERSECTION,WET,NO DEFECTS,14,1,2
Honda Amaze,STOP SIGN/FLASHER,CLEAR,DAYLIGHT,NOT DIVIDED,WET,WORN SURFACE,18,7,5
Hyundai i20,NO CONTROLS,CLEAR,DAYLIGHT,NOT DIVIDED,WET,NO DEFECTS,14,1,6
Kia Sonet,NO CONTROLS,CLEAR,DAYLIGHT,NOT DIVIDED,DRY,DEBRIS ON ROADWAY,13,6,7
Kia Seltos,STOP SIGN/FLASHER,CLEAR,"DARKNESS, LIGHTED ROAD",NOT DIVIDED,DRY,NO DEFECTS,0,5,9
Kia Sonet,TRAFFIC SIGNAL,RAIN,DARKNESS,NOT DIVIDED,WET,NO DEFECTS,15,1,6
Toyota Innova,STOP SIGN/FLASHER,RAIN,DAYLIGHT,OTHER,"SAND, MUD, DIRT",NO DEFECTS,6,1,9
Hyundai i20,PEDESTRIAN CROSSING SIGN,CLEAR,DUSK,DIVIDED - W/MEDIAN (NOT RAISED),"SAND, MUD, DIRT","RUT, HOLES",18,5,6
Hyundai Venue,STOP SIGN/FLASHER,CLEAR,DAYLIGHT,NOT DIVIDED,DRY,WORN SURFACE,9,3,5
Toyota Fortuner,TRAFFIC SIGNAL,RAIN,DAYLIGHT,NOT DIVIDED,WET,NO DEFECTS,17,4,8
Mahindra Scorpio,NO CONTROLS,CLEAR,DARKNESS,TRAFFIC ROUTE,"SAND, MUD, DIRT",WORN SURFACE,16,5,1
Honda Amaze,NO CONTROLS,RAIN,DUSK,CENTER TURN LANE,WET,"RUT, HOLES",16,5,1
Kia Sonet,TRAFFIC SIGNAL,CLOUDY/OVERCAST,DAYLIGHT,DIVIDED - W/MEDIAN BARRIER,DRY,NO DEFECTS,9,5,7
Renault Kiger,STOP SIGN/FLASHER,FOG/SMOKE/HAZE,DAYLIGHT,NOT DIVIDED,DRY,NO DEFECTS,7,1,12
Kia Sonet,LANE USE MARKING,RAIN,UNKNOWN,DIVIDED - W/MEDIAN (NOT RAISED),WET,SHOULDER DEFECT,20,6,9
Mahindra XUV700,TRAFFIC SIGNAL,FOG/SMOKE/HAZE,DAWN,NOT DIVIDED,DRY,NO DEFECTS,1,3,1
Kia Seltos,STOP SIGN/FLASHER,FREEZING RAIN/DRIZZLE,DAYLIGHT,NOT DIVIDED,WET,WORN SURFACE,7,1,11
Volkswagen Virtus,TRAFFIC SIGNAL,RAIN,DAYLIGHT,NOT DIVIDED,WET,NO DEFECTS,16,1,9
Kia Seltos,STOP SIGN/FLASHER,RAIN,"DARKNESS, LIGHTED ROAD",NOT DIVIDED,UNKNOWN,WORN SURFACE,19,2,8
Kia Seltos,NO CONTROLS,CLEAR,DAYLIGHT,TRAFFIC ROUTE,DRY,"RUT, HOLES",11,5,10
Hyundai Verna,NO CONTROLS,CLOUDY/OVERCAST,DARKNESS,FOUR WAY,DRY,NO DEFECTS,17,4,6
Volkswagen Virtus,YIELD,CLEAR,DAYLIGHT,NOT DIVIDED,DRY,UNKNOWN,15,1,4
Tata Altroz,NO CONTROLS,RAIN,"DARKNESS, LIGHTED ROAD",DIVIDED - W/MEDIAN BARRIER,WET,NO DEFECTS,3,1,7
Toyota Fortuner,TRAFFIC SIGNAL,RAIN,DAYLIGHT,NOT DIVIDED,WET,NO DEFECTS,16,1,8
Tata Nexon,NO CONTROLS,RAIN,"DARKNESS, LIGHTED ROAD",T-INTERSECTION,WET,"RUT, HOLES",19,4,7
Mahindra XUV700,TRAFFIC SIGNAL,RAIN,DARKNESS,FOUR WAY,WET,DEBRIS ON ROADWAY,23,6,8
Toyota Innova,TRAFFIC SIGNAL,CLEAR,DARKNESS,NOT DIVIDED,WET,NO DEFECTS,1,5,12
Toyota Innova,STOP SIGN/FLASHER,CLEAR,DAYLIGHT,DIVIDED - W/MEDIAN (NOT RAISED),"SAND, MUD, DIRT","RUT, HOLES",17,6,11
Mahindra Scorpio,TRAFFIC SIGNAL,CLEAR,DAYLIGHT,NOT DIVIDED,DRY,"RUT, HOLES",12,3,11
Renault Kiger,STOP SIGN/FLASHER,CLEAR,"DARKNESS, LIGHTED ROAD",NOT DIVIDED,DRY,NO DEFECTS,0,2,10
Tata Harrier,STOP SIGN/FLASHER,FOG/SMOKE/HAZE,DUSK,NOT DIVIDED,DRY,WORN SURFACE,12,6,12
Nissan Magnite,OTHER,FOG/SMOKE/HAZE,DARKNESS,NOT DIVIDED,DRY,"RUT, HOLES",5,6,2
Tata Nexon,UNKNOWN,CLOUDY/OVERCAST,DAYLIGHT,ONE-WAY,DRY,"RUT, HOLES",12,5,5
Tata Altroz,NO CONTROLS,RAIN,DAYLIGHT,NOT DIVIDED,DRY,NO DEFECTS,9,7,7
Nissan Magnite,NO CONTROLS,CLOUDY/OVERCAST,DAYLIGHT,FOUR WAY,DRY,DEBRIS ON ROADWAY,11,5,11
Hyundai i20,NO CONTROLS,RAIN,DAYLIGHT,NOT DIVIDED,"SAND, MUD, DIRT",NO DEFECTS,14,5,7
Maruti Suzuki Swift,TRAFFIC SIGNAL,CLOUDY/OVERCAST,DAYLIGHT,UNKNOWN INTERSECTION TYPE,WET,WORN SURFACE,11,4,9
Honda City,TRAFFIC SIGNAL,CLEAR,DAWN,DIVIDED - W/MEDIAN (NOT RAISED),DRY,DEBRIS ON ROADWAY,15,5,2
Nissan Magnite,NO CONTROLS,CLEAR,DAYLIGHT,NOT DIVIDED,DRY,NO DEFECTS,8,4,5
Volkswagen Virtus,NO CONTROLS,RAIN,DAYLIGHT,DIVIDED - W/MEDIAN (NOT RAISED),WET,NO DEFECTS,16,3,9
Hyundai Venue,TRAFFIC SIGNAL,CLEAR,DARKNESS,NOT DIVIDED,DRY,NO DEFECTS,20,7,3
Maruti Suzuki Wagon R,NO CONTROLS,CLEAR,DAYLIGHT,NOT DIVIDED,DRY,WORN SURFACE,8,7,6
Hyundai i20,NO CONTROLS,CLEAR,DAYLIGHT,FOUR WAY,DRY,WORN SURFACE,14,2,5
Honda City,NO CONTROLS,CLEAR,DAYLIGHT,NOT DIVIDED,WET,WORN SURFACE,17,5,6
Toyota Fortuner,YIELD,RAIN,DAYLIGHT,NOT DIVIDED,WET,NO DEFECTS,15,6,9
Kia Sonet,NO CONTROLS,RAIN,"DARKNESS, LIGHTED ROAD",DIVIDED - W/MEDIAN (NOT RAISED),WET,UNKNOWN,11,1,6
Kia Sonet,TRAFFIC SIGNAL,OTHER,DAYLIGHT,NOT DIVIDED,OTHER,NO DEFECTS,16,1,8
Kia Seltos,OTHER,CLOUDY/OVERCAST,"DARKNESS, LIGHTED ROAD",NOT DIVIDED,WET,WORN SURFACE,1,5,2
Maruti Suzuki Wagon R,NO CONTROLS,RAIN,DAYLIGHT,NOT DIVIDED,WET,NO DEFECTS,11,1,10
Kia Sonet,STOP SIGN/FLASHER,RAIN,DAYLIGHT,NOT DIVIDED,WET,NO DEFECTS,15,6,6
Toyota Fortuner,OTHER,RAIN,DARKNESS,ALLEY,WET,NO DEFECTS,0,7,8
Nissan Magnite,NO CONTROLS,RAIN,DAYLIGHT,NOT DIVIDED,UNKNOWN,NO DEFECTS,14,6,9
Hyundai i20,OTHER WARNING SIGN,CLOUDY/OVERCAST,DAYLIGHT,NOT DIVIDED,DRY,NO DEFECTS,17,6,4
Skoda Slavia,NO CONTROLS,FOG/SMOKE/HAZE,DAWN,NOT DIVIDED,WET,NO DEFECTS,18,6,11
Maruti Suzuki Swift,NO CONTROLS,CLOUDY/OVERCAST,DAWN,TRAFFIC ROUTE,DRY,NO DEFECTS,6,2,8
Mahindra Scorpio,TRAFFIC SIGNAL,CLOUDY/OVERCAST,"DARKNESS, LIGHTED ROAD",NOT DIVIDED,"SAND, MUD, DIRT","RUT, HOLES",23,1,7
Volkswagen Virtus,STOP SIGN/FLASHER,CLEAR,DAYLIGHT,NOT DIVIDED,WET,NO DEFECTS,16,7,3
Tata Punch,TRAFFIC SIGNAL,CLEAR,DUSK,NOT DIVIDED,DRY,"RUT, HOLES",11,6,12
Hyundai Verna,STOP SIGN/FLASHER,SLEET/HAIL,DAYLIGHT,NOT DIVIDED,OTHER,OTHER,9,4,9
Kia Sonet,TRAFFIC SIGNAL,FOG/SMOKE/HAZE,DAYLIGHT,NOT DIVIDED,OTHER,NO DEFECTS,10,6,4
Tata Harrier,NO CONTROLS,OTHER,UNKNOWN,T-INTERSECTION,DRY,NO DEFECTS,20,1,6
Hyundai Creta,NO CONTROLS,CLEAR,DARKNESS,DIVIDED - W/MEDIAN (NOT RAISED),DRY,NO DEFECTS,15,3,10
Volkswagen Virtus,TRAFFIC SIGNAL,RAIN,DAYLIGHT,T-INTERSECTION,WET,WORN SURFACE,17,3,9
Maruti Suzuki Brezza,NO CONTROLS,RAIN,DAYLIGHT,NOT DIVIDED,OTHER,NO DEFECTS,11,1,9
Skoda Slavia,TRAFFIC SIGNAL,RAIN,DAYLIGHT,NOT DIVIDED,WET,NO DEFECTS,12,6,7
Maruti Suzuki Swift,UNKNOWN,RAIN,DAYLIGHT,UNKNOWN,WET,WORN SURFACE,9,6,9
Maruti Suzuki Wagon R,NO CONTROLS,RAIN,DUSK,DIVIDED - W/MEDIAN (NOT RAISED),WET,NO DEFECTS,17,5,6
Kia Sonet,TRAFFIC SIGNAL,OTHER,DAYLIGHT,NOT DIVIDED,DRY,"RUT, HOLES",11,4,4
Tata Punch,NO CONTROLS,RAIN,DAYLIGHT,NOT DIVIDED,WET,NO DEFECTS,8,5,8
Volkswagen Virtus,PEDESTRIAN CROSSING SIGN,CLEAR,DAYLIGHT,NOT DIVIDED,DRY,NO DEFECTS,11,7,12
Tata Punch,LANE USE MARKING,RAIN,DARKNESS,T-INTERSECTION,WET,NO DEFECTS,20,3,6
Tata Harrier,STOP SIGN/FLASHER,RAIN,DARKNESS,NOT DIVIDED,OTHER,"RUT, HOLES",18,3,7
Mahindra XUV700,STOP SIGN/FLASHER,RAIN,DAYLIGHT,DIVIDED - W/MEDIAN BARRIER,WET,WORN SURFACE,11,5,9
Volkswagen Virtus,TRAFFIC SIGNAL,UNKNOWN,"DARKNESS, LIGHTED ROAD",NOT DIVIDED,DRY,NO DEFECTS,21,6,8
Maruti Suzuki Baleno,PEDESTRIAN CROSSING SIGN,UNKNOWN,"DARKNESS, LIGHTED ROAD",NOT DIVIDED,DRY,NO DEFECTS,4,4,11
Mahindra Thar,NO CONTROLS,CLOUDY/OVERCAST,DARKNESS,NOT DIVIDED,DRY,NO DEFECTS,2,7,9
Skoda Slavia,NO CONTROLS,CLEAR,DAYLIGHT,OTHER,"SAND, MUD, DIRT",NO DEFECTS,6,3,1
Kia Seltos,NO CONTROLS,FOG/SMOKE/HAZE,"DARKNESS, LIGHTED ROAD",NOT REPORTED,DRY,NO DEFECTS,5,5,12
Maruti Suzuki Baleno,TRAFFIC SIGNAL,SLEET/HAIL,DARKNESS,NOT DIVIDED,DRY,DEBRIS ON ROADWAY,4,5,9
Honda Amaze,NO CONTROLS,CLEAR,DAYLIGHT,NOT DIVIDED,OTHER,NO DEFECTS,17,3,11
Maruti Suzuki Baleno,TRAFFIC SIGNAL,RAIN,DAYLIGHT,CENTER TURN LANE,WET,"RUT, HOLES",16,1,8
Tata Nexon,NO CONTROLS,FOG/SMOKE/HAZE,DAYLIGHT,NOT DIVIDED,UNKNOWN,DEBRIS ON ROADWAY,14,6,11
Mahindra XUV700,OTHER,CLEAR,DUSK,NOT DIVIDED,DRY,NO DEFECTS,17,4,2
Mahindra XUV700,NO CONTROLS,RAIN,DUSK,ONE-WAY,WET,"RUT, HOLES",18,1,6
Renault Kiger,FLASHING CONTROL SIGNAL,FOG/SMOKE/HAZE,DUSK,DRIVEWAY,DRY,"RUT, HOLES",6,7,11
Honda City,NO CONTROLS,CLEAR,DAYLIGHT,NOT DIVIDED,DRY,NO DEFECTS,16,3,3
Tata Punch,NO CONTROLS,FOG/SMOKE/HAZE,DAYLIGHT,NOT DIVIDED,WET,NO DEFECTS,10,4,1
Tata Nexon,STOP SIGN/FLASHER,CLEAR,DARKNESS,OTHER,DRY,NO DEFECTS,22,4,10
Mahindra XUV700,NO CONTROLS,CLEAR,DAYLIGHT,NOT DIVIDED,DRY,NO DEFECTS,8,3,10
Tata Harrier,TRAFFIC SIGNAL,CLOUDY/OVERCAST,DARKNESS,NOT DIVIDED,DRY,WORN SURFACE,2,2,3
Maruti Suzuki Brezza,TRAFFIC SIGNAL,CLEAR,DAYLIGHT,NOT DIVIDED,DRY,"RUT, HOLES",17,6,11
Tata Harrier,TRAFFIC SIGNAL,RAIN,DUSK,OTHER,WET,WORN SURFACE,18,2,9
Tata Harrier,OTHER REG. SIGN,RAIN,DAYLIGHT,NOT DIVIDED,WET,NO DEFECTS,9,6,7
Renault Kiger,STOP SIGN/FLASHER,CLOUDY/OVERCAST,UNKNOWN,NOT DIVIDED,WET,WORN SURFACE,15,6,10
Hyundai i20,FLASHING CONTROL SIGNAL,RAIN,DARKNESS,NOT DIVIDED,WET,NO DEFECTS,2,1,7
Maruti Suzuki Baleno,NO CONTROLS,CLEAR,DARKNESS,DIVIDED - W/MEDIAN BARRIER,DRY,NO DEFECTS,22,6,3
Renault Kiger,TRAFFIC SIGNAL,CLOUDY/OVERCAST,DUSK,FOUR WAY,DRY,"RUT, HOLES",6,5,5
Honda City,NO CONTROLS,UNKNOWN,"DARKNESS, LIGHTED ROAD",ONE-WAY,DRY,DEBRIS ON ROADWAY,3,2,7
Toyota Innova,STOP SIGN/FLASHER,SLEET/HAIL,DAWN,T-INTERSECTION,WET,NO DEFECTS,1,5,7
Tata Altroz,STOP SIGN/FLASHER,CLEAR,DAYLIGHT,FOUR WAY,WET,"RUT, HOLES",13,4,10
Maruti Suzuki Brezza,TRAFFIC SIGNAL,CLEAR,"DARKNESS, LIGHTED ROAD",NOT DIVIDED,DRY,"RUT, HOLES",5,1,10
Mahindra Scorpio,TRAFFIC SIGNAL,RAIN,"DARKNESS, LIGHTED ROAD",DIVIDED - W/MEDIAN BARRIER,WET,"RUT, HOLES",18,5,8
Tata Altroz,STOP SIGN/FLASHER,FREEZING RAIN/DRIZZLE,DAWN,FOUR WAY,WET,NO DEFECTS,21,7,10
Kia Sonet,OTHER,FOG/SMOKE/HAZE,DAYLIGHT,T-INTERSECTION,DRY,"RUT, HOLES",7,5,3
Tata Harrier,OTHER,FOG/SMOKE/HAZE,DAYLIGHT,ONE-WAY,DRY,"RUT, HOLES",13,3,1
Mahindra Thar,NO CONTROLS,CLEAR,DARKNESS,NOT DIVIDED,"SAND, MUD, DIRT",WORN SURFACE,1,5,11
Toyota Fortuner,YIELD,OTHER,DAYLIGHT,NOT DIVIDED,DRY,NO DEFECTS,12,6,1
Mahindra XUV700,STOP SIGN/FLASHER,CLEAR,DAYLIGHT,DIVIDED - W/MEDIAN (NOT RAISED),UNKNOWN,"RUT, HOLES",10,2,4
Toyota Fortuner,TRAFFIC SIGNAL,RAIN,DAYLIGHT,NOT DIVIDED,OTHER,"RUT, HOLES",8,5,9
Mahindra Scorpio,NO CONTROLS,RAIN,DAYLIGHT,NOT DIVIDED,UNKNOWN,NO DEFECTS,16,4,6
Honda Amaze,NO CONTROLS,CLOUDY/OVERCAST,DUSK,ONE-WAY,DRY,"RUT, HOLES",6,3,11
Skoda Slavia,TRAFFIC SIGNAL,CLEAR,DARKNESS,T-INTERSECTION,DRY,WORN SURFACE,20,6,5
Tata Punch,NO CONTROLS,FOG/SMOKE/HAZE,DAYLIGHT,DIVIDED - W/MEDIAN BARRIER,DRY,"RUT, HOLES",15,5,1
Tata Altroz,STOP SIGN/FLASHER,CLEAR,DAYLIGHT,T-INTERSECTION,DRY,NO DEFECTS,17,6,5
Toyota Fortuner,TRAFFIC SIGNAL,RAIN,"DARKNESS, LIGHTED ROAD",NOT DIVIDED,WET,WORN SURFACE,21,5,8
Hyundai Verna,STOP SIGN/FLASHER,RAIN,UNKNOWN,NOT DIVIDED,WET,UNKNOWN,22,6,6
Maruti Suzuki Brezza,TRAFFIC SIGNAL,RAIN,DAYLIGHT,DIVIDED - W/MEDIAN (NOT RAISED),DRY,NO DEFECTS,15,5,7
Skoda Slavia,TRAFFIC SIGNAL,FOG/SMOKE/HAZE,DAYLIGHT,DIVIDED - W/MEDIAN BARRIER,UNKNOWN,DEBRIS ON ROADWAY,9,6,11
Hyundai i20,NO CONTROLS,CLOUDY/OVERCAST,DAYLIGHT,NOT DIVIDED,DRY,"RUT, HOLES",11,2,11
Renault Kiger,NO CONTROLS,CLOUDY/OVERCAST,DAYLIGHT,ONE-WAY,DRY,"RUT, HOLES",17,7,5
Maruti Suzuki Baleno,TRAFFIC SIGNAL,RAIN,DAYLIGHT,NOT DIVIDED,OTHER,DEBRIS ON ROADWAY,15,2,7
Toyota Fortuner,TRAFFIC SIGNAL,RAIN,DARKNESS,NOT DIVIDED,WET,DEBRIS ON ROADWAY,21,3,8
Volkswagen Virtus,NO CONTROLS,UNKNOWN,DAYLIGHT,T-INTERSECTION,OTHER,NO DEFECTS,8,7,12
Tata Altroz,TRAFFIC SIGNAL,FOG/SMOKE/HAZE,DAYLIGHT,T-INTERSECTION,"SAND, MUD, DIRT",NO DEFECTS,7,1,12
Maruti Suzuki Swift,NO CONTROLS,OTHER,DAYLIGHT,NOT DIVIDED,DRY,SHOULDER DEFECT,10,7,4
Tata Nexon,NO CONTROLS,RAIN,DAWN,DIVIDED - W/MEDIAN BARRIER,WET,"RUT, HOLES",19,4,9
Maruti Suzuki Brezza,NO CONTROLS,RAIN,"DARKNESS, LIGHTED ROAD",ONE-WAY,DRY,NO DEFECTS,5,2,6
Volkswagen Virtus,TRAFFIC SIGNAL,RAIN,DAYLIGHT,ONE-WAY,WET,OTHER,13,6,1
Tata Nexon,NO CONTROLS,CLEAR,DAYLIGHT,NOT DIVIDED,DRY,NO DEFECTS,13,3,1
Tata Harrier,TRAFFIC SIGNAL,RAIN,"DARKNESS, LIGHTED ROAD",NOT DIVIDED,WET,"RUT, HOLES",3,6,7
Tata Punch,LANE USE MARKING,SLEET/HAIL,DAYLIGHT,OTHER,WET,"RUT, HOLES",12,6,7
Honda Amaze,UNKNOWN,CLEAR,DAYLIGHT,FOUR WAY,WET,"RUT, HOLES",14,5,1
Honda Amaze,NO CONTROLS,RAIN,"DARKNESS, LIGHTED ROAD",UNKNOWN INTERSECTION TYPE,WET,NO DEFECTS,3,6,9
Nissan Magnite,PEDESTRIAN CROSSING SIGN,CLEAR,DAYLIGHT,NOT DIVIDED,DRY,NO DEFECTS,14,7,5
Renault Kiger,STOP SIGN/FLASHER,OTHER,DARKNESS,NOT REPORTED,"SAND, MUD, DIRT",NO DEFECTS,22,5,8
Maruti Suzuki Brezza,TRAFFIC SIGNAL,RAIN,DAWN,NOT DIVIDED,WET,WORN SURFACE,23,2,5
Toyota Innova,LANE USE MARKING,CLEAR,DAYLIGHT,NOT DIVIDED,DRY,WORN SURFACE,15,6,3
Maruti Suzuki Baleno,TRAFFIC SIGNAL,CLEAR,DAYLIGHT,NOT DIVIDED,DRY,WORN SURFACE,14,4,6
Tata Punch,STOP SIGN/FLASHER,CLEAR,DAYLIGHT,TRAFFIC ROUTE,DRY,WORN SURFACE,9,5,4
Mahindra Scorpio,STOP SIGN/FLASHER,UNKNOWN,DARKNESS,NOT DIVIDED,DRY,NO DEFECTS,23,5,7
Nissan Magnite,TRAFFIC SIGNAL,OTHER,DAYLIGHT,NOT DIVIDED,DRY,OTHER,9,6,3
Tata Punch,LANE USE MARKING,CLEAR,DAYLIGHT,NOT DIVIDED,DRY,NO DEFECTS,13,5,7
Mahindra Scorpio,OTHER,CLEAR,DARKNESS,NOT DIVIDED,DRY,NO DEFECTS,0,2,3
Hyundai Venue,STOP SIGN/FLASHER,CLOUDY/OVERCAST,DUSK,T-INTERSECTION,DRY,WORN SURFACE,11,6,9
Hyundai Venue,NO CONTROLS,OTHER,"DARKNESS, LIGHTED ROAD",ALLEY,DRY,NO DEFECTS,3,6,9
Tata Nexon,NO CONTROLS,CLEAR,DUSK,NOT DIVIDED,DRY,NO DEFECTS,18,1,2
Maruti Suzuki Swift,NO CONTROLS,RAIN,DAYLIGHT,DIVIDED - W/MEDIAN (NOT RAISED),WET,SHOULDER DEFECT,15,3,7
Mahindra Thar,NO CONTROLS,OTHER,DAYLIGHT,FOUR WAY,"SAND, MUD, DIRT",NO DEFECTS,15,7,1
Renault Kiger,TRAFFIC SIGNAL,RAIN,DAYLIGHT,NOT DIVIDED,WET,"RUT, HOLES",9,2,8
Volkswagen Virtus,TRAFFIC SIGNAL,CLOUDY/OVERCAST,DARKNESS,CENTER TURN LANE,DRY,SHOULDER DEFECT,19,2,5
Nissan Magnite,NO CONTROLS,SLEET/HAIL,DARKNESS,NOT DIVIDED,"SAND, MUD, DIRT",OTHER,0,5,7
Hyundai Creta,TRAFFIC SIGNAL,CLEAR,DAYLIGHT,NOT REPORTED,DRY,NO DEFECTS,11,3,7
Hyundai i20,TRAFFIC SIGNAL,CLOUDY/OVERCAST,DAYLIGHT,NOT DIVIDED,DRY,NO DEFECTS,17,5,12
Toyota Innova,STOP SIGN/FLASHER,UNKNOWN,DARKNESS,NOT DIVIDED,DRY,WORN SURFACE,21,3,8
Nissan Magnite,TRAFFIC SIGNAL,CLEAR,DUSK,DIVIDED - W/MEDIAN (NOT RAISED),DRY,NO DEFECTS,8,4,8
Hyundai Verna,TRAFFIC SIGNAL,OTHER,DAYLIGHT,DIVIDED - W/MEDIAN BARRIER,DRY,"RUT, HOLES",15,7,6
Mahindra Thar,STOP SIGN/FLASHER,RAIN,DAYLIGHT,NOT DIVIDED,DRY,"RUT, HOLES",15,3,12
Volkswagen Virtus,STOP SIGN/FLASHER,CLEAR,DARKNESS,NOT DIVIDED,DRY,"RUT, HOLES",20,1,10
Kia Seltos,NO CONTROLS,CLEAR,DARKNESS,T-INTERSECTION,DRY,"RUT, HOLES",2,6,5
Toyota Innova,NO CONTROLS,FOG/SMOKE/HAZE,DAYLIGHT,NOT DIVIDED,"SAND, MUD, DIRT",SHOULDER DEFECT,8,5,11
Toyota Fortuner,LANE USE MARKING,CLEAR,DAYLIGHT,ONE-WAY,WET,NO DEFECTS,7,4,7
Skoda Slavia,NO CONTROLS,OTHER,DARKNESS,NOT DIVIDED,DRY,"RUT, HOLES",0,7,10
Hyundai Verna,TRAFFIC SIGNAL,CLOUDY/OVERCAST,DAYLIGHT,DIVIDED - W/MEDIAN (NOT RAISED),DRY,NO DEFECTS,7,2,10
Maruti Suzuki Wagon R,LANE USE MARKING,RAIN,DARKNESS,ALLEY,WET,NO DEFECTS,23,4,3
Toyota Fortuner,TRAFFIC SIGNAL,CLEAR,DAYLIGHT,NOT DIVIDED,DRY,NO DEFECTS,8,2,9
Hyundai Verna,NO CONTROLS,CLEAR,DARKNESS,DIVIDED - W/MEDIAN BARRIER,WET,"RUT, HOLES",21,1,5
Mahindra Scorpio,TRAFFIC SIGNAL,CLEAR,DAYLIGHT,NOT DIVIDED,DRY,OTHER,8,4,5
Kia Seltos,TRAFFIC SIGNAL,UNKNOWN,DARKNESS,FOUR WAY,DRY,WORN SURFACE,21,7,5
Kia Sonet,NO CONTROLS,RAIN,"DARKNESS, LIGHTED ROAD",NOT DIVIDED,WET,NO DEFECTS,17,6,9
Hyundai Venue,TRAFFIC SIGNAL,CLEAR,DUSK,NOT DIVIDED,OTHER,WORN SURFACE,6,2,4
Hyundai i20,TRAFFIC SIGNAL,CLEAR,DAYLIGHT,FOUR WAY,"SAND, MUD, DIRT",NO DEFECTS,16,4,1
Maruti Suzuki Baleno,NO CONTROLS,FOG/SMOKE/HAZE,DAYLIGHT,FOUR WAY,DRY,WORN SURFACE,7,6,9
Tata Harrier,YIELD,CLEAR,DAYLIGHT,NOT DIVIDED,DRY,SHOULDER DEFECT,12,2,3
Honda City,NO CONTROLS,CLEAR,DAYLIGHT,NOT DIVIDED,DRY,NO DEFECTS,13,2,2
Honda Amaze,STOP SIGN/FLASHER,CLEAR,DAYLIGHT,NOT DIVIDED,WET,NO DEFECTS,13,2,4
Tata Altroz,NO CONTROLS,CLEAR,DAYLIGHT,NOT DIVIDED,DRY,NO DEFECTS,17,5,6
Hyundai Venue,TRAFFIC SIGNAL,CLEAR,DUSK,NOT DIVIDED,DRY,NO DEFECTS,18,1,7
Nissan Magnite,NO CONTROLS,CLEAR,DAYLIGHT,FOUR WAY,"SAND, MUD, DIRT","RUT, HOLES",10,5,1
Honda City,NO CONTROLS,FOG/SMOKE/HAZE,"DARKNESS, LIGHTED ROAD",UNKNOWN INTERSECTION TYPE,DRY,NO DEFECTS,20,6,12
Maruti Suzuki Baleno,NO CONTROLS,CLOUDY/OVERCAST,DARKNESS,DIVIDED - W/MEDIAN (NOT RAISED),DRY,NO DEFECTS,21,6,9
Mahindra Thar,TRAFFIC SIGNAL,RAIN,DARKNESS,NOT DIVIDED,WET,"RUT, HOLES",1,5,6
Honda Amaze,NO CONTROLS,RAIN,"DARKNESS, LIGHTED ROAD","FIVE POINT, OR MORE",WET,SHOULDER DEFECT,0,2,6
Honda Amaze,TRAFFIC SIGNAL,UNKNOWN,DAYLIGHT,NOT DIVIDED,WET,"RUT, HOLES",13,6,7
Kia Seltos,TRAFFIC SIGNAL,CLOUDY/OVERCAST,DARKNESS,FOUR WAY,DRY,NO DEFECTS,16,7,8
Maruti Suzuki Wagon R,NO CONTROLS,CLEAR,DAYLIGHT,NOT DIVIDED,"SAND, MUD, DIRT",NO DEFECTS,9,2,2
Skoda Slavia,STOP SIGN/FLASHER,FOG/SMOKE/HAZE,DAYLIGHT,ONE-WAY,DRY,NO DEFECTS,7,7,3
Toyota Fortuner,STOP SIGN/FLASHER,CLEAR,DAYLIGHT,NOT DIVIDED,DRY,NO DEFECTS,17,7,11
Mahindra Thar,STOP SIGN/FLASHER,SLEET/HAIL,DAYLIGHT,NOT DIVIDED,UNKNOWN,UNKNOWN,16,7,5
Volkswagen Virtus,LANE USE MARKING,RAIN,DAYLIGHT,ONE-WAY,WET,NO DEFECTS,7,3,6
Renault Kiger,NO CONTROLS,FOG/SMOKE/HAZE,DARKNESS,ALLEY,WET,NO DEFECTS,19,7,11
Mahindra XUV700,TRAFFIC SIGNAL,RAIN,DAYLIGHT,NOT DIVIDED,WET,NO DEFECTS,17,2,8
Mahindra Scorpio,YIELD,CLEAR,DAYLIGHT,NOT DIVIDED,DRY,SHOULDER DEFECT,11,2,6
Nissan Magnite,NO CONTROLS,CLEAR,DAYLIGHT,NOT DIVIDED,OTHER,NO DEFECTS,17,1,9
Volkswagen Virtus,TRAFFIC SIGNAL,FOG/SMOKE/HAZE,DARKNESS,OTHER,DRY,WORN SURFACE,5,4,1
Maruti Suzuki Baleno,TRAFFIC SIGNAL,CLEAR,DAYLIGHT,"FIVE POINT, OR MORE",UNKNOWN,WORN SURFACE,14,1,9
Mahindra Thar,STOP SIGN/FLASHER,CLOUDY/OVERCAST,DAYLIGHT,NOT DIVIDED,DRY,DEBRIS ON ROADWAY,7,3,7
Mahindra Thar,STOP SIGN/FLASHER,CLEAR,DARKNESS,NOT DIVIDED,DRY,NO DEFECTS,1,5,10
Volkswagen Virtus,NO CONTROLS,FOG/SMOKE/HAZE,UNKNOWN,NOT DIVIDED,DRY,NO DEFECTS,7,1,12
Hyundai Venue,TRAFFIC SIGNAL,CLOUDY/OVERCAST,DAYLIGHT,NOT DIVIDED,DRY,WORN SURFACE,7,6,12
Skoda Slavia,NO CONTROLS,UNKNOWN,DAYLIGHT,NOT DIVIDED,"SAND, MUD, DIRT","RUT, HOLES",16,3,11
Toyota Innova,STOP SIGN/FLASHER,RAIN,DAYLIGHT,NOT DIVIDED,UNKNOWN,WORN SURFACE,17,1,7
Kia Seltos,TRAFFIC SIGNAL,RAIN,DAYLIGHT,NOT DIVIDED,WET,"RUT, HOLES",7,3,6
Maruti Suzuki Swift,NO CONTROLS,RAIN,DARKNESS,NOT DIVIDED,WET,"RUT, HOLES",0,2,7
Maruti Suzuki Swift,STOP SIGN/FLASHER,CLEAR,"DARKNESS, LIGHTED ROAD",T-INTERSECTION,DRY,DEBRIS ON ROADWAY,19,6,9
Tata Harrier,STOP SIGN/FLASHER,CLEAR,DARKNESS,OTHER,WET,DEBRIS ON ROADWAY,0,3,11
Mahindra Thar,NO CONTROLS,CLOUDY/OVERCAST,DAYLIGHT,DIVIDED - W/MEDIAN BARRIER,DRY,NO DEFECTS,11,1,4
Hyundai Venue,STOP SIGN/FLASHER,CLEAR,DAYLIGHT,FOUR WAY,DRY,NO DEFECTS,14,4,12
Honda City,NO CONTROLS,RAIN,DARKNESS,UNKNOWN,WET,"RUT, HOLES",19,4,10
Renault Kiger,STOP SIGN/FLASHER,FOG/SMOKE/HAZE,DARKNESS,NOT DIVIDED,WET,NO DEFECTS,19,3,12
Kia Seltos,STOP SIGN/FLASHER,UNKNOWN,DAYLIGHT,NOT DIVIDED,DRY,NO DEFECTS,18,3,11
Toyota Fortuner,STOP SIGN/FLASHER,CLOUDY/OVERCAST,DAYLIGHT,NOT DIVIDED,WET,"RUT, HOLES",9,6,5
Mahindra XUV700,NO CONTROLS,CLEAR,"DARKNESS, LIGHTED ROAD",NOT DIVIDED,DRY,OTHER,17,5,2
Maruti Suzuki Brezza,NO CONTROLS,CLEAR,DAYLIGHT,ONE-WAY,"SAND, MUD, DIRT",NO DEFECTS,9,2,2
Hyundai Venue,TRAFFIC SIGNAL,CLEAR,DAYLIGHT,NOT DIVIDED,DRY,WORN SURFACE,8,7,5
Maruti Suzuki Brezza,NO CONTROLS,RAIN,DAYLIGHT,DIVIDED - W/MEDIAN (NOT RAISED),WET,NO DEFECTS,15,3,8
Renault Kiger,NO CONTROLS,CLEAR,DAYLIGHT,FOUR WAY,DRY,"RUT, HOLES",17,5,10
Maruti Suzuki Swift,TRAFFIC SIGNAL,CLEAR,DARKNESS,OTHER,WET,NO DEFECTS,2,5,11
Tata Punch,NO CONTROLS,CLOUDY/OVERCAST,UNKNOWN,FOUR WAY,DRY,NO DEFECTS,2,2,8
Mahindra XUV700,STOP SIGN/FLASHER,CLOUDY/OVERCAST,DUSK,NOT DIVIDED,OTHER,SHOULDER DEFECT,18,3,1
Toyota Innova,TRAFFIC SIGNAL,CLEAR,"DARKNESS, LIGHTED ROAD",T-INTERSECTION,WET,OTHER,20,4,3
Mahindra Scorpio,NO CONTROLS,CLEAR,DAYLIGHT,DIVIDED - W/MEDIAN (NOT RAISED),DRY,NO DEFECTS,16,2,2
Mahindra Scorpio,NO CONTROLS,RAIN,DAYLIGHT,DIVIDED - W/MEDIAN (NOT RAISED),DRY,"RUT, HOLES",13,3,6
Honda City,STOP SIGN/FLASHER,RAIN,DAWN,NOT DIVIDED,WET,"RUT, HOLES",19,5,7
Maruti Suzuki Baleno,NO CONTROLS,CLOUDY/OVERCAST,DAYLIGHT,NOT DIVIDED,WET,NO DEFECTS,18,6,1
Mahindra XUV700,NO CONTROLS,FOG/SMOKE/HAZE,DAYLIGHT,NOT DIVIDED,OTHER,NO DEFECTS,10,6,6
Renault Kiger,NO CONTROLS,CLEAR,DUSK,NOT DIVIDED,WET,WORN SURFACE,10,1,3
Mahindra Scorpio,NO CONTROLS,RAIN,DAYLIGHT,NOT DIVIDED,WET,NO DEFECTS,8,6,8
Renault Kiger,FLASHING CONTROL SIGNAL,CLEAR,DAYLIGHT,NOT DIVIDED,"SAND, MUD, DIRT",NO DEFECTS,12,7,7
Renault Kiger,NO CONTROLS,RAIN,DAYLIGHT,NOT REPORTED,WET,UNKNOWN,9,5,7
Honda Amaze,STOP SIGN/FLASHER,RAIN,DAYLIGHT,NOT DIVIDED,WET,NO DEFECTS,11,5,7
Hyundai Venue,STOP SIGN/FLASHER,FOG/SMOKE/HAZE,DAYLIGHT,DIVIDED - W/MEDIAN (NOT RAISED),DRY,NO DEFECTS,9,7,12
Tata Harrier,STOP SIGN/FLASHER,CLEAR,DAWN,DIVIDED - W/MEDIAN (NOT RAISED),OTHER,SHOULDER DEFECT,7,7,4
Mahindra Scorpio,STOP SIGN/FLASHER,RAIN,DARKNESS,DIVIDED - W/MEDIAN (NOT RAISED),WET,NO DEFECTS,19,5,7
Volkswagen Virtus,TRAFFIC SIGNAL,RAIN,DAYLIGHT,NOT DIVIDED,WET,"RUT, HOLES",7,6,9
Renault Kiger,YIELD,CLEAR,DAYLIGHT,ONE-WAY,DRY,NO DEFECTS,14,2,8
Hyundai Verna,NO CONTROLS,CLEAR,DAWN,T-INTERSECTION,"SAND, MUD, DIRT",DEBRIS ON ROADWAY,18,4,12
Mahindra Thar,NO CONTROLS,RAIN,DAYLIGHT,NOT REPORTED,WET,NO DEFECTS,14,6,6
Skoda Slavia,FLASHING CONTROL SIGNAL,RAIN,DUSK,NOT DIVIDED,"SAND, MUD, DIRT",NO DEFECTS,11,3,7
Hyundai Venue,YIELD,SLEET/HAIL,DAYLIGHT,DIVIDED - W/MEDIAN (NOT RAISED),WET,NO DEFECTS,14,4,1
Toyota Innova,NO CONTROLS,RAIN,"DARKNESS, LIGHTED ROAD",ONE-WAY,DRY,"RUT, HOLES",19,2,8
Nissan Magnite,OTHER,CLEAR,DARKNESS,NOT DIVIDED,DRY,WORN SURFACE,23,7,5
Mahindra XUV700,TRAFFIC SIGNAL,CLEAR,DAYLIGHT,ONE-WAY,WET,NO DEFECTS,16,7,3
Toyota Innova,STOP SIGN/FLASHER,CLOUDY/OVERCAST,DARKNESS,NOT DIVIDED,DRY,NO DEFECTS,19,4,8
Skoda Slavia,YIELD,CLEAR,DARKNESS,NOT DIVIDED,DRY,NO DEFECTS,0,2,7
Tata Nexon,TRAFFIC SIGNAL,FOG/SMOKE/HAZE,"DARKNESS, LIGHTED ROAD","FIVE POINT, OR MORE",DRY,UNKNOWN,19,6,1
Maruti Suzuki Wagon R,TRAFFIC SIGNAL,RAIN,DARKNESS,NOT DIVIDED,UNKNOWN,NO DEFECTS,22,2,9
Renault Kiger,NO CONTROLS,CLOUDY/OVERCAST,DAYLIGHT,FOUR WAY,WET,"RUT, HOLES",15,2,8
Honda Amaze,TRAFFIC SIGNAL,RAIN,DAYLIGHT,NOT DIVIDED,WET,"RUT, HOLES",18,7,3
Volkswagen Virtus,NO CONTROLS,CLEAR,DAYLIGHT,NOT DIVIDED,OTHER,WORN SURFACE,14,1,7
Toyota Innova,TRAFFIC SIGNAL,CLOUDY/OVERCAST,DUSK,"FIVE POINT, OR MORE","SAND, MUD, DIRT",WORN SURFACE,9,3,9
Tata Altroz,STOP SIGN/FLASHER,RAIN,DAWN,NOT DIVIDED,WET,NO DEFECTS,20,5,7
Hyundai Venue,NO CONTROLS,CLOUDY/OVERCAST,DARKNESS,NOT DIVIDED,DRY,"RUT, HOLES",16,1,6
Volkswagen Virtus,TRAFFIC SIGNAL,CLOUDY/OVERCAST,DAYLIGHT,NOT DIVIDED,DRY,NO DEFECTS,15,1,6
Tata Punch,NO CONTROLS,CLEAR,DAYLIGHT,DIVIDED - W/MEDIAN (NOT RAISED),DRY,"RUT, HOLES",17,5,8
Tata Punch,PEDESTRIAN CROSSING SIGN,CLOUDY/OVERCAST,DAWN,NOT DIVIDED,"SAND, MUD, DIRT",NO DEFECTS,20,1,12
Toyota Innova,STOP SIGN/FLASHER,CLOUDY/OVERCAST,DARKNESS,FOUR WAY,DRY,NO DEFECTS,18,2,9
Toyota Fortuner,TRAFFIC SIGNAL,SLEET/HAIL,"DARKNESS, LIGHTED ROAD",DIVIDED - W/MEDIAN (NOT RAISED),WET,NO DEFECTS,8,4,1
Maruti Suzuki Wagon R,NO CONTROLS,UNKNOWN,DAYLIGHT,NOT DIVIDED,WET,DEBRIS ON ROADWAY,14,3,7
Tata Nexon,TRAFFIC SIGNAL,FOG/SMOKE/HAZE,DAWN,T-INTERSECTION,OTHER,WORN SURFACE,22,6,11
Volkswagen Virtus,TRAFFIC SIGNAL,RAIN,DAYLIGHT,DIVIDED - W/MEDIAN (NOT RAISED),WET,NO DEFECTS,15,7,1
Mahindra Thar,YIELD,OTHER,DARKNESS,OTHER,DRY,NO DEFECTS,21,6,12
Toyota Fortuner,TRAFFIC SIGNAL,CLOUDY/OVERCAST,DARKNESS,OTHER,DRY,NO DEFECTS,19,7,12
Mahindra XUV700,NO CONTROLS,FOG/SMOKE/HAZE,DUSK,NOT REPORTED,"SAND, MUD, DIRT",NO DEFECTS,15,3,1
Hyundai Verna,STOP SIGN/FLASHER,FOG/SMOKE/HAZE,DAYLIGHT,NOT DIVIDED,OTHER,WORN SURFACE,7,3,12
Renault Kiger,TRAFFIC SIGNAL,RAIN,UNKNOWN,NOT DIVIDED,WET,WORN SURFACE,10,2,6
Tata Harrier,TRAFFIC SIGNAL,FOG/SMOKE/HAZE,DAYLIGHT,DIVIDED - W/MEDIAN (NOT RAISED),WET,WORN SURFACE,14,7,11
Maruti Suzuki Wagon R,OTHER,UNKNOWN,DAYLIGHT,NOT DIVIDED,DRY,DEBRIS ON ROADWAY,13,3,7
Maruti Suzuki Baleno,TRAFFIC SIGNAL,RAIN,DARKNESS,CENTER TURN LANE,DRY,NO DEFECTS,19,6,7
Hyundai Venue,TRAFFIC SIGNAL,CLOUDY/OVERCAST,DUSK,NOT DIVIDED,DRY,SHOULDER DEFECT,18,6,8
Mahindra Thar,TRAFFIC SIGNAL,CLEAR,DAYLIGHT,NOT DIVIDED,"SAND, MUD, DIRT",WORN SURFACE,10,1,10
Hyundai Verna,TRAFFIC SIGNAL,RAIN,DAYLIGHT,NOT DIVIDED,WET,"RUT, HOLES",17,7,1
Volkswagen Virtus,TRAFFIC SIGNAL,RAIN,DAYLIGHT,T-INTERSECTION,DRY,OTHER,14,4,8
Hyundai i20,NO CONTROLS,RAIN,DAYLIGHT,T-INTERSECTION,WET,DEBRIS ON ROADWAY,10,2,3
Tata Harrier,TRAFFIC SIGNAL,RAIN,DAYLIGHT,Y-INTERSECTION,WET,DEBRIS ON ROADWAY,12,7,6
Toyota Fortuner,UNKNOWN,CLEAR,"DARKNESS, LIGHTED ROAD",NOT DIVIDED,DRY,NO DEFECTS,20,6,6
Tata Nexon,NO CONTROLS,CLEAR,DAYLIGHT,ONE-WAY,DRY,NO DEFECTS,11,5,7
Renault Kiger,NO CONTROLS,RAIN,DAYLIGHT,DIVIDED - W/MEDIAN (NOT RAISED),WET,DEBRIS ON ROADWAY,9,7,6
Hyundai Creta,NO CONTROLS,UNKNOWN,DAYLIGHT,DIVIDED - W/MEDIAN BARRIER,DRY,NO DEFECTS,11,6,2
Honda City,NO CONTROLS,CLOUDY/OVERCAST,DAYLIGHT,NOT DIVIDED,DRY,WORN SURFACE,8,1,2
Kia Sonet,PEDESTRIAN CROSSING SIGN,RAIN,DAYLIGHT,NOT DIVIDED,WET,WORN SURFACE,15,7,1
Maruti Suzuki Wagon R,NO CONTROLS,RAIN,DAYLIGHT,NOT DIVIDED,WET,WORN SURFACE,7,5,7
Toyota Innova,TRAFFIC SIGNAL,CLEAR,"DARKNESS, LIGHTED ROAD",ONE-WAY,WET,NO DEFECTS,19,3,12
Mahindra Thar,YIELD,CLOUDY/OVERCAST,"DARKNESS, LIGHTED ROAD",NOT DIVIDED,"SAND, MUD, DIRT","RUT, HOLES",8,6,2
Tata Punch,YIELD,FOG/SMOKE/HAZE,DAYLIGHT,NOT DIVIDED,DRY,SHOULDER DEFECT,11,1,12
Tata Nexon,NO CONTROLS,RAIN,DUSK,UNKNOWN INTERSECTION TYPE,WET,"RUT, HOLES",6,5,9
Maruti Suzuki Brezza,STOP SIGN/FLASHER,SLEET/HAIL,DARKNESS,NOT DIVIDED,DRY,WORN SURFACE,23,2,8
Honda Amaze,NO CONTROLS,OTHER,"DARKNESS, LIGHTED ROAD",PARKING LOT,DRY,WORN SURFACE,13,1,8
Tata Altroz,NO CONTROLS,OTHER,DARKNESS,NOT DIVIDED,DRY,NO DEFECTS,19,3,10
Tata Nexon,NO CONTROLS,CLEAR,DUSK,FOUR WAY,DRY,NO DEFECTS,18,3,2
Honda City,NO CONTROLS,RAIN,DAYLIGHT,T-INTERSECTION,WET,WORN SURFACE,17,5,7
Maruti Suzuki Baleno,NO CONTROLS,OTHER,UNKNOWN,NOT DIVIDED,DRY,NO DEFECTS,19,5,9
Tata Harrier,NO CONTROLS,FOG/SMOKE/HAZE,"DARKNESS, LIGHTED ROAD",NOT DIVIDED,"SAND, MUD, DIRT",NO DEFECTS,5,6,8
Volkswagen Virtus,NO CONTROLS,SLEET/HAIL,DAYLIGHT,FOUR WAY,WET,DEBRIS ON ROADWAY,17,2,10
Kia Sonet,TRAFFIC SIGNAL,FOG/SMOKE/HAZE,DAYLIGHT,DIVIDED - W/MEDIAN (NOT RAISED),OTHER,"RUT, HOLES",7,7,1
Maruti Suzuki Brezza,TRAFFIC SIGNAL,RAIN,DAWN,DIVIDED - W/MEDIAN BARRIER,"SAND, MUD, DIRT",DEBRIS ON ROADWAY,18,7,9
Mahindra Thar,TRAFFIC SIGNAL,CLEAR,DARKNESS,NOT DIVIDED,WET,NO DEFECTS,22,2,7
Maruti Suzuki Wagon R,TRAFFIC SIGNAL,RAIN,DARKNESS,DIVIDED - W/MEDIAN (NOT RAISED),WET,"RUT, HOLES",21,4,6
Mahindra XUV700,NO CONTROLS,CLOUDY/OVERCAST,"DARKNESS, LIGHTED ROAD",NOT DIVIDED,DRY,NO DEFECTS,6,4,6
Maruti Suzuki Swift,TRAFFIC SIGNAL,RAIN,DAYLIGHT,FOUR WAY,WET,NO DEFECTS,11,7,8
Hyundai Verna,NO CONTROLS,CLOUDY/OVERCAST,DAYLIGHT,ONE-WAY,DRY,UNKNOWN,11,7,11
Mahindra XUV700,NO CONTROLS,RAIN,"DARKNESS, LIGHTED ROAD",NOT DIVIDED,OTHER,NO DEFECTS,6,1,7
Hyundai Creta,NO CONTROLS,CLOUDY/OVERCAST,DARKNESS,NOT DIVIDED,DRY,NO DEFECTS,5,7,10
Mahindra Scorpio,NO CONTROLS,RAIN,DAYLIGHT,NOT DIVIDED,DRY,SHOULDER DEFECT,12,1,6
Tata Harrier,NO CONTROLS,CLOUDY/OVERCAST,"DARKNESS, LIGHTED ROAD",T-INTERSECTION,DRY,WORN SURFACE,23,5,2
Honda City,UNKNOWN,CLOUDY/OVERCAST,DARKNESS,FOUR WAY,"SAND, MUD, DIRT",OTHER,15,3,1
Mahindra Thar,STOP SIGN/FLASHER,UNKNOWN,DAYLIGHT,NOT DIVIDED,DRY,NO DEFECTS,16,4,1
Hyundai Verna,STOP SIGN/FLASHER,RAIN,DAYLIGHT,NOT REPORTED,WET,NO DEFECTS,14,5,6
Hyundai Verna,TRAFFIC SIGNAL,CLEAR,DAYLIGHT,CENTER TURN LANE,UNKNOWN,"RUT, HOLES",17,5,6
Tata Nexon,TRAFFIC SIGNAL,RAIN,DARKNESS,FOUR WAY,WET,"RUT, HOLES",22,2,9
Maruti Suzuki Brezza,NO CONTROLS,RAIN,DARKNESS,ONE-WAY,WET,NO DEFECTS,16,7,9
Maruti Suzuki Baleno,TRAFFIC SIGNAL,CLOUDY/OVERCAST,DARKNESS,NOT DIVIDED,DRY,NO DEFECTS,3,1,1
Renault Kiger,LANE USE MARKING,CLEAR,DAYLIGHT,NOT DIVIDED,DRY,WORN SURFACE,14,3,4
Kia Seltos,STOP SIGN/FLASHER,CLEAR,DARKNESS,ONE-WAY,DRY,"RUT, HOLES",23,6,5
Tata Nexon,STOP SIGN/FLASHER,OTHER,DAYLIGHT,NOT DIVIDED,DRY,NO DEFECTS,12,7,8
Maruti Suzuki Baleno,YIELD,CLOUDY/OVERCAST,DAYLIGHT,NOT DIVIDED,DRY,DEBRIS ON ROADWAY,16,6,2
Honda City,TRAFFIC SIGNAL,CLOUDY/OVERCAST,DARKNESS,FOUR WAY,"SAND, MUD, DIRT",NO DEFECTS,5,3,2
Maruti Suzuki Wagon R,RAILROAD CROSSING GATE,RAIN,UNKNOWN,NOT DIVIDED,WET,DEBRIS ON ROADWAY,6,6,12
Tata Harrier,NO CONTROLS,CLOUDY/OVERCAST,"DARKNESS, LIGHTED ROAD",NOT DIVIDED,"SAND, MUD, DIRT",DEBRIS ON ROADWAY,20,6,10
Hyundai i20,TRAFFIC SIGNAL,CLEAR,DAYLIGHT,NOT DIVIDED,DRY,"RUT, HOLES",10,5,3
Tata Punch,STOP SIGN/FLASHER,RAIN,DAYLIGHT,DIVIDED - W/MEDIAN (NOT RAISED),DRY,NO DEFECTS,10,6,6
Hyundai Creta,NO CONTROLS,RAIN,DAYLIGHT,T-INTERSECTION,WET,NO DEFECTS,12,5,6
Renault Kiger,OTHER,CLEAR,"DARKNESS, LIGHTED ROAD",NOT DIVIDED,DRY,WORN SURFACE,22,1,10
Hyundai Venue,NO PASSING,UNKNOWN,"DARKNESS, LIGHTED ROAD",NOT DIVIDED,DRY,NO DEFECTS,4,3,7
Toyota Fortuner,NO CONTROLS,CLEAR,DARKNESS,NOT DIVIDED,DRY,"RUT, HOLES",19,6,2
Hyundai i20,PEDESTRIAN CROSSING SIGN,OTHER,DAYLIGHT,NOT DIVIDED,OTHER,"RUT, HOLES",11,2,9
Toyota Fortuner,NO CONTROLS,RAIN,"DARKNESS, LIGHTED ROAD",NOT DIVIDED,"SAND, MUD, DIRT",NO DEFECTS,19,4,6
Honda City,NO CONTROLS,CLEAR,UNKNOWN,NOT DIVIDED,DRY,UNKNOWN,23,5,5
Hyundai i20,NO CONTROLS,RAIN,DAYLIGHT,NOT DIVIDED,OTHER,SHOULDER DEFECT,11,6,6
Toyota Fortuner,PEDESTRIAN CROSSING SIGN,UNKNOWN,"DARKNESS, LIGHTED ROAD",ONE-WAY,DRY,NO DEFECTS,6,2,7
Toyota Fortuner,TRAFFIC SIGNAL,RAIN,DAYLIGHT,"FIVE POINT, OR MORE",WET,"RUT, HOLES",7,5,6
Tata Harrier,NO CONTROLS,CLEAR,DAWN,T-INTERSECTION,WET,NO DEFECTS,18,5,4
Skoda Slavia,TRAFFIC SIGNAL,RAIN,DAWN,NOT DIVIDED,WET,DEBRIS ON ROADWAY,7,7,6
Maruti Suzuki Wagon R,NO CONTROLS,CLOUDY/OVERCAST,DAYLIGHT,FOUR WAY,DRY,NO DEFECTS,9,5,1
Hyundai Verna,TRAFFIC SIGNAL,CLEAR,DAYLIGHT,T-INTERSECTION,DRY,UNKNOWN,8,3,10
Hyundai i20,NO CONTROLS,CLEAR,DAYLIGHT,NOT DIVIDED,DRY,NO DEFECTS,11,5,3
Tata Harrier,NO CONTROLS,CLEAR,DARKNESS,NOT DIVIDED,DRY,NO DEFECTS,4,1,1
Nissan Magnite,TRAFFIC SIGNAL,RAIN,DARKNESS,NOT DIVIDED,WET,"RUT, HOLES",20,5,8
Kia Sonet,STOP SIGN/FLASHER,CLEAR,"DARKNESS, LIGHTED ROAD",NOT DIVIDED,OTHER,NO DEFECTS,20,7,10
Renault Kiger,TRAFFIC SIGNAL,CLEAR,DAYLIGHT,DIVIDED - W/MEDIAN (NOT RAISED),DRY,DEBRIS ON ROADWAY,12,5,10
Tata Nexon,TRAFFIC SIGNAL,RAIN,DARKNESS,NOT DIVIDED,WET,NO DEFECTS,16,3,7
Maruti Suzuki Swift,STOP SIGN/FLASHER,OTHER,"DARKNESS, LIGHTED ROAD",NOT DIVIDED,WET,UNKNOWN,16,4,4
Maruti Suzuki Wagon R,TRAFFIC SIGNAL,CLEAR,DUSK,T-INTERSECTION,DRY,SHOULDER DEFECT,18,7,9
Mahindra Scorpio,NO CONTROLS,CLEAR,DAYLIGHT,NOT DIVIDED,DRY,SHOULDER DEFECT,15,6,9
Tata Harrier,NO CONTROLS,CLOUDY/OVERCAST,DAYLIGHT,NOT DIVIDED,UNKNOWN,NO DEFECTS,14,6,4
Honda City,TRAFFIC SIGNAL,CLEAR,DAYLIGHT,ONE-WAY,OTHER,"RUT, HOLES",16,5,11
Toyota Fortuner,TRAFFIC SIGNAL,CLOUDY/OVERCAST,DAYLIGHT,NOT DIVIDED,DRY,"RUT, HOLES",17,4,2
Honda City,OTHER,UNKNOWN,DAYLIGHT,NOT DIVIDED,"SAND, MUD, DIRT",UNKNOWN,11,2,12
Nissan Magnite,STOP SIGN/FLASHER,CLOUDY/OVERCAST,DAYLIGHT,NOT DIVIDED,"SAND, MUD, DIRT",NO DEFECTS,10,7,11
Honda Amaze,LANE USE MARKING,UNKNOWN,DAYLIGHT,NOT DIVIDED,WET,NO DEFECTS,9,2,9
Hyundai i20,STOP SIGN/FLASHER,FOG/SMOKE/HAZE,DAYLIGHT,FOUR WAY,DRY,OTHER,9,2,12
Hyundai Venue,STOP SIGN/FLASHER,CLEAR,DAYLIGHT,NOT DIVIDED,DRY,NO DEFECTS,11,6,9
Kia Sonet,NO CONTROLS,CLEAR,DAYLIGHT,ONE-WAY,DRY,NO DEFECTS,15,3,3
Honda Amaze,TRAFFIC SIGNAL,RAIN,DAYLIGHT,NOT DIVIDED,WET,"RUT, HOLES",12,5,7
Toyota Fortuner,TRAFFIC SIGNAL,FOG/SMOKE/HAZE,DARKNESS,Y-INTERSECTION,"SAND, MUD, DIRT",DEBRIS ON ROADWAY,19,6,1
Volkswagen Virtus,STOP SIGN/FLASHER,RAIN,DARKNESS,UNKNOWN INTERSECTION TYPE,WET,NO DEFECTS,3,5,6
Kia Sonet,NO CONTROLS,SLEET/HAIL,DAYLIGHT,NOT DIVIDED,WET,DEBRIS ON ROADWAY,15,4,9
Nissan Magnite,NO CONTROLS,RAIN,DARKNESS,NOT DIVIDED,WET,NO DEFECTS,15,1,6
Nissan Magnite,NO CONTROLS,RAIN,DAYLIGHT,DIVIDED - W/MEDIAN (NOT RAISED),WET,WORN SURFACE,12,4,6
Maruti Suzuki Swift,NO CONTROLS,FOG/SMOKE/HAZE,DARKNESS,NOT DIVIDED,WET,NO DEFECTS,8,4,8
Toyota Innova,NO CONTROLS,FOG/SMOKE/HAZE,DAYLIGHT,NOT DIVIDED,DRY,NO DEFECTS,18,7,11
Maruti Suzuki Wagon R,YIELD,CLEAR,DAYLIGHT,NOT DIVIDED,DRY,WORN SURFACE,9,4,1
Maruti Suzuki Swift,OTHER,CLOUDY/OVERCAST,DARKNESS,NOT DIVIDED,WET,"RUT, HOLES",20,5,6
Honda Amaze,TRAFFIC SIGNAL,CLOUDY/OVERCAST,DARKNESS,DIVIDED - W/MEDIAN (NOT RAISED),DRY,NO DEFECTS,20,6,3
Tata Punch,STOP SIGN/FLASHER,RAIN,DAYLIGHT,FOUR WAY,WET,"RUT, HOLES",17,4,9
Mahindra Thar,STOP SIGN/FLASHER,CLEAR,"DARKNESS, LIGHTED ROAD",NOT DIVIDED,DRY,"RUT, HOLES",18,3,2
Hyundai i20,OTHER,OTHER,DAYLIGHT,NOT DIVIDED,OTHER,NO DEFECTS,16,7,9
Toyota Innova,NO CONTROLS,UNKNOWN,DAYLIGHT,NOT DIVIDED,DRY,NO DEFECTS,15,7,5
Maruti Suzuki Baleno,NO CONTROLS,CLOUDY/OVERCAST,"DARKNESS, LIGHTED ROAD",T-INTERSECTION,DRY,"RUT, HOLES",22,7,3
Tata Nexon,STOP SIGN/FLASHER,FOG/SMOKE/HAZE,DAYLIGHT,DIVIDED - W/MEDIAN BARRIER,WET,NO DEFECTS,7,3,12
Tata Altroz,STOP SIGN/FLASHER,FOG/SMOKE/HAZE,DAWN,T-INTERSECTION,DRY,"RUT, HOLES",6,3,1
Maruti Suzuki Swift,STOP SIGN/FLASHER,SLEET/HAIL,DAYLIGHT,UNKNOWN,WET,WORN SURFACE,9,7,7
Toyota Innova,NO CONTROLS,CLEAR,DAYLIGHT,NOT DIVIDED,WET,WORN SURFACE,16,1,1
Mahindra Scorpio,TRAFFIC SIGNAL,RAIN,DAYLIGHT,NOT DIVIDED,WET,"RUT, HOLES",7,5,7
Tata Nexon,TRAFFIC SIGNAL,OTHER,DARKNESS,ALLEY,DRY,"RUT, HOLES",21,3,7
Maruti Suzuki Brezza,NO CONTROLS,RAIN,DAYLIGHT,NOT DIVIDED,WET,NO DEFECTS,12,6,6
Tata Punch,STOP SIGN/FLASHER,CLEAR,DARKNESS,ONE-WAY,WET,DEBRIS ON ROADWAY,19,6,2
Hyundai i20,TRAFFIC SIGNAL,RAIN,DAYLIGHT,DIVIDED - W/MEDIAN (NOT RAISED),DRY,"RUT, HOLES",9,4,6
Hyundai Verna,NO CONTROLS,FOG/SMOKE/HAZE,DAYLIGHT,NOT REPORTED,DRY,NO DEFECTS,7,2,9
Honda Amaze,NO CONTROLS,RAIN,DARKNESS,NOT DIVIDED,WET,NO DEFECTS,2,6,10
Kia Seltos,STOP SIGN/FLASHER,UNKNOWN,DAYLIGHT,NOT DIVIDED,OTHER,"RUT, HOLES",9,1,7
Nissan Magnite,TRAFFIC SIGNAL,RAIN,DAYLIGHT,NOT DIVIDED,WET,"RUT, HOLES",14,1,8
Maruti Suzuki Baleno,TRAFFIC SIGNAL,CLEAR,DARKNESS,NOT DIVIDED,DRY,NO DEFECTS,22,7,3
Tata Harrier,NO CONTROLS,CLEAR,DARKNESS,OTHER,WET,NO DEFECTS,12,6,5
Maruti Suzuki Wagon R,STOP SIGN/FLASHER,CLOUDY/OVERCAST,"DARKNESS, LIGHTED ROAD",NOT DIVIDED,DRY,WORN SURFACE,16,5,3
Kia Sonet,NO CONTROLS,CLEAR,DAYLIGHT,FOUR WAY,WET,NO DEFECTS,13,5,4
Maruti Suzuki Swift,NO CONTROLS,CLEAR,DARKNESS,T-INTERSECTION,"SAND, MUD, DIRT","RUT, HOLES",1,7,4
Maruti Suzuki Baleno,STOP SIGN/FLASHER,RAIN,DAYLIGHT,NOT DIVIDED,"SAND, MUD, DIRT",NO DEFECTS,14,1,7
Volkswagen Virtus,STOP SIGN/FLASHER,RAIN,DARKNESS,"FIVE POINT, OR MORE",WET,NO DEFECTS,3,2,8
Tata Altroz,NO CONTROLS,FOG/SMOKE/HAZE,DARKNESS,UNKNOWN INTERSECTION TYPE,"SAND, MUD, DIRT",NO DEFECTS,19,6,12
Hyundai Creta,NO CONTROLS,CLOUDY/OVERCAST,DAYLIGHT,T-INTERSECTION,DRY,WORN SURFACE,18,3,3
Maruti Suzuki Swift,NO CONTROLS,CLOUDY/OVERCAST,DAYLIGHT,DRIVEWAY,DRY,NO DEFECTS,12,2,8
Hyundai Venue,TRAFFIC SIGNAL,CLEAR,DAYLIGHT,NOT DIVIDED,DRY,WORN SURFACE,16,4,10
Mahindra Thar,NO CONTROLS,RAIN,"DARKNESS, LIGHTED ROAD",NOT DIVIDED,OTHER,"RUT, HOLES",6,6,8
Nissan Magnite,NO CONTROLS,CLOUDY/OVERCAST,DAYLIGHT,NOT DIVIDED,DRY,"RUT, HOLES",17,2,5
Maruti Suzuki Wagon R,UNKNOWN,OTHER,"DARKNESS, LIGHTED ROAD",UNKNOWN INTERSECTION TYPE,"SAND, MUD, DIRT",OTHER,19,4,5
Honda Amaze,NO CONTROLS,RAIN,DAWN,FOUR WAY,WET,DEBRIS ON ROADWAY,19,4,1
Tata Punch,NO CONTROLS,CLEAR,DAYLIGHT,UNKNOWN INTERSECTION TYPE,"SAND, MUD, DIRT","RUT, HOLES",9,2,5
Hyundai Creta,NO CONTROLS,RAIN,DARKNESS,NOT DIVIDED,WET,"RUT, HOLES",9,4,9
Mahindra Scorpio,NO CONTROLS,CLEAR,DAYLIGHT,NOT DIVIDED,DRY,NO DEFECTS,15,7,1
Toyota Fortuner,STOP SIGN/FLASHER,CLEAR,UNKNOWN,DIVIDED - W/MEDIAN (NOT RAISED),UNKNOWN,DEBRIS ON ROADWAY,22,6,4
Maruti Suzuki Baleno,NO CONTROLS,RAIN,UNKNOWN,NOT DIVIDED,WET,DEBRIS ON ROADWAY,21,4,9
Kia Sonet,NO CONTROLS,CLEAR,DAYLIGHT,OTHER,DRY,WORN SURFACE,11,1,10
Mahindra Thar,OTHER RAILROAD CROSSING,RAIN,DARKNESS,NOT DIVIDED,"SAND, MUD, DIRT",NO DEFECTS,18,1,7
Tata Harrier,NO CONTROLS,RAIN,DARKNESS,ONE-WAY,"SAND, MUD, DIRT",WORN SURFACE,21,1,9
Maruti Suzuki Swift,TRAFFIC SIGNAL,CLEAR,DAYLIGHT,DIVIDED - W/MEDIAN (NOT RAISED),DRY,NO DEFECTS,9,6,6
Honda Amaze,YIELD,CLEAR,DARKNESS,DIVIDED - W/MEDIAN (NOT RAISED),DRY,NO DEFECTS,19,6,3
Tata Harrier,PEDESTRIAN CROSSING SIGN,RAIN,DAYLIGHT,T-INTERSECTION,WET,WORN SURFACE,9,6,6
Maruti Suzuki Wagon R,NO CONTROLS,RAIN,DAYLIGHT,NOT DIVIDED,WET,OTHER,11,3,8
Maruti Suzuki Wagon R,OTHER REG. SIGN,CLEAR,DAYLIGHT,"FIVE POINT, OR MORE",DRY,NO DEFECTS,8,1,12
Volkswagen Virtus,TRAFFIC SIGNAL,FOG/SMOKE/HAZE,DAYLIGHT,NOT DIVIDED,DRY,NO DEFECTS,9,6,1
Tata Punch,STOP SIGN/FLASHER,OTHER,DARKNESS,NOT DIVIDED,DRY,NO DEFECTS,19,7,7
Mahindra XUV700,TRAFFIC SIGNAL,CLEAR,"DARKNESS, LIGHTED ROAD",T-INTERSECTION,DRY,OTHER,15,4,6
Mahindra XUV700,NO CONTROLS,RAIN,DAYLIGHT,FOUR WAY,WET,WORN SURFACE,6,6,7
Honda City,STOP SIGN/FLASHER,FOG/SMOKE/HAZE,DAYLIGHT,DRIVEWAY,DRY,WORN SURFACE,7,6,1
Toyota Fortuner,STOP SIGN/FLASHER,RAIN,DAYLIGHT,OTHER,WET,"RUT, HOLES",15,7,6
Maruti Suzuki Brezza,NO CONTROLS,CLEAR,DUSK,NOT DIVIDED,DRY,"RUT, HOLES",16,1,10
Toyota Innova,TRAFFIC SIGNAL,CLEAR,DAYLIGHT,NOT DIVIDED,DRY,NO DEFECTS,15,7,8
Toyota Fortuner,NO CONTROLS,RAIN,DARKNESS,NOT DIVIDED,DRY,NO DEFECTS,4,7,7
Maruti Suzuki Brezza,TRAFFIC SIGNAL,CLEAR,DUSK,NOT DIVIDED,"SAND, MUD, DIRT",WORN SURFACE,18,7,5
Tata Harrier,NO CONTROLS,CLEAR,DARKNESS,NOT DIVIDED,DRY,"RUT, HOLES",21,7,5
Skoda Slavia,NO CONTROLS,CLEAR,DAYLIGHT,FOUR WAY,DRY,NO DEFECTS,14,5,6
Skoda Slavia,TRAFFIC SIGNAL,CLEAR,DAYLIGHT,OTHER,WET,"RUT, HOLES",17,1,10
Kia Seltos,NO CONTROLS,CLEAR,DARKNESS,PARKING LOT,OTHER,NO DEFECTS,21,6,12
Volkswagen Virtus,TRAFFIC SIGNAL,RAIN,DAYLIGHT,NOT DIVIDED,WET,"RUT, HOLES",16,2,7
Renault Kiger,TRAFFIC SIGNAL,RAIN,DAYLIGHT,DIVIDED - W/MEDIAN (NOT RAISED),WET,NO DEFECTS,17,6,6
Honda City,NO CONTROLS,RAIN,DAYLIGHT,FOUR WAY,WET,WORN SURFACE,17,4,11
Mahindra Thar,NO CONTROLS,RAIN,DAYLIGHT,DIVIDED - W/MEDIAN (NOT RAISED),WET,NO DEFECTS,9,1,7
Hyundai Venue,NO CONTROLS,CLEAR,DAYLIGHT,NOT DIVIDED,UNKNOWN,"RUT, HOLES",16,4,8
Toyota Fortuner,TRAFFIC SIGNAL,CLOUDY/OVERCAST,DARKNESS,NOT DIVIDED,WET,WORN SURFACE,19,6,4
Maruti Suzuki Brezza,TRAFFIC SIGNAL,FOG/SMOKE/HAZE,DAYLIGHT,ALLEY,DRY,"RUT, HOLES",7,1,9
Maruti Suzuki Wagon R,NO CONTROLS,RAIN,"DARKNESS, LIGHTED ROAD",FOUR WAY,DRY,NO DEFECTS,20,1,7
Maruti Suzuki Swift,NO CONTROLS,FOG/SMOKE/HAZE,DAYLIGHT,T-INTERSECTION,DRY,NO DEFECTS,13,4,10
Kia Sonet,NO CONTROLS,RAIN,DAYLIGHT,DIVIDED - W/MEDIAN BARRIER,WET,DEBRIS ON ROADWAY,13,1,10
Kia Sonet,NO CONTROLS,CLEAR,DAYLIGHT,NOT DIVIDED,DRY,NO DEFECTS,16,7,4
Maruti Suzuki Brezza,FLASHING CONTROL SIGNAL,RAIN,DAWN,NOT DIVIDED,WET,WORN SURFACE,12,6,9
Toyota Fortuner,NO CONTROLS,CLEAR,DARKNESS,NOT DIVIDED,DRY,DEBRIS ON ROADWAY,19,5,10
Toyota Fortuner,NO CONTROLS,RAIN,DUSK,FOUR WAY,WET,NO DEFECTS,14,1,6
Honda City,TRAFFIC SIGNAL,CLOUDY/OVERCAST,DARKNESS,NOT DIVIDED,"SAND, MUD, DIRT",NO DEFECTS,21,5,3
Kia Sonet,STOP SIGN/FLASHER,CLOUDY/OVERCAST,DAYLIGHT,T-INTERSECTION,DRY,NO DEFECTS,14,6,1
Tata Nexon,STOP SIGN/FLASHER,RAIN,DAYLIGHT,NOT DIVIDED,WET,NO DEFECTS,17,5,7
Mahindra XUV700,STOP SIGN/FLASHER,OTHER,DARKNESS,NOT DIVIDED,DRY,"RUT, HOLES",23,7,6
Renault Kiger,TRAFFIC SIGNAL,RAIN,DAYLIGHT,DIVIDED - W/MEDIAN BARRIER,WET,"RUT, HOLES",7,6,8
Hyundai i20,TRAFFIC SIGNAL,CLEAR,"DARKNESS, LIGHTED ROAD",NOT DIVIDED,DRY,WORN SURFACE,18,3,3
Maruti Suzuki Baleno,STOP SIGN/FLASHER,FOG/SMOKE/HAZE,DUSK,NOT DIVIDED,DRY,DEBRIS ON ROADWAY,6,6,11
Hyundai Venue,NO CONTROLS,CLEAR,"DARKNESS, LIGHTED ROAD",OTHER,DRY,"RUT, HOLES",19,4,5
Honda Amaze,TRAFFIC SIGNAL,RAIN,DAWN,T-INTERSECTION,DRY,WORN SURFACE,16,7,4
Mahindra XUV700,NO CONTROLS,UNKNOWN,"DARKNESS, LIGHTED ROAD",NOT DIVIDED,WET,NO DEFECTS,21,5,7
Toyota Fortuner,STOP SIGN/FLASHER,CLOUDY/OVERCAST,DARKNESS,DIVIDED - W/MEDIAN (NOT RAISED),DRY,NO DEFECTS,20,5,7
Skoda Slavia,TRAFFIC SIGNAL,CLEAR,UNKNOWN,NOT DIVIDED,DRY,NO DEFECTS,4,4,4
Hyundai Creta,TRAFFIC SIGNAL,CLEAR,DAYLIGHT,DIVIDED - W/MEDIAN (NOT RAISED),DRY,WORN SURFACE,6,3,5
Mahindra Scorpio,STOP SIGN/FLASHER,FOG/SMOKE/HAZE,DAYLIGHT,NOT DIVIDED,DRY,DEBRIS ON ROADWAY,12,2,3
Skoda Slavia,TRAFFIC SIGNAL,UNKNOWN,DAYLIGHT,ALLEY,"SAND, MUD, DIRT",DEBRIS ON ROADWAY,14,3,9
Volkswagen Virtus,YIELD,FOG/SMOKE/HAZE,DAYLIGHT,DIVIDED - W/MEDIAN (NOT RAISED),WET,NO DEFECTS,6,3,10
Honda Amaze,NO CONTROLS,CLEAR,DARKNESS,NOT DIVIDED,DRY,NO DEFECTS,6,2,7
Hyundai Verna,TRAFFIC SIGNAL,RAIN,DAYLIGHT,DIVIDED - W/MEDIAN (NOT RAISED),"SAND, MUD, DIRT",NO DEFECTS,15,6,9
Kia Sonet,TRAFFIC SIGNAL,RAIN,DARKNESS,NOT DIVIDED,WET,NO DEFECTS,2,1,9
Hyundai Creta,STOP SIGN/FLASHER,CLEAR,DARKNESS,NOT DIVIDED,DRY,NO DEFECTS,20,7,2
Mahindra Scorpio,OTHER,CLEAR,UNKNOWN,DIVIDED - W/MEDIAN (NOT RAISED),WET,NO DEFECTS,19,1,12
Tata Punch,TRAFFIC SIGNAL,CLEAR,"DARKNESS, LIGHTED ROAD",NOT DIVIDED,DRY,NO DEFECTS,18,1,10
Hyundai Venue,STOP SIGN/FLASHER,CLEAR,DARKNESS,FOUR WAY,DRY,NO DEFECTS,0,7,4
Mahindra XUV700,TRAFFIC SIGNAL,CLOUDY/OVERCAST,DARKNESS,ONE-WAY,DRY,NO DEFECTS,2,7,3
Honda Amaze,STOP SIGN/FLASHER,CLEAR,DAYLIGHT,PARKING LOT,OTHER,WORN SURFACE,15,2,2
Mahindra XUV700,STOP SIGN/FLASHER,CLEAR,"DARKNESS, LIGHTED ROAD",ONE-WAY,DRY,"RUT, HOLES",23,2,2
Nissan Magnite,STOP SIGN/FLASHER,RAIN,DUSK,UNKNOWN,WET,DEBRIS ON ROADWAY,11,2,9
Nissan Magnite,NO CONTROLS,RAIN,"DARKNESS, LIGHTED ROAD",NOT DIVIDED,OTHER,NO DEFECTS,11,4,7
Maruti Suzuki Brezza,TRAFFIC SIGNAL,UNKNOWN,DARKNESS,DIVIDED - W/MEDIAN (NOT RAISED),DRY,"RUT, HOLES",6,3,10
Hyundai Creta,NO CONTROLS,RAIN,DAYLIGHT,NOT DIVIDED,"SAND, MUD, DIRT",NO DEFECTS,17,3,9
Hyundai i20,YIELD,RAIN,DAYLIGHT,NOT DIVIDED,WET,NO DEFECTS,16,6,8
Nissan Magnite,TRAFFIC SIGNAL,UNKNOWN,DARKNESS,T-INTERSECTION,DRY,WORN SURFACE,5,7,9
Tata Punch,NO CONTROLS,FOG/SMOKE/HAZE,DAYLIGHT,NOT DIVIDED,DRY,NO DEFECTS,8,7,1
Hyundai Venue,NO CONTROLS,RAIN,DAYLIGHT,NOT DIVIDED,DRY,WORN SURFACE,17,4,6
Volkswagen Virtus,NO CONTROLS,CLEAR,DAYLIGHT,NOT DIVIDED,DRY,WORN SURFACE,14,2,8
Tata Altroz,TRAFFIC SIGNAL,FREEZING RAIN/DRIZZLE,DAYLIGHT,NOT DIVIDED,WET,WORN SURFACE,17,5,1
Honda Amaze,NO CONTROLS,OTHER,DARKNESS,NOT DIVIDED,DRY,WORN SURFACE,19,7,1
Tata Altroz,STOP SIGN/FLASHER,CLEAR,DAYLIGHT,NOT DIVIDED,DRY,WORN SURFACE,17,1,11
Volkswagen Virtus,NO CONTROLS,UNKNOWN,"DARKNESS, LIGHTED ROAD",NOT DIVIDED,DRY,"RUT, HOLES",16,7,9
Hyundai Venue,YIELD,CLEAR,"DARKNESS, LIGHTED ROAD",Y-INTERSECTION,DRY,WORN SURFACE,20,2,5
Tata Punch,NO CONTROLS,OTHER,DARKNESS,NOT DIVIDED,DRY,"RUT, HOLES",21,3,9
Renault Kiger,TRAFFIC SIGNAL,FOG/SMOKE/HAZE,DUSK,NOT DIVIDED,DRY,NO DEFECTS,8,3,10
Hyundai Venue,NO CONTROLS,UNKNOWN,DAYLIGHT,NOT DIVIDED,WET,NO DEFECTS,7,7,5
Mahindra XUV700,NO CONTROLS,CLOUDY/OVERCAST,DARKNESS,NOT DIVIDED,DRY,NO DEFECTS,19,2,1
Maruti Suzuki Swift,NO CONTROLS,RAIN,DAYLIGHT,NOT DIVIDED,WET,NO DEFECTS,8,2,12
Maruti Suzuki Baleno,TRAFFIC SIGNAL,RAIN,"DARKNESS, LIGHTED ROAD",T-INTERSECTION,WET,DEBRIS ON ROADWAY,21,6,6
Toyota Fortuner,UNKNOWN,CLEAR,DARKNESS,UNKNOWN,DRY,NO DEFECTS,0,7,2
Tata Altroz,NO CONTROLS,RAIN,"DARKNESS, LIGHTED ROAD",T-INTERSECTION,"SAND, MUD, DIRT",NO DEFECTS,21,1,7
Maruti Suzuki Swift,TRAFFIC SIGNAL,RAIN,DAYLIGHT,OTHER,OTHER,"RUT, HOLES",16,5,9
Maruti Suzuki Baleno,NO CONTROLS,CLOUDY/OVERCAST,DAYLIGHT,ONE-WAY,DRY,WORN SURFACE,18,7,4
Kia Seltos,STOP SIGN/FLASHER,CLEAR,DAYLIGHT,NOT DIVIDED,WET,NO DEFECTS,12,7,5
Nissan Magnite,STOP SIGN/FLASHER,CLOUDY/OVERCAST,"DARKNESS, LIGHTED ROAD",T-INTERSECTION,WET,NO DEFECTS,23,7,4
Maruti Suzuki Wagon R,STOP SIGN/FLASHER,CLOUDY/OVERCAST,DAYLIGHT,T-INTERSECTION,"SAND, MUD, DIRT","RUT, HOLES",8,7,12
Nissan Magnite,STOP SIGN/FLASHER,RAIN,DAYLIGHT,NOT DIVIDED,"SAND, MUD, DIRT","RUT, HOLES",9,3,3
Hyundai i20,OTHER,RAIN,DARKNESS,CENTER TURN LANE,WET,WORN SURFACE,2,2,8
Hyundai Verna,NO CONTROLS,CLOUDY/OVERCAST,DARKNESS,DRIVEWAY,UNKNOWN,WORN SURFACE,22,7,12
Tata Nexon,TRAFFIC SIGNAL,CLEAR,DAYLIGHT,DIVIDED - W/MEDIAN (NOT RAISED),UNKNOWN,WORN SURFACE,13,6,2
Honda City,STOP SIGN/FLASHER,OTHER,DAYLIGHT,NOT DIVIDED,DRY,NO DEFECTS,17,3,12
Toyota Innova,NO CONTROLS,CLEAR,DAYLIGHT,NOT DIVIDED,DRY,NO DEFECTS,17,6,12
Honda City,NO CONTROLS,CLEAR,"DARKNESS, LIGHTED ROAD",FOUR WAY,WET,OTHER,20,3,11
Maruti Suzuki Baleno,TRAFFIC SIGNAL,CLOUDY/OVERCAST,DAYLIGHT,NOT DIVIDED,DRY,NO DEFECTS,17,5,4
Hyundai Venue,STOP SIGN/FLASHER,RAIN,DAYLIGHT,NOT DIVIDED,WET,NO DEFECTS,15,2,8
Toyota Fortuner,TRAFFIC SIGNAL,CLEAR,DAYLIGHT,NOT DIVIDED,DRY,WORN SURFACE,17,5,9
Mahindra XUV700,NO CONTROLS,RAIN,DAYLIGHT,FOUR WAY,WET,"RUT, HOLES",18,7,12
Honda City,NO CONTROLS,RAIN,DAYLIGHT,FOUR WAY,"SAND, MUD, DIRT","RUT, HOLES",7,6,3
Tata Nexon,PEDESTRIAN CROSSING SIGN,RAIN,DAYLIGHT,FOUR WAY,OTHER,NO DEFECTS,6,5,9
Tata Harrier,UNKNOWN,RAIN,"DARKNESS, LIGHTED ROAD",NOT DIVIDED,WET,NO DEFECTS,4,2,6
Skoda Slavia,TRAFFIC SIGNAL,CLEAR,DAYLIGHT,UNKNOWN INTERSECTION TYPE,"SAND, MUD, DIRT",WORN SURFACE,12,1,3
Tata Harrier,TRAFFIC SIGNAL,SLEET/HAIL,DAYLIGHT,DIVIDED - W/MEDIAN (NOT RAISED),WET,NO DEFECTS,14,6,7
Hyundai Venue,TRAFFIC SIGNAL,CLEAR,DAYLIGHT,DIVIDED - W/MEDIAN (NOT RAISED),DRY,"RUT, HOLES",16,5,10
Maruti Suzuki Swift,STOP SIGN/FLASHER,RAIN,DARKNESS,DIVIDED - W/MEDIAN (NOT RAISED),WET,WORN SURFACE,22,2,7
Volkswagen Virtus,STOP SIGN/FLASHER,RAIN,DAYLIGHT,DIVIDED - W/MEDIAN (NOT RAISED),WET,DEBRIS ON ROADWAY,10,7,7
Tata Punch,UNKNOWN,CLOUDY/OVERCAST,DUSK,UNKNOWN INTERSECTION TYPE,DRY,SHOULDER DEFECT,18,5,12
Hyundai Creta,TRAFFIC SIGNAL,CLEAR,DAYLIGHT,FOUR WAY,"SAND, MUD, DIRT",SHOULDER DEFECT,15,5,6
Renault Kiger,TRAFFIC SIGNAL,RAIN,DUSK,NOT DIVIDED,WET,NO DEFECTS,8,3,8
Nissan Magnite,NO CONTROLS,CLOUDY/OVERCAST,DAYLIGHT,ONE-WAY,DRY,DEBRIS ON ROADWAY,16,7,6
Hyundai Venue,FLASHING CONTROL SIGNAL,RAIN,DARKNESS,NOT DIVIDED,WET,WORN SURFACE,22,7,6
Kia Seltos,STOP SIGN/FLASHER,OTHER,DUSK,NOT DIVIDED,UNKNOWN,DEBRIS ON ROADWAY,6,6,9
Mahindra Thar,LANE USE MARKING,CLOUDY/OVERCAST,DAYLIGHT,NOT DIVIDED,DRY,NO DEFECTS,14,1,12
Honda Amaze,TRAFFIC SIGNAL,RAIN,"DARKNESS, LIGHTED ROAD",NOT DIVIDED,WET,NO DEFECTS,2,1,8
Tata Punch,NO CONTROLS,RAIN,DAYLIGHT,NOT DIVIDED,"SAND, MUD, DIRT","RUT, HOLES",10,4,9
Mahindra Thar,STOP SIGN/FLASHER,FOG/SMOKE/HAZE,DAYLIGHT,NOT DIVIDED,WET,WORN SURFACE,13,2,1
Hyundai Verna,OTHER,CLEAR,DARKNESS,FOUR WAY,OTHER,NO DEFECTS,19,3,4
Kia Seltos,NO CONTROLS,CLOUDY/OVERCAST,DAYLIGHT,DIVIDED - W/MEDIAN (NOT RAISED),DRY,DEBRIS ON ROADWAY,18,2,7
Mahindra Thar,YIELD,FOG/SMOKE/HAZE,DAYLIGHT,NOT DIVIDED,"SAND, MUD, DIRT",NO DEFECTS,8,3,1
Skoda Slavia,STOP SIGN/FLASHER,CLEAR,DARKNESS,NOT DIVIDED,"SAND, MUD, DIRT",NO DEFECTS,21,7,5
Tata Nexon,NO CONTROLS,RAIN,DAYLIGHT,NOT DIVIDED,"SAND, MUD, DIRT",WORN SURFACE,10,6,7
Tata Altroz,NO CONTROLS,FOG/SMOKE/HAZE,DAYLIGHT,Y-INTERSECTION,DRY,"RUT, HOLES",17,2,1
Maruti Suzuki Baleno,NO CONTROLS,UNKNOWN,DAYLIGHT,NOT DIVIDED,DRY,"RUT, HOLES",14,5,5
Toyota Innova,NO CONTROLS,RAIN,DARKNESS,NOT DIVIDED,WET,SHOULDER DEFECT,20,1,7
Tata Harrier,OTHER,RAIN,DARKNESS,NOT DIVIDED,WET,WORN SURFACE,19,7,8
Skoda Slavia,TRAFFIC SIGNAL,CLEAR,DARKNESS,TRAFFIC ROUTE,DRY,NO DEFECTS,21,5,12
Toyota Fortuner,NO CONTROLS,RAIN,DAYLIGHT,NOT DIVIDED,DRY,SHOULDER DEFECT,8,4,8
Hyundai i20,NO CONTROLS,RAIN,DUSK,NOT DIVIDED,WET,NO DEFECTS,17,2,7
Toyota Innova,NO CONTROLS,CLEAR,DAWN,NOT DIVIDED,DRY,"RUT, HOLES",18,4,12
Maruti Suzuki Wagon R,PEDESTRIAN CROSSING SIGN,RAIN,DAWN,Y-INTERSECTION,WET,NO DEFECTS,18,5,10
Hyundai Venue,TRAFFIC SIGNAL,CLEAR,DAYLIGHT,NOT DIVIDED,DRY,NO DEFECTS,14,5,3
Kia Sonet,NO CONTROLS,CLEAR,UNKNOWN,T-INTERSECTION,DRY,"RUT, HOLES",0,1,2
Tata Harrier,TRAFFIC SIGNAL,CLOUDY/OVERCAST,DAYLIGHT,FOUR WAY,DRY,NO DEFECTS,9,3,9
Mahindra XUV700,OTHER RAILROAD CROSSING,CLOUDY/OVERCAST,DAYLIGHT,NOT DIVIDED,WET,NO DEFECTS,10,3,8
Hyundai Venue,TRAFFIC SIGNAL,CLEAR,DARKNESS,DIVIDED - W/MEDIAN BARRIER,"SAND, MUD, DIRT","RUT, HOLES",20,2,10
Tata Altroz,STOP SIGN/FLASHER,CLOUDY/OVERCAST,DARKNESS,NOT DIVIDED,DRY,"RUT, HOLES",19,2,9
Nissan Magnite,TRAFFIC SIGNAL,RAIN,DARKNESS,CENTER TURN LANE,"SAND, MUD, DIRT",NO DEFECTS,5,2,8
Maruti Suzuki Wagon R,TRAFFIC SIGNAL,BLOWING SNOW,DARKNESS,T-INTERSECTION,SNOW OR SLUSH,NO DEFECTS,22,6,12
Tata Nexon,NO CONTROLS,RAIN,DAYLIGHT,OTHER,UNKNOWN,NO DEFECTS,7,6,7
Renault Kiger,PEDESTRIAN CROSSING SIGN,CLEAR,"DARKNESS, LIGHTED ROAD",NOT DIVIDED,OTHER,NO DEFECTS,12,7,2
Maruti Suzuki Baleno,OTHER,CLEAR,"DARKNESS, LIGHTED ROAD",NOT DIVIDED,DRY,NO DEFECTS,8,3,10
Maruti Suzuki Brezza,STOP SIGN/FLASHER,CLEAR,"DARKNESS, LIGHTED ROAD",NOT DIVIDED,DRY,NO DEFECTS,20,7,5
Maruti Suzuki Wagon R,STOP SIGN/FLASHER,CLEAR,DUSK,FOUR WAY,DRY,DEBRIS ON ROADWAY,18,7,10
Hyundai Creta,NO CONTROLS,CLEAR,DUSK,NOT DIVIDED,DRY,NO DEFECTS,11,4,12
Mahindra Scorpio,TRAFFIC SIGNAL,CLEAR,DUSK,UNKNOWN INTERSECTION TYPE,WET,NO DEFECTS,17,5,9
Mahindra Scorpio,STOP SIGN/FLASHER,OTHER,DAWN,T-INTERSECTION,DRY,NO DEFECTS,7,5,8
Toyota Fortuner,STOP SIGN/FLASHER,RAIN,DAYLIGHT,DIVIDED - W/MEDIAN BARRIER,WET,NO DEFECTS,12,3,7
Maruti Suzuki Brezza,NO CONTROLS,RAIN,DAYLIGHT,FOUR WAY,WET,NO DEFECTS,12,3,6
Nissan Magnite,NO CONTROLS,RAIN,DAYLIGHT,FOUR WAY,WET,WORN SURFACE,8,2,6
Toyota Fortuner,OTHER WARNING SIGN,RAIN,DAWN,NOT DIVIDED,WET,"RUT, HOLES",20,6,8
Mahindra XUV700,STOP SIGN/FLASHER,CLOUDY/OVERCAST,DAYLIGHT,CENTER TURN LANE,DRY,NO DEFECTS,17,5,9
Renault Kiger,TRAFFIC SIGNAL,RAIN,DAYLIGHT,FOUR WAY,DRY,"RUT, HOLES",9,3,9
Tata Nexon,TRAFFIC SIGNAL,UNKNOWN,DAYLIGHT,NOT DIVIDED,DRY,NO DEFECTS,8,4,3
Mahindra Scorpio,FLASHING CONTROL SIGNAL,CLEAR,DARKNESS,Y-INTERSECTION,WET,NO DEFECTS,0,1,7
Honda Amaze,FLASHING CONTROL SIGNAL,CLOUDY/OVERCAST,DAWN,OTHER,WET,NO DEFECTS,11,1,10
Mahindra Thar,STOP SIGN/FLASHER,RAIN,DAYLIGHT,NOT DIVIDED,WET,WORN SURFACE,15,6,7
Kia Seltos,UNKNOWN,RAIN,DAYLIGHT,CENTER TURN LANE,WET,WORN SURFACE,9,7,7
Tata Harrier,NO CONTROLS,CLOUDY/OVERCAST,UNKNOWN,NOT DIVIDED,DRY,DEBRIS ON ROADWAY,17,3,10
Renault Kiger,STOP SIGN/FLASHER,CLEAR,DAYLIGHT,NOT DIVIDED,OTHER,NO DEFECTS,12,4,8
Maruti Suzuki Baleno,TRAFFIC SIGNAL,RAIN,DUSK,NOT DIVIDED,WET,"RUT, HOLES",10,3,6
Volkswagen Virtus,PEDESTRIAN CROSSING SIGN,CLOUDY/OVERCAST,DARKNESS,Y-INTERSECTION,DRY,NO DEFECTS,21,4,11
Tata Harrier,STOP SIGN/FLASHER,CLEAR,DAYLIGHT,DIVIDED - W/MEDIAN (NOT RAISED),WET,WORN SURFACE,9,4,3
Kia Seltos,NO CONTROLS,FOG/SMOKE/HAZE,DAYLIGHT,CENTER TURN LANE,"SAND, MUD, DIRT",NO DEFECTS,8,3,12
Volkswagen Virtus,TRAFFIC SIGNAL,FREEZING RAIN/DRIZZLE,DAYLIGHT,ONE-WAY,OTHER,NO DEFECTS,12,5,2
Mahindra Scorpio,STOP SIGN/FLASHER,RAIN,DAYLIGHT,ALLEY,WET,NO DEFECTS,8,3,1
Renault Kiger,TRAFFIC SIGNAL,CLEAR,"DARKNESS, LIGHTED ROAD","FIVE POINT, OR MORE",DRY,NO DEFECTS,8,7,11
Maruti Suzuki Baleno,TRAFFIC SIGNAL,CLOUDY/OVERCAST,DAYLIGHT,ALLEY,"SAND, MUD, DIRT",WORN SURFACE,10,3,4
Honda City,TRAFFIC SIGNAL,RAIN,DARKNESS,NOT DIVIDED,WET,NO DEFECTS,20,2,9
Hyundai Venue,NO CONTROLS,FOG/SMOKE/HAZE,"DARKNESS, LIGHTED ROAD",NOT DIVIDED,DRY,"RUT, HOLES",18,7,10
Toyota Fortuner,STOP SIGN/FLASHER,CLOUDY/OVERCAST,DAYLIGHT,FOUR WAY,WET,WORN SURFACE,17,2,11
Maruti Suzuki Swift,NO CONTROLS,FOG/SMOKE/HAZE,DAYLIGHT,NOT DIVIDED,WET,WORN SURFACE,8,5,12
Tata Harrier,TRAFFIC SIGNAL,CLEAR,DAYLIGHT,OTHER,WET,DEBRIS ON ROADWAY,14,3,5
Hyundai Verna,NO CONTROLS,SLEET/HAIL,DAYLIGHT,"FIVE POINT, OR MORE",WET,NO DEFECTS,9,1,9
Maruti Suzuki Swift,YIELD,CLEAR,DARKNESS,NOT DIVIDED,UNKNOWN,NO DEFECTS,3,7,2
Tata Nexon,NO CONTROLS,OTHER,DARKNESS,NOT DIVIDED,DRY,NO DEFECTS,10,3,6
Maruti Suzuki Wagon R,NO CONTROLS,CLEAR,DAYLIGHT,FOUR WAY,DRY,NO DEFECTS,14,5,11
Mahindra XUV700,TRAFFIC SIGNAL,CLEAR,DARKNESS,T-INTERSECTION,WET,WORN SURFACE,2,7,6
Mahindra XUV700,NO CONTROLS,RAIN,"DARKNESS, LIGHTED ROAD",DIVIDED - W/MEDIAN (NOT RAISED),OTHER,WORN SURFACE,5,5,8
Mahindra Scorpio,NO CONTROLS,RAIN,DAYLIGHT,NOT DIVIDED,WET,"RUT, HOLES",9,6,7
Mahindra Thar,STOP SIGN/FLASHER,UNKNOWN,DAYLIGHT,NOT DIVIDED,DRY,NO DEFECTS,11,6,8
Honda Amaze,NO CONTROLS,CLEAR,DAYLIGHT,FOUR WAY,DRY,DEBRIS ON ROADWAY,12,3,12
Kia Sonet,NO CONTROLS,CLEAR,"DARKNESS, LIGHTED ROAD",T-INTERSECTION,DRY,NO DEFECTS,6,5,1
Toyota Fortuner,NO CONTROLS,RAIN,DAYLIGHT,NOT DIVIDED,WET,NO DEFECTS,8,2,8
Hyundai i20,NO CONTROLS,UNKNOWN,DAYLIGHT,NOT DIVIDED,DRY,OTHER,9,1,11
Skoda Slavia,TRAFFIC SIGNAL,OTHER,"DARKNESS, LIGHTED ROAD",NOT DIVIDED,OTHER,NO DEFECTS,3,7,7
Honda City,NO CONTROLS,UNKNOWN,DAYLIGHT,NOT DIVIDED,DRY,WORN SURFACE,10,1,1
Skoda Slavia,STOP SIGN/FLASHER,RAIN,DARKNESS,OTHER,WET,WORN SURFACE,3,4,8
Hyundai i20,STOP SIGN/FLASHER,RAIN,DAYLIGHT,NOT DIVIDED,WET,DEBRIS ON ROADWAY,17,1,6
Toyota Innova,LANE USE MARKING,CLEAR,DAYLIGHT,NOT REPORTED,DRY,NO DEFECTS,12,7,3
Tata Nexon,NO CONTROLS,FREEZING RAIN/DRIZZLE,DAYLIGHT,NOT DIVIDED,WET,OTHER,10,1,11
Kia Sonet,LANE USE MARKING,SLEET/HAIL,DAYLIGHT,T-INTERSECTION,WET,NO DEFECTS,6,6,7
Toyota Fortuner,NO CONTROLS,CLOUDY/OVERCAST,DAYLIGHT,ONE-WAY,DRY,NO DEFECTS,8,6,12
Hyundai Creta,TRAFFIC SIGNAL,CLEAR,DAYLIGHT,FOUR WAY,"SAND, MUD, DIRT",NO DEFECTS,8,1,10
Tata Altroz,NO CONTROLS,RAIN,DAWN,NOT DIVIDED,WET,NO DEFECTS,23,6,9
Skoda Slavia,OTHER WARNING SIGN,FREEZING RAIN/DRIZZLE,DARKNESS,NOT DIVIDED,WET,OTHER,19,7,1
Tata Altroz,TRAFFIC SIGNAL,RAIN,"DARKNESS, LIGHTED ROAD",FOUR WAY,WET,WORN SURFACE,0,5,7
Tata Harrier,NO CONTROLS,CLOUDY/OVERCAST,DAYLIGHT,FOUR WAY,DRY,"RUT, HOLES",16,3,3
Honda Amaze,NO CONTROLS,RAIN,DAYLIGHT,NOT DIVIDED,DRY,NO DEFECTS,9,5,11
Skoda Slavia,STOP SIGN/FLASHER,FOG/SMOKE/HAZE,DARKNESS,NOT DIVIDED,WET,"RUT, HOLES",5,1,3
Nissan Magnite,STOP SIGN/FLASHER,CLEAR,DAYLIGHT,OTHER,DRY,NO DEFECTS,17,7,5
Volkswagen Virtus,TRAFFIC SIGNAL,RAIN,DAYLIGHT,DIVIDED - W/MEDIAN BARRIER,WET,NO DEFECTS,6,3,7
Maruti Suzuki Swift,STOP SIGN/FLASHER,CLEAR,DAYLIGHT,NOT DIVIDED,DRY,"RUT, HOLES",13,4,5
Kia Sonet,TRAFFIC SIGNAL,CLOUDY/OVERCAST,DUSK,UNKNOWN INTERSECTION TYPE,DRY,WORN SURFACE,16,4,4
Maruti Suzuki Swift,NO CONTROLS,RAIN,DAYLIGHT,FOUR WAY,WET,"RUT, HOLES",15,1,8
Honda Amaze,NO CONTROLS,FOG/SMOKE/HAZE,UNKNOWN,NOT DIVIDED,DRY,"RUT, HOLES",22,1,1
Mahindra XUV700,NO CONTROLS,CLEAR,DAYLIGHT,NOT DIVIDED,WET,"RUT, HOLES",18,5,1
Tata Altroz,NO CONTROLS,RAIN,DAWN,T-INTERSECTION,WET,NO DEFECTS,18,4,6
Tata Punch,STOP SIGN/FLASHER,RAIN,DUSK,CENTER TURN LANE,OTHER,WORN SURFACE,11,7,9
Hyundai Verna,TRAFFIC SIGNAL,RAIN,DAWN,NOT DIVIDED,WET,SHOULDER DEFECT,0,3,8
Honda City,TRAFFIC SIGNAL,CLEAR,DAYLIGHT,DIVIDED - W/MEDIAN (NOT RAISED),UNKNOWN,"RUT, HOLES",18,3,7
Maruti Suzuki Swift,NO CONTROLS,RAIN,"DARKNESS, LIGHTED ROAD",Y-INTERSECTION,WET,NO DEFECTS,23,7,8
Volkswagen Virtus,STOP SIGN/FLASHER,SLEET/HAIL,DAYLIGHT,"FIVE POINT, OR MORE",WET,"RUT, HOLES",12,1,6
Maruti Suzuki Brezza,NO CONTROLS,FOG/SMOKE/HAZE,DARKNESS,NOT DIVIDED,DRY,NO DEFECTS,22,5,12
Hyundai i20,UNKNOWN,FOG/SMOKE/HAZE,DARKNESS,ONE-WAY,DRY,WORN SURFACE,6,1,1
Maruti Suzuki Swift,TRAFFIC SIGNAL,RAIN,DAYLIGHT,NOT DIVIDED,WET,NO DEFECTS,10,7,9
Tata Altroz,TRAFFIC SIGNAL,FOG/SMOKE/HAZE,DUSK,DIVIDED - W/MEDIAN (NOT RAISED),DRY,NO DEFECTS,6,3,11
Volkswagen Virtus,STOP SIGN/FLASHER,CLEAR,DAYLIGHT,ONE-WAY,DRY,DEBRIS ON ROADWAY,14,6,10
Hyundai Verna,NO CONTROLS,CLOUDY/OVERCAST,DARKNESS,DIVIDED - W/MEDIAN (NOT RAISED),DRY,"RUT, HOLES",19,7,3
Hyundai Venue,NO CONTROLS,CLOUDY/OVERCAST,DAYLIGHT,NOT DIVIDED,DRY,WORN SURFACE,11,7,5
Mahindra XUV700,TRAFFIC SIGNAL,CLOUDY/OVERCAST,"DARKNESS, LIGHTED ROAD",FOUR WAY,DRY,"RUT, HOLES",21,5,9
Kia Seltos,PEDESTRIAN CROSSING SIGN,FOG/SMOKE/HAZE,DAYLIGHT,NOT DIVIDED,WET,NO DEFECTS,9,7,1
Maruti Suzuki Brezza,NO CONTROLS,CLEAR,DAYLIGHT,NOT DIVIDED,DRY,NO DEFECTS,13,6,10
Hyundai Venue,STOP SIGN/FLASHER,RAIN,DARKNESS,DIVIDED - W/MEDIAN (NOT RAISED),OTHER,WORN SURFACE,18,6,9
Hyundai i20,STOP SIGN/FLASHER,CLEAR,DARKNESS,RAMP,DRY,WORN SURFACE,5,2,9
Maruti Suzuki Baleno,TRAFFIC SIGNAL,RAIN,DARKNESS,T-INTERSECTION,WET,NO DEFECTS,18,4,2
Tata Harrier,STOP SIGN/FLASHER,SLEET/HAIL,DAYLIGHT,NOT DIVIDED,WET,NO DEFECTS,8,5,9
Kia Seltos,NO CONTROLS,CLEAR,DAYLIGHT,Y-INTERSECTION,DRY,WORN SURFACE,9,2,9
Skoda Slavia,TRAFFIC SIGNAL,CLEAR,DAYLIGHT,NOT DIVIDED,DRY,UNKNOWN,16,7,10
Honda Amaze,NO CONTROLS,CLOUDY/OVERCAST,DAWN,NOT DIVIDED,OTHER,SHOULDER DEFECT,21,1,1
Hyundai Venue,TRAFFIC SIGNAL,CLEAR,"DARKNESS, LIGHTED ROAD",FOUR WAY,"SAND, MUD, DIRT",WORN SURFACE,15,6,1
Skoda Slavia,NO CONTROLS,CLOUDY/OVERCAST,DAYLIGHT,NOT DIVIDED,WET,DEBRIS ON ROADWAY,17,1,6
Mahindra XUV700,NO CONTROLS,FOG/SMOKE/HAZE,DAYLIGHT,T-INTERSECTION,"SAND, MUD, DIRT",NO DEFECTS,18,1,2
Maruti Suzuki Baleno,NO CONTROLS,RAIN,DAYLIGHT,FOUR WAY,WET,NO DEFECTS,9,5,8
Tata Punch,TRAFFIC SIGNAL,FOG/SMOKE/HAZE,DARKNESS,FOUR WAY,DRY,NO DEFECTS,19,4,12
Maruti Suzuki Wagon R,NO CONTROLS,CLEAR,DAYLIGHT,NOT DIVIDED,WET,OTHER,12,1,6
Honda Amaze,NO CONTROLS,CLOUDY/OVERCAST,DAYLIGHT,NOT DIVIDED,DRY,DEBRIS ON ROADWAY,7,4,11
Toyota Fortuner,NO CONTROLS,RAIN,DAYLIGHT,Y-INTERSECTION,WET,NO DEFECTS,11,2,1
Mahindra Thar,NO CONTROLS,CLOUDY/OVERCAST,DAYLIGHT,NOT DIVIDED,DRY,"RUT, HOLES",9,7,3
Toyota Innova,STOP SIGN/FLASHER,FREEZING RAIN/DRIZZLE,DAYLIGHT,NOT DIVIDED,WET,NO DEFECTS,8,6,1
Hyundai Creta,TRAFFIC SIGNAL,UNKNOWN,DAYLIGHT,NOT DIVIDED,DRY,WORN SURFACE,9,6,6
Mahindra XUV700,OTHER WARNING SIGN,CLEAR,DAYLIGHT,NOT DIVIDED,DRY,NO DEFECTS,7,7,11
Mahindra Scorpio,LANE USE MARKING,FOG/SMOKE/HAZE,DAYLIGHT,NOT DIVIDED,WET,DEBRIS ON ROADWAY,15,6,2
Hyundai Venue,NO CONTROLS,SLEET/HAIL,DAYLIGHT,NOT DIVIDED,WET,NO DEFECTS,15,2,8
Honda City,NO CONTROLS,RAIN,DAYLIGHT,TRAFFIC ROUTE,OTHER,WORN SURFACE,16,7,7
Toyota Fortuner,NO CONTROLS,CLEAR,DAYLIGHT,UNKNOWN,DRY,NO DEFECTS,11,1,12
Toyota Fortuner,YIELD,CLEAR,"DARKNESS, LIGHTED ROAD",DIVIDED - W/MEDIAN (NOT RAISED),WET,NO DEFECTS,18,2,2
Honda Amaze,NO CONTROLS,CLEAR,DAWN,DIVIDED - W/MEDIAN (NOT RAISED),"SAND, MUD, DIRT","RUT, HOLES",6,3,4
Honda City,STOP SIGN/FLASHER,FOG/SMOKE/HAZE,DAYLIGHT,NOT DIVIDED,DRY,"RUT, HOLES",10,2,1
Kia Seltos,TRAFFIC SIGNAL,SLEET/HAIL,DAYLIGHT,ONE-WAY,DRY,NO DEFECTS,9,1,7
Honda Amaze,NO CONTROLS,CLEAR,DAYLIGHT,NOT DIVIDED,DRY,"RUT, HOLES",15,4,5
Honda City,STOP SIGN/FLASHER,FOG/SMOKE/HAZE,DAYLIGHT,NOT DIVIDED,DRY,"RUT, HOLES",7,6,11
Tata Harrier,NO CONTROLS,RAIN,DUSK,NOT DIVIDED,WET,NO DEFECTS,18,4,8
Tata Harrier,STOP SIGN/FLASHER,RAIN,DARKNESS,NOT DIVIDED,DRY,"RUT, HOLES",20,2,8
Nissan Magnite,NO CONTROLS,RAIN,DUSK,NOT DIVIDED,WET,WORN SURFACE,18,7,7
Tata Altroz,NO CONTROLS,FOG/SMOKE/HAZE,DAYLIGHT,NOT DIVIDED,DRY,NO DEFECTS,6,3,1
Hyundai i20,NO CONTROLS,RAIN,DAYLIGHT,RAMP,WET,"RUT, HOLES",9,6,7
Maruti Suzuki Swift,TRAFFIC SIGNAL,CLEAR,DARKNESS,T-INTERSECTION,DRY,WORN SURFACE,21,2,12
Toyota Fortuner,OTHER,CLEAR,DAYLIGHT,FOUR WAY,WET,SHOULDER DEFECT,13,3,10
Renault Kiger,OTHER,SNOW,DARKNESS,NOT DIVIDED,SNOW OR SLUSH,NO DEFECTS,22,6,11
Maruti Suzuki Baleno,NO CONTROLS,FOG/SMOKE/HAZE,DAYLIGHT,NOT DIVIDED,DRY,WORN SURFACE,8,1,10
Nissan Magnite,NO CONTROLS,CLEAR,DAWN,FOUR WAY,DRY,WORN SURFACE,22,7,2
Kia Seltos,NO CONTROLS,RAIN,DAWN,ONE-WAY,WET,NO DEFECTS,21,4,4
Tata Harrier,TRAFFIC SIGNAL,FOG/SMOKE/HAZE,DAYLIGHT,"FIVE POINT, OR MORE","SAND, MUD, DIRT","RUT, HOLES",15,7,1
Maruti Suzuki Wagon R,NO CONTROLS,CLEAR,"DARKNESS, LIGHTED ROAD",NOT DIVIDED,DRY,NO DEFECTS,0,6,5
Tata Nexon,NO CONTROLS,CLEAR,DAYLIGHT,NOT DIVIDED,OTHER,NO DEFECTS,12,7,2
Tata Altroz,NO CONTROLS,CLEAR,"DARKNESS, LIGHTED ROAD",DIVIDED - W/MEDIAN (NOT RAISED),DRY,"RUT, HOLES",21,1,7
Honda Amaze,STOP SIGN/FLASHER,OTHER,DARKNESS,UNKNOWN INTERSECTION TYPE,DRY,NO DEFECTS,20,6,9
Honda City,NO CONTROLS,FOG/SMOKE/HAZE,DAYLIGHT,NOT DIVIDED,WET,NO DEFECTS,6,7,11
Kia Seltos,UNKNOWN,CLEAR,DAWN,FOUR WAY,WET,NO DEFECTS,12,7,9
Hyundai Creta,TRAFFIC SIGNAL,FOG/SMOKE/HAZE,DUSK,NOT DIVIDED,UNKNOWN,NO DEFECTS,19,1,12
Tata Altroz,NO CONTROLS,CLOUDY/OVERCAST,DAYLIGHT,DIVIDED - W/MEDIAN BARRIER,DRY,"RUT, HOLES",15,1,1
Hyundai Creta,NO CONTROLS,FOG/SMOKE/HAZE,"DARKNESS, LIGHTED ROAD",FOUR WAY,DRY,SHOULDER DEFECT,19,6,1
Toyota Fortuner,NO CONTROLS,CLOUDY/OVERCAST,"DARKNESS, LIGHTED ROAD",NOT DIVIDED,"SAND, MUD, DIRT",NO DEFECTS,19,1,8
Tata Altroz,NO CONTROLS,FOG/SMOKE/HAZE,DARKNESS,DIVIDED - W/MEDIAN (NOT RAISED),DRY,"RUT, HOLES",20,1,5
Skoda Slavia,NO CONTROLS,CLEAR,DUSK,T-INTERSECTION,DRY,NO DEFECTS,6,5,5
Hyundai Venue,TRAFFIC SIGNAL,RAIN,DAYLIGHT,NOT DIVIDED,WET,NO DEFECTS,7,5,6
Hyundai i20,TRAFFIC SIGNAL,RAIN,"DARKNESS, LIGHTED ROAD",NOT DIVIDED,WET,DEBRIS ON ROADWAY,4,5,5
Kia Seltos,NO CONTROLS,CLEAR,UNKNOWN,NOT DIVIDED,DRY,"RUT, HOLES",21,1,7
Tata Punch,STOP SIGN/FLASHER,RAIN,DAYLIGHT,TRAFFIC ROUTE,UNKNOWN,NO DEFECTS,14,4,7
Kia Sonet,UNKNOWN,CLEAR,"DARKNESS, LIGHTED ROAD",NOT DIVIDED,DRY,"RUT, HOLES",3,3,7
Kia Sonet,TRAFFIC SIGNAL,CLOUDY/OVERCAST,DAYLIGHT,NOT DIVIDED,WET,NO DEFECTS,10,6,9
Hyundai Verna,UNKNOWN,CLOUDY/OVERCAST,DAYLIGHT,NOT DIVIDED,DRY,DEBRIS ON ROADWAY,11,3,6
Mahindra Thar,NO CONTROLS,CLEAR,DARKNESS,DIVIDED - W/MEDIAN (NOT RAISED),DRY,NO DEFECTS,19,3,5
Volkswagen Virtus,STOP SIGN/FLASHER,OTHER,DUSK,NOT DIVIDED,DRY,WORN SURFACE,18,5,3
Nissan Magnite,STOP SIGN/FLASHER,RAIN,DAYLIGHT,OTHER,WET,NO DEFECTS,17,5,6
Toyota Innova,PEDESTRIAN CROSSING SIGN,OTHER,"DARKNESS, LIGHTED ROAD",NOT DIVIDED,DRY,"RUT, HOLES",0,1,9
Renault Kiger,NO CONTROLS,RAIN,DARKNESS,NOT DIVIDED,DRY,DEBRIS ON ROADWAY,21,5,9
Honda Amaze,FLASHING CONTROL SIGNAL,RAIN,DAYLIGHT,NOT DIVIDED,WET,NO DEFECTS,8,5,9
Mahindra Scorpio,STOP SIGN/FLASHER,CLEAR,DAYLIGHT,NOT DIVIDED,DRY,NO DEFECTS,16,4,4
Maruti Suzuki Wagon R,NO CONTROLS,CLEAR,DARKNESS,NOT DIVIDED,DRY,"RUT, HOLES",3,6,8
Hyundai i20,NO CONTROLS,RAIN,DARKNESS,"FIVE POINT, OR MORE",WET,NO DEFECTS,4,1,8
Kia Sonet,NO CONTROLS,OTHER,DARKNESS,DIVIDED - W/MEDIAN (NOT RAISED),DRY,WORN SURFACE,0,7,7
Maruti Suzuki Baleno,NO CONTROLS,RAIN,DAYLIGHT,Y-INTERSECTION,"SAND, MUD, DIRT","RUT, HOLES",15,3,8
Kia Seltos,TRAFFIC SIGNAL,RAIN,DAYLIGHT,NOT DIVIDED,WET,NO DEFECTS,16,5,7
Toyota Fortuner,STOP SIGN/FLASHER,OTHER,DARKNESS,FOUR WAY,DRY,WORN SURFACE,2,1,8
Tata Harrier,TRAFFIC SIGNAL,RAIN,DAYLIGHT,ONE-WAY,"SAND, MUD, DIRT",NO DEFECTS,9,6,9
Honda Amaze,TRAFFIC SIGNAL,CLOUDY/OVERCAST,DARKNESS,NOT DIVIDED,DRY,DEBRIS ON ROADWAY,20,5,2
Kia Sonet,LANE USE MARKING,RAIN,DARKNESS,FOUR WAY,WET,NO DEFECTS,5,7,9
Maruti Suzuki Brezza,NO CONTROLS,CLEAR,DAYLIGHT,OTHER,DRY,WORN SURFACE,8,4,2
Hyundai Creta,NO CONTROLS,CLEAR,DUSK,NOT DIVIDED,DRY,NO DEFECTS,13,6,1
Kia Sonet,STOP SIGN/FLASHER,FOG/SMOKE/HAZE,DARKNESS,NOT DIVIDED,UNKNOWN,WORN SURFACE,19,1,12
Hyundai i20,NO CONTROLS,CLEAR,DAYLIGHT,DIVIDED - W/MEDIAN BARRIER,DRY,NO DEFECTS,9,1,12
Honda Amaze,NO CONTROLS,FOG/SMOKE/HAZE,"DARKNESS, LIGHTED ROAD",NOT DIVIDED,DRY,NO DEFECTS,23,7,1
Tata Altroz,TRAFFIC SIGNAL,RAIN,DAYLIGHT,DIVIDED - W/MEDIAN (NOT RAISED),WET,NO DEFECTS,11,2,7
Hyundai Verna,TRAFFIC SIGNAL,CLEAR,DAYLIGHT,NOT DIVIDED,DRY,"RUT, HOLES",12,7,3
Hyundai i20,TRAFFIC SIGNAL,RAIN,DUSK,FOUR WAY,WET,"RUT, HOLES",6,1,7
Mahindra Thar,PEDESTRIAN CROSSING SIGN,FOG/SMOKE/HAZE,DAYLIGHT,FOUR WAY,UNKNOWN,NO DEFECTS,16,5,10
Toyota Fortuner,STOP SIGN/FLASHER,CLEAR,"DARKNESS, LIGHTED ROAD",FOUR WAY,DRY,UNKNOWN,9,5,12
Hyundai Verna,FLASHING CONTROL SIGNAL,CLOUDY/OVERCAST,DAYLIGHT,"FIVE POINT, OR MORE",WET,NO DEFECTS,16,7,8
Hyundai Venue,NO CONTROLS,RAIN,DAYLIGHT,NOT DIVIDED,WET,WORN SURFACE,8,4,6
Tata Punch,YIELD,OTHER,DAYLIGHT,DIVIDED - W/MEDIAN BARRIER,DRY,"RUT, HOLES",12,1,8
Mahindra XUV700,NO CONTROLS,CLEAR,"DARKNESS, LIGHTED ROAD",NOT DIVIDED,DRY,NO DEFECTS,20,4,6
Honda Amaze,PEDESTRIAN CROSSING SIGN,FOG/SMOKE/HAZE,DAYLIGHT,FOUR WAY,"SAND, MUD, DIRT",NO DEFECTS,17,6,11
Honda City,NO CONTROLS,CLOUDY/OVERCAST,DAYLIGHT,NOT DIVIDED,DRY,"RUT, HOLES",7,1,11
Maruti Suzuki Swift,TRAFFIC SIGNAL,RAIN,DAYLIGHT,NOT DIVIDED,WET,NO DEFECTS,16,1,8
Mahindra Thar,STOP SIGN/FLASHER,CLOUDY/OVERCAST,DAYLIGHT,ONE-WAY,DRY,WORN SURFACE,16,6,6
Kia Sonet,NO CONTROLS,FOG/SMOKE/HAZE,DARKNESS,NOT DIVIDED,DRY,OTHER,5,6,5
Skoda Slavia,NO CONTROLS,CLEAR,"DARKNESS, LIGHTED ROAD",NOT DIVIDED,DRY,NO DEFECTS,13,2,1
Hyundai Venue,TRAFFIC SIGNAL,CLEAR,UNKNOWN,NOT DIVIDED,WET,NO DEFECTS,9,5,10
Kia Seltos,NO CONTROLS,CLOUDY/OVERCAST,DAYLIGHT,FOUR WAY,DRY,NO DEFECTS,14,1,7
Tata Harrier,STOP SIGN/FLASHER,RAIN,DAWN,T-INTERSECTION,WET,"RUT, HOLES",18,6,6
Mahindra Thar,NO CONTROLS,RAIN,DAYLIGHT,ALLEY,WET,NO DEFECTS,7,3,7
Hyundai Verna,STOP SIGN/FLASHER,CLEAR,DUSK,ALLEY,DRY,OTHER,6,2,10
Volkswagen Virtus,NO CONTROLS,CLEAR,DARKNESS,T-INTERSECTION,DRY,WORN SURFACE,9,6,2
Toyota Innova,STOP SIGN/FLASHER,CLOUDY/OVERCAST,"DARKNESS, LIGHTED ROAD",NOT DIVIDED,WET,OTHER,22,7,11
Renault Kiger,LANE USE MARKING,CLEAR,DARKNESS,NOT DIVIDED,DRY,NO DEFECTS,18,1,11
Hyundai i20,PEDESTRIAN CROSSING SIGN,FOG/SMOKE/HAZE,DARKNESS,NOT DIVIDED,WET,NO DEFECTS,2,2,12
Hyundai i20,NO CONTROLS,RAIN,DAYLIGHT,NOT DIVIDED,WET,NO DEFECTS,12,2,6
Toyota Fortuner,NO CONTROLS,CLEAR,DAYLIGHT,"FIVE POINT, OR MORE","SAND, MUD, DIRT","RUT, HOLES",9,7,4
